LeaveID,EmployeeID,LeaveType,StartDate,EndDate,DurationDays,ApprovalStatus
LEV000001,EMP000001,Paternity Leave,2019-07-15,2019-08-07,23,Approved
LEV000002,EMP000001,Annual Leave,2019-05-01,2019-05-21,20,Approved
LEV000003,EMP000001,Leave,2020-02-02,2020-02-08,6,Approved
LEV000004,EMP000001,Compassionate Leave,2024-10-06,2024-10-21,15,Pending
LEV000005,EMP000002,Annual Leave,2024-07-11,2024-07-13,2,Rejected
LEV000006,EMP000003,Compassionate Leave,2021-05-30,2021-06-05,6,Approved
LEV000007,EMP000003,Maternity Leave,2021-12-13,2021-12-23,10,Pending
LEV000008,EMP000004,Maternity Leave,2022-12-18,2022-12-26,8,Approved
LEV000009,EMP000004,Study Leave,2019-07-19,2019-08-13,25,Approved
LEV000010,EMP000004,Compassionate Leave,2023-05-11,2023-05-28,17,Approved
LEV000011,EMP000004,Study Leave,2019-09-05,2019-09-15,10,Approved
LEV000012,EMP000005,Maternity Leave,2023-07-09,2023-07-17,8,Approved
LEV000013,EMP000006,Maternity Leave,2021-11-01,2021-11-09,8,Approved
LEV000014,EMP000006,Paternity Leave,2024-02-11,2024-02-20,9,Approved
LEV000015,EMP000006,Annual Leave,2021-03-12,2021-03-20,8,Approved
LEV000016,EMP000007,Study Leave,2019-09-29,2019-10-03,4,Approved
LEV000017,EMP000007,Paternity Leave,2021-11-28,2021-12-01,3,Approved
LEV000018,EMP000007,Annual Leave,2023-10-01,2023-10-26,25,Rejected
LEV000019,EMP000007,Maternity Leave,2025-05-04,2025-06-02,-5,Rejected
LEV000020,EMP000008,Sick Leave,2019-10-10,2019-11-05,26,Rejected
LEV000021,EMP000008,Compassionate Leave,2022-06-25,2022-07-01,6,Rejected
LEV000022,EMP000008,Annual Leave,2021-10-14,2021-10-22,8,Pending
LEV000023,EMP000009,UNKNOWN,2021-02-24,2021-03-04,8,Approved
LEV000024,EMP000009,Study Leave,2019-04-25,2019-05-19,24,Approved
LEV000025,EMP000009,Maternity Leave,2019-03-06,2019-03-19,13,Approved
LEV000026,EMP000010,Sick Leave,2024-02-03,2024-02-27,24,Approved
LEV000027,EMP000010,Maternity Leave,2020-05-19,2020-05-30,11,Rejected
LEV000028,EMP000011,Sick Leave,2022-04-26,2022-05-21,25,Approved
LEV000029,EMP000011,Compassionate Leave,2024-08-18,2024-08-31,13,Approved
LEV000030,EMP000012,Study Leave,2023-11-06,2023-11-13,7,Approved
LEV000031,EMP000012,Sick,2020-03-22,2020-04-13,22,Pending
LEV000032,EMP000012,Annual Leave,2024-05-17,2024-05-23,6,Pending
LEV000033,EMP000012,Compassionate Leave,2020-04-28,2020-05-21,23,Rejected
LEV000034,EMP000013,Study Leave,2020-07-30,2020-08-13,14,Approved
LEV000035,EMP000013,Compassionate Leave,2020-11-20,2020-12-07,17,Approved
LEV000036,EMP000014,Study Leave,2020-07-23,2020-07-25,2,Pending
LEV000037,EMP000014,Maternity Leave,2021-04-27,2021-05-06,9,Approved
LEV000038,EMP000014,Paternity Leave,2019-08-28,2019-09-20,23,Approved
LEV000039,EMP000015,Annual Leave,2021-08-21,2021-09-15,25,Rejected
LEV000040,EMP000015,Annual Leave,2022-09-04,2022-09-18,14,Rejected
LEV000041,EMP000015,Compassionate Leave,2023-12-18,2024-01-17,30,Rejected
LEV000042,EMP000016,Paternity Leave,2022-02-15,2022-03-10,23,Approved
LEV000043,EMP000016,Sick Leave,2025-11-23,2025-12-14,21,Approved
LEV000044,EMP000017,Compassionate Leave,2021-02-23,2021-03-09,14,Rejected
LEV000045,EMP000018,Annual Leave,2020-04-27,2020-05-04,7,Pending
LEV000046,EMP000018,Maternity Leave,2020-05-17,2020-06-14,28,Pending
LEV000047,EMP000019,Study Leave,2022-07-19,2022-07-25,6,Approved
LEV000048,EMP000020,Paternity Leave,2022-04-11,2022-05-07,26,Pending
LEV000049,EMP000020,Compassionate Leave,2019-02-12,2019-02-28,16,Approved
LEV000050,EMP000020,Annual Leave,2024-06-05,2024-06-24,19,Pending
LEV000051,EMP000020,Maternity Leave,2025-02-19,2025-03-01,10,Rejected
LEV000052,EMP000024,Paternity Leave,2023-10-09,2023-10-24,15,Approved
LEV000053,EMP000025,Study Leave,2021-04-16,2021-05-10,24,Approved
LEV000054,EMP000025,Compassionate Leave,2019-04-25,2019-05-15,20,Approved
LEV000055,EMP000025,Sick Leave,2021-02-01,2021-03-01,28,Approved
LEV000056,EMP000025,Study Leave,2022-03-06,2022-03-10,4,Rejected
LEV000057,EMP000026,Maternity Leave,2025-10-21,2025-11-04,14,Rejected
LEV000058,EMP000026,Maternity Leave,2025-11-26,2025-11-28,2,Approved
LEV000059,EMP000027,Maternity Leave,2025-12-25,2025-12-27,2,Approved
LEV000060,EMP000027,Paternity Leave,2024-02-13,2024-03-11,27,Rejected
LEV000061,EMP000028,Study Leave,2022-08-17,2022-09-06,20,Approved
LEV000062,EMP000028,Maternity Leave,2021-08-21,2021-09-14,24,Rejected
LEV000063,EMP000029,Study Leave,2025-07-03,2025-08-01,29,Rejected
LEV000064,EMP000029,Maternity Leave,2019-04-24,2019-05-15,21,Approved
LEV000065,EMP000030,Maternity Leave,2025-02-13,2025-03-05,20,Approved
LEV000066,EMP000030,Maternity Leave,2025-04-06,2025-04-27,21,Approved
LEV000067,EMP000031,Paternity Leave,2023-05-17,2023-06-13,27,Approved
LEV000068,EMP000031,Compassionate Leave,2024-01-30,2024-02-19,20,Approved
LEV000069,EMP000032,Paternity Leave,2020-07-26,2020-08-03,8,Pending
LEV000070,EMP000032,Maternity Leave,2021-08-30,2021-09-17,18,Approved
LEV000071,EMP000032,Paternity Leave,2020-04-07,2020-05-05,28,Pending
LEV000072,EMP000033,Paternity Leave,2019-11-16,2019-11-18,2,Approved
LEV000073,EMP000033,Sick Leave,2021-03-02,2021-03-27,25,Pending
LEV000074,EMP000034,Sick Leave,2022-01-26,2022-01-27,1,Pending
LEV000075,EMP000035,Study Leave,2019-10-25,2019-10-30,5,Approved
LEV000076,EMP000035,Annual Leave,2025-08-20,2025-08-28,8,Approved
LEV000077,EMP000036,Annual Leave,2025-06-22,2025-07-12,20,Approved
LEV000078,EMP000036,,2024-05-23,2024-06-02,10,Approved
LEV000079,EMP000036,Annual Leave,2021-03-08,2021-03-12,4,Approved
LEV000080,EMP000038,Annual Leave,2023-04-06,2023-04-25,19,Rejected
LEV000081,EMP000038,Compassionate Leave,2024-12-09,2024-12-18,9,Approved
LEV000082,EMP000038,Study Leave,2021-09-16,2021-09-18,2,Approved
LEV000083,EMP000038,Maternity Leave,2020-07-10,2020-07-28,18,Approved
LEV000084,EMP000039,Sick Leave,2019-10-23,2019-11-20,28,Approved
LEV000085,EMP000039,Maternity Leave,2022-11-18,2022-11-20,2,Approved
LEV000086,EMP000040,Sick Leave,2025-12-05,2025-12-25,20,Approved
LEV000087,EMP000040,Annual Leave,2025-01-16,2025-02-09,24,Approved
LEV000088,EMP000042,Maternity Leave,2024-12-01,2024-12-20,19,Approved
LEV000089,EMP000043,Maternity Leave,2023-02-05,2023-03-07,30,Rejected
LEV000090,EMP000043,Maternity Leave,2022-02-05,2022-02-16,11,Approved
LEV000091,EMP000043,Study Leave,2022-12-17,2023-01-11,25,Approved
LEV000092,EMP000043,Annual Leave,2022-03-11,2022-04-10,30,Approved
LEV000093,EMP000045,Annual Leave,2021-07-10,2021-08-07,28,Rejected
LEV000094,EMP000045,Sick Leave,2022-04-18,2022-04-27,9,Approved
LEV000095,EMP000046,Annual Leave,2019-12-18,2019-11-30,18,Approved
LEV000096,EMP000046,Study Leave,2024-11-27,2024-12-10,13,Approved
LEV000097,EMP000047,Sick Leave,2022-01-04,2022-01-26,22,Approved
LEV000098,EMP000047,Sick Leave,2021-08-01,2021-08-11,10,Rejected
LEV000099,EMP000047,Sick Leave,2025-01-07,2025-01-27,20,Approved
LEV000100,EMP000047,Compassionate Leave,2024-06-15,2024-07-07,22,Pending
LEV000101,EMP000048,Compassionate Leave,2022-05-09,2022-06-05,27,Pending
LEV000102,EMP000048,Sick Leave,2024-02-21,2024-03-15,23,Approved
LEV000103,EMP000048,Annual Leave,2024-10-21,2024-10-30,9,Approved
LEV000104,EMP000050,Compassionate Leave,2019-08-01,2019-08-04,3,Approved
LEV000105,EMP000050,Annual Leave,2024-09-17,2024-10-13,26,Rejected
LEV000106,EMP000050,Paternity Leave,2021-04-29,2021-05-10,11,Approved
LEV000107,EMP000051,Sick Leave,2023-05-05,2023-05-15,10,Pending
LEV000108,EMP000051,Sick Leave,2021-12-18,2022-01-06,19,Pending
LEV000109,EMP000051,Compassionate Leave,2020-05-04,2020-05-10,6,Approved
LEV000110,EMP000052,Maternity Leave,2025-10-26,2025-10-31,5,Rejected
LEV000111,EMP000052,Paternity Leave,2020-04-19,2020-05-19,30,Approved
LEV000112,EMP000053,Maternity Leave,2023-04-17,2023-05-10,23,Approved
LEV000113,EMP000053,Compassionate Leave,2019-09-14,2019-09-16,2,Approved
LEV000114,EMP000054,Annual Leave,2025-04-05,2025-05-03,28,Approved
LEV000115,EMP000054,Maternity Leave,2021-03-08,2021-03-21,13,Approved
LEV000116,EMP000054,Paternity Leave,2024-01-22,2024-02-05,14,Approved
LEV000117,EMP000054,Paternity Leave,2023-08-14,2023-09-09,26,Rejected
LEV000118,EMP000055,Study Leave,2020-01-05,2020-01-28,23,Approved
LEV000119,EMP000055,Paternity Leave,2023-04-14,2023-04-25,11,Approved
LEV000120,EMP000056,Maternity Leave,2023-07-01,2023-07-08,7,Approved
LEV000121,EMP000056,Paternity Leave,2025-09-03,2025-09-08,5,Approved
LEV000122,EMP000058,Study Leave,2023-05-30,2023-06-01,2,Approved
LEV000123,EMP000058,Annual Leave,2023-12-30,2024-01-18,19,Approved
LEV000124,EMP000059,Maternity Leave,2022-12-04,2022-12-26,22,Approved
LEV000125,EMP000059,Vacation,2021-08-31,2021-09-07,7,Rejected
LEV000126,EMP000059,Paternity Leave,2020-05-19,2020-06-01,13,Approved
LEV000127,EMP000059,Compassionate Leave,2020-12-29,2021-01-27,29,Approved
LEV000128,EMP000060,Sick Leave,2019-08-05,2019-09-01,27,Approved
LEV000129,EMP000060,Sick Leave,2022-09-01,2022-09-03,2,Rejected
LEV000130,EMP000061,Maternity Leave,2024-12-06,2024-12-16,10,Approved
LEV000131,EMP000061,Maternity Leave,2024-10-31,2024-11-28,28,Approved
LEV000132,EMP000061,Compassionate Leave,2024-01-25,2024-02-05,11,Approved
LEV000133,EMP000062,Maternity Leave,2021-09-15,2021-10-08,23,Pending
LEV000134,EMP000062,Annual Leave,2022-01-12,2022-01-23,11,Approved
LEV000135,EMP000062,Sick Leave,2020-07-30,2020-08-04,5,Approved
LEV000136,EMP000063,Study Leave,2022-12-05,2022-12-08,3,Approved
LEV000137,EMP000064,Paternity Leave,2024-11-07,2024-11-19,12,Approved
LEV000138,EMP000064,Annual Leave,2025-09-12,2025-09-28,16,Approved
LEV000139,EMP000064,Compassionate Leave,2021-06-10,2021-07-08,28,Approved
LEV000140,EMP000064,Maternity Leave,2023-09-24,2023-10-22,28,Approved
LEV000141,EMP000065,Annual Leave,2021-01-05,2021-01-08,3,Approved
LEV000142,EMP000065,Compassionate Leave,2022-11-10,2022-11-16,6,Approved
LEV000143,EMP000065,Compassionate Leave,2023-05-22,2023-05-31,9,Approved
LEV000144,EMP000065,Study Leave,2019-03-14,2019-04-02,19,Approved
LEV000145,EMP000066,Maternity Leave,2025-04-05,2025-04-28,23,Approved
LEV000146,EMP000066,Compassionate Leave,2023-09-13,2023-09-25,12,Approved
LEV000147,EMP000067,,2025-05-16,2025-06-08,23,Approved
LEV000148,EMP000067,Maternity Leave,2025-09-06,2025-09-17,11,Rejected
LEV000149,EMP000067,Study Leave,2020-01-08,2020-02-05,28,Pending
LEV000150,EMP000067,Paternity Leave,2020-03-10,2020-03-25,15,Approved
LEV000151,EMP000068,Compassionate Leave,2022-05-06,2022-05-21,15,Approved
LEV000152,EMP000070,Study Leave,2024-10-07,2024-11-04,28,Pending
LEV000153,EMP000070,Maternity Leave,2023-03-18,2023-04-06,19,Approved
LEV000154,EMP000070,Annual Leave,2022-07-01,2022-07-12,11,Rejected
LEV000155,EMP000071,Study Leave,2020-11-05,2020-12-03,28,Pending
LEV000156,EMP000071,Annual Leave,2022-02-11,2022-03-03,20,Approved
LEV000157,EMP000071,Study Leave,2024-04-09,2024-04-25,16,Pending
LEV000158,EMP000071,Annual Leave,2024-03-22,2024-03-23,1,Rejected
LEV000159,EMP000072,Paternity Leave,2022-09-26,2022-10-04,8,Approved
LEV000160,EMP000072,Paternity Leave,2019-02-23,2019-03-23,28,Approved
LEV000161,EMP000072,Compassionate Leave,2019-12-08,2020-01-02,25,Rejected
LEV000162,EMP000073,Sick Leave,2024-11-11,2024-12-07,26,Approved
LEV000163,EMP000073,Annual Leave,2023-03-20,2023-04-07,18,Pending
LEV000164,EMP000073,Annual Leave,2021-11-12,2021-12-08,26,Approved
LEV000165,EMP000073,Study Leave,2019-12-12,2020-01-04,23,Approved
LEV000166,EMP000079,Compassionate Leave,2020-09-17,2020-09-20,3,Rejected
LEV000167,EMP000079,Annual Leave,2022-02-08,2022-03-02,22,Rejected
LEV000168,EMP000082,Compassionate Leave,2019-03-12,2019-04-03,22,Approved
LEV000169,EMP000082,Annual Leave,2025-10-21,2025-11-11,21,Approved
LEV000170,EMP000082,Compassionate Leave,2023-08-29,2023-08-23,6,Approved
LEV000171,EMP000083,Paternity Leave,2021-07-20,2021-08-01,12,Approved
LEV000172,EMP000083,Compassionate Leave,2020-01-07,2020-01-09,2,Approved
LEV000173,EMP000083,Study Leave,2019-06-14,2019-07-05,21,Approved
LEV000174,EMP000085,Maternity Leave,2020-12-27,2021-01-16,20,Approved
LEV000175,EMP000086,Sick Leave,2023-06-16,2023-06-30,14,Approved
LEV000176,EMP000086,Annual Leave,2023-05-31,2023-06-28,28,Rejected
LEV000177,EMP000086,Compassionate Leave,2021-11-21,2021-11-22,1,Pending
LEV000178,EMP000086,Study Leave,2024-08-16,2024-08-18,2,Pending
LEV000179,EMP000087,Paternity Leave,2021-04-30,2021-05-04,4,Approved
LEV000180,EMP000088,Sick Leave,2025-10-04,2025-10-13,9,Rejected
LEV000181,EMP000088,Study Leave,2023-10-01,2023-10-02,1,Approved
LEV000182,EMP000089,Compassionate Leave,2025-09-29,2025-10-04,5,Rejected
LEV000183,EMP000090,Compassionate Leave,2019-07-27,2019-07-30,3,Approved
LEV000184,EMP000090,Leave,2025-07-17,2025-07-22,5,Approved
LEV000185,EMP000091,Paternity Leave,2022-09-11,2022-10-09,28,Approved
LEV000186,EMP000091,Sick Leave,2021-11-30,2021-12-16,16,Pending
LEV000187,EMP000092,Compassionate Leave,2025-03-08,2025-03-30,22,Approved
LEV000188,EMP000093,Annual Leave,2021-06-01,2021-07-01,30,Approved
LEV000189,EMP000093,Annual Leave,2020-02-14,2020-03-02,17,Approved
LEV000190,EMP000094,Compassionate Leave,2024-02-25,2024-03-05,9,Approved
LEV000191,EMP000094,Sick Leave,2024-09-16,2024-10-15,29,Rejected
LEV000192,EMP000095,Sick Leave,2024-01-24,2024-02-14,21,Approved
LEV000193,EMP000096,Annual Leave,2024-07-15,2024-08-07,23,Rejected
LEV000194,EMP000096,Study Leave,2021-12-07,2021-12-31,24,Approved
LEV000195,EMP000096,Maternity Leave,2025-09-25,2025-09-28,3,Rejected
LEV000196,EMP000097,Annual Leave,2021-09-15,2021-10-06,21,Approved
LEV000197,EMP000098,Maternity Leave,2023-08-22,2023-08-30,8,Approved
LEV000198,EMP000098,Annual Leave,2023-04-21,2023-04-25,4,Rejected
LEV000199,EMP000099,Paternity Leave,2023-02-06,2023-02-10,4,Pending
LEV000200,EMP000099,Study Leave,2022-12-29,2023-01-28,30,Pending
LEV000201,EMP000099,Annual Leave,2023-11-16,2023-11-28,12,Rejected
LEV000202,EMP000099,Maternity Leave,2021-03-02,2021-03-08,6,Approved
LEV000203,EMP000100,Compassionate Leave,2023-03-14,2023-03-24,10,Approved
LEV000204,EMP000100,Paternity Leave,2019-12-15,2019-12-24,9,Rejected
LEV000205,EMP000100,Compassionate Leave,2022-05-08,2022-05-12,4,Rejected
LEV000206,EMP000100,Paternity Leave,2023-07-30,2023-08-09,10,Rejected
LEV000207,EMP000103,Sick Leave,2019-03-01,2019-03-03,2,Approved
LEV000208,EMP000104,Study Leave,2020-03-18,2020-04-04,17,Approved
LEV000209,EMP000104,Maternity Leave,2020-02-05,2020-03-02,26,Approved
LEV000210,EMP000104,Annual Leave,2019-02-06,2019-02-22,16,Approved
LEV000211,EMP000105,Paternity Leave,2022-11-04,2022-12-01,27,Approved
LEV000212,EMP000105,Compassionate Leave,2024-06-21,2024-06-28,7,Pending
LEV000213,EMP000105,Annual Leave,2023-10-25,2023-10-31,6,Approved
LEV000214,EMP000105,Study Leave,2025-05-28,2025-06-06,9,Approved
LEV000215,EMP000106,Maternity Leave,2020-12-23,2021-01-12,20,Approved
LEV000216,EMP000106,Maternity Leave,2025-10-14,2025-10-31,17,Approved
LEV000217,EMP000107,Study Leave,2019-09-20,2019-10-06,16,Pending
LEV000218,EMP000108,Maternity Leave,2021-04-28,2021-05-17,19,Approved
LEV000219,EMP000108,Annual Leave,2022-04-03,2022-04-22,19,Pending
LEV000220,EMP000109,Paternity Leave,2021-10-24,2021-10-26,2,Approved
LEV000221,EMP000109,Maternity Leave,2019-11-13,2019-11-22,9,Rejected
LEV000222,EMP000109,Compassionate Leave,2024-01-30,2024-02-08,9,Approved
LEV000223,EMP000109,Study Leave,2021-09-11,2021-09-20,9,Pending
LEV000224,EMP000110,Annual Leave,2025-12-05,2025-12-16,11,Rejected
LEV000225,EMP000111,Sick Leave,2019-02-11,2019-02-18,7,Approved
LEV000226,EMP000111,Compassionate Leave,2019-12-09,2019-12-25,16,Pending
LEV000227,EMP000112,Study Leave,2019-12-25,2020-01-06,12,Approved
LEV000228,EMP000112,Paternity Leave,2020-12-13,2020-12-29,16,Approved
LEV000229,EMP000113,Study Leave,2021-04-10,2021-05-01,21,Approved
LEV000230,EMP000113,Maternity Leave,2020-04-04,2020-04-14,10,Pending
LEV000231,EMP000114,Sick Leave,2023-08-10,2023-08-20,10,Approved
LEV000232,EMP000114,Sick Leave,2024-05-21,2024-06-07,17,Approved
LEV000233,EMP000115,Compassionate Leave,2021-10-19,2021-11-09,21,Rejected
LEV000234,EMP000115,Maternity Leave,2025-12-26,2026-01-12,17,Approved
LEV000235,EMP000119,Maternity Leave,2022-08-12,2022-08-16,4,Rejected
LEV000236,EMP000119,Sick Leave,2021-02-18,2021-02-24,6,Approved
LEV000237,EMP000120,Paternity Leave,2024-08-24,2024-09-05,12,Pending
LEV000238,EMP000120,Annual Leave,2024-08-05,2024-09-01,27,Approved
LEV000239,EMP000120,Study Leave,2025-08-02,2025-08-11,9,Pending
LEV000240,EMP000120,Maternity Leave,2022-10-14,2022-10-25,11,Rejected
LEV000241,EMP000121,Paternity Leave,2023-10-14,2023-10-25,11,Approved
LEV000242,EMP000122,Paternity Leave,2025-08-22,2025-09-11,20,Approved
LEV000243,EMP000122,Annual Leave,2019-03-18,2019-04-07,20,Rejected
LEV000244,EMP000122,Annual Leave,2021-05-18,2021-06-11,24,Approved
LEV000245,EMP000122,Paternity Leave,2025-03-06,2025-04-03,28,Approved
LEV000246,EMP000123,Annual Leave,2024-10-24,2024-11-12,19,Approved
LEV000247,EMP000123,Sick Leave,2022-11-11,2022-10-18,24,Approved
LEV000248,EMP000123,Annual Leave,2020-01-27,2020-02-25,29,Rejected
LEV000249,EMP000124,Sick Leave,2021-08-08,2021-08-15,7,Approved
LEV000250,EMP000124,Study Leave,2024-06-21,2024-07-05,14,Approved
LEV000251,EMP000124,Annual Leave,2019-03-01,2019-03-28,27,Pending
LEV000252,EMP000124,Sick Leave,2021-02-14,2021-03-04,18,Approved
LEV000253,EMP000125,,2019-06-21,2019-07-02,11,Approved
LEV000254,EMP000126,Paternity Leave,2023-02-20,2023-03-14,22,Approved
LEV000255,EMP000127,Sick Leave,2020-08-16,2020-09-05,20,Approved
LEV000256,EMP000127,Sick Leave,2022-04-10,2022-04-27,17,Pending
LEV000257,EMP000128,Annual Leave,2020-11-27,2020-12-01,4,Approved
LEV000258,EMP000128,Compassionate Leave,2025-08-09,2025-09-01,23,Pending
LEV000259,EMP000128,Paternity Leave,2024-12-10,2025-01-02,23,Approved
LEV000260,EMP000128,Study Leave,2022-06-19,2022-07-17,28,Approved
LEV000261,EMP000129,Sick Leave,2020-03-13,2020-03-21,8,Approved
LEV000262,EMP000129,Study Leave,2020-06-27,2020-06-30,3,Approved
LEV000263,EMP000131,Study Leave,2021-06-01,2021-06-20,19,Approved
LEV000264,EMP000131,Maternity Leave,2021-03-13,2021-04-07,25,Rejected
LEV000265,EMP000131,Study Leave,2023-12-20,2023-12-24,4,Rejected
LEV000266,EMP000133,Sick Leave,2023-04-13,2023-05-04,21,Rejected
LEV000267,EMP000134,Maternity Leave,2021-12-25,2022-01-23,29,Pending
LEV000268,EMP000135,Paternity Leave,2024-03-05,2024-03-19,14,Pending
LEV000269,EMP000135,Paternity Leave,2023-10-01,2023-10-22,21,Approved
LEV000270,EMP000135,Compassionate Leave,2020-05-07,2020-05-16,9,Approved
LEV000271,EMP000136,Paternity Leave,2021-01-28,2021-02-01,4,Rejected
LEV000272,EMP000136,Compassionate Leave,2025-11-15,2025-11-18,3,Approved
LEV000273,EMP000136,Compassionate Leave,2022-02-23,2022-03-03,8,Approved
LEV000274,EMP000139,Sick Leave,2025-08-11,2025-08-29,18,Pending
LEV000275,EMP000139,Maternity Leave,2024-06-11,2024-07-07,26,Approved
LEV000276,EMP000139,Sick Leave,2024-10-05,2024-10-14,9,Approved
LEV000277,EMP000140,Maternity Leave,2025-10-01,2025-10-23,22,Rejected
LEV000278,EMP000140,Sick Leave,2020-09-06,2020-10-04,28,Approved
LEV000279,EMP000140,Maternity Leave,2019-09-23,2019-10-21,28,Pending
LEV000280,EMP000140,Maternity Leave,2025-07-27,2025-07-30,3,Pending
LEV000281,EMP000141,UNKNOWN,2019-12-20,2019-12-28,8,Pending
LEV000282,EMP000142,Study Leave,2024-12-24,2025-01-13,20,Approved
LEV000283,EMP000142,Compassionate Leave,2024-04-27,2024-05-20,23,Approved
LEV000284,EMP000144,Maternity Leave,2022-11-28,2022-12-04,6,Approved
LEV000285,EMP000145,Annual Leave,2024-10-27,2024-11-19,23,Approved
LEV000286,EMP000145,Annual Leave,2025-11-14,2025-12-08,24,Rejected
LEV000287,EMP000146,Annual Leave,2021-09-02,2021-09-23,21,Rejected
LEV000288,EMP000146,Paternity Leave,2020-12-07,2020-12-10,3,Approved
LEV000289,EMP000146,Paternity Leave,2022-01-12,2022-01-24,12,Approved
LEV000290,EMP000147,Sick Leave,2022-11-09,2022-12-02,23,Approved
LEV000291,EMP000148,Compassionate Leave,2024-06-27,2024-07-08,-5,Approved
LEV000292,EMP000148,Maternity Leave,2023-04-04,2023-04-13,9,Approved
LEV000293,EMP000149,Annual Leave,2025-01-17,2025-02-01,15,Approved
LEV000294,EMP000149,Study Leave,2020-07-02,2020-07-23,21,Rejected
LEV000295,EMP000149,Maternity Leave,2023-01-05,2023-01-21,16,Approved
LEV000296,EMP000149,Compassionate Leave,2021-04-25,2021-05-01,6,Approved
LEV000297,EMP000150,Annual Leave,2021-06-07,2021-06-29,22,Approved
LEV000298,EMP000150,Maternity Leave,2025-12-11,2025-12-18,7,Approved
LEV000299,EMP000150,Study Leave,2023-03-10,2023-04-04,25,Approved
LEV000300,EMP000151,Maternity Leave,2023-10-07,2023-11-03,27,Rejected
LEV000301,EMP000151,Sick Leave,2025-05-08,2025-05-28,20,Rejected
LEV000302,EMP000151,Compassionate Leave,2025-01-18,2025-02-01,14,Rejected
LEV000303,EMP000152,Paternity Leave,2025-08-22,2025-08-30,8,Rejected
LEV000304,EMP000153,Study Leave,2019-01-03,2019-02-02,30,Pending
LEV000305,EMP000153,Paternity Leave,2020-04-03,2020-04-11,8,Approved
LEV000306,EMP000153,Compassionate Leave,2019-02-23,2019-03-04,9,Pending
LEV000307,EMP000154,Study Leave,2025-04-06,2025-04-30,24,Approved
LEV000308,EMP000155,Study Leave,2025-02-16,2025-03-03,15,Approved
LEV000309,EMP000156,Annual Leave,2024-04-10,2024-05-04,24,Pending
LEV000310,EMP000156,Paternity Leave,2019-09-29,2019-10-13,14,Approved
LEV000311,EMP000159,Annual Leave,2019-10-17,2019-11-12,26,Approved
LEV000312,EMP000159,Maternity Leave,2022-05-16,2022-05-19,3,Rejected
LEV000313,EMP000159,Maternity Leave,2025-05-06,2025-04-26,10,Approved
LEV000314,EMP000159,Sick Leave,2021-12-25,2022-01-21,27,Approved
LEV000315,EMP000160,Maternity Leave,2024-02-02,2024-02-27,25,Approved
LEV000316,EMP000160,Annual Leave,2021-01-04,2021-01-17,13,Approved
LEV000317,EMP000160,Maternity Leave,2019-12-15,2019-12-17,2,Approved
LEV000318,EMP000161,Compassionate Leave,2025-03-17,2025-04-03,17,Approved
LEV000319,EMP000161,Compassionate Leave,2022-10-09,2022-10-25,16,Approved
LEV000320,EMP000162,Maternity Leave,2020-05-02,2020-05-21,19,Approved
LEV000321,EMP000163,Sick Leave,2021-04-30,2021-05-09,9,Rejected
LEV000322,EMP000163,Maternity Leave,2025-10-21,2025-10-26,5,Rejected
LEV000323,EMP000163,Compassionate Leave,2024-04-10,2024-05-07,27,Rejected
LEV000324,EMP000164,Maternity Leave,2024-06-27,2024-07-13,16,Pending
LEV000325,EMP000164,Sick Leave,2022-12-03,2022-12-19,16,Approved
LEV000326,EMP000165,Paternity Leave,2019-03-31,2019-04-28,28,Approved
LEV000327,EMP000165,Sick Leave,2025-08-23,2025-09-16,24,Pending
LEV000328,EMP000166,Maternity Leave,2020-05-23,2020-05-29,6,Approved
LEV000329,EMP000166,Sick Leave,2021-06-04,2021-06-13,9,Approved
LEV000330,EMP000166,Study Leave,2023-06-29,2023-07-06,7,Pending
LEV000331,EMP000166,Compassionate Leave,2023-11-11,2023-11-29,18,Approved
LEV000332,EMP000167,Annual Leave,2022-02-20,2022-03-09,17,Approved
LEV000333,EMP000167,Annual Leave,2022-08-30,2022-09-26,27,Approved
LEV000334,EMP000167,Sick Leave,2021-02-12,2021-02-14,2,Approved
LEV000335,EMP000167,,2022-05-15,2022-06-04,20,Approved
LEV000336,EMP000168,Compassionate Leave,2023-11-02,2023-11-08,6,Approved
LEV000337,EMP000168,Maternity Leave,2019-08-14,2019-08-27,13,Approved
LEV000338,EMP000168,Sick Leave,2020-01-09,2020-01-10,1,Approved
LEV000339,EMP000168,Sick Leave,2024-12-14,2024-12-24,10,Rejected
LEV000340,EMP000169,Compassionate Leave,2025-09-18,2025-09-26,8,Approved
LEV000341,EMP000169,Study Leave,2022-01-23,2022-02-18,26,Approved
LEV000342,EMP000169,Sick Leave,2022-12-05,2022-12-21,16,Rejected
LEV000343,EMP000169,Compassionate Leave,2025-03-15,2025-04-09,25,Rejected
LEV000344,EMP000171,Paternity Leave,2019-04-16,2019-05-04,-5,Approved
LEV000345,EMP000171,Study Leave,2022-01-16,2022-01-26,10,Approved
LEV000346,EMP000171,Annual Leave,2020-12-25,2021-01-08,14,Rejected
LEV000347,EMP000172,Sick Leave,2021-07-12,2021-07-27,15,Rejected
LEV000348,EMP000172,Sick Leave,2023-10-05,2023-10-17,12,Approved
LEV000349,EMP000172,Study Leave,2021-06-08,2021-06-24,16,Pending
LEV000350,EMP000172,Sick Leave,2019-06-21,2019-07-20,29,Approved
LEV000351,EMP000173,Sick Leave,2025-09-27,2025-09-24,3,Approved
LEV000352,EMP000173,Sick Leave,2022-07-06,2022-07-25,19,Approved
LEV000353,EMP000175,Paternity Leave,2020-04-02,2020-04-24,22,Approved
LEV000354,EMP000176,Annual Leave,2023-09-12,2023-10-04,22,Pending
LEV000355,EMP000177,Maternity Leave,2022-12-21,2023-01-15,25,Approved
LEV000356,EMP000177,Paternity Leave,2019-01-04,2019-01-20,16,Approved
LEV000357,EMP000179,Compassionate Leave,2019-10-18,2019-10-26,8,Approved
LEV000358,EMP000180,Sick Leave,2019-07-09,2019-08-08,30,Approved
LEV000359,EMP000180,Compassionate Leave,2025-12-28,2026-01-02,5,Approved
LEV000360,EMP000180,Compassionate Leave,2021-09-02,2021-09-12,10,Pending
LEV000361,EMP000181,Annual Leave,2025-05-19,2025-06-14,26,Pending
LEV000362,EMP000182,Maternity Leave,2021-08-24,2021-09-20,27,Approved
LEV000363,EMP000182,Sick Leave,2025-05-12,2025-06-06,25,Approved
LEV000364,EMP000182,Maternity Leave,2024-03-31,2024-04-08,8,Approved
LEV000365,EMP000182,Annual Leave,2023-05-17,2023-05-21,4,Pending
LEV000366,EMP000183,Annual Leave,2020-03-27,2020-04-14,18,Pending
LEV000367,EMP000183,Paternity Leave,2023-09-23,2023-10-18,25,Approved
LEV000368,EMP000184,Study Leave,2025-04-21,2025-04-26,5,Approved
LEV000369,EMP000184,Study Leave,2020-07-18,2020-07-19,1,Rejected
LEV000370,EMP000184,Compassionate Leave,2023-08-03,2023-08-24,21,Approved
LEV000371,EMP000184,annual leave,2022-01-22,2022-02-10,19,Rejected
LEV000372,EMP000185,Compassionate Leave,2019-01-23,2019-02-14,22,Pending
LEV000373,EMP000185,Study Leave,2021-12-07,2021-12-11,4,Pending
LEV000374,EMP000185,Sick Leave,2023-12-12,2024-01-04,23,Approved
LEV000375,EMP000185,Paternity Leave,2023-09-18,2023-10-05,17,Approved
LEV000376,EMP000186,Sick Leave,2024-10-24,2024-10-31,7,Approved
LEV000377,EMP000186,Study Leave,2019-01-20,2019-02-01,12,Pending
LEV000378,EMP000187,Study Leave,2023-02-14,2023-03-08,22,Approved
LEV000379,EMP000187,Paternity Leave,2022-04-27,2022-05-04,7,Approved
LEV000380,EMP000188,Compassionate Leave,2025-02-15,2025-02-20,5,Pending
LEV000381,EMP000189,Paternity Leave,2019-11-14,2019-12-06,22,Approved
LEV000382,EMP000189,Compassionate Leave,2020-07-17,2020-08-05,19,Approved
LEV000383,EMP000189,Annual Leave,2019-10-21,2019-11-04,14,Rejected
LEV000384,EMP000190,Study Leave,2019-06-24,2019-07-05,11,Rejected
LEV000385,EMP000191,Maternity Leave,2024-06-15,2024-06-24,9,Rejected
LEV000386,EMP000191,,2020-05-07,2020-05-11,4,Approved
LEV000387,EMP000191,Compassionate Leave,2023-09-22,2023-09-26,4,Pending
LEV000388,EMP000192,Sick Leave,2021-11-09,2021-11-25,16,Approved
LEV000389,EMP000192,Annual Leave,2023-07-02,2023-07-06,4,Rejected
LEV000390,EMP000192,Annual Leave,2022-04-28,2022-04-29,1,Approved
LEV000391,EMP000193,Maternity Leave,2022-09-08,2022-10-08,30,Pending
LEV000392,EMP000193,Annual Leave,2022-12-13,2022-12-29,16,Approved
LEV000393,EMP000194,Maternity Leave,2023-11-26,2023-12-16,20,Rejected
LEV000394,EMP000194,Paternity Leave,2024-12-15,2025-01-08,24,Approved
LEV000395,EMP000194,Paternity Leave,2023-06-24,2023-07-06,12,Approved
LEV000396,EMP000195,Paternity Leave,2022-02-28,2022-03-09,9,Approved
LEV000397,EMP000195,Sick Leave,2021-10-01,2021-10-02,1,Pending
LEV000398,EMP000195,Sick Leave,2021-04-29,2021-05-22,23,Rejected
LEV000399,EMP000196,Compassionate Leave,2022-12-13,2023-01-02,20,Approved
LEV000400,EMP000196,Maternity Leave,2025-08-05,2025-08-18,13,Approved
LEV000401,EMP000196,Sick Leave,2020-08-21,2020-09-07,17,Rejected
LEV000402,EMP000197,Sick Leave,2022-09-29,2022-10-05,6,Rejected
LEV000403,EMP000197,Annual Leave,2020-04-10,2020-04-17,7,Approved
LEV000404,EMP000198,Annual Leave,2024-01-05,2024-01-29,24,Rejected
LEV000405,EMP000198,Study Leave,2021-08-20,2021-08-23,3,Pending
LEV000406,EMP000198,Compassionate Leave,2019-04-24,2019-05-21,27,Approved
LEV000407,EMP000200,Sick Leave,2024-08-19,2024-08-27,8,Pending
LEV000408,EMP000200,Annual Leave,2024-08-12,2024-09-06,25,Rejected
LEV000409,EMP000200,Sick Leave,2023-06-01,2023-06-03,2,Approved
LEV000410,EMP000200,Paternity Leave,2021-12-03,2021-12-08,5,Approved
LEV000411,EMP000202,Sick Leave,2019-09-06,2019-09-14,8,Approved
LEV000412,EMP000202,Study Leave,2023-03-12,2023-04-04,23,Approved
LEV000413,EMP000202,Compassionate Leave,2021-02-17,2021-03-05,16,Approved
LEV000414,EMP000203,Sick Leave,2019-08-29,2019-09-25,27,Approved
LEV000415,EMP000203,,2021-03-14,2021-03-27,13,Approved
LEV000416,EMP000203,Maternity Leave,2025-10-13,2025-10-24,11,Rejected
LEV000417,EMP000204,Sick Leave,2020-02-26,2020-03-12,15,Approved
LEV000418,EMP000204,Study Leave,2022-12-13,2023-01-09,27,Approved
LEV000419,EMP000204,Sick Leave,2024-08-08,2024-08-14,6,Approved
LEV000420,EMP000205,Sick Leave,2021-06-18,2021-06-25,7,Approved
LEV000421,EMP000205,Compassionate Leave,2020-03-15,2020-04-02,18,Rejected
LEV000422,EMP000206,Vacation,2024-03-18,2024-04-08,21,Pending
LEV000423,EMP000206,Paternity Leave,2022-11-17,2022-11-20,3,Approved
LEV000424,EMP000206,Sick Leave,2021-05-11,2021-05-20,9,Approved
LEV000425,EMP000207,Paternity Leave,2022-04-29,2022-05-06,7,Approved
LEV000426,EMP000208,Sick Leave,2023-11-11,2023-11-13,2,Approved
LEV000427,EMP000208,Annual Leave,2025-08-15,2025-09-10,26,Rejected
LEV000428,EMP000208,Maternity Leave,2023-09-13,2023-09-18,5,Approved
LEV000429,EMP000208,Sick Leave,2022-02-11,2022-02-12,1,Approved
LEV000430,EMP000209,Compassionate Leave,2019-06-17,2019-07-11,24,Approved
LEV000431,EMP000211,Study Leave,2021-05-03,2021-06-01,29,Approved
LEV000432,EMP000212,Paternity Leave,2021-05-11,2021-05-12,1,Approved
LEV000433,EMP000212,Compassionate Leave,2019-10-20,2019-11-08,19,Rejected
LEV000434,EMP000212,Paternity Leave,2020-11-24,2020-11-30,6,Approved
LEV000435,EMP000213,Compassionate Leave,2021-05-03,2021-06-02,30,Rejected
LEV000436,EMP000213,Paternity Leave,2024-10-02,2024-10-13,11,Rejected
LEV000437,EMP000213,Annual Leave,2019-11-08,2019-12-08,30,Approved
LEV000438,EMP000215,Sick Leave,2023-07-15,2023-08-05,21,Approved
LEV000439,EMP000215,Study Leave,2019-04-18,2019-04-20,2,Approved
LEV000440,EMP000215,Paternity Leave,2025-04-01,2025-04-27,26,Rejected
LEV000441,EMP000215,Compassionate Leave,2023-12-15,2023-12-29,14,Pending
LEV000442,EMP000216,Paternity Leave,2019-03-26,2019-04-12,17,Pending
LEV000443,EMP000216,Sick Leave,2020-06-20,2020-07-12,22,Rejected
LEV000444,EMP000218,Paternity Leave,2022-01-11,2022-01-25,14,Rejected
LEV000445,EMP000219,Paternity Leave,2024-09-26,2024-10-16,20,Rejected
LEV000446,EMP000219,Annual Leave,2024-08-06,2024-08-31,25,Approved
LEV000447,EMP000219,Compassionate Leave,2020-10-12,2020-10-26,14,Approved
LEV000448,EMP000220,Maternity Leave,2019-01-08,2019-01-14,6,Approved
LEV000449,EMP000220,Maternity Leave,2022-01-02,2022-01-27,25,Rejected
LEV000450,EMP000220,Study Leave,2025-08-29,2025-09-22,24,Approved
LEV000451,EMP000220,Annual Leave,2020-10-14,2020-11-10,27,Pending
LEV000452,EMP000221,Study Leave,2025-08-02,2025-08-17,15,Rejected
LEV000453,EMP000221,Study Leave,2020-07-10,2020-07-11,1,Approved
LEV000454,EMP000221,Paternity Leave,2020-05-04,2020-06-01,28,Approved
LEV000455,EMP000222,Compassionate Leave,2019-05-02,2019-05-26,24,Pending
LEV000456,EMP000222,Annual Leave,2024-11-18,2024-11-27,9,Approved
LEV000457,EMP000222,Maternity Leave,2024-04-22,2024-04-26,4,Pending
LEV000458,EMP000222,Maternity Leave,2020-02-10,2020-03-07,26,Approved
LEV000459,EMP000223,Study Leave,2023-08-30,2023-09-22,23,Approved
LEV000460,EMP000223,Study Leave,2024-08-06,2024-08-26,20,Approved
LEV000461,EMP000224,Sick Leave,2019-11-16,2019-12-13,27,Approved
LEV000462,EMP000226,Maternity Leave,2021-03-25,2021-04-24,30,Pending
LEV000463,EMP000229,Paternity Leave,2021-10-07,2021-10-22,15,Approved
LEV000464,EMP000229,Study Leave,2022-04-06,2022-04-09,3,Approved
LEV000465,EMP000229,Sick Leave,2024-11-25,2024-12-08,13,Rejected
LEV000466,EMP000231,Annual Leave,2019-12-06,2019-12-31,25,Pending
LEV000467,EMP000233,Vacation,2023-02-07,2023-02-13,6,Approved
LEV000468,EMP000233,Compassionate Leave,2023-02-04,2023-02-12,8,Rejected
LEV000469,EMP000233,Paternity Leave,2023-03-11,2023-04-05,25,Rejected
LEV000470,EMP000234,Paternity Leave,2023-06-09,2023-07-01,22,Rejected
LEV000471,EMP000234,,2023-12-19,2024-01-12,24,Approved
LEV000472,EMP000235,Paternity Leave,2025-11-18,2025-11-20,2,Approved
LEV000473,EMP000235,Paternity Leave,2022-01-24,2022-01-27,3,Rejected
LEV000474,EMP000235,Maternity Leave,2023-10-02,2023-10-03,1,Approved
LEV000475,EMP000235,Sick Leave,2024-05-30,2024-06-19,20,Rejected
LEV000476,EMP000236,Paternity Leave,2025-04-23,2025-05-05,12,Approved
LEV000477,EMP000236,Paternity Leave,2024-02-22,2024-03-22,29,Rejected
LEV000478,EMP000237,Annual Leave,2024-08-02,2024-08-10,8,Approved
LEV000479,EMP000238,Sick Leave,2019-08-19,2019-09-12,24,Approved
LEV000480,EMP000238,Compassionate Leave,2025-07-21,2025-08-02,12,Rejected
LEV000481,EMP000239,Sick Leave,2020-05-15,2020-06-07,23,Approved
LEV000482,EMP000239,Sick Leave,2019-12-05,2019-12-11,6,Rejected
LEV000483,EMP000239,Paternity Leave,2023-07-23,2023-08-01,9,Approved
LEV000484,EMP000240,Sick Leave,2025-10-15,2025-10-29,14,Pending
LEV000485,EMP000240,,2020-11-04,2020-11-19,15,Approved
LEV000486,EMP000241,Maternity Leave,2022-10-19,2022-11-07,19,Approved
LEV000487,EMP000241,Sick Leave,2023-12-10,2024-01-08,29,Rejected
LEV000488,EMP000242,Paternity Leave,2019-03-25,2019-03-31,6,Pending
LEV000489,EMP000243,Study Leave,2023-01-22,2023-02-19,28,Pending
LEV000490,EMP000243,Paternity Leave,2019-11-27,2019-12-18,21,Pending
LEV000491,EMP000244,Paternity Leave,2019-07-25,2019-08-16,22,Pending
LEV000492,EMP000244,Maternity Leave,2019-05-07,2019-05-21,14,Approved
LEV000493,EMP000247,Paternity Leave,2023-10-07,2023-10-29,22,Approved
LEV000494,EMP000247,Annual Leave,2020-03-11,2020-03-28,17,Pending
LEV000495,EMP000247,Sick Leave,2025-02-06,2025-02-16,10,Approved
LEV000496,EMP000248,Study Leave,2020-12-05,2021-01-03,29,Approved
LEV000497,EMP000249,Annual Leave,2024-01-22,2024-02-08,17,Approved
LEV000498,EMP000251,Paternity Leave,2019-09-10,2019-09-15,5,Approved
LEV000499,EMP000253,,2021-04-29,2021-05-25,26,Rejected
LEV000500,EMP000255,Sick Leave,2023-10-24,2023-11-02,9,Approved
LEV000501,EMP000255,Sick Leave,2021-06-06,2021-06-16,10,Pending
LEV000502,EMP000256,Study Leave,2021-08-20,2021-09-07,18,Approved
LEV000503,EMP000256,Annual Leave,2025-12-29,2026-01-21,23,Rejected
LEV000504,EMP000256,Compassionate Leave,2023-06-03,2023-06-18,15,Approved
LEV000505,EMP000257,Sick Leave,2023-06-05,2023-06-19,14,Rejected
LEV000506,EMP000257,Paternity Leave,2022-02-15,2022-02-23,8,Approved
LEV000507,EMP000257,Compassionate Leave,2025-01-07,2025-01-29,22,Rejected
LEV000508,EMP000257,Study Leave,2023-03-09,2023-03-12,3,Pending
LEV000509,EMP000261,Study Leave,2023-11-29,2023-12-12,13,Rejected
LEV000510,EMP000261,Paternity Leave,2025-07-17,2025-08-03,17,Approved
LEV000511,EMP000262,Paternity Leave,2019-04-18,2019-04-24,6,Rejected
LEV000512,EMP000262,Annual Leave,2024-05-04,2024-05-09,5,Rejected
LEV000513,EMP000262,Paternity Leave,2024-09-03,2024-10-01,28,Approved
LEV000514,EMP000262,Maternity Leave,2025-11-14,2025-11-25,11,Approved
LEV000515,EMP000263,Study Leave,2024-08-27,2024-09-24,28,Approved
LEV000516,EMP000263,Compassionate Leave,2021-03-24,2021-04-16,23,Approved
LEV000517,EMP000263,Annual Leave,2025-12-09,2025-12-12,3,Approved
LEV000518,EMP000263,Compassionate Leave,2024-02-15,2024-02-19,4,Approved
LEV000519,EMP000264,Study Leave,2019-10-08,2019-10-31,23,Pending
LEV000520,EMP000266,Study Leave,2021-10-02,2021-10-28,26,Approved
LEV000521,EMP000266,Paternity Leave,2021-05-01,2021-05-21,20,Approved
LEV000522,EMP000266,Compassionate Leave,2019-11-06,2019-11-08,2,Rejected
LEV000523,EMP000268,Maternity Leave,2021-12-13,2021-12-22,9,Approved
LEV000524,EMP000268,Maternity Leave,2023-02-05,2023-03-05,28,Approved
LEV000525,EMP000268,Compassionate Leave,2021-08-08,2021-08-14,6,Pending
LEV000526,EMP000268,Sick Leave,2021-06-25,2021-07-23,28,Approved
LEV000527,EMP000270,Maternity Leave,2020-08-13,2020-09-12,30,Rejected
LEV000528,EMP000272,Study Leave,2021-03-13,2021-04-09,27,Approved
LEV000529,EMP000272,Study Leave,2023-01-10,2023-02-05,26,Approved
LEV000530,EMP000274,Maternity Leave,2019-09-05,2019-09-11,6,Approved
LEV000531,EMP000274,Annual Leave,2022-10-11,2022-10-28,17,Rejected
LEV000532,EMP000275,Maternity Leave,2023-12-23,2024-01-21,29,Approved
LEV000533,EMP000275,Study Leave,2025-03-21,2025-04-16,26,Approved
LEV000534,EMP000275,Compassionate Leave,2025-04-17,2025-04-21,4,Approved
LEV000535,EMP000278,Annual Leave,2021-07-30,2021-08-26,27,Approved
LEV000536,EMP000278,Study Leave,2024-07-29,2024-08-09,11,Approved
LEV000537,EMP000280,Study Leave,2024-10-09,2024-10-10,1,Approved
LEV000538,EMP000280,Paternity Leave,2019-12-04,2019-12-20,16,Approved
LEV000539,EMP000280,Compassionate Leave,2019-04-04,2019-04-07,3,Pending
LEV000540,EMP000280,Maternity Leave,2020-10-01,2020-10-30,29,Approved
LEV000541,EMP000283,Maternity Leave,2021-11-08,2021-11-24,16,Approved
LEV000542,EMP000283,Maternity Leave,2020-04-07,2020-04-20,13,Rejected
LEV000543,EMP000283,Study Leave,2019-12-21,2020-01-02,12,Approved
LEV000544,EMP000284,Annual Leave,2020-11-14,2020-12-06,22,Approved
LEV000545,EMP000284,Paternity Leave,2024-11-02,2024-11-12,10,Pending
LEV000546,EMP000284,Sick,2019-02-03,2019-02-24,21,Rejected
LEV000547,EMP000284,Study Leave,2022-01-10,2022-01-25,15,Approved
LEV000548,EMP000285,Paternity Leave,2022-10-19,2022-11-14,26,Approved
LEV000549,EMP000285,Study Leave,2024-10-07,2024-11-01,25,Approved
LEV000550,EMP000285,Compassionate Leave,2020-07-17,2020-07-29,12,Approved
LEV000551,EMP000285,Study Leave,2021-02-11,2021-02-21,10,Approved
LEV000552,EMP000287,Study Leave,2023-08-03,2023-08-04,1,Approved
LEV000553,EMP000287,Sick Leave,2019-04-27,2019-04-28,1,Approved
LEV000554,EMP000287,Annual Leave,2020-10-31,2020-11-02,2,Approved
LEV000555,EMP000288,Sick Leave,2020-02-08,2020-03-09,30,Rejected
LEV000556,EMP000290,Compassionate Leave,2025-04-13,2025-04-14,1,Approved
LEV000557,EMP000291,Paternity Leave,2025-04-20,2025-04-22,2,Approved
LEV000558,EMP000293,Maternity Leave,2020-01-27,2020-02-03,7,Pending
LEV000559,EMP000293,Compassionate Leave,2023-07-26,2023-08-11,16,Rejected
LEV000560,EMP000293,Sick Leave,2023-11-27,2023-12-20,23,Approved
LEV000561,EMP000294,Study Leave,2021-04-21,2021-05-16,25,Approved
LEV000562,EMP000294,Annual Leave,2025-04-11,2025-05-11,30,Approved
LEV000563,EMP000294,Study Leave,2021-07-28,2021-08-06,9,Approved
LEV000564,EMP000296,Sick Leave,2024-10-06,2024-10-18,12,Approved
LEV000565,EMP000296,Study Leave,2023-02-15,2023-03-13,26,Approved
LEV000566,EMP000297,Sick Leave,2022-05-25,2022-06-07,13,Approved
LEV000567,EMP000297,Sick Leave,2021-10-04,2021-10-30,26,Approved
LEV000568,EMP000297,Annual Leave,2022-07-14,2022-07-29,15,Approved
LEV000569,EMP000298,Paternity Leave,2025-03-20,2025-04-07,18,Approved
LEV000570,EMP000298,Paternity Leave,2024-11-29,2024-12-27,28,Approved
LEV000571,EMP000298,Compassionate Leave,2020-01-18,2020-02-17,30,Approved
LEV000572,EMP000299,Maternity Leave,2022-05-26,2022-06-03,8,Approved
LEV000573,EMP000299,Sick Leave,2025-06-04,2025-06-10,6,Pending
LEV000574,EMP000299,Maternity Leave,2025-08-13,2025-09-05,23,Pending
LEV000575,EMP000299,Paternity Leave,2019-12-09,2019-12-16,7,Pending
LEV000576,EMP000300,Compassionate Leave,2025-12-25,2026-01-16,22,Approved
LEV000577,EMP000301,Paternity Leave,2024-05-31,2024-06-21,21,Rejected
LEV000578,EMP000301,Paternity Leave,2019-05-04,2019-05-19,15,Approved
LEV000579,EMP000301,Sick Leave,2021-05-03,2021-05-15,12,Approved
LEV000580,EMP000302,Paternity Leave,2025-08-11,2025-08-23,12,Rejected
LEV000581,EMP000303,,2021-03-11,2021-04-06,26,Approved
LEV000582,EMP000303,Maternity Leave,2024-03-22,2024-04-19,28,Approved
LEV000583,EMP000303,Paternity Leave,2020-04-30,2020-05-11,11,Approved
LEV000584,EMP000303,Paternity Leave,2022-07-05,2022-07-24,19,Approved
LEV000585,EMP000306,Sick Leave,2025-12-28,2026-01-21,24,Approved
LEV000586,EMP000306,Sick Leave,2019-06-12,2019-06-20,8,Rejected
LEV000587,EMP000306,Sick Leave,2024-04-30,2024-05-30,30,Approved
LEV000588,EMP000306,Maternity Leave,2021-08-24,2021-09-22,29,Approved
LEV000589,EMP000307,Compassionate Leave,2024-01-14,2024-01-27,13,Approved
LEV000590,EMP000308,Paternity Leave,2020-03-19,2020-03-26,7,Approved
LEV000591,EMP000308,Maternity Leave,2025-01-03,2025-01-14,11,Approved
LEV000592,EMP000308,Annual Leave,2025-03-16,2025-04-09,24,Approved
LEV000593,EMP000308,Paternity Leave,2020-10-21,2020-10-15,6,Approved
LEV000594,EMP000309,Maternity Leave,2020-07-19,2020-07-23,4,Pending
LEV000595,EMP000309,Paternity Leave,2019-08-05,2019-09-03,29,Approved
LEV000596,EMP000309,Annual Leave,2019-10-18,2019-11-13,26,Pending
LEV000597,EMP000310,Sick Leave,2024-03-25,2024-04-15,21,Rejected
LEV000598,EMP000310,Sick Leave,2023-02-17,2023-03-06,17,Pending
LEV000599,EMP000311,Paternity Leave,2023-09-26,2023-09-28,2,Approved
LEV000600,EMP000311,Sick Leave,2024-03-10,2024-03-24,14,Rejected
LEV000601,EMP000311,Annual Leave,2024-10-07,2024-10-21,14,Approved
LEV000602,EMP000311,Study Leave,2023-04-27,2023-05-12,15,Rejected
LEV000603,EMP000314,Study Leave,2022-09-06,2022-10-05,29,Approved
LEV000604,EMP000314,Sick Leave,2020-12-24,2021-01-21,28,Rejected
LEV000605,EMP000314,Paternity Leave,2023-04-06,2023-04-30,24,Approved
LEV000606,EMP000316,Maternity Leave,2020-05-18,2020-06-04,17,Approved
LEV000607,EMP000316,Sick Leave,2024-07-12,2024-07-29,17,Approved
LEV000608,EMP000316,Sick Leave,2019-02-04,2019-02-16,12,Approved
LEV000609,EMP000316,Paternity Leave,2023-04-02,2023-04-29,27,Approved
LEV000610,EMP000317,Annual Leave,2019-08-21,2019-09-12,22,Pending
LEV000611,EMP000317,Compassionate Leave,2023-05-24,2023-06-10,17,Approved
LEV000612,EMP000317,Compassionate Leave,2020-06-19,2020-06-25,6,Approved
LEV000613,EMP000317,Sick Leave,2022-11-25,2022-12-16,21,Rejected
LEV000614,EMP000319,Paternity Leave,2019-09-06,2019-10-06,30,Rejected
LEV000615,EMP000319,Annual Leave,2025-06-22,2025-07-01,9,Approved
LEV000616,EMP000319,Compassionate Leave,2022-02-03,2022-02-10,7,Approved
LEV000617,EMP000319,Paternity Leave,2020-08-17,2020-08-31,14,Rejected
LEV000618,EMP000320,Maternity Leave,2019-06-30,2019-07-10,10,Approved
LEV000619,EMP000321,Annual Leave,2019-03-14,2019-03-17,3,Rejected
LEV000620,EMP000321,Study Leave,2025-09-15,2025-09-23,8,Approved
LEV000621,EMP000321,Study Leave,2024-07-04,2024-07-13,9,Rejected
LEV000622,EMP000322,Maternity Leave,2020-04-22,2020-04-29,7,Pending
LEV000623,EMP000322,Annual Leave,2021-01-02,2021-01-16,14,Approved
LEV000624,EMP000323,Paternity Leave,2025-12-20,2026-01-13,24,Approved
LEV000625,EMP000324,Study Leave,2021-09-06,2021-09-27,21,Approved
LEV000626,EMP000324,Annual Leave,2022-02-11,2022-02-27,16,Rejected
LEV000627,EMP000324,Compassionate Leave,2021-10-02,2021-10-22,20,Approved
LEV000628,EMP000326,Leave,2022-05-29,2022-06-27,29,Approved
LEV000629,EMP000326,Sick Leave,2024-09-10,2024-09-25,15,Approved
LEV000630,EMP000326,Maternity Leave,2020-09-17,2020-10-05,18,Approved
LEV000631,EMP000326,Maternity Leave,2021-06-14,2021-07-01,17,Pending
LEV000632,EMP000327,,2020-06-21,2020-07-09,18,Rejected
LEV000633,EMP000327,,2022-12-28,2023-01-13,16,Approved
LEV000634,EMP000327,Sick Leave,2020-07-10,2020-07-28,18,Approved
LEV000635,EMP000329,Maternity Leave,2023-10-31,2023-11-18,18,Approved
LEV000636,EMP000329,Compassionate Leave,2020-02-28,2020-03-25,26,Pending
LEV000637,EMP000331,Paternity Leave,2019-08-21,2019-09-19,29,Approved
LEV000638,EMP000331,Compassionate Leave,2023-04-22,2023-04-23,1,Pending
LEV000639,EMP000331,Paternity Leave,2023-12-18,2024-01-06,19,Approved
LEV000640,EMP000333,annual leave,2023-09-20,2023-10-08,18,Rejected
LEV000641,EMP000333,Sick Leave,2020-09-15,2020-09-26,11,Approved
LEV000642,EMP000334,Maternity Leave,2023-04-04,2023-04-19,15,Approved
LEV000643,EMP000334,Maternity Leave,2020-11-22,2020-11-29,7,Approved
LEV000644,EMP000334,Maternity Leave,2019-12-11,2019-12-27,16,Approved
LEV000645,EMP000334,Sick Leave,2023-08-12,2023-08-21,9,Approved
LEV000646,EMP000335,Study Leave,2024-12-13,2024-12-23,10,Pending
LEV000647,EMP000337,Sick Leave,2023-01-25,2023-01-28,3,Approved
LEV000648,EMP000337,Annual Leave,2024-03-07,2024-03-08,1,Pending
LEV000649,EMP000337,Maternity Leave,2023-07-01,2023-07-14,13,Approved
LEV000650,EMP000337,Compassionate Leave,2020-03-14,2020-04-13,30,Pending
LEV000651,EMP000338,Maternity Leave,2022-11-15,2022-11-18,3,Rejected
LEV000652,EMP000338,Paternity Leave,2019-06-06,2019-06-08,2,Pending
LEV000653,EMP000339,Study Leave,2021-07-11,2021-08-06,26,Approved
LEV000654,EMP000339,Maternity Leave,2025-09-15,2025-09-20,5,Pending
LEV000655,EMP000339,Paternity Leave,2025-08-15,2025-08-21,6,Approved
LEV000656,EMP000340,Compassionate Leave,2022-05-27,2022-06-14,18,Approved
LEV000657,EMP000340,Study Leave,2020-01-28,2020-02-20,23,Approved
LEV000658,EMP000340,Sick Leave,2019-01-02,2019-01-30,28,Rejected
LEV000659,EMP000340,Sick Leave,2022-01-20,2022-01-22,2,Approved
LEV000660,EMP000341,Study Leave,2020-10-16,2020-10-28,12,Approved
LEV000661,EMP000341,Paternity Leave,2019-10-26,2019-11-03,8,Approved
LEV000662,EMP000341,Study Leave,2022-10-04,2022-10-15,11,Approved
LEV000663,EMP000342,Compassionate Leave,2025-02-12,2025-03-05,21,Pending
LEV000664,EMP000342,Paternity Leave,2023-10-21,2023-11-09,19,Approved
LEV000665,EMP000343,Paternity Leave,2024-01-29,2024-02-16,18,Approved
LEV000666,EMP000343,Annual Leave,2020-05-13,2020-05-26,13,Approved
LEV000667,EMP000343,Maternity Leave,2021-10-06,2021-11-05,30,Pending
LEV000668,EMP000344,Maternity Leave,2024-08-12,2024-09-02,21,Approved
LEV000669,EMP000347,Maternity Leave,2020-08-03,2020-08-27,24,Approved
LEV000670,EMP000347,Maternity Leave,2023-05-08,2023-05-20,12,Pending
LEV000671,EMP000347,Compassionate Leave,2024-08-04,2024-08-22,18,Approved
LEV000672,EMP000348,Compassionate Leave,2019-01-27,2019-01-28,1,Rejected
LEV000673,EMP000348,Study Leave,2020-01-30,2020-02-04,5,Approved
LEV000674,EMP000348,Paternity Leave,2019-02-06,2019-02-18,12,Rejected
LEV000675,EMP000348,Study Leave,2022-04-29,2022-05-10,11,Approved
LEV000676,EMP000349,Compassionate Leave,2022-06-15,2022-07-02,17,Approved
LEV000677,EMP000349,Study Leave,2024-06-04,2024-06-23,19,Approved
LEV000678,EMP000349,Maternity Leave,2023-03-27,2023-04-14,18,Pending
LEV000679,EMP000349,Maternity Leave,2021-03-10,2021-03-18,8,Pending
LEV000680,EMP000350,Paternity Leave,2025-04-03,2025-04-05,2,Approved
LEV000681,EMP000350,Maternity Leave,2025-06-15,2025-06-20,5,Approved
LEV000682,EMP000350,Paternity Leave,2019-10-03,2019-10-29,26,Approved
LEV000683,EMP000351,Study Leave,2019-12-12,2019-12-28,16,Pending
LEV000684,EMP000351,Paternity Leave,2025-07-21,2025-08-11,21,Rejected
LEV000685,EMP000352,Sick Leave,2025-05-08,2025-05-25,17,Rejected
LEV000686,EMP000352,Annual Leave,2020-06-11,2020-06-30,19,Approved
LEV000687,EMP000353,Study Leave,2019-05-18,2019-05-19,1,Approved
LEV000688,EMP000353,Paternity Leave,2019-07-18,2019-07-27,9,Rejected
LEV000689,EMP000353,Paternity Leave,2019-10-11,2019-10-28,17,Approved
LEV000690,EMP000354,Sick Leave,2023-12-03,2023-12-14,11,Approved
LEV000691,EMP000354,Study Leave,2021-02-17,2021-02-23,6,Pending
LEV000692,EMP000354,Compassionate Leave,2024-05-09,2024-06-04,26,Rejected
LEV000693,EMP000355,Paternity Leave,2019-01-18,2019-01-19,1,Approved
LEV000694,EMP000355,Paternity Leave,2020-07-25,2020-07-28,3,Approved
LEV000695,EMP000355,Sick Leave,2025-12-14,2026-01-05,22,Approved
LEV000696,EMP000355,Compassionate Leave,2025-06-24,2025-06-25,1,Rejected
LEV000697,EMP000356,Annual Leave,2021-03-17,2021-04-14,28,Rejected
LEV000698,EMP000357,Compassionate Leave,2019-12-15,2020-01-07,23,Pending
LEV000699,EMP000358,Annual Leave,2019-01-05,2019-01-31,26,Approved
LEV000700,EMP000358,Paternity Leave,2023-06-24,2023-07-04,10,Pending
LEV000701,EMP000358,Study Leave,2019-03-29,2019-04-26,28,Approved
LEV000702,EMP000359,Annual Leave,2023-05-29,2023-06-10,12,Approved
LEV000703,EMP000361,Annual Leave,2020-03-21,2020-03-24,3,Rejected
LEV000704,EMP000361,Study Leave,2022-03-06,2022-03-18,12,Rejected
LEV000705,EMP000361,Study Leave,2021-07-18,2021-07-29,11,Approved
LEV000706,EMP000361,Maternity Leave,2023-02-09,2023-02-12,3,Approved
LEV000707,EMP000362,Compassionate Leave,2020-07-14,2020-07-28,14,Pending
LEV000708,EMP000363,Maternity Leave,2019-12-01,2019-12-23,22,Pending
LEV000709,EMP000363,Study Leave,2022-01-28,2022-02-02,5,Approved
LEV000710,EMP000364,Annual Leave,2020-01-16,2020-01-24,8,Approved
LEV000711,EMP000364,Annual Leave,2022-01-22,2022-02-10,19,Approved
LEV000712,EMP000364,Study Leave,2021-03-08,2021-04-05,28,Approved
LEV000713,EMP000365,Study Leave,2023-04-25,2023-05-23,28,Approved
LEV000714,EMP000365,Sick Leave,2024-08-09,2024-09-02,24,Pending
LEV000715,EMP000365,Study Leave,2024-11-26,2024-12-21,25,Approved
LEV000716,EMP000366,Annual Leave,2025-11-16,2025-12-07,21,Pending
LEV000717,EMP000366,Annual Leave,2024-11-01,2024-11-28,27,Pending
LEV000718,EMP000367,Paternity Leave,2023-03-11,2023-04-09,29,Rejected
LEV000719,EMP000368,Maternity Leave,2023-03-13,2023-03-21,8,Approved
LEV000720,EMP000368,Paternity Leave,2019-01-16,2019-01-22,6,Approved
LEV000721,EMP000368,Compassionate Leave,2022-02-04,2022-02-10,6,Approved
LEV000722,EMP000368,Annual Leave,2025-05-25,2025-06-24,30,Rejected
LEV000723,EMP000369,Maternity Leave,2023-11-14,2023-11-26,12,Approved
LEV000724,EMP000369,Paternity Leave,2021-11-14,2021-12-08,24,Rejected
LEV000725,EMP000369,Annual Leave,2025-05-14,2025-06-04,21,Rejected
LEV000726,EMP000369,Compassionate Leave,2023-08-16,2023-08-19,3,Rejected
LEV000727,EMP000370,Paternity Leave,2024-11-17,2024-12-12,25,Approved
LEV000728,EMP000370,Compassionate Leave,2020-10-20,2020-11-18,29,Approved
LEV000729,EMP000370,Sick Leave,2020-07-16,2020-07-29,13,Approved
LEV000730,EMP000370,Sick Leave,2022-09-26,2022-10-17,21,Pending
LEV000731,EMP000371,Sick Leave,2023-03-12,2023-04-09,28,Pending
LEV000732,EMP000373,Paternity Leave,2020-07-15,2020-08-10,26,Pending
LEV000733,EMP000373,Paternity Leave,2022-08-16,2022-09-15,30,Approved
LEV000734,EMP000373,Study Leave,2019-07-14,2019-07-29,15,Pending
LEV000735,EMP000373,Sick Leave,2023-02-10,2023-02-25,15,Approved
LEV000736,EMP000374,Paternity Leave,2025-06-24,2025-07-22,28,Approved
LEV000737,EMP000374,Paternity Leave,2020-04-16,2020-05-13,27,Approved
LEV000738,EMP000375,Maternity Leave,2022-02-24,2022-03-16,20,Pending
LEV000739,EMP000375,Maternity Leave,2025-08-02,2025-08-15,13,Rejected
LEV000740,EMP000376,Sick Leave,2020-11-29,2020-12-02,3,Pending
LEV000741,EMP000376,Annual Leave,2024-06-19,2024-07-15,26,Approved
LEV000742,EMP000376,Compassionate Leave,2020-10-09,2020-10-19,10,Approved
LEV000743,EMP000376,Study Leave,2021-05-11,2021-06-01,21,Approved
LEV000744,EMP000377,Maternity Leave,2023-07-05,2023-07-16,11,Rejected
LEV000745,EMP000377,Study Leave,2022-11-20,2022-11-18,2,Approved
LEV000746,EMP000377,Maternity Leave,2021-11-02,2021-11-20,18,Rejected
LEV000747,EMP000377,Study Leave,2023-01-31,2023-02-25,25,Pending
LEV000748,EMP000378,Maternity Leave,2020-04-30,2020-05-29,29,Rejected
LEV000749,EMP000379,Maternity Leave,2022-12-11,2023-01-06,26,Pending
LEV000750,EMP000379,Compassionate Leave,2024-05-16,2024-05-26,10,Pending
LEV000751,EMP000379,Paternity Leave,2025-07-29,2025-08-02,4,Approved
LEV000752,EMP000380,Study Leave,2024-05-05,2024-05-19,14,Approved
LEV000753,EMP000380,Sick Leave,2021-12-26,2022-01-03,8,Rejected
LEV000754,EMP000380,Study Leave,2025-04-19,2025-05-15,26,Pending
LEV000755,EMP000381,Annual Leave,2022-07-11,2022-07-12,1,Approved
LEV000756,EMP000381,Paternity Leave,2021-09-11,2021-10-02,21,Approved
LEV000757,EMP000381,Paternity Leave,2021-01-16,2021-02-02,17,Rejected
LEV000758,EMP000382,Annual Leave,2019-12-15,2019-12-17,2,Approved
LEV000759,EMP000382,Annual Leave,2020-08-24,2020-08-30,6,Approved
LEV000760,EMP000383,Paternity Leave,2019-02-11,2019-03-08,25,Pending
LEV000761,EMP000383,Compassionate Leave,2025-02-19,2025-03-13,22,Rejected
LEV000762,EMP000384,Compassionate Leave,2019-11-29,2019-12-18,19,Approved
LEV000763,EMP000384,Compassionate Leave,2019-11-03,2019-12-02,29,Approved
LEV000764,EMP000384,Study Leave,2019-07-26,2019-07-28,2,Approved
LEV000765,EMP000385,Study Leave,2021-01-05,2021-02-04,30,Rejected
LEV000766,EMP000385,Compassionate Leave,2022-03-12,2022-04-09,28,Approved
LEV000767,EMP000385,Sick Leave,2021-05-28,2021-05-31,3,Rejected
LEV000768,EMP000386,Sick Leave,2025-02-07,2025-02-19,12,Approved
LEV000769,EMP000387,Compassionate Leave,2020-08-26,2020-09-10,15,Approved
LEV000770,EMP000388,Paternity Leave,2020-10-14,2020-10-23,9,Approved
LEV000771,EMP000388,Sick Leave,2025-09-15,2025-09-26,11,Approved
LEV000772,EMP000389,Sick Leave,2023-10-12,2023-10-26,14,Pending
LEV000773,EMP000389,Maternity Leave,2023-01-12,2023-02-10,29,Approved
LEV000774,EMP000389,Maternity Leave,2019-03-25,2019-04-24,30,Approved
LEV000775,EMP000390,Compassionate Leave,2025-04-12,2025-05-10,28,Approved
LEV000776,EMP000390,Maternity Leave,2025-11-20,2025-12-13,23,Pending
LEV000777,EMP000390,Maternity Leave,2023-04-23,2023-05-15,22,Approved
LEV000778,EMP000391,Maternity Leave,2024-04-18,2024-04-23,5,Approved
LEV000779,EMP000391,Study Leave,2021-05-09,2021-05-24,15,Approved
LEV000780,EMP000391,Maternity Leave,2019-10-11,2019-11-09,29,Pending
LEV000781,EMP000391,Annual Leave,2021-01-21,2021-01-24,3,Rejected
LEV000782,EMP000392,Annual Leave,2024-02-03,2024-02-21,18,Approved
LEV000783,EMP000392,Compassionate Leave,2025-03-30,2025-04-16,17,Rejected
LEV000784,EMP000393,Annual Leave,2020-06-24,2020-07-17,23,Pending
LEV000785,EMP000394,Compassionate Leave,2025-09-23,2025-09-30,7,Approved
LEV000786,EMP000394,Sick Leave,2021-10-20,2021-10-31,11,Approved
LEV000787,EMP000394,Sick Leave,2022-01-02,2022-01-31,29,Approved
LEV000788,EMP000395,Annual Leave,2025-07-28,2025-08-19,22,Approved
LEV000789,EMP000395,Paternity Leave,2022-10-05,2022-10-23,18,Pending
LEV000790,EMP000397,Study Leave,2020-12-26,2021-01-24,29,Pending
LEV000791,EMP000398,Annual Leave,2022-12-29,2023-01-22,24,Pending
LEV000792,EMP000399,Study Leave,2024-07-20,2024-08-02,13,Approved
LEV000793,EMP000399,Study Leave,2022-11-22,2022-11-29,7,Approved
LEV000794,EMP000399,Paternity Leave,2022-05-22,2022-05-23,1,Approved
LEV000795,EMP000400,Compassionate Leave,2022-06-23,2022-07-13,20,Rejected
LEV000796,EMP000403,Paternity Leave,2019-10-25,2019-11-01,7,Rejected
LEV000797,EMP000406,,2023-04-26,2023-05-21,25,Approved
LEV000798,EMP000408,Compassionate Leave,2019-09-05,2019-09-16,11,Approved
LEV000799,EMP000408,Sick Leave,2019-07-29,2019-08-11,13,Rejected
LEV000800,EMP000411,Paternity Leave,2020-04-13,2020-05-12,29,Rejected
LEV000801,EMP000411,Vacation,2020-05-09,2020-06-05,27,Approved
LEV000802,EMP000411,Sick Leave,2023-01-02,2023-01-03,1,Approved
LEV000803,EMP000411,Maternity Leave,2024-08-08,2024-08-17,9,Approved
LEV000804,EMP000413,,2022-11-16,2022-12-04,18,Rejected
LEV000805,EMP000413,Sick Leave,2025-10-18,2025-11-09,22,Approved
LEV000806,EMP000413,Study Leave,2024-06-20,2024-07-12,22,Approved
LEV000807,EMP000414,Sick Leave,2025-08-05,2025-08-11,6,Approved
LEV000808,EMP000414,Compassionate Leave,2025-05-05,2025-05-26,21,Approved
LEV000809,EMP000414,Sick Leave,2022-10-07,2022-10-25,18,Approved
LEV000810,EMP000414,Paternity Leave,2020-07-28,2020-08-16,19,Approved
LEV000811,EMP000415,Sick Leave,2020-05-08,2020-05-13,5,Approved
LEV000812,EMP000415,Maternity Leave,2019-07-30,2019-08-14,15,Pending
LEV000813,EMP000416,Annual Leave,2023-06-03,2023-06-25,22,Approved
LEV000814,EMP000417,Annual Leave,2019-02-09,2019-03-08,27,Rejected
LEV000815,EMP000418,Sick Leave,2024-09-24,2024-09-28,4,Pending
LEV000816,EMP000418,,2022-10-11,2022-10-13,2,Rejected
LEV000817,EMP000419,Sick Leave,2022-08-25,2022-09-12,18,Rejected
LEV000818,EMP000420,Sick Leave,2024-07-06,2024-07-23,17,Approved
LEV000819,EMP000420,,2025-01-23,2025-01-25,2,Approved
LEV000820,EMP000420,Sick Leave,2025-04-28,2025-05-18,20,Approved
LEV000821,EMP000421,Paternity Leave,2020-03-03,2020-03-28,25,Approved
LEV000822,EMP000421,Sick,2019-03-31,2019-04-18,18,Rejected
LEV000823,EMP000421,Paternity Leave,2020-03-17,2020-04-11,25,Approved
LEV000824,EMP000421,Paternity Leave,2021-12-07,2022-01-06,30,Approved
LEV000825,EMP000422,Compassionate Leave,2020-04-23,2020-04-28,5,Approved
LEV000826,EMP000422,Annual Leave,2023-03-12,2023-04-05,24,Approved
LEV000827,EMP000422,Annual Leave,2024-01-21,2024-02-13,23,Approved
LEV000828,EMP000422,Compassionate Leave,2024-02-18,2024-03-18,29,Approved
LEV000829,EMP000423,Compassionate Leave,2020-10-19,2020-10-21,2,Approved
LEV000830,EMP000423,Annual Leave,2023-07-14,2023-08-07,24,Approved
LEV000831,EMP000424,Maternity Leave,2021-06-16,2021-06-21,5,Pending
LEV000832,EMP000425,Paternity Leave,2019-02-20,2019-03-06,14,Rejected
LEV000833,EMP000425,Study Leave,2025-06-20,2025-07-15,25,Approved
LEV000834,EMP000426,,2025-09-23,2025-10-16,23,Approved
LEV000835,EMP000427,Maternity Leave,2024-11-17,2024-12-10,23,Rejected
LEV000836,EMP000427,Study Leave,2023-05-09,2023-05-24,15,Approved
LEV000837,EMP000427,Study Leave,2025-09-22,2025-09-23,1,Rejected
LEV000838,EMP000428,Annual Leave,2023-06-02,2023-06-11,9,Rejected
LEV000839,EMP000429,Maternity Leave,2024-10-25,2024-11-09,15,Rejected
LEV000840,EMP000430,Annual Leave,2020-08-22,2020-09-06,15,Approved
LEV000841,EMP000430,Sick Leave,2019-06-22,2019-07-07,15,Approved
LEV000842,EMP000430,Study Leave,2020-09-08,2020-09-20,12,Rejected
LEV000843,EMP000431,Sick Leave,2021-01-20,2021-02-16,27,Approved
LEV000844,EMP000431,Compassionate Leave,2020-10-24,2020-11-13,20,Approved
LEV000845,EMP000431,Sick Leave,2023-12-23,2024-01-16,24,Rejected
LEV000846,EMP000431,Annual Leave,2022-01-20,2022-02-15,26,Pending
LEV000847,EMP000433,Paternity Leave,2025-05-20,2025-05-21,1,Pending
LEV000848,EMP000433,Compassionate Leave,2020-06-17,2020-07-12,25,Pending
LEV000849,EMP000433,Sick Leave,2022-12-28,2023-01-21,24,Pending
LEV000850,EMP000433,Annual Leave,2022-01-23,2022-02-22,30,Pending
LEV000851,EMP000434,Paternity Leave,2020-10-27,2020-11-15,19,Approved
LEV000852,EMP000434,Study Leave,2019-10-29,2019-11-21,23,Approved
LEV000853,EMP000436,Maternity Leave,2019-12-26,2020-01-13,-5,Pending
LEV000854,EMP000436,Study Leave,2023-10-13,2023-10-16,3,Approved
LEV000855,EMP000436,Annual Leave,2024-03-20,2024-04-06,17,Approved
LEV000856,EMP000437,Annual Leave,2021-11-14,2021-11-25,11,Approved
LEV000857,EMP000437,Study Leave,2022-10-07,2022-11-05,29,Pending
LEV000858,EMP000437,Study Leave,2020-09-17,2020-10-15,28,Approved
LEV000859,EMP000437,Paternity Leave,2024-02-26,2024-02-29,3,Approved
LEV000860,EMP000439,Compassionate Leave,2023-07-13,2023-07-14,1,Rejected
LEV000861,EMP000441,Sick Leave,2022-05-25,2022-06-10,16,Approved
LEV000862,EMP000441,Maternity Leave,2024-05-05,2024-05-11,6,Pending
LEV000863,EMP000441,Sick Leave,2024-02-21,2024-03-13,21,Approved
LEV000864,EMP000441,Maternity Leave,2024-02-07,2024-02-10,3,Rejected
LEV000865,EMP000442,Paternity Leave,2020-02-28,2020-02-29,1,Approved
LEV000866,EMP000442,Annual Leave,2021-06-03,2021-06-22,19,Approved
LEV000867,EMP000442,Study Leave,2024-07-14,2024-08-09,26,Pending
LEV000868,EMP000442,Annual Leave,2025-07-23,2025-08-07,15,Approved
LEV000869,EMP000443,Study Leave,2025-08-12,2025-09-05,24,Rejected
LEV000870,EMP000444,Paternity Leave,2023-02-11,2023-03-06,23,Rejected
LEV000871,EMP000445,Annual Leave,2025-05-09,2025-05-17,8,Pending
LEV000872,EMP000445,Sick Leave,2021-07-03,2021-07-19,16,Approved
LEV000873,EMP000446,Study Leave,2024-02-21,2024-03-03,11,Approved
LEV000874,EMP000446,Annual Leave,2020-05-30,2020-06-18,19,Approved
LEV000875,EMP000447,Annual Leave,2022-01-25,2022-02-23,29,Approved
LEV000876,EMP000447,Sick Leave,2024-12-03,2024-12-29,26,Approved
LEV000877,EMP000447,Maternity Leave,2023-08-17,2023-09-15,29,Rejected
LEV000878,EMP000447,Paternity Leave,2024-04-06,2024-04-10,4,Approved
LEV000879,EMP000448,Compassionate Leave,2023-03-14,2023-04-13,30,Rejected
LEV000880,EMP000448,Paternity Leave,2024-01-09,2024-02-03,25,Rejected
LEV000881,EMP000448,Sick Leave,2025-03-28,2025-04-12,15,Approved
LEV000882,EMP000448,Maternity Leave,2024-08-27,2024-09-14,18,Approved
LEV000883,EMP000449,Compassionate Leave,2020-05-10,2020-06-02,23,Pending
LEV000884,EMP000449,Annual Leave,2023-01-10,2023-02-09,30,Approved
LEV000885,EMP000449,Annual Leave,2023-12-03,2023-12-28,25,Approved
LEV000886,EMP000450,Maternity Leave,2022-11-23,2022-12-05,12,Approved
LEV000887,EMP000450,Sick Leave,2020-12-21,2021-01-11,21,Approved
LEV000888,EMP000450,Maternity Leave,2022-06-11,2022-07-09,28,Approved
LEV000889,EMP000450,Maternity Leave,2021-05-06,2021-05-23,17,Rejected
LEV000890,EMP000451,Annual Leave,2020-12-26,2021-01-01,6,Rejected
LEV000891,EMP000451,Sick Leave,2021-04-09,2021-04-14,5,Rejected
LEV000892,EMP000451,Maternity Leave,2025-08-20,2025-09-14,25,Pending
LEV000893,EMP000452,Sick Leave,2021-10-29,2021-11-09,11,Approved
LEV000894,EMP000453,Study Leave,2020-09-14,2020-09-18,4,Rejected
LEV000895,EMP000453,Study Leave,2024-03-10,2024-03-25,15,Approved
LEV000896,EMP000453,Compassionate Leave,2023-05-23,2023-05-26,3,Pending
LEV000897,EMP000453,Compassionate Leave,2021-12-25,2022-01-06,12,Rejected
LEV000898,EMP000454,Compassionate Leave,2019-10-18,2019-10-27,9,Pending
LEV000899,EMP000454,Paternity Leave,2022-03-18,2022-03-27,9,Approved
LEV000900,EMP000455,Sick Leave,2024-02-17,2024-03-12,24,Approved
LEV000901,EMP000455,Compassionate Leave,2023-07-27,2023-08-12,16,Approved
LEV000902,EMP000456,Sick Leave,2022-02-22,2022-03-18,24,Approved
LEV000903,EMP000456,Compassionate Leave,2021-06-18,2021-07-14,26,Rejected
LEV000904,EMP000456,Sick Leave,2022-06-05,2022-06-16,11,Pending
LEV000905,EMP000456,Sick Leave,2023-02-21,2023-03-21,-5,Rejected
LEV000906,EMP000457,Sick Leave,2021-09-23,2021-09-24,1,Approved
LEV000907,EMP000457,Maternity Leave,2022-08-24,2022-09-05,12,Rejected
LEV000908,EMP000457,Paternity Leave,2021-12-16,2021-12-19,3,Approved
LEV000909,EMP000457,Sick Leave,2021-03-05,2021-03-15,10,Approved
LEV000910,EMP000458,Study Leave,2020-08-05,2020-08-29,24,Approved
LEV000911,EMP000458,Paternity Leave,2025-04-19,2025-04-22,3,Approved
LEV000912,EMP000459,Paternity Leave,2019-07-26,2019-08-04,9,Approved
LEV000913,EMP000459,Study Leave,2021-01-02,2021-01-08,6,Pending
LEV000914,EMP000459,Study Leave,2019-06-17,2019-06-26,9,Pending
LEV000915,EMP000460,Compassionate Leave,2022-11-02,2022-11-21,19,Approved
LEV000916,EMP000460,Study Leave,2020-01-09,2020-01-16,7,Approved
LEV000917,EMP000460,Sick Leave,2023-01-12,2023-01-19,7,Approved
LEV000918,EMP000461,Annual Leave,2020-10-15,2020-11-13,29,Approved
LEV000919,EMP000461,Maternity Leave,2023-04-05,2023-04-28,23,Approved
LEV000920,EMP000461,Annual Leave,2025-12-14,2025-12-26,12,Approved
LEV000921,EMP000461,Paternity Leave,2021-02-17,2021-03-19,30,Pending
LEV000922,EMP000462,Sick Leave,2021-07-28,2021-08-10,-5,Rejected
LEV000923,EMP000462,Annual Leave,2021-04-20,2021-05-11,21,Approved
LEV000924,EMP000462,Sick Leave,2021-05-26,2021-06-21,26,Approved
LEV000925,EMP000462,Study Leave,2022-09-23,2022-10-06,13,Approved
LEV000926,EMP000463,Sick Leave,2021-07-25,2021-07-27,2,Pending
LEV000927,EMP000463,Paternity Leave,2023-07-27,2023-08-20,24,Approved
LEV000928,EMP000463,Compassionate Leave,2019-05-24,2019-05-30,6,Rejected
LEV000929,EMP000463,Compassionate Leave,2023-11-20,2023-12-15,25,Approved
LEV000930,EMP000465,Paternity Leave,2024-05-06,2024-05-25,19,Pending
LEV000931,EMP000466,Paternity Leave,2021-12-27,2022-01-17,21,Approved
LEV000932,EMP000466,Sick Leave,2020-06-17,2020-07-09,22,Approved
LEV000933,EMP000466,Annual Leave,2023-10-06,2023-10-31,25,Rejected
LEV000934,EMP000466,Study Leave,2025-01-22,2025-01-25,3,Approved
LEV000935,EMP000468,Maternity Leave,2022-10-10,2022-11-07,28,Pending
LEV000936,EMP000468,Sick,2019-12-29,2020-01-03,5,Rejected
LEV000937,EMP000469,Study Leave,2022-02-05,2022-02-06,1,Approved
LEV000938,EMP000469,Maternity Leave,2024-05-19,2024-06-13,25,Rejected
LEV000939,EMP000470,Annual Leave,2022-09-21,2022-10-10,19,Approved
LEV000940,EMP000470,Sick Leave,2025-08-21,2025-08-26,5,Rejected
LEV000941,EMP000472,annual leave,2020-01-08,2020-01-26,18,Pending
LEV000942,EMP000472,Maternity Leave,2023-11-20,2023-12-17,27,Approved
LEV000943,EMP000473,Study Leave,2019-11-08,2019-11-19,11,Approved
LEV000944,EMP000473,Compassionate Leave,2022-02-04,2022-02-06,2,Rejected
LEV000945,EMP000473,Sick Leave,2021-01-20,2021-02-11,22,Approved
LEV000946,EMP000474,Maternity Leave,2021-12-19,2022-01-14,26,Pending
LEV000947,EMP000475,Maternity Leave,2024-07-06,2024-07-12,6,Approved
LEV000948,EMP000475,Study Leave,2025-09-06,2025-09-25,19,Rejected
LEV000949,EMP000475,Study Leave,2019-01-22,2019-02-10,19,Approved
LEV000950,EMP000475,Paternity Leave,2021-03-21,2021-04-15,25,Approved
LEV000951,EMP000476,Maternity Leave,2020-09-02,2020-09-18,16,Approved
LEV000952,EMP000476,Compassionate Leave,2021-06-10,2021-07-09,29,Rejected
LEV000953,EMP000476,Compassionate Leave,2024-07-21,2024-07-30,9,Rejected
LEV000954,EMP000476,Sick Leave,2023-02-03,2023-02-12,9,Rejected
LEV000955,EMP000477,Maternity Leave,2019-07-16,2019-08-09,24,Approved
LEV000956,EMP000477,Sick Leave,2022-07-31,2022-08-26,26,Pending
LEV000957,EMP000477,Sick Leave,2024-08-12,2024-08-19,7,Approved
LEV000958,EMP000478,Paternity Leave,2019-11-01,2019-11-10,9,Pending
LEV000959,EMP000478,Paternity Leave,2024-05-21,2024-06-07,17,Approved
LEV000960,EMP000478,Study Leave,2021-07-04,2021-07-11,7,Approved
LEV000961,EMP000478,Maternity Leave,2022-11-10,2022-12-05,25,Approved
LEV000962,EMP000479,Sick Leave,2021-03-03,2021-04-02,30,Rejected
LEV000963,EMP000479,Compassionate Leave,2024-11-09,2024-12-01,22,Approved
LEV000964,EMP000479,Paternity Leave,2025-03-16,2025-03-27,11,Approved
LEV000965,EMP000480,Compassionate Leave,2021-11-17,2021-12-16,29,Pending
LEV000966,EMP000480,Compassionate Leave,2022-02-20,2022-02-26,6,Approved
LEV000967,EMP000480,Paternity Leave,2024-06-11,2024-07-01,-5,Approved
LEV000968,EMP000480,Paternity Leave,2021-09-22,2021-10-05,13,Rejected
LEV000969,EMP000482,Sick Leave,2020-02-11,2020-02-13,2,Approved
LEV000970,EMP000482,Annual Leave,2024-12-11,2024-12-27,16,Rejected
LEV000971,EMP000482,Maternity Leave,2023-11-07,2023-11-22,15,Approved
LEV000972,EMP000483,Maternity Leave,2022-05-22,2022-06-17,26,Rejected
LEV000973,EMP000483,Maternity Leave,2019-03-31,2019-04-28,28,Approved
LEV000974,EMP000483,Study Leave,2020-01-18,2020-02-14,27,Approved
LEV000975,EMP000483,Compassionate Leave,2022-05-14,2022-05-17,3,Approved
LEV000976,EMP000484,Compassionate Leave,2025-08-20,2025-09-10,21,Approved
LEV000977,EMP000484,Maternity Leave,2020-07-19,2020-08-11,23,Pending
LEV000978,EMP000484,Sick Leave,2020-07-24,2020-08-09,16,Pending
LEV000979,EMP000484,Maternity Leave,2019-07-23,2019-07-30,7,Pending
LEV000980,EMP000485,Paternity Leave,2025-06-22,2025-07-15,23,Approved
LEV000981,EMP000486,Sick Leave,2023-07-10,2023-07-21,11,Rejected
LEV000982,EMP000487,Maternity Leave,2024-12-24,2025-01-03,10,Approved
LEV000983,EMP000487,Paternity Leave,2023-05-16,2023-05-26,10,Approved
LEV000984,EMP000487,Annual Leave,2024-05-02,2024-05-17,15,Approved
LEV000985,EMP000488,Sick Leave,2019-04-05,2019-04-15,10,Approved
LEV000986,EMP000488,Paternity Leave,2025-11-13,2025-11-30,17,Approved
LEV000987,EMP000490,Compassionate Leave,2024-07-20,2024-08-13,24,Approved
LEV000988,EMP000490,Study Leave,2019-01-14,2019-01-25,11,Approved
LEV000989,EMP000490,Compassionate Leave,2020-12-07,2020-12-08,1,Rejected
LEV000990,EMP000493,Compassionate Leave,2023-10-17,2023-11-08,22,Rejected
LEV000991,EMP000494,Sick,2019-06-26,2019-07-14,18,Approved
LEV000992,EMP000494,Sick Leave,2024-12-04,2024-12-29,25,Pending
LEV000993,EMP000494,Annual Leave,2020-04-28,2020-05-10,12,Rejected
LEV000994,EMP000494,Maternity Leave,2023-04-03,2023-04-16,13,Approved
LEV000995,EMP000495,Annual Leave,2023-11-18,2023-11-22,4,Pending
LEV000996,EMP000495,Sick Leave,2021-09-29,2021-10-03,4,Approved
LEV000997,EMP000495,Maternity Leave,2021-12-28,2022-01-04,7,Approved
LEV000998,EMP000496,Study Leave,2019-08-23,2019-09-03,11,Approved
LEV000999,EMP000496,Study Leave,2019-01-07,2019-01-20,13,Rejected
LEV001000,EMP000497,Compassionate Leave,2020-08-26,2020-09-15,20,Rejected
LEV001001,EMP000497,Sick Leave,2023-09-18,2023-09-20,2,Approved
LEV001002,EMP000498,Compassionate Leave,2019-12-27,2020-01-25,29,Approved
LEV001003,EMP000499,Compassionate Leave,2019-11-19,2019-11-26,7,Approved
LEV001004,EMP000499,Compassionate Leave,2021-02-14,2021-03-12,26,Approved
LEV001005,EMP000499,Sick Leave,2025-09-03,2025-10-03,30,Rejected
LEV001006,EMP000500,Compassionate Leave,2022-12-04,2022-12-08,4,Approved
LEV001007,EMP000500,Maternity Leave,2025-06-05,2025-06-26,21,Approved
LEV001008,EMP000501,Compassionate Leave,2022-12-15,2023-01-11,27,Approved
LEV001009,EMP000502,Annual Leave,2022-01-18,2022-01-22,4,Rejected
LEV001010,EMP000502,Compassionate Leave,2020-05-08,2020-05-31,23,Rejected
LEV001011,EMP000502,Annual Leave,2020-01-02,2020-01-09,7,Approved
LEV001012,EMP000503,Annual Leave,2022-10-08,2022-10-30,22,Pending
LEV001013,EMP000503,Compassionate Leave,2020-11-17,2020-12-06,19,Approved
LEV001014,EMP000505,Sick Leave,2020-09-10,2020-10-05,25,Approved
LEV001015,EMP000505,Compassionate Leave,2019-05-09,2019-05-25,16,Approved
LEV001016,EMP000505,Maternity Leave,2023-09-02,2023-09-16,14,Approved
LEV001017,EMP000506,Compassionate Leave,2020-12-30,2021-01-14,15,Approved
LEV001018,EMP000506,Study Leave,2024-06-16,2024-06-28,12,Pending
LEV001019,EMP000506,Paternity Leave,2024-02-14,2024-03-09,24,Approved
LEV001020,EMP000508,Sick Leave,2022-10-09,2022-10-19,10,Approved
LEV001021,EMP000508,Compassionate Leave,2019-02-25,2019-03-03,6,Rejected
LEV001022,EMP000508,annual leave,2021-02-26,2021-03-19,21,Approved
LEV001023,EMP000508,,2020-12-15,2020-12-24,9,Pending
LEV001024,EMP000510,Annual Leave,2025-03-08,2025-04-01,24,Pending
LEV001025,EMP000510,Annual Leave,2023-12-16,2024-01-06,21,Approved
LEV001026,EMP000514,Sick Leave,2021-08-13,2021-08-30,17,Approved
LEV001027,EMP000515,Sick Leave,2020-09-02,2020-09-26,24,Rejected
LEV001028,EMP000515,Compassionate Leave,2020-10-13,2020-11-10,28,Rejected
LEV001029,EMP000515,Compassionate Leave,2021-02-26,2021-03-24,26,Approved
LEV001030,EMP000516,Annual Leave,2020-01-05,2020-01-08,3,Rejected
LEV001031,EMP000518,Compassionate Leave,2022-04-06,2022-05-06,30,Approved
LEV001032,EMP000518,Maternity Leave,2019-03-17,2019-04-02,16,Approved
LEV001033,EMP000518,,2020-09-22,2020-10-06,14,Rejected
LEV001034,EMP000519,Study Leave,2020-01-15,2020-02-08,24,Rejected
LEV001035,EMP000519,Study Leave,2025-07-29,2025-08-24,26,Approved
LEV001036,EMP000519,,2019-10-24,2019-11-04,11,Rejected
LEV001037,EMP000520,Maternity Leave,2019-12-08,2019-12-15,7,Rejected
LEV001038,EMP000520,Annual Leave,2020-12-30,2021-01-05,6,Rejected
LEV001039,EMP000520,Sick Leave,2020-01-07,2020-02-01,25,Approved
LEV001040,EMP000520,Study Leave,2024-07-09,2024-07-27,18,Approved
LEV001041,EMP000521,Annual Leave,2019-09-30,2019-10-24,24,Pending
LEV001042,EMP000521,Paternity Leave,2024-06-07,2024-06-21,14,Rejected
LEV001043,EMP000521,Study Leave,2024-09-13,2024-10-07,24,Approved
LEV001044,EMP000521,Sick Leave,2019-06-29,2019-07-20,21,Approved
LEV001045,EMP000522,Study Leave,2021-12-17,2021-12-31,14,Approved
LEV001046,EMP000522,Annual Leave,2021-01-23,2021-02-16,24,Rejected
LEV001047,EMP000522,Sick Leave,2020-10-12,2020-10-13,1,Approved
LEV001048,EMP000523,Annual Leave,2021-10-08,2021-11-06,29,Rejected
LEV001049,EMP000525,Maternity Leave,2022-01-28,2022-02-17,20,Approved
LEV001050,EMP000525,Paternity Leave,2022-08-09,2022-08-22,13,Pending
LEV001051,EMP000525,Sick Leave,2024-08-03,2024-08-15,12,Approved
LEV001052,EMP000526,Paternity Leave,2021-04-10,2021-05-08,28,Approved
LEV001053,EMP000526,Paternity Leave,2024-04-20,2024-05-19,29,Approved
LEV001054,EMP000526,Paternity Leave,2025-06-17,2025-07-06,19,Rejected
LEV001055,EMP000527,Sick Leave,2024-10-24,2024-11-20,27,Rejected
LEV001056,EMP000527,Paternity Leave,2020-03-28,2020-04-23,26,Approved
LEV001057,EMP000527,Maternity Leave,2020-08-05,2020-08-30,25,Rejected
LEV001058,EMP000528,Study Leave,2025-05-25,2025-05-31,6,Approved
LEV001059,EMP000528,Study Leave,2025-09-18,2025-10-11,23,Pending
LEV001060,EMP000528,Study Leave,2022-03-21,2022-04-20,30,Approved
LEV001061,EMP000528,Maternity Leave,2024-08-03,2024-08-12,9,Pending
LEV001062,EMP000530,Sick Leave,2019-06-17,2019-07-15,28,Rejected
LEV001063,EMP000531,Annual Leave,2020-10-15,2020-11-05,21,Approved
LEV001064,EMP000534,Annual Leave,2021-05-13,2021-06-12,30,Approved
LEV001065,EMP000534,Paternity Leave,2020-09-29,2020-10-16,17,Approved
LEV001066,EMP000535,Annual Leave,2022-05-16,2022-05-26,10,Approved
LEV001067,EMP000535,Sick Leave,2019-02-06,2019-03-06,28,Approved
LEV001068,EMP000535,Annual Leave,2020-08-14,2020-09-11,28,Rejected
LEV001069,EMP000536,Paternity Leave,2024-03-20,2024-03-29,9,Approved
LEV001070,EMP000536,Study Leave,2023-11-10,2023-12-10,30,Approved
LEV001071,EMP000536,Paternity Leave,2024-07-27,2024-08-03,7,Approved
LEV001072,EMP000537,Sick Leave,2024-06-14,2024-07-05,21,Approved
LEV001073,EMP000537,Annual Leave,2022-04-02,2022-04-08,6,Approved
LEV001074,EMP000537,Maternity Leave,2025-06-05,2025-06-10,5,Approved
LEV001075,EMP000537,Annual Leave,2024-03-14,2024-04-06,23,Approved
LEV001076,EMP000539,Paternity Leave,2019-03-09,2019-03-10,1,Approved
LEV001077,EMP000539,Study Leave,2022-12-31,2023-01-23,23,Approved
LEV001078,EMP000539,Annual Leave,2020-04-11,2020-04-26,15,Approved
LEV001079,EMP000539,Compassionate Leave,2025-08-11,2025-09-02,22,Approved
LEV001080,EMP000540,Annual Leave,2022-07-02,2022-07-08,6,Approved
LEV001081,EMP000541,Compassionate Leave,2021-02-01,2021-02-27,26,Approved
LEV001082,EMP000541,Maternity Leave,2020-07-28,2020-07-31,3,Approved
LEV001083,EMP000541,Study Leave,2023-09-13,2023-10-06,23,Approved
LEV001084,EMP000542,Study Leave,2020-06-01,2020-06-17,16,Approved
LEV001085,EMP000545,Sick Leave,2022-10-04,2022-11-03,30,Pending
LEV001086,EMP000545,Annual Leave,2019-11-07,2019-11-20,13,Approved
LEV001087,EMP000546,Maternity Leave,2024-06-11,2024-06-12,1,Approved
LEV001088,EMP000546,Maternity Leave,2024-01-20,2024-01-30,10,Pending
LEV001089,EMP000546,Study Leave,2023-09-04,2023-09-06,2,Approved
LEV001090,EMP000546,Sick Leave,2019-11-30,2019-12-11,11,Rejected
LEV001091,EMP000547,Study Leave,2022-02-25,2022-03-07,10,Approved
LEV001092,EMP000547,Paternity Leave,2022-01-04,2022-01-11,7,Rejected
LEV001093,EMP000547,Annual Leave,2019-10-05,2019-10-11,6,Approved
LEV001094,EMP000548,Compassionate Leave,2019-03-11,2019-04-01,21,Approved
LEV001095,EMP000548,Annual Leave,2025-02-15,2025-03-13,26,Approved
LEV001096,EMP000548,,2019-02-15,2019-02-22,7,Approved
LEV001097,EMP000548,Maternity Leave,2023-03-15,2023-03-17,2,Approved
LEV001098,EMP000549,Compassionate Leave,2022-05-20,2022-06-05,16,Rejected
LEV001099,EMP000549,Study Leave,2022-12-17,2023-01-05,19,Pending
LEV001100,EMP000549,,2023-07-01,2023-07-21,20,Rejected
LEV001101,EMP000550,Compassionate Leave,2023-08-07,2023-08-30,23,Rejected
LEV001102,EMP000550,Annual Leave,2023-02-14,2023-03-09,23,Approved
LEV001103,EMP000550,Study Leave,2024-10-21,2024-11-10,20,Rejected
LEV001104,EMP000550,Vacation,2019-10-03,2019-10-12,9,Rejected
LEV001105,EMP000552,Annual Leave,2024-11-22,2024-11-28,6,Approved
LEV001106,EMP000552,Compassionate Leave,2021-06-05,2021-06-10,5,Rejected
LEV001107,EMP000552,Compassionate Leave,2021-04-21,2021-05-03,12,Approved
LEV001108,EMP000553,Annual Leave,2023-12-02,2023-12-31,29,Rejected
LEV001109,EMP000553,Paternity Leave,2023-12-29,2024-01-18,20,Approved
LEV001110,EMP000553,Maternity Leave,2019-10-03,2019-10-15,12,Approved
LEV001111,EMP000555,Study Leave,2025-06-26,2025-07-02,6,Approved
LEV001112,EMP000555,Annual Leave,2021-03-23,2021-04-07,15,Approved
LEV001113,EMP000555,Maternity Leave,2024-06-16,2024-07-01,15,Approved
LEV001114,EMP000556,Maternity Leave,2021-10-23,2021-10-31,8,Approved
LEV001115,EMP000556,Annual Leave,2020-08-13,2020-08-27,14,Approved
LEV001116,EMP000556,Study Leave,2020-04-03,2020-04-17,14,Rejected
LEV001117,EMP000557,Annual Leave,2023-05-25,2023-04-28,27,Rejected
LEV001118,EMP000557,Maternity Leave,2019-08-29,2019-09-16,18,Approved
LEV001119,EMP000557,Maternity Leave,2019-09-21,2019-10-06,15,Rejected
LEV001120,EMP000557,Maternity Leave,2019-04-12,2019-04-14,2,Rejected
LEV001121,EMP000558,Annual Leave,2024-11-09,2024-11-29,20,Rejected
LEV001122,EMP000558,Maternity Leave,2022-07-28,2022-08-26,29,Approved
LEV001123,EMP000558,Study Leave,2020-06-08,2020-07-07,29,Approved
LEV001124,EMP000559,Study Leave,2020-06-11,2020-07-01,20,Approved
LEV001125,EMP000559,Paternity Leave,2023-04-19,2023-04-30,11,Approved
LEV001126,EMP000560,Sick Leave,2020-08-20,2020-09-15,26,Approved
LEV001127,EMP000560,Maternity Leave,2024-12-19,2025-01-09,21,Rejected
LEV001128,EMP000560,,2023-09-14,2023-09-26,12,Pending
LEV001129,EMP000563,Paternity Leave,2023-09-18,2023-09-29,11,Approved
LEV001130,EMP000564,annual leave,2022-03-09,2022-03-16,7,Pending
LEV001131,EMP000564,Compassionate Leave,2019-07-30,2019-08-13,14,Approved
LEV001132,EMP000564,Paternity Leave,2022-07-30,2022-08-23,24,Approved
LEV001133,EMP000566,Compassionate Leave,2020-08-04,2020-09-03,30,Rejected
LEV001134,EMP000566,Sick Leave,2022-05-31,2022-06-14,14,Approved
LEV001135,EMP000566,Compassionate Leave,2020-04-09,2020-05-08,29,Approved
LEV001136,EMP000567,Study Leave,2022-12-12,2023-01-01,20,Approved
LEV001137,EMP000567,,2019-05-27,2019-06-26,30,Approved
LEV001138,EMP000569,Sick Leave,2022-03-09,2022-04-07,29,Approved
LEV001139,EMP000569,Maternity Leave,2022-12-13,2022-12-23,10,Pending
LEV001140,EMP000570,Sick Leave,2019-12-10,2019-12-25,15,Approved
LEV001141,EMP000570,Annual Leave,2022-04-23,2022-05-21,28,Pending
LEV001142,EMP000570,Maternity Leave,2025-05-25,2025-06-14,20,Approved
LEV001143,EMP000571,Compassionate Leave,2024-03-30,2024-04-14,15,Approved
LEV001144,EMP000572,Sick Leave,2023-03-15,2023-03-23,8,Pending
LEV001145,EMP000573,Maternity Leave,2025-10-15,2025-11-04,20,Approved
LEV001146,EMP000573,Annual Leave,2021-08-11,2021-09-01,21,Pending
LEV001147,EMP000575,Annual Leave,2021-10-16,2021-10-24,8,Pending
LEV001148,EMP000576,Paternity Leave,2024-07-01,2024-07-25,24,Pending
LEV001149,EMP000577,Study Leave,2025-09-15,2025-10-11,26,Pending
LEV001150,EMP000577,Study Leave,2020-10-16,2020-11-06,21,Approved
LEV001151,EMP000578,Maternity Leave,2021-07-06,2021-08-01,26,Approved
LEV001152,EMP000578,Maternity Leave,2022-12-26,2022-12-28,2,Rejected
LEV001153,EMP000578,Study Leave,2019-08-14,2019-08-24,10,Approved
LEV001154,EMP000579,Compassionate Leave,2023-09-04,2023-09-10,6,Pending
LEV001155,EMP000579,Compassionate Leave,2022-12-16,2023-01-11,26,Approved
LEV001156,EMP000579,Sick Leave,2025-01-30,2025-02-06,7,Approved
LEV001157,EMP000580,Annual Leave,2022-06-12,2022-06-26,14,Approved
LEV001158,EMP000581,Annual Leave,2024-02-11,2024-02-21,10,Approved
LEV001159,EMP000581,Study Leave,2019-05-09,2019-05-31,22,Rejected
LEV001160,EMP000581,Sick Leave,2024-08-21,2024-08-27,6,Approved
LEV001161,EMP000581,Annual Leave,2022-11-19,2022-12-09,20,Approved
LEV001162,EMP000582,Maternity Leave,2022-12-18,2022-12-27,9,Approved
LEV001163,EMP000582,Maternity Leave,2025-10-14,2025-11-10,27,Rejected
LEV001164,EMP000582,Annual Leave,2019-12-16,2019-12-17,1,Pending
LEV001165,EMP000582,Maternity Leave,2024-11-11,2024-11-19,8,Rejected
LEV001166,EMP000583,Maternity Leave,2020-12-07,2020-12-20,13,Approved
LEV001167,EMP000583,Annual Leave,2021-02-07,2021-02-20,13,Pending
LEV001168,EMP000583,Annual Leave,2024-04-06,2024-04-29,23,Rejected
LEV001169,EMP000584,Compassionate Leave,2021-08-25,2021-09-15,21,Approved
LEV001170,EMP000585,Maternity Leave,2020-08-29,2020-09-14,16,Approved
LEV001171,EMP000585,Study Leave,2019-10-14,2019-10-27,13,Approved
LEV001172,EMP000585,Maternity Leave,2022-01-11,2022-02-09,29,Approved
LEV001173,EMP000585,Annual Leave,2020-02-02,2020-02-27,25,Rejected
LEV001174,EMP000587,Study Leave,2019-04-29,2019-05-18,19,Pending
LEV001175,EMP000588,Sick Leave,2025-03-11,2025-03-29,18,Approved
LEV001176,EMP000588,Paternity Leave,2024-04-06,2024-04-13,7,Pending
LEV001177,EMP000588,Paternity Leave,2023-05-01,2023-05-03,2,Pending
LEV001178,EMP000589,Study Leave,2025-04-12,2025-03-21,22,Pending
LEV001179,EMP000590,Annual Leave,2021-10-05,2021-10-24,19,Approved
LEV001180,EMP000591,Sick,2024-05-02,2024-05-19,17,Approved
LEV001181,EMP000591,Study Leave,2024-09-28,2024-10-10,12,Pending
LEV001182,EMP000592,Compassionate Leave,2023-05-28,2023-06-23,26,Approved
LEV001183,EMP000593,Study Leave,2020-12-03,2021-01-01,29,Rejected
LEV001184,EMP000593,Study Leave,2019-09-11,2019-09-16,5,Approved
LEV001185,EMP000593,Annual Leave,2021-03-04,2021-03-12,8,Approved
LEV001186,EMP000593,Annual Leave,2020-11-17,2020-11-28,11,Rejected
LEV001187,EMP000594,Annual Leave,2019-07-01,2019-07-28,27,Approved
LEV001188,EMP000594,Paternity Leave,2022-06-04,2022-06-12,8,Pending
LEV001189,EMP000595,Maternity Leave,2020-11-27,2020-12-07,10,Approved
LEV001190,EMP000595,Maternity Leave,2024-01-01,2024-01-25,24,Approved
LEV001191,EMP000596,Sick Leave,2020-04-14,2020-05-10,26,Pending
LEV001192,EMP000596,Sick Leave,2022-09-03,2022-09-23,20,Approved
LEV001193,EMP000598,Paternity Leave,2022-03-27,2022-04-03,7,Approved
LEV001194,EMP000598,Sick Leave,2022-03-13,2022-03-22,9,Rejected
LEV001195,EMP000598,Sick Leave,2024-04-15,2024-04-27,12,Approved
LEV001196,EMP000598,Maternity Leave,2019-10-17,2019-10-28,11,Approved
LEV001197,EMP000599,Study Leave,2023-01-07,2023-01-27,20,Approved
LEV001198,EMP000599,Study Leave,2025-10-26,2025-11-19,24,Approved
LEV001199,EMP000600,Study Leave,2020-02-04,2020-03-01,26,Rejected
LEV001200,EMP000600,Annual Leave,2019-05-25,2019-06-11,17,Rejected
LEV001201,EMP000600,Annual Leave,2025-08-13,2025-08-28,15,Approved
LEV001202,EMP000601,Study Leave,2024-01-16,2024-02-11,26,Rejected
LEV001203,EMP000601,Sick Leave,2021-11-04,2021-11-14,10,Pending
LEV001204,EMP000602,Study Leave,2019-08-16,2019-08-17,1,Approved
LEV001205,EMP000603,Study Leave,2019-07-05,2019-07-21,16,Rejected
LEV001206,EMP000603,Compassionate Leave,2019-06-28,2019-06-29,1,Approved
LEV001207,EMP000603,Annual Leave,2022-03-22,2022-03-24,2,Rejected
LEV001208,EMP000604,Paternity Leave,2020-11-01,2020-11-16,15,Approved
LEV001209,EMP000604,Annual Leave,2020-12-04,2020-12-24,20,Approved
LEV001210,EMP000604,Maternity Leave,2021-08-02,2021-08-13,11,Pending
LEV001211,EMP000605,Sick Leave,2025-02-01,2025-02-24,23,Approved
LEV001212,EMP000606,Paternity Leave,2024-11-13,2024-11-28,15,Approved
LEV001213,EMP000606,Study Leave,2023-06-04,2023-06-17,13,Approved
LEV001214,EMP000607,Sick Leave,2022-05-23,2022-06-02,10,Rejected
LEV001215,EMP000608,Maternity Leave,2021-01-13,2021-02-02,20,Pending
LEV001216,EMP000608,Study Leave,2024-02-14,2024-02-29,15,Approved
LEV001217,EMP000608,Compassionate Leave,2019-06-17,2019-07-17,30,Rejected
LEV001218,EMP000608,Compassionate Leave,2022-04-06,2022-04-15,9,Pending
LEV001219,EMP000611,Sick Leave,2025-09-04,2025-09-22,18,Rejected
LEV001220,EMP000612,Study Leave,2019-04-12,2019-04-15,3,Approved
LEV001221,EMP000612,Maternity Leave,2020-12-17,2020-12-25,8,Pending
LEV001222,EMP000612,Compassionate Leave,2023-06-26,2023-06-28,2,Rejected
LEV001223,EMP000612,Annual Leave,2023-01-30,2023-02-04,5,Approved
LEV001224,EMP000613,Annual Leave,2020-07-12,2020-07-24,12,Rejected
LEV001225,EMP000613,Sick Leave,2023-07-12,2023-08-02,21,Approved
LEV001226,EMP000613,Maternity Leave,2023-03-31,2023-04-14,14,Approved
LEV001227,EMP000613,Paternity Leave,2021-05-17,2021-05-19,2,Rejected
LEV001228,EMP000614,Paternity Leave,2025-04-09,2025-05-06,27,Approved
LEV001229,EMP000614,Sick Leave,2019-06-05,2019-07-05,30,Pending
LEV001230,EMP000614,Paternity Leave,2020-10-19,2020-11-14,26,Rejected
LEV001231,EMP000615,Compassionate Leave,2020-01-12,2020-02-08,27,Rejected
LEV001232,EMP000616,Paternity Leave,2024-07-13,2024-08-04,22,Rejected
LEV001233,EMP000617,Study Leave,2025-06-01,2025-06-07,6,Approved
LEV001234,EMP000617,Maternity Leave,2021-01-21,2021-02-18,28,Approved
LEV001235,EMP000618,Sick Leave,2023-10-12,2023-10-19,7,Approved
LEV001236,EMP000619,Study Leave,2025-07-20,2025-08-12,23,Approved
LEV001237,EMP000620,Compassionate Leave,2024-06-14,2024-06-20,6,Pending
LEV001238,EMP000620,Compassionate Leave,2023-11-30,2023-12-21,21,Pending
LEV001239,EMP000620,Annual Leave,2022-10-07,2022-10-25,18,Rejected
LEV001240,EMP000621,Maternity Leave,2024-07-03,2024-07-24,21,Rejected
LEV001241,EMP000621,Paternity Leave,2021-12-18,2021-12-24,6,Approved
LEV001242,EMP000621,Paternity Leave,2019-05-04,2019-05-12,8,Approved
LEV001243,EMP000621,Study Leave,2024-10-08,2024-10-16,8,Approved
LEV001244,EMP000622,Compassionate Leave,2022-11-07,2022-11-30,23,Approved
LEV001245,EMP000622,Study Leave,2023-01-23,2023-02-20,28,Approved
LEV001246,EMP000622,Sick Leave,2019-04-12,2019-04-19,7,Approved
LEV001247,EMP000622,Compassionate Leave,2019-12-31,2020-01-06,6,Approved
LEV001248,EMP000624,Maternity Leave,2022-08-26,2022-09-14,19,Approved
LEV001249,EMP000624,Paternity Leave,2019-03-02,2019-03-27,25,Approved
LEV001250,EMP000624,Sick Leave,2021-01-04,2021-01-09,-5,Approved
LEV001251,EMP000625,Annual Leave,2023-02-17,2023-02-21,4,Pending
LEV001252,EMP000625,Annual Leave,2025-11-02,2025-12-02,30,Rejected
LEV001253,EMP000625,Annual Leave,2020-04-06,2020-03-17,20,Approved
LEV001254,EMP000626,Annual Leave,2019-04-18,2019-04-22,4,Pending
LEV001255,EMP000626,Paternity Leave,2021-11-28,2021-12-14,16,Pending
LEV001256,EMP000626,Compassionate Leave,2021-03-29,2021-04-23,25,Pending
LEV001257,EMP000626,Sick Leave,2021-01-09,2021-02-05,27,Pending
LEV001258,EMP000627,Maternity Leave,2023-05-11,2023-05-13,2,Rejected
LEV001259,EMP000627,Sick Leave,2025-01-11,2025-02-03,23,Approved
LEV001260,EMP000627,Sick Leave,2019-12-26,2019-12-30,4,Approved
LEV001261,EMP000628,Paternity Leave,2024-12-02,2024-12-10,8,Approved
LEV001262,EMP000628,Maternity Leave,2019-05-16,2019-06-15,30,Approved
LEV001263,EMP000631,Study Leave,2025-09-05,2025-10-01,26,Pending
LEV001264,EMP000631,Annual Leave,2020-04-22,2020-04-29,7,Rejected
LEV001265,EMP000633,,2019-04-02,2019-04-30,28,Approved
LEV001266,EMP000633,Sick Leave,2021-08-18,2021-09-09,22,Pending
LEV001267,EMP000634,Compassionate Leave,2021-03-08,2021-03-15,7,Approved
LEV001268,EMP000635,Compassionate Leave,2019-09-28,2019-09-30,2,Rejected
LEV001269,EMP000635,Compassionate Leave,2023-08-07,2023-08-21,14,Approved
LEV001270,EMP000637,Maternity Leave,2021-08-12,2021-08-23,11,Approved
LEV001271,EMP000637,Annual Leave,2019-08-28,2019-09-11,14,Rejected
LEV001272,EMP000638,Paternity Leave,2019-05-03,2019-05-26,23,Approved
LEV001273,EMP000638,Compassionate Leave,2020-07-21,2020-07-25,4,Pending
LEV001274,EMP000639,Annual Leave,2024-10-24,2024-10-28,4,Pending
LEV001275,EMP000639,Paternity Leave,2021-01-24,2021-02-08,15,Approved
LEV001276,EMP000639,Maternity Leave,2019-11-08,2019-12-03,25,Approved
LEV001277,EMP000643,Paternity Leave,2024-09-09,2024-09-22,13,Approved
LEV001278,EMP000643,Annual Leave,2024-03-07,2024-03-26,19,Approved
LEV001279,EMP000644,Study Leave,2024-03-31,2024-04-06,6,Approved
LEV001280,EMP000644,Annual Leave,2023-03-31,2023-03-12,19,Pending
LEV001281,EMP000645,Annual Leave,2024-12-22,2025-01-01,10,Rejected
LEV001282,EMP000645,Paternity Leave,2025-04-16,2025-05-16,30,Approved
LEV001283,EMP000646,Sick Leave,2023-12-13,2024-01-02,20,Approved
LEV001284,EMP000646,Compassionate Leave,2021-02-15,2021-03-10,23,Approved
LEV001285,EMP000647,Sick Leave,2020-11-05,2020-12-04,29,Rejected
LEV001286,EMP000648,Study Leave,2023-02-06,2023-02-21,15,Approved
LEV001287,EMP000648,Annual Leave,2020-11-06,2020-11-25,19,Approved
LEV001288,EMP000650,Sick,2022-05-27,2022-06-17,21,Pending
LEV001289,EMP000650,Maternity Leave,2025-03-25,2025-04-08,14,Approved
LEV001290,EMP000650,Sick Leave,2024-07-18,2024-08-16,29,Rejected
LEV001291,EMP000651,Compassionate Leave,2024-03-08,2024-04-02,25,Approved
LEV001292,EMP000652,Paternity Leave,2023-04-28,2023-05-22,24,Approved
LEV001293,EMP000652,Study Leave,2023-05-29,2023-06-10,12,Approved
LEV001294,EMP000653,Study Leave,2025-05-22,2025-05-23,1,Approved
LEV001295,EMP000653,Sick Leave,2025-11-10,2025-12-02,22,Approved
LEV001296,EMP000653,Annual Leave,2021-03-16,2021-04-03,18,Approved
LEV001297,EMP000654,Annual Leave,2021-08-17,2021-09-15,29,Pending
LEV001298,EMP000654,Annual Leave,2019-02-10,2019-03-03,21,Approved
LEV001299,EMP000655,Sick Leave,2022-06-08,2022-06-10,2,Approved
LEV001300,EMP000656,Paternity Leave,2025-08-21,2025-09-03,13,Approved
LEV001301,EMP000657,Study Leave,2024-03-28,2024-04-10,13,Approved
LEV001302,EMP000659,Paternity Leave,2020-11-11,2020-11-19,8,Approved
LEV001303,EMP000659,Annual Leave,2019-02-23,2019-03-11,16,Approved
LEV001304,EMP000660,Annual Leave,2022-10-27,2022-11-23,-5,Approved
LEV001305,EMP000660,Annual Leave,2022-07-06,2022-07-29,23,Approved
LEV001306,EMP000661,Maternity Leave,2019-06-17,2019-07-06,19,Approved
LEV001307,EMP000661,Annual Leave,2019-01-05,2019-01-08,3,Pending
LEV001308,EMP000663,Sick Leave,2021-06-21,2021-07-01,10,Rejected
LEV001309,EMP000664,Study Leave,2023-06-20,2023-06-23,3,Rejected
LEV001310,EMP000665,Compassionate Leave,2019-12-27,2020-01-19,23,Rejected
LEV001311,EMP000666,Study Leave,2024-05-30,2024-06-14,15,Pending
LEV001312,EMP000666,Paternity Leave,2021-10-08,2021-11-02,25,Rejected
LEV001313,EMP000666,Maternity Leave,2022-10-16,2022-10-31,15,Approved
LEV001314,EMP000666,Annual Leave,2020-07-05,2020-07-18,13,Approved
LEV001315,EMP000667,Paternity Leave,2019-10-11,2019-11-07,27,Approved
LEV001316,EMP000668,Compassionate Leave,2024-08-22,2024-09-06,15,Pending
LEV001317,EMP000669,Paternity Leave,2024-07-21,2024-08-10,20,Rejected
LEV001318,EMP000670,Paternity Leave,2021-06-17,2021-07-09,22,Approved
LEV001319,EMP000670,Study Leave,2024-02-22,2024-02-23,1,Approved
LEV001320,EMP000671,Study Leave,2022-03-08,2022-03-19,11,Approved
LEV001321,EMP000671,Annual Leave,2025-10-16,2025-10-25,9,Approved
LEV001322,EMP000671,Annual Leave,2020-11-22,2020-11-29,7,Approved
LEV001323,EMP000671,Maternity Leave,2023-09-05,2023-09-13,8,Approved
LEV001324,EMP000672,Compassionate Leave,2021-06-29,2021-07-01,2,Pending
LEV001325,EMP000672,Maternity Leave,2025-09-07,2025-10-01,24,Approved
LEV001326,EMP000672,Sick,2024-08-26,2024-08-07,19,Approved
LEV001327,EMP000673,Sick Leave,2025-05-27,2025-06-16,20,Pending
LEV001328,EMP000673,Study Leave,2020-05-03,2020-05-24,21,Approved
LEV001329,EMP000673,Paternity Leave,2025-07-21,2025-07-22,1,Approved
LEV001330,EMP000673,Study Leave,2020-09-13,2020-09-23,-5,Approved
LEV001331,EMP000674,Compassionate Leave,2024-06-12,2024-07-04,22,Approved
LEV001332,EMP000676,Paternity Leave,2023-03-19,2023-04-09,21,Approved
LEV001333,EMP000676,Paternity Leave,2025-02-25,2025-03-11,14,Pending
LEV001334,EMP000677,Sick Leave,2025-12-17,2025-12-23,6,Pending
LEV001335,EMP000677,Annual Leave,2022-06-17,2022-07-04,17,Pending
LEV001336,EMP000677,Compassionate Leave,2019-05-30,2019-06-16,17,Approved
LEV001337,EMP000679,Paternity Leave,2024-05-18,2024-05-23,5,Approved
LEV001338,EMP000680,Paternity Leave,2019-04-10,2019-04-18,8,Pending
LEV001339,EMP000680,Compassionate Leave,2023-03-24,2023-04-12,19,Pending
LEV001340,EMP000680,Maternity Leave,2025-10-02,2025-10-30,28,Rejected
LEV001341,EMP000681,Maternity Leave,2023-08-12,2023-09-01,20,Approved
LEV001342,EMP000681,Sick Leave,2023-08-05,2023-08-23,18,Rejected
LEV001343,EMP000681,Compassionate Leave,2022-02-19,2022-03-10,19,Approved
LEV001344,EMP000681,Sick Leave,2022-10-10,2022-10-31,21,Rejected
LEV001345,EMP000682,Maternity Leave,2019-07-05,2019-08-03,29,Approved
LEV001346,EMP000682,Paternity Leave,2020-06-29,2020-07-06,7,Approved
LEV001347,EMP000682,Compassionate Leave,2024-09-19,2024-09-23,4,Approved
LEV001348,EMP000683,Sick Leave,2022-10-15,2022-11-11,27,Rejected
LEV001349,EMP000684,Annual Leave,2021-02-17,2021-03-19,30,Approved
LEV001350,EMP000684,Compassionate Leave,2023-05-06,2023-05-30,24,Approved
LEV001351,EMP000684,Annual Leave,2019-03-09,2019-04-05,27,Approved
LEV001352,EMP000685,Sick Leave,2022-11-23,2022-12-08,15,Approved
LEV001353,EMP000685,Maternity Leave,2019-08-09,2019-09-02,24,Approved
LEV001354,EMP000686,Maternity Leave,2020-02-18,2020-02-29,11,Rejected
LEV001355,EMP000686,Compassionate Leave,2019-06-28,2019-07-18,20,Approved
LEV001356,EMP000686,Study Leave,2021-06-26,2021-07-04,8,Approved
LEV001357,EMP000687,Study Leave,2024-06-03,2024-06-04,1,Pending
LEV001358,EMP000687,Annual Leave,2023-09-25,2023-10-16,21,Approved
LEV001359,EMP000688,Maternity Leave,2022-03-18,2022-04-04,17,Pending
LEV001360,EMP000689,Study Leave,2024-04-20,2024-05-18,28,Rejected
LEV001361,EMP000689,Compassionate Leave,2025-11-10,2025-11-16,6,Approved
LEV001362,EMP000690,Compassionate Leave,2022-11-28,2022-12-17,19,Rejected
LEV001363,EMP000691,Sick Leave,2023-07-03,2023-07-15,12,Approved
LEV001364,EMP000691,Study Leave,2025-10-10,2025-10-21,11,Approved
LEV001365,EMP000692,Sick Leave,2025-01-02,2025-01-19,17,Pending
LEV001366,EMP000693,Compassionate Leave,2025-11-09,2025-11-30,21,Rejected
LEV001367,EMP000693,Sick Leave,2025-12-31,2026-01-18,18,Pending
LEV001368,EMP000693,Maternity Leave,2021-12-03,2021-12-10,7,Approved
LEV001369,EMP000693,Paternity Leave,2019-12-14,2019-12-31,17,Approved
LEV001370,EMP000694,Maternity Leave,2022-06-29,2022-07-05,6,Pending
LEV001371,EMP000694,Study Leave,2024-11-14,2024-12-09,25,Pending
LEV001372,EMP000694,Maternity Leave,2023-11-18,2023-11-30,12,Approved
LEV001373,EMP000695,Maternity Leave,2019-08-03,2019-08-12,9,Approved
LEV001374,EMP000695,Compassionate Leave,2019-05-06,2019-06-03,28,Approved
LEV001375,EMP000695,Annual Leave,2022-05-31,2022-06-08,8,Approved
LEV001376,EMP000696,Maternity Leave,2023-11-24,2023-12-17,23,Pending
LEV001377,EMP000697,Study Leave,2020-04-02,2020-05-02,30,Rejected
LEV001378,EMP000699,Study Leave,2025-08-30,2025-09-19,20,Rejected
LEV001379,EMP000700,Annual Leave,2023-03-29,2023-04-26,28,Approved
LEV001380,EMP000700,Annual Leave,2025-09-20,2025-10-12,22,Approved
LEV001381,EMP000700,Study Leave,2024-01-14,2024-01-26,12,Pending
LEV001382,EMP000700,Compassionate Leave,2022-04-20,2022-04-22,2,Approved
LEV001383,EMP000701,Paternity Leave,2024-01-10,2024-01-29,19,Rejected
LEV001384,EMP000702,Compassionate Leave,2019-02-04,2019-02-26,22,Pending
LEV001385,EMP000702,Study Leave,2019-12-24,2020-01-22,29,Approved
LEV001386,EMP000703,Annual Leave,2023-09-18,2023-09-26,8,Rejected
LEV001387,EMP000703,Annual Leave,2023-04-11,2023-05-11,30,Approved
LEV001388,EMP000703,Study Leave,2021-05-21,2021-06-03,13,Approved
LEV001389,EMP000703,Paternity Leave,2019-06-02,2019-06-27,25,Approved
LEV001390,EMP000704,Annual Leave,2020-06-14,2020-05-24,21,Approved
LEV001391,EMP000705,Sick Leave,2020-01-11,2020-01-16,5,Approved
LEV001392,EMP000705,Paternity Leave,2025-10-15,2025-10-17,2,Pending
LEV001393,EMP000706,Compassionate Leave,2024-10-24,2024-11-05,12,Approved
LEV001394,EMP000707,Maternity Leave,2023-10-21,2023-10-30,9,Pending
LEV001395,EMP000708,Compassionate Leave,2024-01-03,2024-01-08,5,Approved
LEV001396,EMP000708,Maternity Leave,2023-07-10,2023-08-03,24,Approved
LEV001397,EMP000708,Sick Leave,2025-01-16,2025-02-03,18,Pending
LEV001398,EMP000708,Maternity Leave,2024-11-25,2024-12-21,26,Rejected
LEV001399,EMP000709,Study Leave,2025-08-20,2025-08-26,6,Rejected
LEV001400,EMP000709,Paternity Leave,2020-05-16,2020-05-27,11,Rejected
LEV001401,EMP000709,Compassionate Leave,2023-08-11,2023-08-16,5,Rejected
LEV001402,EMP000710,Maternity Leave,2022-05-07,2022-05-10,3,Rejected
LEV001403,EMP000710,Maternity Leave,2020-07-21,2020-08-03,13,Approved
LEV001404,EMP000710,Compassionate Leave,2019-07-16,2019-08-06,21,Approved
LEV001405,EMP000711,Vacation,2020-09-19,2020-10-01,12,Approved
LEV001406,EMP000711,Sick Leave,2020-04-20,2020-05-13,23,Approved
LEV001407,EMP000711,Study Leave,2020-01-25,2020-02-02,8,Rejected
LEV001408,EMP000712,Study Leave,2025-07-23,2025-08-09,17,Approved
LEV001409,EMP000712,Compassionate Leave,2020-10-22,2020-10-31,9,Pending
LEV001410,EMP000712,Study Leave,2019-03-08,2019-03-21,13,Pending
LEV001411,EMP000714,Maternity Leave,2025-04-02,2025-04-07,5,Pending
LEV001412,EMP000715,Compassionate Leave,2023-01-05,2023-01-14,9,Approved
LEV001413,EMP000715,Annual Leave,2020-04-26,2020-05-07,11,Approved
LEV001414,EMP000715,Sick Leave,2024-10-19,2024-11-07,19,Rejected
LEV001415,EMP000717,Annual Leave,2021-08-17,2021-09-03,17,Approved
LEV001416,EMP000717,Maternity Leave,2025-03-04,2025-03-05,1,Approved
LEV001417,EMP000717,Study Leave,2021-09-22,2021-10-16,24,Approved
LEV001418,EMP000719,Sick Leave,2024-10-07,2024-11-03,27,Approved
LEV001419,EMP000720,Maternity Leave,2019-08-02,2019-08-06,4,Approved
LEV001420,EMP000720,Maternity Leave,2025-06-16,2025-06-22,6,Approved
LEV001421,EMP000720,Paternity Leave,2022-04-09,2022-04-28,19,Approved
LEV001422,EMP000721,Annual Leave,2019-01-02,2019-01-28,26,Approved
LEV001423,EMP000721,Study Leave,2020-04-15,2020-04-19,4,Approved
LEV001424,EMP000722,Compassionate Leave,2023-04-09,2023-05-01,22,Approved
LEV001425,EMP000722,Study Leave,2024-12-20,2025-01-01,12,Approved
LEV001426,EMP000723,Sick Leave,2020-06-19,2020-06-24,5,Rejected
LEV001427,EMP000723,Maternity Leave,2025-05-25,2025-06-07,13,Pending
LEV001428,EMP000723,Annual Leave,2025-01-10,2025-02-09,30,Approved
LEV001429,EMP000724,Study Leave,2025-05-04,2025-05-15,11,Approved
LEV001430,EMP000724,Compassionate Leave,2024-04-15,2024-05-01,16,Rejected
LEV001431,EMP000724,Annual Leave,2019-02-20,2019-02-22,2,Approved
LEV001432,EMP000725,Paternity Leave,2024-06-17,2024-06-22,5,Approved
LEV001433,EMP000726,Maternity Leave,2021-12-04,2021-12-13,9,Rejected
LEV001434,EMP000726,Compassionate Leave,2022-07-21,2022-08-01,11,Approved
LEV001435,EMP000727,Maternity Leave,2024-05-19,2024-06-07,19,Pending
LEV001436,EMP000727,Maternity Leave,2023-11-06,2023-11-10,4,Approved
LEV001437,EMP000727,Annual Leave,2020-03-24,2020-04-02,9,Pending
LEV001438,EMP000727,Compassionate Leave,2021-06-05,2021-06-10,5,Approved
LEV001439,EMP000728,Compassionate Leave,2023-01-11,2023-01-27,16,Approved
LEV001440,EMP000728,Annual Leave,2021-05-06,2021-05-10,4,Rejected
LEV001441,EMP000728,Study Leave,2019-06-27,2019-07-26,29,Approved
LEV001442,EMP000729,Sick Leave,2023-01-29,2023-02-25,27,Approved
LEV001443,EMP000729,Study Leave,2025-02-10,2025-02-18,8,Pending
LEV001444,EMP000730,Paternity Leave,2021-01-31,2021-02-18,18,Rejected
LEV001445,EMP000730,Sick Leave,2019-01-17,2019-02-06,20,Approved
LEV001446,EMP000730,Study Leave,2022-12-02,2022-12-16,14,Pending
LEV001447,EMP000730,Maternity Leave,2023-03-12,2023-04-11,30,Approved
LEV001448,EMP000731,Study Leave,2021-01-20,2021-01-31,11,Rejected
LEV001449,EMP000731,Study Leave,2021-05-06,2021-05-08,2,Approved
LEV001450,EMP000732,Paternity Leave,2024-03-29,2024-04-06,8,Approved
LEV001451,EMP000732,Paternity Leave,2021-05-24,2021-06-23,30,Rejected
LEV001452,EMP000732,Paternity Leave,2020-07-05,2020-07-18,-5,Pending
LEV001453,EMP000732,,2025-08-24,2025-09-08,15,Approved
LEV001454,EMP000733,Sick Leave,2019-06-23,2019-07-17,24,Approved
LEV001455,EMP000733,Compassionate Leave,2022-05-10,2022-05-24,14,Rejected
LEV001456,EMP000733,Maternity Leave,2020-02-23,2020-03-02,8,Approved
LEV001457,EMP000733,Sick Leave,2019-08-21,2019-09-02,12,Approved
LEV001458,EMP000734,Maternity Leave,2025-11-04,2025-11-16,12,Approved
LEV001459,EMP000734,Compassionate Leave,2022-12-19,2022-12-30,11,Approved
LEV001460,EMP000735,Annual Leave,2024-08-24,2024-08-28,4,Rejected
LEV001461,EMP000735,Maternity Leave,2023-03-03,2023-04-02,30,Approved
LEV001462,EMP000737,Maternity Leave,2023-07-22,2023-08-10,19,Pending
LEV001463,EMP000738,Study Leave,2023-06-10,2023-07-01,21,Approved
LEV001464,EMP000742,Sick Leave,2023-01-25,2023-02-22,28,Approved
LEV001465,EMP000743,Compassionate Leave,2024-01-07,2024-01-13,6,Pending
LEV001466,EMP000744,Paternity Leave,2024-09-27,2024-10-03,6,Rejected
LEV001467,EMP000744,Maternity Leave,2020-09-27,2020-10-04,7,Approved
LEV001468,EMP000744,Study Leave,2024-04-21,2024-05-17,26,Approved
LEV001469,EMP000746,Annual Leave,2021-05-02,2021-05-03,1,Pending
LEV001470,EMP000746,Maternity Leave,2020-11-14,2020-12-12,28,Rejected
LEV001471,EMP000748,Paternity Leave,2021-04-08,2021-05-02,24,Pending
LEV001472,EMP000748,Maternity Leave,2024-11-12,2024-11-23,11,Approved
LEV001473,EMP000748,Study Leave,2022-05-22,2022-05-29,7,Approved
LEV001474,EMP000749,Study Leave,2023-11-15,2023-11-27,12,Approved
LEV001475,EMP000749,Leave,2021-08-11,2021-09-09,29,Pending
LEV001476,EMP000749,Sick Leave,2020-08-04,2020-08-22,18,Approved
LEV001477,EMP000750,Annual Leave,2025-10-11,2025-10-12,1,Approved
LEV001478,EMP000750,Study Leave,2024-08-01,2024-08-27,26,Pending
LEV001479,EMP000751,Paternity Leave,2025-07-16,2025-08-13,28,Approved
LEV001480,EMP000751,Sick Leave,2025-08-13,2025-08-28,15,Approved
LEV001481,EMP000752,Maternity Leave,2020-12-15,2021-01-06,22,Approved
LEV001482,EMP000752,Annual Leave,2020-01-21,2020-02-17,27,Rejected
LEV001483,EMP000752,Compassionate Leave,2021-01-25,2021-02-11,17,Approved
LEV001484,EMP000753,Annual Leave,2020-08-31,2020-09-19,19,Approved
LEV001485,EMP000753,Sick Leave,2025-09-29,2025-10-26,27,Approved
LEV001486,EMP000753,Compassionate Leave,2022-08-10,2022-08-23,13,Approved
LEV001487,EMP000753,Annual Leave,2020-04-25,2020-05-04,9,Approved
LEV001488,EMP000754,Compassionate Leave,2025-08-18,2025-09-10,23,Approved
LEV001489,EMP000754,Sick Leave,2024-12-26,2024-12-28,2,Approved
LEV001490,EMP000754,Compassionate Leave,2021-12-05,2021-12-16,11,Pending
LEV001491,EMP000756,Paternity Leave,2023-02-07,2023-02-09,2,Rejected
LEV001492,EMP000756,Annual Leave,2019-02-26,2019-03-15,17,Pending
LEV001493,EMP000757,Maternity Leave,2023-04-25,2023-05-15,20,Approved
LEV001494,EMP000757,Compassionate Leave,2019-04-16,2019-05-08,22,Pending
LEV001495,EMP000757,Sick Leave,2023-01-13,2023-01-24,-5,Pending
LEV001496,EMP000758,Maternity Leave,2024-09-10,2024-10-02,22,Rejected
LEV001497,EMP000758,Compassionate Leave,2021-04-23,2021-05-01,8,Pending
LEV001498,EMP000760,Study Leave,2020-09-05,2020-09-06,1,Rejected
LEV001499,EMP000760,Maternity Leave,2021-09-15,2021-09-25,10,Approved
LEV001500,EMP000760,Sick Leave,2023-04-18,2023-04-23,5,Pending
LEV001501,EMP000760,Compassionate Leave,2024-09-11,2024-09-16,5,Pending
LEV001502,EMP000761,Study Leave,2020-05-01,2020-05-16,15,Pending
LEV001503,EMP000762,Annual Leave,2023-05-23,2023-06-19,27,Approved
LEV001504,EMP000763,Paternity Leave,2022-12-05,2022-12-15,10,Pending
LEV001505,EMP000764,Paternity Leave,2025-08-26,2025-09-03,8,Rejected
LEV001506,EMP000764,Paternity Leave,2023-09-12,2023-09-21,9,Approved
LEV001507,EMP000765,Paternity Leave,2023-06-13,2023-06-30,17,Rejected
LEV001508,EMP000765,Maternity Leave,2020-12-02,2020-12-16,14,Pending
LEV001509,EMP000767,Compassionate Leave,2025-06-08,2025-06-18,10,Pending
LEV001510,EMP000767,Compassionate Leave,2025-08-22,2025-09-19,28,Approved
LEV001511,EMP000767,Annual Leave,2019-12-05,2019-12-22,17,Approved
LEV001512,EMP000767,Annual Leave,2025-08-01,2025-08-19,18,Approved
LEV001513,EMP000769,Annual Leave,2025-01-25,2025-02-21,27,Approved
LEV001514,EMP000769,Compassionate Leave,2023-03-16,2023-04-06,21,Approved
LEV001515,EMP000769,Sick Leave,2020-03-04,2020-03-25,21,Pending
LEV001516,EMP000769,Compassionate Leave,2025-01-07,2025-01-22,15,Pending
LEV001517,EMP000770,Study Leave,2021-06-14,2021-06-27,13,Rejected
LEV001518,EMP000770,Study Leave,2019-03-20,2019-03-26,6,Approved
LEV001519,EMP000770,,2022-03-18,2022-03-26,8,Rejected
LEV001520,EMP000770,Paternity Leave,2020-03-02,2020-03-11,9,Approved
LEV001521,EMP000772,Paternity Leave,2022-05-03,2022-05-15,12,Approved
LEV001522,EMP000772,Compassionate Leave,2023-12-17,2023-12-26,9,Approved
LEV001523,EMP000772,Annual Leave,2024-06-21,2024-07-03,12,Pending
LEV001524,EMP000772,Maternity Leave,2025-12-05,2025-12-20,15,Pending
LEV001525,EMP000773,Compassionate Leave,2019-07-01,2019-07-23,22,Approved
LEV001526,EMP000773,Annual Leave,2021-11-14,2021-11-25,11,Approved
LEV001527,EMP000774,Annual Leave,2024-12-28,2025-01-19,22,Approved
LEV001528,EMP000774,Maternity Leave,2020-10-26,2020-11-10,15,Approved
LEV001529,EMP000774,Sick Leave,2023-01-08,2023-01-25,17,Rejected
LEV001530,EMP000776,Compassionate Leave,2025-01-21,2025-02-17,27,Approved
LEV001531,EMP000777,Sick Leave,2024-12-03,2024-12-12,9,Approved
LEV001532,EMP000777,Sick Leave,2025-04-15,2025-04-30,15,Approved
LEV001533,EMP000777,Sick Leave,2021-02-11,2021-03-07,24,Approved
LEV001534,EMP000777,Annual Leave,2020-10-05,2020-10-31,26,Approved
LEV001535,EMP000779,Annual Leave,2019-03-19,2019-04-17,29,Pending
LEV001536,EMP000779,Annual Leave,2024-08-18,2024-08-24,6,Approved
LEV001537,EMP000779,Compassionate Leave,2020-10-03,2020-10-26,23,Pending
LEV001538,EMP000780,Paternity Leave,2023-12-06,2023-12-19,13,Approved
LEV001539,EMP000780,Maternity Leave,2024-12-05,2024-12-12,7,Pending
LEV001540,EMP000780,Annual Leave,2019-09-07,2019-09-19,12,Rejected
LEV001541,EMP000780,Compassionate Leave,2023-05-19,2023-06-09,21,Approved
LEV001542,EMP000781,Maternity Leave,2024-02-22,2024-03-17,24,Rejected
LEV001543,EMP000782,Paternity Leave,2025-06-15,2025-07-02,17,Approved
LEV001544,EMP000782,Paternity Leave,2020-04-18,2020-05-08,20,Approved
LEV001545,EMP000782,Sick Leave,2020-02-11,2020-02-12,1,Approved
LEV001546,EMP000782,Compassionate Leave,2025-11-10,2025-12-05,25,Approved
LEV001547,EMP000783,Maternity Leave,2021-09-14,2021-10-05,21,Approved
LEV001548,EMP000783,Sick Leave,2020-03-01,2020-03-29,28,Rejected
LEV001549,EMP000783,Paternity Leave,2025-03-12,2025-03-26,14,Approved
LEV001550,EMP000784,Study Leave,2021-07-28,2021-08-20,23,Approved
LEV001551,EMP000784,Maternity Leave,2019-07-29,2019-08-02,4,Approved
LEV001552,EMP000784,Maternity Leave,2025-12-22,2026-01-15,24,Pending
LEV001553,EMP000785,Annual Leave,2022-02-28,2022-03-01,1,Pending
LEV001554,EMP000787,Study Leave,2021-11-06,2021-11-19,13,Approved
LEV001555,EMP000787,Study Leave,2021-02-27,2021-03-21,22,Approved
LEV001556,EMP000787,Study Leave,2019-12-31,2020-01-07,7,Pending
LEV001557,EMP000787,,2020-01-13,2020-02-02,20,Pending
LEV001558,EMP000788,Study Leave,2023-01-19,2023-02-15,27,Approved
LEV001559,EMP000788,Compassionate Leave,2021-07-01,2021-07-12,11,Approved
LEV001560,EMP000790,Maternity Leave,2023-07-09,2023-07-26,17,Approved
LEV001561,EMP000790,Annual Leave,2019-09-10,2019-09-29,19,Approved
LEV001562,EMP000792,Maternity Leave,2023-06-20,2023-06-30,10,Approved
LEV001563,EMP000792,Compassionate Leave,2024-06-23,2024-07-19,26,Rejected
LEV001564,EMP000793,Paternity Leave,2025-11-16,2025-12-03,17,Pending
LEV001565,EMP000793,Annual Leave,2019-09-12,2019-09-15,3,Approved
LEV001566,EMP000793,Study Leave,2024-06-12,2024-06-30,18,Rejected
LEV001567,EMP000795,Study Leave,2024-08-24,2024-09-07,14,Approved
LEV001568,EMP000795,Maternity Leave,2021-05-21,2021-05-26,5,Approved
LEV001569,EMP000795,Paternity Leave,2020-12-29,2021-01-07,9,Approved
LEV001570,EMP000795,Sick Leave,2020-12-16,2021-01-10,25,Approved
LEV001571,EMP000796,Compassionate Leave,2021-05-13,2021-05-22,9,Approved
LEV001572,EMP000796,Maternity Leave,2024-08-25,2024-09-04,10,Approved
LEV001573,EMP000796,Paternity Leave,2019-11-24,2019-12-05,11,Approved
LEV001574,EMP000796,Paternity Leave,2023-12-20,2024-01-04,15,Rejected
LEV001575,EMP000797,Annual Leave,2021-04-01,2021-04-09,8,Pending
LEV001576,EMP000797,Annual Leave,2020-05-30,2020-06-24,25,Pending
LEV001577,EMP000797,Sick Leave,2021-09-15,2021-09-30,15,Pending
LEV001578,EMP000799,Sick Leave,2025-08-10,2025-08-11,1,Approved
LEV001579,EMP000799,Maternity Leave,2020-01-04,2020-01-13,9,Pending
LEV001580,EMP000799,Study Leave,2023-02-11,2023-02-15,4,Approved
LEV001581,EMP000801,Annual Leave,2021-04-10,2021-04-21,11,Approved
LEV001582,EMP000801,Compassionate Leave,2022-02-24,2022-03-01,5,Approved
LEV001583,EMP000801,Paternity Leave,2024-08-25,2024-09-23,29,Approved
LEV001584,EMP000801,Compassionate Leave,2019-06-09,2019-06-30,21,Rejected
LEV001585,EMP000804,Compassionate Leave,2022-01-31,2022-02-18,18,Pending
LEV001586,EMP000804,Paternity Leave,2023-01-13,2023-02-02,20,Approved
LEV001587,EMP000804,Study Leave,2023-11-23,2023-12-22,29,Approved
LEV001588,EMP000804,Study Leave,2019-02-25,2019-03-01,4,Approved
LEV001589,EMP000806,Maternity Leave,2025-01-01,2025-01-06,5,Approved
LEV001590,EMP000806,Maternity Leave,2020-07-27,2020-08-05,9,Approved
LEV001591,EMP000806,annual leave,2022-11-26,2022-12-01,5,Rejected
LEV001592,EMP000806,Maternity Leave,2020-08-02,2020-08-20,18,Approved
LEV001593,EMP000808,Compassionate Leave,2025-12-04,2025-12-30,26,Approved
LEV001594,EMP000808,Compassionate Leave,2021-02-22,2021-02-24,2,Approved
LEV001595,EMP000808,Study Leave,2025-11-16,2025-11-26,10,Approved
LEV001596,EMP000808,Annual Leave,2022-06-30,2022-07-20,20,Rejected
LEV001597,EMP000809,Annual Leave,2020-08-02,2020-08-04,2,Approved
LEV001598,EMP000809,Study Leave,2023-04-22,2023-05-04,12,Approved
LEV001599,EMP000809,Paternity Leave,2020-02-28,2020-03-15,16,Approved
LEV001600,EMP000809,Study Leave,2019-09-26,2019-10-19,23,Approved
LEV001601,EMP000810,Study Leave,2022-02-03,2022-02-14,11,Approved
LEV001602,EMP000810,Sick Leave,2020-06-25,2020-07-09,14,Approved
LEV001603,EMP000810,Compassionate Leave,2021-06-03,2021-06-21,18,Pending
LEV001604,EMP000810,Sick Leave,2024-03-29,2024-04-06,8,Approved
LEV001605,EMP000811,Annual Leave,2022-07-19,2022-07-31,12,Approved
LEV001606,EMP000812,Study Leave,2020-01-20,2020-02-17,28,Pending
LEV001607,EMP000812,Sick Leave,2021-05-23,2021-06-18,26,Approved
LEV001608,EMP000812,Annual Leave,2020-12-26,2021-01-23,28,Pending
LEV001609,EMP000813,Sick Leave,2025-11-25,2025-12-19,24,Approved
LEV001610,EMP000813,Maternity Leave,2019-03-13,2019-04-08,26,Approved
LEV001611,EMP000815,Sick Leave,2022-08-09,2022-08-21,12,Approved
LEV001612,EMP000815,Study Leave,2023-11-30,2023-12-28,28,Approved
LEV001613,EMP000815,Compassionate Leave,2020-03-01,2020-03-07,6,Approved
LEV001614,EMP000815,Compassionate Leave,2023-08-22,2023-09-11,20,Approved
LEV001615,EMP000816,Paternity Leave,2023-07-31,2023-08-24,24,Approved
LEV001616,EMP000817,Compassionate Leave,2020-12-03,2020-12-19,16,Approved
LEV001617,EMP000817,Compassionate Leave,2021-01-03,2021-01-19,16,Approved
LEV001618,EMP000817,Maternity Leave,2020-01-13,2020-02-04,22,Approved
LEV001619,EMP000818,Annual Leave,2024-06-26,2024-07-04,8,Approved
LEV001620,EMP000818,Sick Leave,2020-12-04,2020-12-25,21,Pending
LEV001621,EMP000819,Maternity Leave,2023-08-25,2023-09-02,8,Pending
LEV001622,EMP000821,Compassionate Leave,2020-08-18,2020-08-26,8,Approved
LEV001623,EMP000821,Sick Leave,2020-04-04,2020-04-28,24,Pending
LEV001624,EMP000822,Study Leave,2025-12-14,2025-12-20,6,Approved
LEV001625,EMP000822,Compassionate Leave,2022-03-23,2022-04-15,23,Pending
LEV001626,EMP000822,Compassionate Leave,2019-10-19,2019-11-03,15,Approved
LEV001627,EMP000824,Study Leave,2022-03-24,2022-03-26,2,Approved
LEV001628,EMP000824,Study Leave,2025-07-23,2025-06-23,30,Rejected
LEV001629,EMP000824,Study Leave,2022-04-10,2022-04-18,8,Approved
LEV001630,EMP000824,Paternity Leave,2022-05-02,2022-05-28,26,Approved
LEV001631,EMP000825,Maternity Leave,2020-06-25,2020-07-01,6,Approved
LEV001632,EMP000825,Paternity Leave,2020-04-04,2020-04-20,16,Approved
LEV001633,EMP000826,Study Leave,2020-03-25,2020-04-03,9,Pending
LEV001634,EMP000827,Paternity Leave,2021-09-05,2021-10-02,27,Approved
LEV001635,EMP000827,Study Leave,2024-10-25,2024-11-12,18,Approved
LEV001636,EMP000827,Compassionate Leave,2019-04-19,2019-05-15,26,Approved
LEV001637,EMP000828,Maternity Leave,2020-02-14,2020-03-14,29,Approved
LEV001638,EMP000828,Annual Leave,2023-03-11,2023-03-30,19,Approved
LEV001639,EMP000828,Compassionate Leave,2020-03-12,2020-03-13,1,Approved
LEV001640,EMP000829,Sick Leave,2025-12-19,2025-12-30,11,Approved
LEV001641,EMP000829,Annual Leave,2023-09-03,2023-09-08,5,Approved
LEV001642,EMP000829,Sick Leave,2019-03-18,2019-04-05,18,Approved
LEV001643,EMP000829,Compassionate Leave,2021-02-17,2021-03-13,24,Approved
LEV001644,EMP000830,Sick Leave,2024-01-07,2024-01-13,6,Approved
LEV001645,EMP000830,Maternity Leave,2025-12-31,2026-01-10,10,Approved
LEV001646,EMP000831,Paternity Leave,2020-12-26,2021-01-08,13,Pending
LEV001647,EMP000833,Sick Leave,2019-03-01,2019-03-28,27,Pending
LEV001648,EMP000833,Annual Leave,2025-11-19,2025-12-08,19,Rejected
LEV001649,EMP000834,Annual Leave,2021-03-13,2021-03-25,12,Pending
LEV001650,EMP000834,Paternity Leave,2025-10-12,2025-10-07,5,Approved
LEV001651,EMP000834,annual leave,2022-10-15,2022-11-01,17,Rejected
LEV001652,EMP000834,Paternity Leave,2025-04-07,2025-04-20,13,Approved
LEV001653,EMP000835,Compassionate Leave,2024-09-17,2024-09-27,10,Approved
LEV001654,EMP000835,Paternity Leave,2025-12-26,2025-12-27,1,Approved
LEV001655,EMP000836,Maternity Leave,2023-05-04,2023-06-02,29,Pending
LEV001656,EMP000836,Study Leave,2021-12-06,2021-12-08,2,Approved
LEV001657,EMP000836,Maternity Leave,2019-08-05,2019-08-27,22,Pending
LEV001658,EMP000836,Sick Leave,2025-04-25,2025-05-25,30,Approved
LEV001659,EMP000837,Compassionate Leave,2020-11-20,2020-11-23,3,Approved
LEV001660,EMP000837,Sick Leave,2020-06-09,2020-07-09,30,Approved
LEV001661,EMP000837,Annual Leave,2020-08-09,2020-08-23,14,Approved
LEV001662,EMP000838,Annual Leave,2020-06-22,2020-06-30,8,Pending
LEV001663,EMP000838,Annual Leave,2021-11-30,2021-12-25,25,Approved
LEV001664,EMP000839,Study Leave,2019-08-14,2019-09-10,27,Pending
LEV001665,EMP000839,Compassionate Leave,2025-12-24,2026-01-14,21,Approved
LEV001666,EMP000840,Compassionate Leave,2019-07-14,2019-08-01,18,Approved
LEV001667,EMP000840,Sick Leave,2025-02-23,2025-03-16,21,Rejected
LEV001668,EMP000840,Sick Leave,2025-01-26,2025-02-22,27,Approved
LEV001669,EMP000840,Paternity Leave,2025-01-03,2025-01-31,28,Approved
LEV001670,EMP000841,Annual Leave,2020-05-29,2020-06-05,7,Approved
LEV001671,EMP000841,Paternity Leave,2022-10-03,2022-10-27,24,Rejected
LEV001672,EMP000841,Sick Leave,2025-07-25,2025-08-16,22,Approved
LEV001673,EMP000842,Paternity Leave,2021-12-28,2022-01-27,30,Approved
LEV001674,EMP000843,Annual Leave,2025-10-26,2025-10-27,1,Approved
LEV001675,EMP000843,annual leave,2025-05-21,2025-06-05,15,Pending
LEV001676,EMP000843,Study Leave,2020-05-27,2020-06-25,29,Approved
LEV001677,EMP000843,Annual Leave,2024-06-18,2024-07-12,24,Pending
LEV001678,EMP000844,Sick Leave,2020-02-07,2020-02-23,16,Approved
LEV001679,EMP000844,Sick Leave,2019-02-07,2019-02-27,20,Pending
LEV001680,EMP000844,Study Leave,2019-01-26,2019-02-15,20,Pending
LEV001681,EMP000845,Paternity Leave,2023-01-27,2023-02-19,23,Pending
LEV001682,EMP000845,Sick Leave,2021-08-16,2021-09-02,17,Approved
LEV001683,EMP000847,Paternity Leave,2023-01-21,2023-02-10,20,Rejected
LEV001684,EMP000847,Study Leave,2022-04-05,2022-04-24,19,Rejected
LEV001685,EMP000847,Paternity Leave,2022-09-27,2022-09-30,3,Rejected
LEV001686,EMP000847,Compassionate Leave,2020-11-30,2020-12-28,28,Approved
LEV001687,EMP000848,Sick Leave,2021-12-23,2022-01-03,11,Approved
LEV001688,EMP000848,Maternity Leave,2019-07-15,2019-07-26,11,Approved
LEV001689,EMP000849,Paternity Leave,2020-02-10,2020-02-11,1,Approved
LEV001690,EMP000850,Study Leave,2020-10-14,2020-10-20,6,Rejected
LEV001691,EMP000851,Compassionate Leave,2020-03-23,2020-03-25,2,Rejected
LEV001692,EMP000851,Study Leave,2023-11-24,2023-12-17,23,Approved
LEV001693,EMP000852,Study Leave,2023-08-27,2023-09-17,21,Approved
LEV001694,EMP000852,Maternity Leave,2024-12-02,2024-12-13,11,Approved
LEV001695,EMP000852,Annual Leave,2024-05-03,2024-05-15,12,Approved
LEV001696,EMP000852,Compassionate Leave,2019-03-12,2019-03-30,18,Approved
LEV001697,EMP000853,Sick Leave,2025-12-12,2025-12-17,5,Rejected
LEV001698,EMP000853,Compassionate Leave,2022-01-16,2022-01-08,8,Rejected
LEV001699,EMP000853,Annual Leave,2022-09-07,2022-09-18,11,Pending
LEV001700,EMP000853,Sick Leave,2021-05-11,2021-05-12,1,Approved
LEV001701,EMP000855,Annual Leave,2025-09-07,2025-09-26,19,Rejected
LEV001702,EMP000856,Compassionate Leave,2021-07-23,2021-08-03,11,Pending
LEV001703,EMP000856,Maternity Leave,2020-02-18,2020-02-21,3,Approved
LEV001704,EMP000856,Compassionate Leave,2025-01-13,2025-01-26,13,Approved
LEV001705,EMP000857,Study Leave,2019-06-13,2019-06-14,1,Approved
LEV001706,EMP000857,Annual Leave,2025-07-31,2025-08-17,17,Approved
LEV001707,EMP000857,Compassionate Leave,2024-10-20,2024-11-07,18,Rejected
LEV001708,EMP000857,Sick Leave,2023-12-17,2024-01-07,21,Rejected
LEV001709,EMP000858,Sick Leave,2021-05-19,2021-05-28,9,Pending
LEV001710,EMP000858,Study Leave,2019-07-13,2019-07-15,2,Approved
LEV001711,EMP000858,Compassionate Leave,2023-05-21,2023-06-02,12,Pending
LEV001712,EMP000858,Study Leave,2025-01-03,2025-01-22,19,Pending
LEV001713,EMP000859,Compassionate Leave,2022-05-30,2022-06-05,6,Approved
LEV001714,EMP000859,Study Leave,2021-01-01,2021-01-04,3,Approved
LEV001715,EMP000859,Maternity Leave,2025-11-01,2025-11-12,11,Approved
LEV001716,EMP000859,Compassionate Leave,2022-01-25,2022-02-14,20,Approved
LEV001717,EMP000860,Sick Leave,2024-12-17,2024-12-30,13,Approved
LEV001718,EMP000860,Paternity Leave,2025-05-20,2025-06-14,25,Rejected
LEV001719,EMP000860,Maternity Leave,2022-02-02,2022-02-08,6,Approved
LEV001720,EMP000860,Maternity Leave,2019-08-28,2019-08-29,1,Approved
LEV001721,EMP000861,Paternity Leave,2019-02-21,2019-03-18,25,Approved
LEV001722,EMP000861,Study Leave,2019-05-09,2019-05-14,5,Rejected
LEV001723,EMP000861,,2021-09-24,2021-09-27,3,Pending
LEV001724,EMP000861,Paternity Leave,2023-02-19,2023-02-26,7,Approved
LEV001725,EMP000862,Paternity Leave,2025-10-16,2025-10-17,1,Approved
LEV001726,EMP000862,Study Leave,2021-09-29,2021-10-28,29,Approved
LEV001727,EMP000863,Paternity Leave,2021-10-07,2021-11-04,28,Approved
LEV001728,EMP000863,Study Leave,2021-04-09,2021-05-03,24,Pending
LEV001729,EMP000865,Paternity Leave,2021-02-12,2021-03-05,21,Approved
LEV001730,EMP000865,Maternity Leave,2021-03-18,2021-04-09,22,Approved
LEV001731,EMP000866,Sick Leave,2024-08-28,2024-09-02,5,Approved
LEV001732,EMP000866,Maternity Leave,2020-12-26,2021-01-11,16,Rejected
LEV001733,EMP000868,Sick Leave,2023-06-28,2023-07-01,3,Rejected
LEV001734,EMP000868,Compassionate Leave,2023-05-07,2023-05-10,3,Approved
LEV001735,EMP000868,Annual Leave,2020-02-06,2020-03-01,24,Rejected
LEV001736,EMP000868,annual leave,2024-06-09,2024-06-28,19,Pending
LEV001737,EMP000869,Maternity Leave,2024-10-30,2024-11-16,17,Approved
LEV001738,EMP000870,Annual Leave,2019-04-04,2019-04-05,1,Pending
LEV001739,EMP000870,Annual Leave,2024-03-20,2024-03-21,1,Rejected
LEV001740,EMP000870,Study Leave,2022-10-14,2022-11-10,27,Approved
LEV001741,EMP000870,Sick Leave,2020-11-05,2020-11-10,5,Pending
LEV001742,EMP000871,Compassionate Leave,2020-12-16,2020-12-22,6,Approved
LEV001743,EMP000871,Annual Leave,2024-11-19,2024-12-05,16,Rejected
LEV001744,EMP000871,Sick Leave,2023-07-31,2023-08-10,10,Approved
LEV001745,EMP000872,Compassionate Leave,2021-03-31,2021-04-15,15,Pending
LEV001746,EMP000872,Annual Leave,2025-05-22,2025-06-09,18,Approved
LEV001747,EMP000872,Sick Leave,2021-08-04,2021-08-26,22,Approved
LEV001748,EMP000873,Compassionate Leave,2025-02-20,2025-03-05,13,Approved
LEV001749,EMP000873,Paternity Leave,2021-06-23,2021-06-26,3,Approved
LEV001750,EMP000873,,2023-05-30,2023-06-18,19,Approved
LEV001751,EMP000873,Study Leave,2019-01-02,2019-01-09,7,Pending
LEV001752,EMP000874,Sick Leave,2020-10-04,2020-10-25,21,Approved
LEV001753,EMP000874,Study Leave,2019-04-05,2019-04-08,3,Pending
LEV001754,EMP000876,Compassionate Leave,2022-02-12,2022-03-07,23,Pending
LEV001755,EMP000876,Compassionate Leave,2022-10-30,2022-11-02,3,Approved
LEV001756,EMP000876,Sick Leave,2022-02-22,2022-02-25,3,Approved
LEV001757,EMP000877,Maternity Leave,2023-04-10,2023-04-19,9,Pending
LEV001758,EMP000877,Sick Leave,2021-04-10,2021-05-05,25,Pending
LEV001759,EMP000877,Maternity Leave,2022-01-04,2022-01-27,23,Pending
LEV001760,EMP000878,Maternity Leave,2019-01-19,2019-02-14,26,Approved
LEV001761,EMP000878,Maternity Leave,2020-12-01,2020-12-17,16,Approved
LEV001762,EMP000878,Paternity Leave,2022-09-12,2022-10-09,27,Approved
LEV001763,EMP000878,Maternity Leave,2024-05-01,2024-05-14,13,Approved
LEV001764,EMP000879,Compassionate Leave,2023-05-18,2023-05-23,5,Approved
LEV001765,EMP000879,Paternity Leave,2025-05-12,2025-06-05,24,Approved
LEV001766,EMP000879,Maternity Leave,2024-01-27,2024-01-28,1,Pending
LEV001767,EMP000881,Maternity Leave,2019-11-14,2019-11-16,2,Approved
LEV001768,EMP000883,Annual Leave,2024-03-09,2024-03-16,7,Approved
LEV001769,EMP000884,Paternity Leave,2020-07-06,2020-07-13,7,Approved
LEV001770,EMP000885,Maternity Leave,2022-03-07,2022-03-30,23,Pending
LEV001771,EMP000885,Maternity Leave,2024-02-08,2024-02-13,5,Approved
LEV001772,EMP000886,Annual Leave,2019-12-14,2020-01-05,22,Pending
LEV001773,EMP000886,Maternity Leave,2021-06-16,2021-07-13,27,Approved
LEV001774,EMP000886,Compassionate Leave,2022-02-15,2022-02-16,1,Approved
LEV001775,EMP000887,Compassionate Leave,2024-10-13,2024-10-14,1,Approved
LEV001776,EMP000887,Compassionate Leave,2020-11-25,2020-12-16,21,Approved
LEV001777,EMP000887,Paternity Leave,2020-01-05,2020-01-07,2,Approved
LEV001778,EMP000888,Annual Leave,2022-05-29,2022-06-22,24,Approved
LEV001779,EMP000888,Paternity Leave,2023-04-01,2023-04-06,5,Approved
LEV001780,EMP000891,Annual Leave,2021-12-15,2021-12-24,9,Approved
LEV001781,EMP000891,Sick Leave,2024-07-22,2024-08-11,20,Rejected
LEV001782,EMP000891,Maternity Leave,2023-04-18,2023-04-25,7,Pending
LEV001783,EMP000891,Study Leave,2022-08-12,2022-09-05,24,Rejected
LEV001784,EMP000892,Paternity Leave,2024-10-22,2024-10-28,6,Approved
LEV001785,EMP000892,Sick Leave,2025-12-31,2026-01-27,27,Pending
LEV001786,EMP000893,Study Leave,2020-10-01,2020-10-27,26,Approved
LEV001787,EMP000894,Maternity Leave,2022-10-29,2022-11-23,25,Approved
LEV001788,EMP000894,Paternity Leave,2021-12-15,2021-12-27,12,Approved
LEV001789,EMP000896,Compassionate Leave,2024-06-21,2024-07-17,26,Pending
LEV001790,EMP000897,Sick Leave,2024-07-15,2024-07-30,15,Approved
LEV001791,EMP000898,Study Leave,2020-07-11,2020-07-20,9,Approved
LEV001792,EMP000898,Maternity Leave,2020-12-08,2021-01-03,26,Rejected
LEV001793,EMP000898,Compassionate Leave,2021-10-04,2021-10-09,5,Pending
LEV001794,EMP000898,Annual Leave,2020-01-15,2020-01-17,2,Approved
LEV001795,EMP000899,Sick Leave,2021-10-12,2021-10-24,12,Approved
LEV001796,EMP000899,Study Leave,2023-03-08,2023-03-25,17,Approved
LEV001797,EMP000900,Sick Leave,2023-08-01,2023-08-22,21,Rejected
LEV001798,EMP000900,Sick Leave,2024-05-01,2024-05-14,13,Approved
LEV001799,EMP000901,Maternity Leave,2022-10-23,2022-10-28,5,Approved
LEV001800,EMP000901,Paternity Leave,2021-10-05,2021-10-26,21,Pending
LEV001801,EMP000902,Sick Leave,2021-12-14,2021-12-19,5,Rejected
LEV001802,EMP000902,annual leave,2021-08-04,2021-08-10,6,Approved
LEV001803,EMP000902,Study Leave,2024-02-20,2024-03-18,27,Rejected
LEV001804,EMP000904,Paternity Leave,2024-07-30,2024-08-14,15,Approved
LEV001805,EMP000905,Annual Leave,2025-10-21,2025-10-29,8,Approved
LEV001806,EMP000905,Paternity Leave,2022-08-03,2022-08-25,22,Approved
LEV001807,EMP000905,Study Leave,2023-01-08,2023-01-26,18,Approved
LEV001808,EMP000905,Sick Leave,2024-05-29,2024-06-02,4,Approved
LEV001809,EMP000906,Annual Leave,2019-02-18,2019-03-12,22,Approved
LEV001810,EMP000906,Sick Leave,2021-10-13,2021-11-07,25,Approved
LEV001811,EMP000906,Annual Leave,2025-10-16,2025-10-23,7,Approved
LEV001812,EMP000909,Maternity Leave,2024-12-08,2024-12-10,-5,Approved
LEV001813,EMP000909,Paternity Leave,2024-12-26,2025-01-09,14,Approved
LEV001814,EMP000909,Annual Leave,2022-01-18,2022-02-02,15,Approved
LEV001815,EMP000910,Annual Leave,2019-10-31,2019-11-21,21,Approved
LEV001816,EMP000910,Sick Leave,2019-03-15,2019-03-26,11,Rejected
LEV001817,EMP000910,Study Leave,2023-12-17,2023-12-20,3,Approved
LEV001818,EMP000910,Study Leave,2020-12-10,2020-12-21,11,Pending
LEV001819,EMP000911,Paternity Leave,2023-12-12,2023-12-15,3,Approved
LEV001820,EMP000911,Compassionate Leave,2021-01-13,2021-02-11,29,Approved
LEV001821,EMP000912,Maternity Leave,2019-01-06,2019-02-02,27,Pending
LEV001822,EMP000912,Compassionate Leave,2025-08-01,2025-08-15,14,Approved
LEV001823,EMP000913,Paternity Leave,2022-10-19,2022-11-03,15,Approved
LEV001824,EMP000914,Maternity Leave,2023-05-22,2023-05-23,1,Approved
LEV001825,EMP000914,Study Leave,2021-08-06,2021-08-07,1,Approved
LEV001826,EMP000914,Compassionate Leave,2021-05-08,2021-05-28,20,Rejected
LEV001827,EMP000914,Annual Leave,2020-09-18,2020-10-16,28,Rejected
LEV001828,EMP000916,Sick Leave,2025-04-20,2025-05-12,22,Rejected
LEV001829,EMP000916,Annual Leave,2024-06-17,2024-07-05,18,Approved
LEV001830,EMP000916,Study Leave,2021-01-16,2021-02-14,29,Pending
LEV001831,EMP000916,Paternity Leave,2023-11-04,2023-11-17,13,Approved
LEV001832,EMP000917,Annual Leave,2021-12-12,2021-12-17,5,Pending
LEV001833,EMP000917,Compassionate Leave,2020-12-01,2020-12-28,27,Pending
LEV001834,EMP000918,Annual Leave,2022-12-28,2023-01-26,29,Approved
LEV001835,EMP000918,Study Leave,2024-02-20,2024-03-07,16,Approved
LEV001836,EMP000918,Sick Leave,2019-10-07,2019-11-01,25,Approved
LEV001837,EMP000918,Annual Leave,2024-01-29,2024-02-28,30,Approved
LEV001838,EMP000919,Annual Leave,2020-04-21,2020-05-08,17,Rejected
LEV001839,EMP000919,Paternity Leave,2020-02-06,2020-02-10,4,Approved
LEV001840,EMP000919,Paternity Leave,2024-08-20,2024-08-26,6,Rejected
LEV001841,EMP000919,Sick Leave,2020-03-10,2020-03-26,16,Pending
LEV001842,EMP000920,Maternity Leave,2019-07-23,2019-08-14,22,Approved
LEV001843,EMP000920,Annual Leave,2021-03-16,2021-03-17,1,Approved
LEV001844,EMP000920,Study Leave,2019-10-21,2019-11-11,21,Pending
LEV001845,EMP000921,Paternity Leave,2021-03-02,2021-03-24,22,Approved
LEV001846,EMP000921,Sick Leave,2019-11-04,2019-11-12,8,Approved
LEV001847,EMP000922,Paternity Leave,2023-05-11,2023-05-14,3,Approved
LEV001848,EMP000923,Maternity Leave,2025-06-19,2025-06-29,10,Approved
LEV001849,EMP000923,Annual Leave,2021-08-11,2021-08-12,1,Approved
LEV001850,EMP000923,Study Leave,2025-11-22,2025-11-26,4,Approved
LEV001851,EMP000924,,2023-02-13,2023-03-05,20,Rejected
LEV001852,EMP000927,Compassionate Leave,2023-08-24,2023-09-21,28,Rejected
LEV001853,EMP000928,Sick Leave,2023-03-24,2023-03-29,5,Rejected
LEV001854,EMP000928,Annual Leave,2019-07-22,2019-08-07,16,Pending
LEV001855,EMP000928,Study Leave,2024-07-07,2024-07-12,5,Approved
LEV001856,EMP000929,Annual Leave,2019-03-24,2019-04-11,18,Approved
LEV001857,EMP000929,Paternity Leave,2019-06-04,2019-06-14,10,Approved
LEV001858,EMP000929,Sick Leave,2022-05-09,2022-05-11,2,Pending
LEV001859,EMP000931,Sick Leave,2024-04-20,2024-05-09,19,Rejected
LEV001860,EMP000931,Annual Leave,2021-10-07,2021-10-31,-5,Rejected
LEV001861,EMP000931,Compassionate Leave,2023-12-01,2023-12-09,8,Rejected
LEV001862,EMP000931,Sick Leave,2019-03-22,2019-04-03,12,Approved
LEV001863,EMP000932,Sick,2023-11-08,2023-11-30,22,Approved
LEV001864,EMP000932,Study Leave,2023-09-25,2023-10-13,18,Rejected
LEV001865,EMP000932,Maternity Leave,2024-12-06,2024-12-29,23,Approved
LEV001866,EMP000932,Compassionate Leave,2019-03-15,2019-03-26,11,Approved
LEV001867,EMP000933,Study Leave,2024-01-03,2024-01-11,8,Approved
LEV001868,EMP000933,Maternity Leave,2020-11-11,2020-12-07,26,Approved
LEV001869,EMP000933,Maternity Leave,2022-03-19,2022-03-29,10,Rejected
LEV001870,EMP000933,Annual Leave,2023-02-13,2023-02-22,9,Pending
LEV001871,EMP000934,Sick Leave,2020-07-16,2020-08-05,20,Rejected
LEV001872,EMP000934,Annual Leave,2022-02-12,2022-02-28,16,Pending
LEV001873,EMP000934,Annual Leave,2023-06-22,2023-07-05,13,Approved
LEV001874,EMP000934,Paternity Leave,2024-05-08,2024-05-13,5,Rejected
LEV001875,EMP000935,Sick Leave,2025-02-27,2025-03-19,20,Pending
LEV001876,EMP000935,,2019-09-25,2019-10-14,19,Approved
LEV001877,EMP000935,Annual Leave,2025-10-04,2025-10-29,25,Rejected
LEV001878,EMP000935,Maternity Leave,2019-02-22,2019-02-26,-5,Pending
LEV001879,EMP000936,Paternity Leave,2023-09-13,2023-10-08,25,Pending
LEV001880,EMP000937,Maternity Leave,2023-12-19,2024-01-18,30,Rejected
LEV001881,EMP000937,Compassionate Leave,2019-12-22,2020-01-09,18,Approved
LEV001882,EMP000938,Paternity Leave,2025-01-15,2025-02-03,19,Pending
LEV001883,EMP000938,Study Leave,2019-09-23,2019-10-22,29,Approved
LEV001884,EMP000938,Study Leave,2023-05-10,2023-05-17,7,Rejected
LEV001885,EMP000938,Compassionate Leave,2020-07-07,2020-07-29,22,Pending
LEV001886,EMP000939,Compassionate Leave,2021-12-10,2021-12-31,21,Approved
LEV001887,EMP000939,Maternity Leave,2025-05-12,2025-05-26,14,Approved
LEV001888,EMP000940,,2023-10-01,2023-10-17,16,Rejected
LEV001889,EMP000940,,2024-01-08,2024-01-22,14,Approved
LEV001890,EMP000940,Compassionate Leave,2022-02-10,2022-02-15,5,Approved
LEV001891,EMP000940,Maternity Leave,2019-04-07,2019-04-24,17,Approved
LEV001892,EMP000941,Maternity Leave,2021-12-23,2021-12-26,3,Approved
LEV001893,EMP000941,Annual Leave,2021-04-09,2021-04-10,1,Approved
LEV001894,EMP000942,Maternity Leave,2020-08-25,2020-08-26,1,Approved
LEV001895,EMP000942,Paternity Leave,2021-07-25,2021-08-07,13,Approved
LEV001896,EMP000942,Compassionate Leave,2019-05-21,2019-05-30,9,Rejected
LEV001897,EMP000946,Sick Leave,2022-01-25,2022-02-14,20,Pending
LEV001898,EMP000946,Sick Leave,2023-11-05,2023-12-04,29,Rejected
LEV001899,EMP000946,Study Leave,2019-07-20,2019-08-06,17,Approved
LEV001900,EMP000947,,2023-10-12,2023-10-25,13,Rejected
LEV001901,EMP000949,Study Leave,2019-05-01,2019-05-22,21,Approved
LEV001902,EMP000951,Sick Leave,2019-02-28,2019-03-22,22,Approved
LEV001903,EMP000951,Paternity Leave,2024-02-27,2024-03-18,20,Approved
LEV001904,EMP000954,Compassionate Leave,2020-07-25,2020-08-17,23,Rejected
LEV001905,EMP000954,Sick Leave,2023-03-16,2023-03-24,8,Rejected
LEV001906,EMP000955,Vacation,2021-03-17,2021-03-30,13,Pending
LEV001907,EMP000955,Sick,2025-04-28,2025-05-08,10,Approved
LEV001908,EMP000955,Sick Leave,2024-11-19,2024-12-10,21,Approved
LEV001909,EMP000956,Paternity Leave,2024-08-27,2024-09-16,20,Rejected
LEV001910,EMP000956,Sick Leave,2021-03-31,2021-04-22,22,Approved
LEV001911,EMP000956,Paternity Leave,2025-03-02,2025-03-25,23,Pending
LEV001912,EMP000956,Maternity Leave,2021-11-22,2021-12-17,25,Approved
LEV001913,EMP000957,Maternity Leave,2024-03-01,2024-03-24,23,Approved
LEV001914,EMP000957,Maternity Leave,2020-12-15,2020-12-27,12,Approved
LEV001915,EMP000958,Compassionate Leave,2020-08-16,2020-08-18,2,Approved
LEV001916,EMP000958,Annual Leave,2019-04-28,2019-05-26,28,Pending
LEV001917,EMP000959,Annual Leave,2021-11-13,2021-11-19,6,Pending
LEV001918,EMP000959,Annual Leave,2020-07-03,2020-07-30,27,Rejected
LEV001919,EMP000960,Paternity Leave,2021-04-01,2021-04-09,8,Approved
LEV001920,EMP000961,Sick Leave,2025-04-01,2025-04-06,5,Approved
LEV001921,EMP000962,Maternity Leave,2020-06-30,2020-07-22,22,Approved
LEV001922,EMP000963,Sick Leave,2024-06-04,2024-06-23,19,Approved
LEV001923,EMP000963,Annual Leave,2020-04-21,2020-04-28,7,Approved
LEV001924,EMP000964,Maternity Leave,2021-02-19,2021-03-09,18,Approved
LEV001925,EMP000964,Study Leave,2023-09-17,2023-10-16,29,Pending
LEV001926,EMP000964,Compassionate Leave,2024-01-16,2024-01-31,15,Rejected
LEV001927,EMP000964,Paternity Leave,2021-10-31,2021-11-30,30,Rejected
LEV001928,EMP000968,Annual Leave,2020-07-02,2020-07-21,19,Approved
LEV001929,EMP000968,Maternity Leave,2024-02-27,2024-03-15,17,Approved
LEV001930,EMP000968,Sick Leave,2019-12-27,2019-12-29,2,Approved
LEV001931,EMP000969,Compassionate Leave,2021-10-29,2021-11-02,4,Pending
LEV001932,EMP000969,Annual Leave,2019-10-26,2019-11-20,25,Approved
LEV001933,EMP000969,Sick Leave,2024-04-17,2024-05-03,16,Approved
LEV001934,EMP000969,Paternity Leave,2023-10-17,2023-11-10,24,Pending
LEV001935,EMP000970,Sick Leave,2022-10-04,2022-10-11,7,Pending
LEV001936,EMP000970,Annual Leave,2020-04-02,2020-04-16,14,Approved
LEV001937,EMP000970,Compassionate Leave,2025-01-09,2025-01-17,8,Approved
LEV001938,EMP000970,Compassionate Leave,2019-03-13,2019-03-30,17,Approved
LEV001939,EMP000971,Sick Leave,2021-12-26,2022-01-07,12,Approved
LEV001940,EMP000971,Compassionate Leave,2024-07-22,2024-08-21,30,Pending
LEV001941,EMP000971,Annual Leave,2025-03-02,2025-03-03,1,Pending
LEV001942,EMP000974,Sick Leave,2019-11-05,2019-11-23,18,Pending
LEV001943,EMP000974,Paternity Leave,2024-11-05,2024-11-15,10,Rejected
LEV001944,EMP000974,Sick Leave,2025-10-29,2025-11-28,30,Approved
LEV001945,EMP000974,Study Leave,2020-06-23,2020-07-07,14,Approved
LEV001946,EMP000975,Study Leave,2021-07-30,2021-08-24,25,Pending
LEV001947,EMP000975,Compassionate Leave,2022-10-16,2022-10-29,13,Rejected
LEV001948,EMP000975,Paternity Leave,2025-07-10,2025-08-03,24,Approved
LEV001949,EMP000976,Maternity Leave,2023-07-25,2023-08-21,27,Pending
LEV001950,EMP000976,Sick Leave,2023-02-18,2023-02-23,5,Rejected
LEV001951,EMP000977,Study Leave,2020-04-29,2020-05-17,18,Approved
LEV001952,EMP000978,Sick Leave,2025-08-24,2025-09-07,14,Approved
LEV001953,EMP000979,Study Leave,2023-02-23,2023-02-27,4,Approved
LEV001954,EMP000979,Paternity Leave,2024-05-06,2024-06-05,30,Rejected
LEV001955,EMP000979,Maternity Leave,2022-06-02,2022-07-02,30,Approved
LEV001956,EMP000979,Compassionate Leave,2021-05-03,2021-05-30,-5,Rejected
LEV001957,EMP000980,Paternity Leave,2019-03-26,2019-04-25,30,Approved
LEV001958,EMP000981,Compassionate Leave,2021-10-01,2021-10-18,17,Approved
LEV001959,EMP000985,Study Leave,2021-08-15,2021-08-16,1,Approved
LEV001960,EMP000985,Maternity Leave,2019-09-16,2019-09-22,6,Approved
LEV001961,EMP000985,Maternity Leave,2023-02-16,2023-02-18,2,Approved
LEV001962,EMP000986,Study Leave,2024-08-31,2024-09-18,18,Approved
LEV001963,EMP000986,Study Leave,2020-09-07,2020-09-19,12,Approved
LEV001964,EMP000986,Compassionate Leave,2024-06-17,2024-07-11,24,Approved
LEV001965,EMP000987,Annual Leave,2021-08-11,2021-09-04,24,Pending
LEV001966,EMP000988,Annual Leave,2024-08-24,2024-08-27,3,Pending
LEV001967,EMP000988,Sick Leave,2022-11-21,2022-12-20,29,Approved
LEV001968,EMP000990,Compassionate Leave,2022-06-16,2022-06-23,7,Approved
LEV001969,EMP000990,Maternity Leave,2022-04-06,2022-04-25,19,Rejected
LEV001970,EMP000990,Annual Leave,2019-10-31,2019-11-24,24,Rejected
LEV001971,EMP000990,Annual Leave,2021-09-11,2021-10-06,25,Approved
LEV001972,EMP000991,Study Leave,2022-01-17,2022-01-18,1,Rejected
LEV001973,EMP000991,Annual Leave,2025-10-12,2025-10-30,18,Rejected
LEV001974,EMP000993,Maternity Leave,2025-05-07,2025-05-08,1,Approved
LEV001975,EMP000993,Annual Leave,2025-11-05,2025-11-19,14,Approved
LEV001976,EMP000994,Study Leave,2022-08-15,2022-08-16,1,Approved
LEV001977,EMP000994,Paternity Leave,2022-02-02,2022-02-08,6,Pending
LEV001978,EMP000994,Study Leave,2025-04-10,2025-04-22,12,Approved
LEV001979,EMP000994,Paternity Leave,2023-11-07,2023-11-18,11,Rejected
LEV001980,EMP000995,Annual Leave,2019-07-02,2019-07-27,25,Pending
LEV001981,EMP000995,Maternity Leave,2022-10-18,2022-11-14,27,Approved
LEV001982,EMP000995,Study Leave,2023-12-31,2024-01-30,30,Approved
LEV001983,EMP000996,Compassionate Leave,2020-06-02,2020-07-01,29,Pending
LEV001984,EMP000998,Compassionate Leave,2019-10-24,2019-11-18,25,Approved
LEV001985,EMP000998,Paternity Leave,2020-12-06,2020-12-18,12,Rejected
LEV001986,EMP001001,Study Leave,2021-08-31,2021-09-03,3,Approved
LEV001987,EMP001001,Study Leave,2023-09-22,2023-10-10,18,Approved
LEV001988,EMP001002,Maternity Leave,2019-06-04,2019-06-06,2,Approved
LEV001989,EMP001002,Paternity Leave,2023-06-20,2023-06-30,10,Approved
LEV001990,EMP001003,Maternity Leave,2023-12-09,2023-12-24,15,Rejected
LEV001991,EMP001004,Paternity Leave,2020-04-12,2020-05-08,26,Pending
LEV001992,EMP001004,Maternity Leave,2023-02-22,2023-03-07,13,Approved
LEV001993,EMP001004,Study Leave,2021-02-07,2021-02-08,1,Approved
LEV001994,EMP001005,Paternity Leave,2019-03-27,2019-04-01,5,Pending
LEV001995,EMP001006,Maternity Leave,2020-12-09,2020-12-22,13,Approved
LEV001996,EMP001007,Maternity Leave,2022-11-07,2022-12-07,30,Approved
LEV001997,EMP001008,Compassionate Leave,2025-04-26,2025-05-07,11,Approved
LEV001998,EMP001008,Paternity Leave,2020-10-02,2020-10-06,4,Pending
LEV001999,EMP001008,Maternity Leave,2023-06-22,2023-07-12,20,Rejected
LEV002000,EMP001008,UNKNOWN,2021-05-18,2021-05-26,8,Pending
LEV002001,EMP001009,Annual Leave,2019-05-10,2019-05-26,16,Approved
LEV002002,EMP001011,Paternity Leave,2022-07-22,2022-08-03,12,Approved
LEV002003,EMP001011,Study Leave,2021-08-02,2021-08-05,3,Approved
LEV002004,EMP001011,Compassionate Leave,2025-09-17,2025-09-18,1,Rejected
LEV002005,EMP001011,Compassionate Leave,2023-10-31,2023-11-29,29,Approved
LEV002006,EMP001012,Sick Leave,2023-09-21,2023-10-04,13,Pending
LEV002007,EMP001012,Paternity Leave,2023-07-17,2023-07-22,5,Approved
LEV002008,EMP001012,Compassionate Leave,2019-02-09,2019-02-24,15,Rejected
LEV002009,EMP001013,Study Leave,2019-01-08,2019-01-14,6,Pending
LEV002010,EMP001014,Paternity Leave,2023-02-25,2023-03-14,17,Approved
LEV002011,EMP001015,Study Leave,2022-10-02,2022-10-06,4,Approved
LEV002012,EMP001015,Sick Leave,2024-04-03,2024-05-01,28,Approved
LEV002013,EMP001015,Sick Leave,2021-10-23,2021-11-16,24,Rejected
LEV002014,EMP001015,Annual Leave,2025-09-18,2025-10-06,18,Approved
LEV002015,EMP001017,Maternity Leave,2023-06-03,2023-06-15,12,Approved
LEV002016,EMP001017,Study Leave,2019-11-09,2019-11-26,17,Rejected
LEV002017,EMP001018,Study Leave,2023-09-25,2023-10-24,29,Approved
LEV002018,EMP001018,Maternity Leave,2019-02-18,2019-02-23,5,Approved
LEV002019,EMP001018,Paternity Leave,2025-06-14,2025-06-16,2,Rejected
LEV002020,EMP001019,Annual Leave,2022-01-03,2022-01-12,9,Approved
LEV002021,EMP001019,,2023-11-01,2023-11-17,16,Approved
LEV002022,EMP001019,Annual Leave,2021-05-07,2021-06-06,30,Approved
LEV002023,EMP001019,Compassionate Leave,2020-02-11,2020-02-29,18,Approved
LEV002024,EMP001021,Annual Leave,2024-11-06,2024-11-11,5,Approved
LEV002025,EMP001021,Paternity Leave,2021-05-26,2021-06-13,18,Approved
LEV002026,EMP001021,Compassionate Leave,2021-02-27,2021-03-27,28,Approved
LEV002027,EMP001022,Annual Leave,2022-03-20,2022-04-08,19,Approved
LEV002028,EMP001022,Compassionate Leave,2019-03-13,2019-03-18,5,Approved
LEV002029,EMP001023,Sick Leave,2025-09-26,2025-10-02,6,Approved
LEV002030,EMP001023,Annual Leave,2021-02-07,2021-02-25,18,Approved
LEV002031,EMP001023,Study Leave,2019-02-26,2019-03-06,8,Rejected
LEV002032,EMP001023,Maternity Leave,2022-09-25,2022-09-27,2,Approved
LEV002033,EMP001024,Maternity Leave,2024-04-30,2024-05-25,25,Approved
LEV002034,EMP001024,Sick Leave,2021-07-10,2021-07-12,2,Approved
LEV002035,EMP001025,Paternity Leave,2021-07-13,2021-08-09,27,Approved
LEV002036,EMP001025,Study Leave,2025-12-10,2025-12-19,9,Pending
LEV002037,EMP001026,Compassionate Leave,2025-04-10,2025-04-24,14,Rejected
LEV002038,EMP001026,Compassionate Leave,2020-03-10,2020-04-06,27,Approved
LEV002039,EMP001026,Study Leave,2023-02-14,2023-03-13,27,Approved
LEV002040,EMP001027,Annual Leave,2019-07-23,2019-07-26,3,Approved
LEV002041,EMP001027,Compassionate Leave,2025-12-09,2025-12-14,5,Approved
LEV002042,EMP001027,Sick Leave,2022-05-30,2022-06-02,3,Approved
LEV002043,EMP001029,Study Leave,2023-07-09,2023-08-02,24,Approved
LEV002044,EMP001029,Study Leave,2022-05-22,2022-06-11,20,Pending
LEV002045,EMP001029,,2024-12-24,2025-01-15,22,Approved
LEV002046,EMP001029,Paternity Leave,2019-08-03,2019-08-16,13,Rejected
LEV002047,EMP001030,Study Leave,2020-05-30,2020-06-07,8,Approved
LEV002048,EMP001035,Paternity Leave,2020-12-19,2020-12-23,4,Approved
LEV002049,EMP001035,Annual Leave,2020-05-02,2020-06-01,30,Approved
LEV002050,EMP001037,Sick Leave,2019-10-31,2019-11-05,5,Approved
LEV002051,EMP001038,Annual Leave,2024-03-12,2024-03-16,4,Approved
LEV002052,EMP001038,Sick Leave,2021-01-23,2021-02-19,27,Approved
LEV002053,EMP001038,Paternity Leave,2023-07-17,2023-07-30,13,Rejected
LEV002054,EMP001039,Study Leave,2020-06-08,2020-06-22,14,Approved
LEV002055,EMP001039,Paternity Leave,2019-08-05,2019-08-18,13,Approved
LEV002056,EMP001039,Annual Leave,2024-09-30,2024-10-25,25,Approved
LEV002057,EMP001039,Maternity Leave,2025-03-17,2025-04-08,22,Rejected
LEV002058,EMP001040,Compassionate Leave,2019-06-04,2019-06-15,11,Pending
LEV002059,EMP001040,Compassionate Leave,2023-05-19,2023-06-12,24,Pending
LEV002060,EMP001040,Paternity Leave,2023-12-21,2024-01-05,-5,Approved
LEV002061,EMP001040,Sick Leave,2021-06-24,2021-07-23,29,Approved
LEV002062,EMP001041,Paternity Leave,2021-09-09,2021-10-06,27,Approved
LEV002063,EMP001041,Sick Leave,2022-03-20,2022-03-23,3,Pending
LEV002064,EMP001041,Study Leave,2019-07-29,2019-08-12,14,Rejected
LEV002065,EMP001041,Sick Leave,2020-03-11,2020-03-29,18,Pending
LEV002066,EMP001043,Compassionate Leave,2023-09-19,2023-09-22,3,Pending
LEV002067,EMP001043,Paternity Leave,2025-01-30,2025-02-19,20,Pending
LEV002068,EMP001043,Paternity Leave,2020-06-19,2020-06-22,-5,Rejected
LEV002069,EMP001044,Sick Leave,2021-01-21,2021-01-23,-5,Approved
LEV002070,EMP001045,Annual Leave,2020-03-19,2020-04-10,22,Approved
LEV002071,EMP001045,Compassionate Leave,2019-07-06,2019-07-28,22,Approved
LEV002072,EMP001046,Sick Leave,2025-08-08,2025-08-27,19,Approved
LEV002073,EMP001046,Paternity Leave,2022-06-23,2022-07-11,18,Approved
LEV002074,EMP001046,Annual Leave,2024-06-09,2024-07-02,23,Approved
LEV002075,EMP001047,Study Leave,2022-06-17,2022-06-24,7,Approved
LEV002076,EMP001047,Paternity Leave,2019-07-09,2019-07-13,4,Approved
LEV002077,EMP001047,Paternity Leave,2021-04-17,2021-04-20,3,Approved
LEV002078,EMP001047,Maternity Leave,2021-02-01,2021-02-13,12,Approved
LEV002079,EMP001048,Study Leave,2021-05-26,2021-06-14,19,Approved
LEV002080,EMP001049,Study Leave,2023-11-14,2023-11-18,4,Rejected
LEV002081,EMP001051,Annual Leave,2023-09-03,2023-09-14,11,Approved
LEV002082,EMP001051,Compassionate Leave,2021-03-28,2021-04-07,10,Rejected
LEV002083,EMP001051,Sick Leave,2025-03-14,2025-04-08,25,Approved
LEV002084,EMP001052,Maternity Leave,2021-08-22,2021-08-26,4,Rejected
LEV002085,EMP001052,Annual Leave,2021-07-05,2021-06-20,15,Pending
LEV002086,EMP001052,Annual Leave,2025-02-20,2025-02-25,5,Pending
LEV002087,EMP001052,Compassionate Leave,2023-04-21,2023-05-15,24,Approved
LEV002088,EMP001053,Maternity Leave,2022-05-21,2022-06-05,15,Approved
LEV002089,EMP001053,Compassionate Leave,2022-11-24,2022-12-09,15,Approved
LEV002090,EMP001055,Paternity Leave,2023-10-08,2023-10-27,19,Approved
LEV002091,EMP001055,Sick Leave,2024-12-27,2024-12-29,2,Approved
LEV002092,EMP001055,Compassionate Leave,2021-11-03,2021-11-30,27,Pending
LEV002093,EMP001056,Sick Leave,2024-03-14,2024-04-03,20,Pending
LEV002094,EMP001056,Maternity Leave,2022-07-13,2022-08-12,30,Rejected
LEV002095,EMP001057,Study Leave,2024-12-29,2025-01-19,21,Approved
LEV002096,EMP001057,Annual Leave,2025-09-10,2025-10-03,23,Approved
LEV002097,EMP001057,Sick Leave,2025-02-26,2025-03-26,28,Approved
LEV002098,EMP001057,Paternity Leave,2019-07-22,2019-08-02,11,Pending
LEV002099,EMP001060,Compassionate Leave,2025-07-28,2025-08-01,4,Approved
LEV002100,EMP001060,Paternity Leave,2021-10-30,2021-11-07,8,Rejected
LEV002101,EMP001060,Paternity Leave,2022-09-05,2022-10-04,29,Approved
LEV002102,EMP001061,Compassionate Leave,2024-10-07,2024-10-17,10,Approved
LEV002103,EMP001061,Sick Leave,2025-11-05,2025-11-28,23,Approved
LEV002104,EMP001061,Annual Leave,2022-11-26,2022-12-20,24,Approved
LEV002105,EMP001061,Sick Leave,2023-02-11,2023-03-06,23,Approved
LEV002106,EMP001062,Study Leave,2022-08-21,2022-08-23,2,Pending
LEV002107,EMP001062,Annual Leave,2021-04-24,2021-05-19,25,Approved
LEV002108,EMP001062,Paternity Leave,2021-11-29,2021-12-15,16,Rejected
LEV002109,EMP001062,Compassionate Leave,2022-11-18,2022-11-21,3,Rejected
LEV002110,EMP001063,Study Leave,2020-08-25,2020-09-04,10,Approved
LEV002111,EMP001063,Sick Leave,2024-11-14,2024-12-07,23,Approved
LEV002112,EMP001063,Paternity Leave,2021-06-01,2021-06-05,4,Approved
LEV002113,EMP001063,Compassionate Leave,2024-09-15,2024-09-24,9,Approved
LEV002114,EMP001064,Maternity Leave,2025-02-02,2025-02-04,2,Approved
LEV002115,EMP001064,Study Leave,2023-08-12,2023-09-09,28,Approved
LEV002116,EMP001064,Study Leave,2024-03-14,2024-03-29,15,Rejected
LEV002117,EMP001064,Study Leave,2021-07-08,2021-08-04,27,Pending
LEV002118,EMP001065,Annual Leave,2020-07-26,2020-08-22,27,Approved
LEV002119,EMP001065,Maternity Leave,2022-06-09,2022-06-26,17,Rejected
LEV002120,EMP001065,,2020-01-31,2020-02-24,24,Approved
LEV002121,EMP001065,Paternity Leave,2022-03-12,2022-04-07,26,Approved
LEV002122,EMP001066,Compassionate Leave,2021-02-05,2021-02-19,14,Rejected
LEV002123,EMP001066,Annual Leave,2022-02-19,2022-02-23,4,Pending
LEV002124,EMP001066,Maternity Leave,2022-09-21,2022-09-25,4,Rejected
LEV002125,EMP001067,Maternity Leave,2021-03-12,2021-03-21,9,Rejected
LEV002126,EMP001067,Sick Leave,2020-12-27,2021-01-09,13,Approved
LEV002127,EMP001067,Compassionate Leave,2024-07-11,2024-08-10,30,Pending
LEV002128,EMP001068,UNKNOWN,2021-10-11,2021-10-19,8,Approved
LEV002129,EMP001068,Maternity Leave,2023-05-30,2023-06-20,21,Rejected
LEV002130,EMP001069,Study Leave,2021-05-24,2021-05-27,3,Approved
LEV002131,EMP001069,Paternity Leave,2019-08-25,2019-09-15,21,Approved
LEV002132,EMP001070,Study Leave,2024-03-29,2024-04-05,7,Approved
LEV002133,EMP001070,Paternity Leave,2021-06-23,2021-07-19,26,Approved
LEV002134,EMP001070,Paternity Leave,2019-04-01,2019-04-02,1,Approved
LEV002135,EMP001071,Paternity Leave,2019-06-05,2019-06-06,1,Pending
LEV002136,EMP001071,Annual Leave,2021-05-20,2021-06-06,17,Rejected
LEV002137,EMP001072,Annual Leave,2022-03-20,2022-04-17,28,Approved
LEV002138,EMP001072,Compassionate Leave,2024-12-27,2025-01-25,29,Approved
LEV002139,EMP001072,Sick Leave,2021-03-07,2021-03-28,21,Approved
LEV002140,EMP001073,Compassionate Leave,2021-12-08,2021-12-10,2,Approved
LEV002141,EMP001074,Study Leave,2025-06-02,2025-06-23,21,Pending
LEV002142,EMP001075,Maternity Leave,2021-09-20,2021-10-09,19,Approved
LEV002143,EMP001075,Leave,2020-06-09,2020-06-13,4,Approved
LEV002144,EMP001076,Sick Leave,2021-04-02,2021-04-14,12,Pending
LEV002145,EMP001077,Sick Leave,2019-04-14,2019-04-27,13,Rejected
LEV002146,EMP001077,Compassionate Leave,2023-06-10,2023-06-16,6,Approved
LEV002147,EMP001077,Annual Leave,2024-07-02,2024-07-12,10,Approved
LEV002148,EMP001078,Annual Leave,2024-03-23,2024-03-22,1,Approved
LEV002149,EMP001078,Paternity Leave,2022-05-04,2022-05-09,5,Approved
LEV002150,EMP001079,Maternity Leave,2022-12-17,2022-12-20,3,Pending
LEV002151,EMP001079,Paternity Leave,2023-10-19,2023-10-27,8,Approved
LEV002152,EMP001079,Paternity Leave,2022-03-30,2022-04-16,17,Approved
LEV002153,EMP001080,Maternity Leave,2023-03-26,2023-03-27,1,Rejected
LEV002154,EMP001080,Paternity Leave,2022-08-08,2022-08-18,10,Approved
LEV002155,EMP001080,Paternity Leave,2020-09-26,2020-10-15,-5,Approved
LEV002156,EMP001080,Study Leave,2023-03-12,2023-04-06,25,Pending
LEV002157,EMP001081,Paternity Leave,2021-03-03,2021-03-14,11,Approved
LEV002158,EMP001081,Study Leave,2019-11-27,2019-12-16,19,Approved
LEV002159,EMP001081,Maternity Leave,2019-05-20,2019-05-28,8,Pending
LEV002160,EMP001082,Compassionate Leave,2020-03-21,2020-04-01,11,Approved
LEV002161,EMP001082,Annual Leave,2022-12-20,2023-01-04,-5,Approved
LEV002162,EMP001082,Maternity Leave,2019-08-29,2019-09-21,23,Rejected
LEV002163,EMP001082,Paternity Leave,2022-01-06,2022-01-15,9,Pending
LEV002164,EMP001083,Compassionate Leave,2023-03-09,2023-04-06,28,Approved
LEV002165,EMP001083,Annual Leave,2020-10-01,2020-10-05,4,Rejected
LEV002166,EMP001083,annual leave,2024-01-05,2024-01-13,8,Pending
LEV002167,EMP001084,Compassionate Leave,2021-03-05,2021-03-20,15,Pending
LEV002168,EMP001084,Sick Leave,2022-04-14,2022-04-20,6,Approved
LEV002169,EMP001085,Compassionate Leave,2023-05-09,2023-05-29,20,Approved
LEV002170,EMP001085,Sick,2019-09-09,2019-09-21,12,Pending
LEV002171,EMP001085,Study Leave,2021-08-26,2021-09-19,24,Approved
LEV002172,EMP001085,Compassionate Leave,2022-06-24,2022-07-22,28,Approved
LEV002173,EMP001086,Study Leave,2023-10-24,2023-11-16,23,Approved
LEV002174,EMP001087,Paternity Leave,2021-01-14,2021-02-13,30,Approved
LEV002175,EMP001088,Sick Leave,2022-06-04,2022-06-20,16,Approved
LEV002176,EMP001088,Sick Leave,2019-10-07,2019-10-12,5,Approved
LEV002177,EMP001088,Compassionate Leave,2024-12-20,2025-01-19,30,Rejected
LEV002178,EMP001089,Maternity Leave,2021-11-18,2021-12-15,27,Pending
LEV002179,EMP001089,Sick Leave,2023-02-09,2023-03-02,21,Approved
LEV002180,EMP001090,Annual Leave,2022-07-14,2022-07-30,16,Approved
LEV002181,EMP001090,Compassionate Leave,2025-04-02,2025-04-14,12,Approved
LEV002182,EMP001090,Paternity Leave,2025-02-26,2025-03-22,24,Rejected
LEV002183,EMP001091,Annual Leave,2025-03-23,2025-04-15,23,Approved
LEV002184,EMP001091,Compassionate Leave,2019-01-26,2019-02-17,22,Rejected
LEV002185,EMP001091,Compassionate Leave,2019-03-25,2019-03-27,2,Pending
LEV002186,EMP001092,Maternity Leave,2025-12-03,2026-01-02,30,Pending
LEV002187,EMP001092,Paternity Leave,2019-03-12,2019-03-31,19,Approved
LEV002188,EMP001092,Annual Leave,2019-04-16,2019-04-25,9,Rejected
LEV002189,EMP001093,Maternity Leave,2022-03-08,2022-03-15,7,Approved
LEV002190,EMP001093,Compassionate Leave,2019-10-07,2019-11-02,26,Rejected
LEV002191,EMP001093,Annual Leave,2019-02-09,2019-02-11,2,Approved
LEV002192,EMP001093,Paternity Leave,2024-04-25,2024-05-21,26,Approved
LEV002193,EMP001095,Study Leave,2023-11-13,2023-12-08,25,Pending
LEV002194,EMP001095,Maternity Leave,2019-04-12,2019-04-22,10,Approved
LEV002195,EMP001095,Compassionate Leave,2021-03-15,2021-03-19,4,Approved
LEV002196,EMP001096,Sick Leave,2023-05-04,2023-05-25,21,Rejected
LEV002197,EMP001096,Annual Leave,2021-12-04,2021-12-22,18,Approved
LEV002198,EMP001096,Sick Leave,2022-12-05,2023-01-02,28,Approved
LEV002199,EMP001097,Sick Leave,2025-07-08,2025-07-24,16,Approved
LEV002200,EMP001097,Paternity Leave,2020-08-28,2020-09-26,29,Approved
LEV002201,EMP001097,Compassionate Leave,2020-03-04,2020-03-31,27,Pending
LEV002202,EMP001098,Paternity Leave,2023-12-20,2024-01-16,27,Rejected
LEV002203,EMP001098,Maternity Leave,2021-04-22,2021-05-21,29,Pending
LEV002204,EMP001098,Annual Leave,2024-04-30,2024-05-06,6,Pending
LEV002205,EMP001100,Study Leave,2019-11-01,2019-11-15,14,Approved
LEV002206,EMP001101,Maternity Leave,2023-05-04,2023-05-18,14,Rejected
LEV002207,EMP001101,Maternity Leave,2025-02-23,2025-03-11,16,Approved
LEV002208,EMP001102,Sick Leave,2019-07-04,2019-07-08,4,Pending
LEV002209,EMP001102,Sick Leave,2021-10-13,2021-11-03,21,Approved
LEV002210,EMP001102,Maternity Leave,2023-03-23,2023-04-09,17,Pending
LEV002211,EMP001103,Compassionate Leave,2019-03-25,2019-04-07,13,Approved
LEV002212,EMP001103,Study Leave,2023-08-16,2023-09-07,22,Rejected
LEV002213,EMP001103,Annual Leave,2021-04-19,2021-05-07,18,Approved
LEV002214,EMP001104,Compassionate Leave,2023-11-03,2023-11-10,7,Rejected
LEV002215,EMP001105,Annual Leave,2019-12-15,2020-01-09,25,Approved
LEV002216,EMP001106,Annual Leave,2019-11-22,2019-12-11,19,Approved
LEV002217,EMP001106,Study Leave,2025-08-29,2025-09-19,21,Approved
LEV002218,EMP001106,Sick Leave,2025-10-07,2025-10-14,7,Approved
LEV002219,EMP001106,Paternity Leave,2022-02-16,2022-03-18,30,Approved
LEV002220,EMP001107,Paternity Leave,2020-10-01,2020-10-24,23,Pending
LEV002221,EMP001107,Compassionate Leave,2022-03-13,2022-04-04,22,Pending
LEV002222,EMP001107,Study Leave,2020-10-26,2020-11-19,24,Approved
LEV002223,EMP001108,Study Leave,2020-02-21,2020-03-04,12,Approved
LEV002224,EMP001108,Paternity Leave,2025-12-11,2025-12-25,14,Approved
LEV002225,EMP001109,Sick Leave,2020-08-04,2020-09-03,30,Pending
LEV002226,EMP001109,Compassionate Leave,2024-02-20,2024-02-29,9,Pending
LEV002227,EMP001110,Maternity Leave,2021-06-10,2021-07-03,23,Rejected
LEV002228,EMP001110,Study Leave,2020-11-07,2020-12-04,27,Approved
LEV002229,EMP001111,Maternity Leave,2024-06-14,2024-07-09,25,Rejected
LEV002230,EMP001111,Sick Leave,2025-06-28,2025-07-18,20,Rejected
LEV002231,EMP001111,Study Leave,2024-05-28,2024-06-01,4,Approved
LEV002232,EMP001111,Annual Leave,2023-12-31,2024-01-20,20,Pending
LEV002233,EMP001112,annual leave,2023-10-23,2023-11-09,17,Pending
LEV002234,EMP001112,Paternity Leave,2023-12-02,2023-12-25,23,Approved
LEV002235,EMP001112,Paternity Leave,2023-12-11,2023-12-22,11,Approved
LEV002236,EMP001113,Sick Leave,2023-03-18,2023-03-28,10,Approved
LEV002237,EMP001113,Sick Leave,2023-03-28,2023-04-19,22,Approved
LEV002238,EMP001113,Compassionate Leave,2025-08-14,2025-08-21,7,Approved
LEV002239,EMP001114,Annual Leave,2021-09-03,2021-09-29,26,Approved
LEV002240,EMP001114,Sick Leave,2019-10-26,2019-11-20,25,Approved
LEV002241,EMP001115,Study Leave,2024-01-21,2024-01-26,5,Approved
LEV002242,EMP001116,Annual Leave,2023-12-28,2024-01-06,9,Approved
LEV002243,EMP001116,Maternity Leave,2019-06-30,2019-07-16,16,Approved
LEV002244,EMP001117,Study Leave,2023-08-25,2023-09-11,17,Rejected
LEV002245,EMP001117,Compassionate Leave,2021-11-07,2021-11-21,14,Approved
LEV002246,EMP001118,Compassionate Leave,2023-12-14,2023-12-29,15,Pending
LEV002247,EMP001118,Annual Leave,2022-12-06,2022-12-16,10,Approved
LEV002248,EMP001118,Paternity Leave,2022-11-08,2022-11-22,14,Approved
LEV002249,EMP001118,Sick Leave,2021-06-28,2021-07-03,5,Approved
LEV002250,EMP001119,Sick Leave,2022-05-19,2022-05-28,9,Approved
LEV002251,EMP001119,Paternity Leave,2019-04-21,2019-05-18,27,Rejected
LEV002252,EMP001120,Paternity Leave,2019-05-15,2019-06-14,30,Pending
LEV002253,EMP001121,Paternity Leave,2025-04-23,2025-04-24,1,Approved
LEV002254,EMP001121,Annual Leave,2023-12-04,2023-12-29,25,Approved
LEV002255,EMP001121,Annual Leave,2025-06-02,2025-06-12,10,Approved
LEV002256,EMP001121,Sick Leave,2019-11-03,2019-12-03,30,Approved
LEV002257,EMP001122,Sick Leave,2019-01-08,2019-01-31,23,Rejected
LEV002258,EMP001122,Paternity Leave,2021-07-31,2021-08-15,15,Approved
LEV002259,EMP001122,Sick Leave,2021-04-01,2021-04-02,1,Pending
LEV002260,EMP001123,Paternity Leave,2020-04-27,2020-05-26,29,Rejected
LEV002261,EMP001123,Maternity Leave,2019-03-05,2019-03-08,3,Pending
LEV002262,EMP001123,Annual Leave,2023-10-02,2023-10-20,-5,Rejected
LEV002263,EMP001123,Maternity Leave,2021-09-13,2021-09-15,2,Rejected
LEV002264,EMP001125,Annual Leave,2023-09-21,2023-10-17,26,Approved
LEV002265,EMP001125,Annual Leave,2020-07-16,2020-07-28,12,Rejected
LEV002266,EMP001126,Vacation,2020-01-07,2020-01-13,6,Approved
LEV002267,EMP001126,Paternity Leave,2019-12-07,2019-12-17,10,Pending
LEV002268,EMP001126,Paternity Leave,2021-10-02,2021-10-26,24,Approved
LEV002269,EMP001129,Paternity Leave,2019-08-08,2019-08-17,9,Pending
LEV002270,EMP001130,Sick Leave,2019-12-05,2019-12-08,3,Pending
LEV002271,EMP001130,annual leave,2024-05-07,2024-05-13,6,Pending
LEV002272,EMP001130,Maternity Leave,2025-11-17,2025-12-12,25,Rejected
LEV002273,EMP001130,Study Leave,2025-04-06,2025-04-24,18,Pending
LEV002274,EMP001131,Paternity Leave,2019-10-07,2019-10-31,24,Approved
LEV002275,EMP001132,Compassionate Leave,2019-01-25,2019-01-06,19,Approved
LEV002276,EMP001132,Study Leave,2023-10-21,2023-11-05,15,Pending
LEV002277,EMP001134,Study Leave,2023-05-10,2023-05-17,7,Approved
LEV002278,EMP001134,Study Leave,2020-03-21,2020-03-26,5,Approved
LEV002279,EMP001136,Study Leave,2022-05-08,2022-05-26,18,Approved
LEV002280,EMP001136,Annual Leave,2022-07-27,2022-08-05,9,Approved
LEV002281,EMP001137,Maternity Leave,2024-08-20,2024-08-31,11,Rejected
LEV002282,EMP001139,Sick Leave,2022-01-05,2022-01-16,11,Pending
LEV002283,EMP001140,Paternity Leave,2021-03-23,2021-04-07,15,Rejected
LEV002284,EMP001141,Maternity Leave,2023-09-20,2023-10-11,21,Pending
LEV002285,EMP001141,Maternity Leave,2023-03-18,2023-03-27,9,Approved
LEV002286,EMP001141,Paternity Leave,2025-04-15,2025-04-17,2,Approved
LEV002287,EMP001142,Annual Leave,2019-04-07,2019-04-29,22,Approved
LEV002288,EMP001143,Sick Leave,2025-05-25,2025-06-21,27,Rejected
LEV002289,EMP001143,Study Leave,2020-07-20,2020-08-06,17,Approved
LEV002290,EMP001143,Sick Leave,2019-09-22,2019-10-13,21,Approved
LEV002291,EMP001143,Maternity Leave,2025-11-03,2025-11-21,18,Approved
LEV002292,EMP001144,Paternity Leave,2024-10-28,2024-11-16,19,Approved
LEV002293,EMP001144,Study Leave,2023-07-24,2023-08-23,30,Rejected
LEV002294,EMP001144,Paternity Leave,2022-10-30,2022-11-19,20,Approved
LEV002295,EMP001145,Paternity Leave,2023-05-16,2023-05-14,2,Approved
LEV002296,EMP001145,Sick Leave,2024-05-16,2024-05-21,5,Rejected
LEV002297,EMP001145,Sick Leave,2025-11-16,2025-12-10,24,Approved
LEV002298,EMP001145,Maternity Leave,2020-05-27,2020-06-07,11,Rejected
LEV002299,EMP001147,Compassionate Leave,2020-07-05,2020-07-21,16,Approved
LEV002300,EMP001147,Compassionate Leave,2024-11-07,2024-11-24,17,Rejected
LEV002301,EMP001147,Sick Leave,2019-03-22,2019-04-16,25,Approved
LEV002302,EMP001147,Study Leave,2021-03-17,2021-04-12,26,Approved
LEV002303,EMP001148,Maternity Leave,2024-12-08,2024-12-23,15,Approved
LEV002304,EMP001148,Compassionate Leave,2020-04-29,2020-05-14,15,Approved
LEV002305,EMP001148,Compassionate Leave,2024-08-13,2024-09-11,29,Rejected
LEV002306,EMP001149,Compassionate Leave,2019-05-20,2019-06-10,21,Approved
LEV002307,EMP001150,Study Leave,2019-04-18,2019-04-24,6,Approved
LEV002308,EMP001150,Sick Leave,2019-04-08,2019-04-12,4,Pending
LEV002309,EMP001151,Maternity Leave,2023-04-06,2023-04-28,22,Approved
LEV002310,EMP001151,Compassionate Leave,2025-09-01,2025-09-13,12,Pending
LEV002311,EMP001151,Compassionate Leave,2022-02-25,2022-03-08,11,Rejected
LEV002312,EMP001151,Sick Leave,2024-03-11,2024-03-21,10,Approved
LEV002313,EMP001152,Sick Leave,2022-11-14,2022-11-15,1,Rejected
LEV002314,EMP001152,Sick Leave,2020-01-26,2020-01-31,5,Approved
LEV002315,EMP001152,Compassionate Leave,2019-11-03,2019-11-08,5,Pending
LEV002316,EMP001153,Study Leave,2023-08-12,2023-08-28,16,Rejected
LEV002317,EMP001153,Compassionate Leave,2021-06-15,2021-07-05,20,Approved
LEV002318,EMP001153,Annual Leave,2019-04-12,2019-04-20,8,Approved
LEV002319,EMP001153,Compassionate Leave,2025-05-28,2025-06-22,25,Approved
LEV002320,EMP001154,Study Leave,2020-09-16,2020-09-30,14,Approved
LEV002321,EMP001154,Sick Leave,2019-02-23,2019-03-06,11,Approved
LEV002322,EMP001154,Annual Leave,2023-09-23,2023-10-06,13,Rejected
LEV002323,EMP001156,Maternity Leave,2021-08-06,2021-08-09,3,Approved
LEV002324,EMP001156,Paternity Leave,2021-06-20,2021-07-20,30,Approved
LEV002325,EMP001157,Study Leave,2025-08-10,2025-09-08,29,Approved
LEV002326,EMP001158,Study Leave,2019-05-06,2019-05-11,5,Approved
LEV002327,EMP001158,Paternity Leave,2021-07-11,2021-07-24,13,Pending
LEV002328,EMP001158,Paternity Leave,2024-04-17,2024-05-08,21,Approved
LEV002329,EMP001158,Maternity Leave,2022-08-23,2022-08-25,2,Approved
LEV002330,EMP001161,Paternity Leave,2022-04-24,2022-05-14,20,Approved
LEV002331,EMP001161,Paternity Leave,2025-09-08,2025-09-19,11,Approved
LEV002332,EMP001162,Study Leave,2025-05-13,2025-06-01,19,Rejected
LEV002333,EMP001164,Maternity Leave,2024-01-29,2024-02-04,6,Pending
LEV002334,EMP001164,Study Leave,2020-01-31,2020-03-01,30,Rejected
LEV002335,EMP001165,Sick Leave,2024-08-14,2024-09-07,24,Approved
LEV002336,EMP001165,Compassionate Leave,2021-09-30,2021-10-30,30,Rejected
LEV002337,EMP001165,Compassionate Leave,2025-06-19,2025-07-02,13,Rejected
LEV002338,EMP001165,Study Leave,2022-07-22,2022-08-19,28,Approved
LEV002339,EMP001166,Sick Leave,2024-06-24,2024-07-11,17,Pending
LEV002340,EMP001166,Study Leave,2025-04-07,2025-04-17,10,Pending
LEV002341,EMP001166,Paternity Leave,2021-03-22,2021-04-09,18,Approved
LEV002342,EMP001166,Maternity Leave,2025-11-12,2025-11-23,11,Approved
LEV002343,EMP001167,Maternity Leave,2022-07-02,2022-07-25,23,Pending
LEV002344,EMP001167,Study Leave,2019-10-07,2019-10-10,3,Rejected
LEV002345,EMP001170,Paternity Leave,2020-12-20,2020-12-27,7,Approved
LEV002346,EMP001171,Sick Leave,2021-10-12,2021-10-18,6,Approved
LEV002347,EMP001171,Paternity Leave,2022-03-31,2022-04-20,20,Approved
LEV002348,EMP001171,Paternity Leave,2020-07-05,2020-08-03,29,Approved
LEV002349,EMP001171,Annual Leave,2022-09-26,2022-10-21,25,Approved
LEV002350,EMP001173,Paternity Leave,2021-10-09,2021-10-12,3,Approved
LEV002351,EMP001173,Maternity Leave,2022-11-14,2022-12-13,29,Pending
LEV002352,EMP001173,Study Leave,2019-09-30,2019-10-14,14,Rejected
LEV002353,EMP001175,Maternity Leave,2023-07-02,2023-07-17,15,Pending
LEV002354,EMP001175,Leave,2024-12-12,2024-12-25,13,Approved
LEV002355,EMP001175,Study Leave,2023-07-04,2023-08-02,29,Approved
LEV002356,EMP001176,Maternity Leave,2021-12-30,2022-01-21,22,Approved
LEV002357,EMP001176,Maternity Leave,2021-06-10,2021-07-09,29,Approved
LEV002358,EMP001176,Paternity Leave,2024-08-18,2024-09-17,30,Approved
LEV002359,EMP001177,Sick Leave,2022-12-30,2023-01-12,13,Approved
LEV002360,EMP001177,Annual Leave,2023-09-08,2023-09-28,20,Approved
LEV002361,EMP001177,Paternity Leave,2025-08-28,2025-09-01,-5,Approved
LEV002362,EMP001177,Paternity Leave,2019-09-22,2019-10-07,15,Pending
LEV002363,EMP001179,Paternity Leave,2023-02-04,2023-01-10,25,Rejected
LEV002364,EMP001179,Sick Leave,2021-07-19,2021-07-31,12,Pending
LEV002365,EMP001180,Sick Leave,2022-12-05,2022-12-17,12,Approved
LEV002366,EMP001180,Annual Leave,2019-03-16,2019-04-14,29,Approved
LEV002367,EMP001182,Paternity Leave,2019-05-11,2019-05-24,13,Rejected
LEV002368,EMP001182,Study Leave,2021-01-13,2021-02-06,24,Approved
LEV002369,EMP001182,Compassionate Leave,2023-03-06,2023-03-08,2,Rejected
LEV002370,EMP001183,Paternity Leave,2025-02-09,2025-02-22,13,Approved
LEV002371,EMP001183,Paternity Leave,2019-12-19,2019-12-20,1,Pending
LEV002372,EMP001183,Compassionate Leave,2024-05-12,2024-05-17,5,Approved
LEV002373,EMP001184,Maternity Leave,2021-06-14,2021-06-28,14,Approved
LEV002374,EMP001184,Paternity Leave,2019-06-05,2019-06-21,16,Approved
LEV002375,EMP001185,Study Leave,2020-02-10,2020-02-15,5,Approved
LEV002376,EMP001185,Compassionate Leave,2022-06-11,2022-07-06,25,Approved
LEV002377,EMP001185,Maternity Leave,2021-11-21,2021-12-10,19,Approved
LEV002378,EMP001186,Study Leave,2020-10-23,2020-11-01,9,Pending
LEV002379,EMP001187,Sick Leave,2024-05-02,2024-05-25,23,Approved
LEV002380,EMP001187,Maternity Leave,2023-04-10,2023-05-01,21,Rejected
LEV002381,EMP001187,Maternity Leave,2025-03-30,2025-04-09,10,Pending
LEV002382,EMP001188,Sick Leave,2019-10-01,2019-10-24,23,Approved
LEV002383,EMP001188,Maternity Leave,2025-09-06,2025-09-14,8,Approved
LEV002384,EMP001189,Paternity Leave,2022-03-31,2022-04-15,15,Pending
LEV002385,EMP001190,Sick Leave,2024-08-27,2024-09-09,13,Approved
LEV002386,EMP001192,,2019-06-07,2019-06-29,22,Approved
LEV002387,EMP001192,Compassionate Leave,2020-08-31,2020-09-25,25,Pending
LEV002388,EMP001192,Compassionate Leave,2021-10-11,2021-10-16,5,Approved
LEV002389,EMP001193,Annual Leave,2023-06-07,2023-06-16,9,Rejected
LEV002390,EMP001194,Annual Leave,2022-05-01,2022-05-08,7,Approved
LEV002391,EMP001194,Paternity Leave,2024-05-06,2024-05-27,21,Pending
LEV002392,EMP001194,Paternity Leave,2020-08-21,2020-09-13,23,Pending
LEV002393,EMP001195,Compassionate Leave,2025-12-23,2025-12-31,8,Approved
LEV002394,EMP001196,Paternity Leave,2021-04-27,2021-05-16,19,Approved
LEV002395,EMP001196,Compassionate Leave,2021-04-15,2021-04-18,3,Approved
LEV002396,EMP001196,Maternity Leave,2021-08-09,2021-09-01,23,Pending
LEV002397,EMP001196,Paternity Leave,2025-04-13,2025-05-05,22,Approved
LEV002398,EMP001197,Compassionate Leave,2019-12-04,2019-12-31,27,Approved
LEV002399,EMP001197,Maternity Leave,2022-03-30,2022-04-08,9,Approved
LEV002400,EMP001198,Study Leave,2021-10-06,2021-11-02,27,Approved
LEV002401,EMP001198,Study Leave,2023-07-24,2023-08-08,15,Approved
LEV002402,EMP001199,Compassionate Leave,2024-07-19,2024-08-16,28,Approved
LEV002403,EMP001200,Study Leave,2021-06-09,2021-07-05,26,Approved
LEV002404,EMP001200,Maternity Leave,2022-08-07,2022-09-04,28,Rejected
LEV002405,EMP001200,Paternity Leave,2024-05-12,2024-05-29,17,Rejected
LEV002406,EMP001200,Annual Leave,2022-06-17,2022-06-24,7,Approved
LEV002407,EMP001201,Paternity Leave,2025-02-17,2025-03-04,15,Approved
LEV002408,EMP001201,Paternity Leave,2025-03-26,2025-03-27,1,Approved
LEV002409,EMP001201,Compassionate Leave,2025-02-03,2025-02-05,2,Approved
LEV002410,EMP001201,Study Leave,2025-09-06,2025-09-11,5,Rejected
LEV002411,EMP001202,Paternity Leave,2019-04-16,2019-05-14,28,Pending
LEV002412,EMP001202,Sick Leave,2022-06-28,2022-07-02,4,Approved
LEV002413,EMP001202,Paternity Leave,2019-01-21,2019-01-10,11,Pending
LEV002414,EMP001202,Maternity Leave,2021-07-30,2021-08-17,18,Rejected
LEV002415,EMP001205,Study Leave,2021-10-14,2021-11-09,26,Approved
LEV002416,EMP001206,Sick Leave,2025-08-14,2025-08-24,10,Rejected
LEV002417,EMP001206,Paternity Leave,2022-02-10,2022-02-26,16,Approved
LEV002418,EMP001206,Sick Leave,2025-01-04,2024-12-31,4,Approved
LEV002419,EMP001207,Study Leave,2021-09-10,2021-10-07,27,Approved
LEV002420,EMP001208,Maternity Leave,2021-09-29,2021-10-18,19,Rejected
LEV002421,EMP001208,Paternity Leave,2022-04-14,2022-04-26,12,Approved
LEV002422,EMP001208,Compassionate Leave,2020-08-18,2020-09-08,21,Rejected
LEV002423,EMP001208,Paternity Leave,2022-01-12,2022-01-16,-5,Approved
LEV002424,EMP001209,Study Leave,2021-08-27,2021-09-22,26,Approved
LEV002425,EMP001209,Sick Leave,2025-01-06,2025-01-09,3,Approved
LEV002426,EMP001209,Sick Leave,2024-03-07,2024-04-03,27,Rejected
LEV002427,EMP001210,Maternity Leave,2022-04-23,2022-05-10,17,Rejected
LEV002428,EMP001210,Maternity Leave,2025-07-09,2025-08-02,24,Approved
LEV002429,EMP001210,Paternity Leave,2019-05-24,2019-06-20,27,Approved
LEV002430,EMP001212,Paternity Leave,2020-03-06,2020-04-02,27,Approved
LEV002431,EMP001213,Annual Leave,2022-01-31,2022-03-01,29,Approved
LEV002432,EMP001214,Compassionate Leave,2025-12-20,2026-01-14,25,Rejected
LEV002433,EMP001214,Study Leave,2021-01-21,2021-02-05,15,Pending
LEV002434,EMP001214,Study Leave,2023-11-26,2023-11-27,1,Approved
LEV002435,EMP001216,Maternity Leave,2020-12-30,2021-01-20,21,Approved
LEV002436,EMP001216,Annual Leave,2022-08-03,2022-08-24,21,Approved
LEV002437,EMP001217,Sick Leave,2020-02-21,2020-02-22,1,Rejected
LEV002438,EMP001218,Sick Leave,2025-04-02,2025-04-22,20,Approved
LEV002439,EMP001218,Compassionate Leave,2021-02-20,2021-03-10,18,Rejected
LEV002440,EMP001218,Paternity Leave,2020-06-13,2020-07-12,29,Approved
LEV002441,EMP001218,Compassionate Leave,2024-01-16,2024-01-28,12,Approved
LEV002442,EMP001219,Maternity Leave,2022-11-02,2022-11-17,15,Approved
LEV002443,EMP001219,Compassionate Leave,2024-03-04,2024-03-18,14,Rejected
LEV002444,EMP001219,Paternity Leave,2024-03-15,2024-04-07,23,Approved
LEV002445,EMP001219,Paternity Leave,2023-03-13,2023-04-09,27,Approved
LEV002446,EMP001221,Paternity Leave,2021-01-01,2021-01-03,2,Approved
LEV002447,EMP001223,Sick Leave,2024-02-05,2024-02-18,13,Pending
LEV002448,EMP001223,Sick Leave,2024-04-28,2024-05-15,17,Pending
LEV002449,EMP001223,Sick Leave,2024-02-16,2024-02-29,13,Approved
LEV002450,EMP001224,Compassionate Leave,2025-11-17,2025-12-02,15,Approved
LEV002451,EMP001224,Study Leave,2021-10-30,2021-11-11,12,Approved
LEV002452,EMP001224,Paternity Leave,2020-02-03,2020-02-07,4,Rejected
LEV002453,EMP001225,Paternity Leave,2019-01-04,2019-01-19,15,Approved
LEV002454,EMP001225,Paternity Leave,2023-07-08,2023-07-23,15,Approved
LEV002455,EMP001225,Paternity Leave,2020-05-31,2020-06-05,5,Rejected
LEV002456,EMP001226,Paternity Leave,2019-12-18,2020-01-12,25,Pending
LEV002457,EMP001227,Paternity Leave,2023-07-02,2023-07-12,10,Approved
LEV002458,EMP001227,Paternity Leave,2021-04-04,2021-05-04,30,Pending
LEV002459,EMP001229,Maternity Leave,2022-03-08,2022-03-29,21,Pending
LEV002460,EMP001229,Maternity Leave,2020-07-28,2020-08-06,9,Rejected
LEV002461,EMP001229,Maternity Leave,2023-12-28,2024-01-05,8,Approved
LEV002462,EMP001229,,2021-06-23,2021-07-04,11,Rejected
LEV002463,EMP001230,Sick Leave,2022-07-23,2022-08-17,25,Approved
LEV002464,EMP001231,Compassionate Leave,2021-10-23,2021-10-29,6,Pending
LEV002465,EMP001231,Maternity Leave,2020-02-19,2020-02-21,2,Approved
LEV002466,EMP001231,Annual Leave,2024-05-25,2024-06-18,24,Approved
LEV002467,EMP001231,Paternity Leave,2023-01-16,2023-01-21,5,Rejected
LEV002468,EMP001232,Study Leave,2022-07-10,2022-08-08,29,Pending
LEV002469,EMP001232,Sick Leave,2019-02-13,2019-02-24,11,Rejected
LEV002470,EMP001232,Compassionate Leave,2022-10-18,2022-11-05,18,Approved
LEV002471,EMP001232,Annual Leave,2025-05-25,2025-05-27,2,Rejected
LEV002472,EMP001233,Maternity Leave,2020-08-18,2020-09-05,18,Approved
LEV002473,EMP001233,Compassionate Leave,2019-09-02,2019-09-30,28,Approved
LEV002474,EMP001233,Paternity Leave,2020-07-25,2020-08-08,14,Approved
LEV002475,EMP001235,Annual Leave,2023-11-14,2023-12-01,17,Approved
LEV002476,EMP001236,Sick Leave,2020-09-26,2020-10-04,8,Rejected
LEV002477,EMP001236,Study Leave,2024-04-03,2024-04-23,20,Approved
LEV002478,EMP001236,Annual Leave,2022-04-13,2022-04-22,9,Approved
LEV002479,EMP001237,UNKNOWN,2019-07-26,2019-07-27,1,Approved
LEV002480,EMP001238,Study Leave,2023-11-03,2023-11-07,4,Approved
LEV002481,EMP001238,Sick Leave,2024-09-13,2024-10-01,18,Approved
LEV002482,EMP001239,Study Leave,2025-04-24,2025-04-27,3,Approved
LEV002483,EMP001239,Compassionate Leave,2019-09-19,2019-09-20,1,Pending
LEV002484,EMP001239,Paternity Leave,2023-03-12,2023-03-23,11,Approved
LEV002485,EMP001241,Sick Leave,2024-04-03,2024-04-10,7,Approved
LEV002486,EMP001241,,2023-12-11,2023-12-15,4,Pending
LEV002487,EMP001241,Paternity Leave,2025-10-13,2025-11-10,28,Approved
LEV002488,EMP001242,Annual Leave,2021-03-25,2021-04-24,30,Approved
LEV002489,EMP001242,Annual Leave,2024-06-16,2024-06-17,1,Approved
LEV002490,EMP001242,Maternity Leave,2025-04-30,2025-05-05,5,Approved
LEV002491,EMP001242,Compassionate Leave,2019-06-11,2019-06-24,13,Approved
LEV002492,EMP001243,Annual Leave,2020-03-27,2020-04-09,13,Pending
LEV002493,EMP001244,Maternity Leave,2024-12-21,2025-01-02,12,Pending
LEV002494,EMP001244,Study Leave,2021-01-17,2021-01-27,10,Approved
LEV002495,EMP001244,Study Leave,2024-10-04,2024-10-14,10,Pending
LEV002496,EMP001244,Paternity Leave,2025-01-31,2025-02-15,15,Rejected
LEV002497,EMP001245,Compassionate Leave,2024-08-15,2024-08-19,4,Approved
LEV002498,EMP001245,Compassionate Leave,2020-04-11,2020-04-26,15,Approved
LEV002499,EMP001246,Study Leave,2022-06-20,2022-07-17,27,Pending
LEV002500,EMP001246,Annual Leave,2020-10-03,2020-10-29,26,Rejected
LEV002501,EMP001246,Annual Leave,2024-03-26,2024-04-20,25,Approved
LEV002502,EMP001247,Compassionate Leave,2019-01-24,2019-02-23,30,Rejected
LEV002503,EMP001247,Study Leave,2021-04-26,2021-05-18,22,Pending
LEV002504,EMP001247,Sick Leave,2025-09-01,2025-09-20,19,Approved
LEV002505,EMP001247,Compassionate Leave,2023-01-02,2023-01-29,27,Approved
LEV002506,EMP001248,Study Leave,2023-09-12,2023-09-25,13,Approved
LEV002507,EMP001249,Sick Leave,2022-09-01,2022-09-11,10,Approved
LEV002508,EMP001249,Compassionate Leave,2025-07-17,2025-07-19,2,Approved
LEV002509,EMP001251,Compassionate Leave,2022-05-16,2022-06-03,18,Approved
LEV002510,EMP001251,Study Leave,2025-06-21,2025-07-12,21,Approved
LEV002511,EMP001251,,2023-01-25,2023-01-28,3,Approved
LEV002512,EMP001251,Sick Leave,2021-04-09,2021-04-26,17,Approved
LEV002513,EMP001252,Annual Leave,2025-02-16,2025-02-19,3,Approved
LEV002514,EMP001252,Compassionate Leave,2019-07-11,2019-07-26,15,Pending
LEV002515,EMP001253,Compassionate Leave,2024-11-18,2024-11-30,12,Approved
LEV002516,EMP001253,,2022-12-25,2023-01-23,29,Pending
LEV002517,EMP001253,Compassionate Leave,2019-01-03,2019-01-13,10,Approved
LEV002518,EMP001253,Compassionate Leave,2020-05-16,2020-06-15,30,Approved
LEV002519,EMP001254,Maternity Leave,2025-11-23,2025-12-23,30,Approved
LEV002520,EMP001254,Study Leave,2022-05-10,2022-06-05,26,Approved
LEV002521,EMP001255,Annual Leave,2019-04-01,2019-04-09,8,Approved
LEV002522,EMP001255,Annual Leave,2025-08-13,2025-09-02,20,Pending
LEV002523,EMP001255,Study Leave,2021-07-03,2021-07-25,22,Approved
LEV002524,EMP001255,Maternity Leave,2020-11-05,2020-11-16,11,Approved
LEV002525,EMP001256,Sick Leave,2020-09-04,2020-09-19,-5,Approved
LEV002526,EMP001256,Study Leave,2020-10-14,2020-10-19,5,Rejected
LEV002527,EMP001257,Study Leave,2024-09-07,2024-09-08,1,Pending
LEV002528,EMP001258,Sick Leave,2022-08-05,2022-08-25,20,Pending
LEV002529,EMP001260,Compassionate Leave,2024-05-04,2024-05-21,17,Pending
LEV002530,EMP001261,Maternity Leave,2019-05-06,2019-05-15,9,Pending
LEV002531,EMP001261,Sick Leave,2022-03-10,2022-04-07,28,Approved
LEV002532,EMP001261,Maternity Leave,2019-04-18,2019-04-20,2,Approved
LEV002533,EMP001262,Sick Leave,2024-06-13,2024-06-22,9,Approved
LEV002534,EMP001262,Study Leave,2020-08-15,2020-08-16,1,Rejected
LEV002535,EMP001262,Study Leave,2020-11-24,2020-12-05,11,Pending
LEV002536,EMP001263,Paternity Leave,2023-10-06,2023-10-22,16,Approved
LEV002537,EMP001264,,2023-02-08,2023-03-05,25,Pending
LEV002538,EMP001264,Compassionate Leave,2019-08-30,2019-09-29,30,Rejected
LEV002539,EMP001264,Paternity Leave,2019-06-21,2019-06-30,9,Approved
LEV002540,EMP001264,Study Leave,2025-11-01,2025-11-23,22,Pending
LEV002541,EMP001265,Sick Leave,2019-11-22,2019-12-03,11,Approved
LEV002542,EMP001265,Maternity Leave,2023-01-27,2023-01-30,3,Rejected
LEV002543,EMP001265,Compassionate Leave,2023-03-23,2023-03-31,8,Approved
LEV002544,EMP001265,Paternity Leave,2024-05-07,2024-05-17,10,Pending
LEV002545,EMP001266,Study Leave,2024-05-13,2024-06-09,27,Approved
LEV002546,EMP001267,Sick Leave,2024-04-03,2024-04-28,25,Approved
LEV002547,EMP001267,Sick Leave,2020-01-12,2020-01-26,14,Approved
LEV002548,EMP001269,Compassionate Leave,2024-04-05,2024-04-10,5,Pending
LEV002549,EMP001269,Sick Leave,2021-12-10,2021-12-29,19,Rejected
LEV002550,EMP001269,Paternity Leave,2022-05-06,2022-05-11,5,Pending
LEV002551,EMP001269,Maternity Leave,2022-04-01,2022-04-05,4,Approved
LEV002552,EMP001270,Maternity Leave,2019-12-23,2019-12-28,5,Rejected
LEV002553,EMP001274,Compassionate Leave,2019-09-27,2019-10-24,27,Rejected
LEV002554,EMP001274,Study Leave,2022-01-24,2022-02-05,12,Approved
LEV002555,EMP001275,Paternity Leave,2022-09-22,2022-10-07,15,Pending
LEV002556,EMP001275,Annual Leave,2021-07-01,2021-07-31,30,Pending
LEV002557,EMP001275,Annual Leave,2020-08-03,2020-08-08,5,Pending
LEV002558,EMP001276,,2021-06-20,2021-07-18,28,Approved
LEV002559,EMP001276,Study Leave,2022-09-26,2022-10-13,17,Approved
LEV002560,EMP001276,Annual Leave,2019-09-16,2019-10-01,15,Approved
LEV002561,EMP001277,Sick Leave,2023-05-17,2023-06-05,19,Approved
LEV002562,EMP001277,Vacation,2021-09-12,2021-10-03,21,Approved
LEV002563,EMP001278,Compassionate Leave,2024-04-12,2024-04-17,5,Approved
LEV002564,EMP001278,Sick Leave,2020-12-30,2021-01-25,26,Approved
LEV002565,EMP001278,Study Leave,2022-01-28,2022-02-09,12,Approved
LEV002566,EMP001280,Compassionate Leave,2021-05-13,2021-06-08,26,Approved
LEV002567,EMP001280,Paternity Leave,2024-03-09,2024-03-29,20,Pending
LEV002568,EMP001280,Study Leave,2021-04-21,2021-05-02,11,Approved
LEV002569,EMP001281,Maternity Leave,2022-12-25,2023-01-13,19,Approved
LEV002570,EMP001282,Sick Leave,2025-06-04,2025-06-28,24,Approved
LEV002571,EMP001283,Compassionate Leave,2020-07-25,2020-08-23,29,Approved
LEV002572,EMP001283,Annual Leave,2022-06-08,2022-06-12,4,Approved
LEV002573,EMP001283,Sick Leave,2022-09-02,2022-09-03,1,Approved
LEV002574,EMP001284,Annual Leave,2021-01-27,2021-02-02,6,Approved
LEV002575,EMP001285,Compassionate Leave,2023-03-30,2023-04-05,6,Pending
LEV002576,EMP001285,Annual Leave,2020-11-03,2020-11-21,18,Approved
LEV002577,EMP001285,Annual Leave,2021-04-13,2021-04-16,3,Pending
LEV002578,EMP001285,Compassionate Leave,2024-06-17,2024-07-14,27,Approved
LEV002579,EMP001286,Study Leave,2024-10-18,2024-11-11,24,Rejected
LEV002580,EMP001286,Paternity Leave,2020-05-19,2020-06-04,16,Pending
LEV002581,EMP001286,Paternity Leave,2025-09-20,2025-09-21,1,Approved
LEV002582,EMP001288,Compassionate Leave,2022-04-24,2022-05-19,25,Approved
LEV002583,EMP001288,Leave,2020-05-12,2020-05-22,10,Approved
LEV002584,EMP001288,Study Leave,2024-11-10,2024-12-08,28,Approved
LEV002585,EMP001288,Study Leave,2022-04-09,2022-04-27,18,Rejected
LEV002586,EMP001289,Paternity Leave,2021-05-24,2021-06-14,21,Approved
LEV002587,EMP001289,Study Leave,2019-05-20,2019-06-02,13,Pending
LEV002588,EMP001290,Study Leave,2025-04-07,2025-04-10,3,Approved
LEV002589,EMP001290,Study Leave,2022-01-16,2022-01-18,2,Rejected
LEV002590,EMP001290,annual leave,2024-06-20,2024-07-18,28,Pending
LEV002591,EMP001290,Study Leave,2024-10-13,2024-11-01,19,Approved
LEV002592,EMP001291,Compassionate Leave,2021-03-27,2021-04-04,8,Approved
LEV002593,EMP001291,Annual Leave,2021-08-09,2021-09-07,29,Pending
LEV002594,EMP001291,Study Leave,2023-05-30,2023-06-19,20,Approved
LEV002595,EMP001292,Annual Leave,2023-03-12,2023-04-10,29,Approved
LEV002596,EMP001292,Compassionate Leave,2023-11-17,2023-12-06,19,Approved
LEV002597,EMP001293,Paternity Leave,2023-11-28,2023-12-03,5,Approved
LEV002598,EMP001293,Maternity Leave,2022-01-18,2022-01-25,7,Approved
LEV002599,EMP001294,Sick Leave,2024-07-02,2024-07-09,7,Rejected
LEV002600,EMP001294,Sick Leave,2019-11-20,2019-12-01,11,Approved
LEV002601,EMP001295,Study Leave,2023-09-18,2023-09-24,-5,Approved
LEV002602,EMP001295,Paternity Leave,2024-03-22,2024-04-17,26,Approved
LEV002603,EMP001296,Sick Leave,2022-09-23,2022-09-26,3,Rejected
LEV002604,EMP001296,Annual Leave,2023-09-30,2023-10-18,18,Approved
LEV002605,EMP001297,Compassionate Leave,2022-02-22,2022-03-08,14,Approved
LEV002606,EMP001297,Sick Leave,2020-03-04,2020-03-20,16,Rejected
LEV002607,EMP001299,Compassionate Leave,2021-02-25,2021-03-08,11,Approved
LEV002608,EMP001299,,2020-09-23,2020-10-04,11,Approved
LEV002609,EMP001299,Sick Leave,2021-02-18,2021-02-23,5,Approved
LEV002610,EMP001299,Sick Leave,2023-07-02,2023-07-31,29,Rejected
LEV002611,EMP001301,Paternity Leave,2019-05-19,2019-05-27,8,Approved
LEV002612,EMP001301,Sick Leave,2025-06-29,2025-07-01,2,Pending
LEV002613,EMP001301,Compassionate Leave,2021-05-09,2021-05-16,7,Rejected
LEV002614,EMP001301,Compassionate Leave,2025-07-25,2025-08-14,20,Approved
LEV002615,EMP001302,Annual Leave,2019-06-28,2019-07-19,21,Approved
LEV002616,EMP001302,Annual Leave,2024-09-27,2024-10-23,26,Rejected
LEV002617,EMP001303,Paternity Leave,2023-05-02,2023-05-18,16,Pending
LEV002618,EMP001304,Annual Leave,2023-01-27,2023-02-11,15,Rejected
LEV002619,EMP001306,Maternity Leave,2020-03-06,2020-03-15,9,Approved
LEV002620,EMP001307,Maternity Leave,2020-04-04,2020-03-18,17,Approved
LEV002621,EMP001308,Maternity Leave,2024-06-23,2024-07-09,16,Approved
LEV002622,EMP001308,Paternity Leave,2025-10-20,2025-10-26,6,Pending
LEV002623,EMP001308,Compassionate Leave,2025-04-25,2025-05-22,27,Pending
LEV002624,EMP001310,Sick Leave,2025-03-07,2025-03-09,2,Approved
LEV002625,EMP001310,Paternity Leave,2023-03-09,2023-04-08,30,Pending
LEV002626,EMP001311,Paternity Leave,2024-10-22,2024-11-14,23,Approved
LEV002627,EMP001312,Compassionate Leave,2024-07-08,2024-08-01,24,Approved
LEV002628,EMP001312,Sick Leave,2020-05-29,2020-06-08,10,Pending
LEV002629,EMP001313,Study Leave,2023-11-16,2023-12-15,29,Rejected
LEV002630,EMP001313,Study Leave,2022-03-01,2022-03-27,26,Rejected
LEV002631,EMP001313,Maternity Leave,2019-12-11,2019-12-31,20,Rejected
LEV002632,EMP001313,Paternity Leave,2025-05-19,2025-06-05,17,Rejected
LEV002633,EMP001315,Study Leave,2022-05-29,2022-06-13,15,Approved
LEV002634,EMP001315,Compassionate Leave,2025-12-29,2025-12-30,1,Rejected
LEV002635,EMP001315,Maternity Leave,2024-10-29,2024-11-24,26,Approved
LEV002636,EMP001317,Annual Leave,2020-02-01,2020-02-23,22,Rejected
LEV002637,EMP001317,Annual Leave,2020-05-31,2020-06-14,14,Rejected
LEV002638,EMP001317,Sick Leave,2020-01-25,2020-02-17,23,Pending
LEV002639,EMP001317,Annual Leave,2020-01-29,2020-01-30,1,Approved
LEV002640,EMP001318,Maternity Leave,2025-03-16,2025-03-23,7,Approved
LEV002641,EMP001319,Annual Leave,2022-09-19,2022-10-04,15,Pending
LEV002642,EMP001319,Annual Leave,2023-04-30,2023-05-01,1,Approved
LEV002643,EMP001319,Maternity Leave,2020-08-13,2020-08-26,13,Approved
LEV002644,EMP001320,Sick Leave,2022-07-12,2022-08-07,26,Pending
LEV002645,EMP001321,Maternity Leave,2023-03-28,2023-03-25,3,Approved
LEV002646,EMP001321,Compassionate Leave,2021-04-23,2021-05-16,23,Pending
LEV002647,EMP001321,Study Leave,2019-05-26,2019-06-22,27,Pending
LEV002648,EMP001321,annual leave,2025-06-08,2025-06-17,9,Rejected
LEV002649,EMP001324,Annual Leave,2025-01-05,2025-01-23,18,Pending
LEV002650,EMP001324,Sick Leave,2021-08-17,2021-09-11,25,Approved
LEV002651,EMP001324,Annual Leave,2022-05-29,2022-06-07,9,Pending
LEV002652,EMP001324,Compassionate Leave,2021-12-01,2021-12-12,11,Rejected
LEV002653,EMP001325,Study Leave,2022-08-22,2022-09-12,21,Rejected
LEV002654,EMP001327,Paternity Leave,2024-07-12,2024-07-17,5,Approved
LEV002655,EMP001327,Sick Leave,2019-07-08,2019-07-22,14,Approved
LEV002656,EMP001328,Compassionate Leave,2020-05-15,2020-05-27,12,Approved
LEV002657,EMP001329,Compassionate Leave,2019-10-04,2019-10-24,20,Approved
LEV002658,EMP001329,Maternity Leave,2023-10-08,2023-11-04,27,Approved
LEV002659,EMP001329,Compassionate Leave,2024-02-11,2024-03-06,24,Approved
LEV002660,EMP001330,Compassionate Leave,2020-07-05,2020-07-08,3,Approved
LEV002661,EMP001330,Maternity Leave,2021-01-23,2021-02-22,30,Approved
LEV002662,EMP001330,Compassionate Leave,2020-09-12,2020-09-28,16,Approved
LEV002663,EMP001330,Maternity Leave,2019-04-10,2019-04-11,1,Approved
LEV002664,EMP001331,Sick Leave,2023-12-07,2023-12-15,8,Approved
LEV002665,EMP001331,Annual Leave,2022-06-04,2022-06-15,11,Pending
LEV002666,EMP001331,Sick Leave,2020-09-02,2020-09-03,1,Rejected
LEV002667,EMP001332,Study Leave,2025-02-01,2025-02-19,18,Pending
LEV002668,EMP001332,Paternity Leave,2020-12-10,2021-01-08,29,Approved
LEV002669,EMP001332,Maternity Leave,2024-02-21,2024-03-01,9,Approved
LEV002670,EMP001333,Maternity Leave,2025-09-21,2025-10-09,18,Approved
LEV002671,EMP001333,Annual Leave,2019-09-30,2019-10-16,16,Rejected
LEV002672,EMP001333,Sick Leave,2024-12-16,2025-01-01,16,Approved
LEV002673,EMP001334,Sick Leave,2024-11-04,2024-11-26,22,Approved
LEV002674,EMP001334,Annual Leave,2019-10-22,2019-11-13,22,Rejected
LEV002675,EMP001334,UNKNOWN,2024-03-17,2024-03-20,3,Rejected
LEV002676,EMP001335,Compassionate Leave,2021-02-21,2021-03-18,25,Approved
LEV002677,EMP001335,Compassionate Leave,2023-01-15,2023-01-22,7,Approved
LEV002678,EMP001335,Study Leave,2022-12-01,2022-12-15,14,Rejected
LEV002679,EMP001335,Study Leave,2023-07-22,2023-08-18,27,Pending
LEV002680,EMP001337,Annual Leave,2022-02-02,2022-02-14,12,Pending
LEV002681,EMP001337,Sick Leave,2021-02-21,2021-02-28,7,Pending
LEV002682,EMP001339,Study Leave,2025-06-09,2025-06-10,1,Rejected
LEV002683,EMP001339,Sick Leave,2022-01-29,2022-02-10,12,Pending
LEV002684,EMP001339,Study Leave,2020-09-05,2020-10-05,30,Rejected
LEV002685,EMP001339,Compassionate Leave,2022-12-27,2023-01-14,18,Pending
LEV002686,EMP001341,Maternity Leave,2025-11-01,2025-11-12,11,Rejected
LEV002687,EMP001341,Compassionate Leave,2022-10-13,2022-11-01,19,Rejected
LEV002688,EMP001341,Maternity Leave,2023-09-26,2023-10-23,27,Approved
LEV002689,EMP001341,Paternity Leave,2020-12-31,2021-01-19,19,Approved
LEV002690,EMP001342,Paternity Leave,2019-04-15,2019-04-17,2,Approved
LEV002691,EMP001343,Annual Leave,2024-05-05,2024-05-14,9,Approved
LEV002692,EMP001343,Annual Leave,2025-04-09,2025-05-04,25,Approved
LEV002693,EMP001344,Compassionate Leave,2023-10-11,2023-10-30,19,Pending
LEV002694,EMP001344,Compassionate Leave,2023-08-07,2023-07-31,7,Pending
LEV002695,EMP001344,Sick Leave,2020-06-26,2020-07-07,11,Approved
LEV002696,EMP001344,Sick Leave,2022-05-06,2022-05-29,23,Approved
LEV002697,EMP001345,Study Leave,2024-02-05,2024-02-23,18,Approved
LEV002698,EMP001345,Sick Leave,2025-05-17,2025-05-28,11,Approved
LEV002699,EMP001345,Compassionate Leave,2019-02-10,2019-03-04,22,Approved
LEV002700,EMP001345,Sick Leave,2020-11-02,2020-11-28,26,Approved
LEV002701,EMP001346,Sick Leave,2023-11-08,2023-12-06,28,Rejected
LEV002702,EMP001346,Annual Leave,2022-05-09,2022-05-17,8,Approved
LEV002703,EMP001347,Paternity Leave,2021-01-19,2021-01-21,2,Approved
LEV002704,EMP001347,Sick Leave,2024-01-03,2024-01-11,8,Pending
LEV002705,EMP001347,Annual Leave,2022-11-22,2022-12-20,28,Approved
LEV002706,EMP001347,Maternity Leave,2024-08-18,2024-09-15,28,Approved
LEV002707,EMP001348,Annual Leave,2019-12-06,2019-12-16,10,Approved
LEV002708,EMP001350,Compassionate Leave,2021-06-16,2021-07-05,19,Approved
LEV002709,EMP001350,Paternity Leave,2020-08-13,2020-08-18,5,Pending
LEV002710,EMP001350,Compassionate Leave,2022-08-13,2022-08-24,11,Rejected
LEV002711,EMP001350,Compassionate Leave,2023-06-21,2023-06-28,7,Pending
LEV002712,EMP001351,Sick Leave,2024-03-03,2024-03-12,9,Pending
LEV002713,EMP001351,Annual Leave,2025-09-03,2025-09-08,5,Rejected
LEV002714,EMP001351,Annual Leave,2023-09-21,2023-10-06,15,Approved
LEV002715,EMP001351,Paternity Leave,2025-01-30,2025-02-10,11,Pending
LEV002716,EMP001352,Annual Leave,2020-09-30,2020-09-21,9,Pending
LEV002717,EMP001352,Maternity Leave,2020-08-24,2020-09-02,9,Approved
LEV002718,EMP001353,Sick Leave,2020-06-09,2020-06-25,16,Rejected
LEV002719,EMP001353,Maternity Leave,2024-09-07,2024-09-19,12,Approved
LEV002720,EMP001353,Paternity Leave,2020-06-07,2020-07-05,28,Rejected
LEV002721,EMP001353,Maternity Leave,2022-04-21,2022-05-21,30,Approved
LEV002722,EMP001355,Study Leave,2024-10-01,2024-10-28,27,Rejected
LEV002723,EMP001355,Study Leave,2022-08-01,2022-07-06,26,Approved
LEV002724,EMP001356,Compassionate Leave,2019-02-07,2019-02-18,11,Approved
LEV002725,EMP001356,Paternity Leave,2024-04-10,2024-05-09,29,Pending
LEV002726,EMP001356,Compassionate Leave,2020-01-02,2020-01-16,14,Approved
LEV002727,EMP001356,Compassionate Leave,2022-09-02,2022-09-26,24,Pending
LEV002728,EMP001357,Paternity Leave,2023-03-14,2023-03-16,2,Approved
LEV002729,EMP001357,Paternity Leave,2022-12-30,2023-01-16,17,Approved
LEV002730,EMP001357,Study Leave,2025-03-04,2025-03-08,4,Approved
LEV002731,EMP001357,Compassionate Leave,2019-03-04,2019-03-26,22,Approved
LEV002732,EMP001358,Compassionate Leave,2020-03-01,2020-03-19,18,Rejected
LEV002733,EMP001358,Compassionate Leave,2023-01-30,2023-02-09,10,Approved
LEV002734,EMP001360,Maternity Leave,2025-09-05,2025-09-10,5,Pending
LEV002735,EMP001360,Study Leave,2020-09-13,2020-09-20,7,Approved
LEV002736,EMP001361,Maternity Leave,2019-04-09,2019-04-12,3,Approved
LEV002737,EMP001361,Sick Leave,2025-05-17,2025-06-01,15,Approved
LEV002738,EMP001361,Annual Leave,2025-12-16,2025-12-18,2,Rejected
LEV002739,EMP001362,Sick Leave,2023-03-28,2023-02-27,29,Pending
LEV002740,EMP001363,Study Leave,2024-01-17,2024-02-01,15,Approved
LEV002741,EMP001363,Annual Leave,2022-04-10,2022-05-06,26,Approved
LEV002742,EMP001363,Paternity Leave,2020-12-12,2020-12-18,6,Rejected
LEV002743,EMP001366,Sick Leave,2023-12-08,2023-12-22,14,Rejected
LEV002744,EMP001366,Maternity Leave,2019-01-19,2019-02-18,30,Approved
LEV002745,EMP001368,Annual Leave,2024-11-28,2024-12-03,5,Approved
LEV002746,EMP001368,Paternity Leave,2019-10-19,2019-10-20,1,Approved
LEV002747,EMP001368,Paternity Leave,2021-03-09,2021-03-23,14,Pending
LEV002748,EMP001370,Maternity Leave,2025-06-20,2025-07-01,11,Rejected
LEV002749,EMP001370,Paternity Leave,2019-08-02,2019-08-10,8,Approved
LEV002750,EMP001371,Paternity Leave,2024-12-18,2024-12-22,4,Approved
LEV002751,EMP001371,Study Leave,2019-07-25,2019-07-31,6,Approved
LEV002752,EMP001371,Paternity Leave,2022-04-30,2022-05-09,9,Approved
LEV002753,EMP001372,Sick Leave,2019-09-05,2019-09-29,24,Approved
LEV002754,EMP001372,Annual Leave,2021-02-02,2021-02-04,2,Approved
LEV002755,EMP001372,Sick Leave,2022-02-17,2022-03-14,25,Rejected
LEV002756,EMP001372,Maternity Leave,2019-06-11,2019-06-20,9,Approved
LEV002757,EMP001373,Paternity Leave,2020-08-03,2020-08-18,15,Rejected
LEV002758,EMP001373,Compassionate Leave,2025-05-21,2025-05-26,5,Pending
LEV002759,EMP001373,Annual Leave,2020-08-11,2020-08-31,20,Rejected
LEV002760,EMP001373,Sick Leave,2025-12-11,2025-12-13,2,Rejected
LEV002761,EMP001374,Compassionate Leave,2025-04-02,2025-04-05,3,Approved
LEV002762,EMP001375,Study Leave,2020-05-20,2020-06-10,21,Approved
LEV002763,EMP001375,Annual Leave,2023-10-04,2023-11-03,30,Pending
LEV002764,EMP001375,Study Leave,2022-02-03,2022-02-27,24,Pending
LEV002765,EMP001376,Paternity Leave,2025-05-02,2025-05-23,21,Approved
LEV002766,EMP001376,Paternity Leave,2023-03-15,2023-03-27,12,Pending
LEV002767,EMP001376,Study Leave,2025-06-07,2025-06-26,19,Pending
LEV002768,EMP001377,Paternity Leave,2022-08-24,2022-08-25,1,Approved
LEV002769,EMP001377,Study Leave,2021-06-21,2021-06-28,7,Pending
LEV002770,EMP001377,Maternity Leave,2021-09-28,2021-10-23,25,Approved
LEV002771,EMP001379,Annual Leave,2022-11-05,2022-11-11,6,Approved
LEV002772,EMP001379,Maternity Leave,2021-06-04,2021-07-02,28,Rejected
LEV002773,EMP001379,Paternity Leave,2023-10-01,2023-10-30,29,Approved
LEV002774,EMP001379,Compassionate Leave,2025-12-04,2025-12-22,18,Approved
LEV002775,EMP001381,Study Leave,2023-08-21,2023-09-06,16,Approved
LEV002776,EMP001381,Annual Leave,2021-12-28,2022-01-06,9,Approved
LEV002777,EMP001381,Annual Leave,2023-03-27,2023-04-20,24,Rejected
LEV002778,EMP001381,Study Leave,2019-01-10,2019-02-01,22,Rejected
LEV002779,EMP001383,Maternity Leave,2023-12-28,2024-01-21,24,Approved
LEV002780,EMP001384,Paternity Leave,2025-01-13,2025-01-23,10,Pending
LEV002781,EMP001385,Compassionate Leave,2021-12-19,2022-01-16,28,Approved
LEV002782,EMP001385,Sick,2020-01-18,2020-02-16,29,Approved
LEV002783,EMP001385,Annual Leave,2020-01-05,2020-02-01,27,Rejected
LEV002784,EMP001385,Paternity Leave,2022-03-14,2022-04-10,27,Approved
LEV002785,EMP001387,Paternity Leave,2022-07-16,2022-08-04,19,Approved
LEV002786,EMP001387,Annual Leave,2020-10-28,2020-11-24,27,Approved
LEV002787,EMP001387,Paternity Leave,2019-12-11,2019-12-17,6,Approved
LEV002788,EMP001388,Compassionate Leave,2021-01-23,2021-02-04,12,Approved
LEV002789,EMP001388,Study Leave,2023-05-19,2023-05-29,10,Approved
LEV002790,EMP001388,Sick Leave,2025-02-26,2025-03-17,19,Rejected
LEV002791,EMP001388,Maternity Leave,2020-08-22,2020-08-25,3,Approved
LEV002792,EMP001389,Maternity Leave,2020-11-19,2020-12-05,16,Pending
LEV002793,EMP001389,Compassionate Leave,2022-08-08,2022-08-30,22,Rejected
LEV002794,EMP001391,Sick,2022-11-23,2022-11-28,5,Approved
LEV002795,EMP001391,Sick Leave,2023-10-31,2023-11-29,29,Pending
LEV002796,EMP001391,Study Leave,2025-12-07,2025-12-28,21,Rejected
LEV002797,EMP001391,Annual Leave,2025-02-05,2025-02-24,19,Rejected
LEV002798,EMP001393,Paternity Leave,2020-09-09,2020-09-14,5,Rejected
LEV002799,EMP001393,Annual Leave,2024-06-24,2024-07-12,18,Rejected
LEV002800,EMP001393,Sick Leave,2020-12-20,2020-12-27,-5,Approved
LEV002801,EMP001394,Maternity Leave,2025-03-04,2025-03-26,22,Pending
LEV002802,EMP001394,Annual Leave,2024-05-05,2024-05-23,18,Rejected
LEV002803,EMP001394,Maternity Leave,2023-06-03,2023-06-06,3,Approved
LEV002804,EMP001395,Maternity Leave,2025-11-27,2025-12-26,29,Pending
LEV002805,EMP001395,Sick Leave,2024-12-29,2025-01-27,29,Approved
LEV002806,EMP001395,Annual Leave,2023-05-27,2023-06-13,17,Approved
LEV002807,EMP001395,Paternity Leave,2019-11-12,2019-12-12,30,Rejected
LEV002808,EMP001396,Maternity Leave,2024-10-14,2024-10-25,11,Approved
LEV002809,EMP001396,Maternity Leave,2020-02-11,2020-02-25,14,Approved
LEV002810,EMP001396,Study Leave,2020-12-20,2020-12-25,5,Approved
LEV002811,EMP001396,Compassionate Leave,2022-02-27,2022-03-13,14,Approved
LEV002812,EMP001398,Compassionate Leave,2022-07-08,2022-08-05,28,Approved
LEV002813,EMP001398,Study Leave,2022-01-01,2022-01-20,19,Rejected
LEV002814,EMP001398,Sick Leave,2021-01-28,2021-01-29,1,Approved
LEV002815,EMP001400,Paternity Leave,2024-07-07,2024-07-10,3,Rejected
LEV002816,EMP001400,Sick Leave,2019-02-04,2019-02-09,5,Pending
LEV002817,EMP001400,Paternity Leave,2025-04-29,2025-05-15,16,Pending
LEV002818,EMP001400,Annual Leave,2023-03-05,2023-04-01,27,Approved
LEV002819,EMP001401,Study Leave,2024-03-27,2024-04-23,27,Approved
LEV002820,EMP001401,Paternity Leave,2025-12-13,2026-01-05,23,Approved
LEV002821,EMP001401,Study Leave,2021-01-18,2021-02-07,20,Approved
LEV002822,EMP001402,Compassionate Leave,2021-08-05,2021-09-01,27,Approved
LEV002823,EMP001402,Study Leave,2021-06-22,2021-07-07,15,Rejected
LEV002824,EMP001403,Sick Leave,2020-06-26,2020-07-10,14,Approved
LEV002825,EMP001403,Compassionate Leave,2021-07-10,2021-08-08,29,Approved
LEV002826,EMP001403,Study Leave,2022-08-12,2022-08-15,3,Approved
LEV002827,EMP001403,Vacation,2025-12-24,2026-01-16,23,Pending
LEV002828,EMP001405,Paternity Leave,2022-11-25,2022-12-23,28,Pending
LEV002829,EMP001405,Paternity Leave,2023-05-08,2023-05-24,16,Approved
LEV002830,EMP001405,Study Leave,2025-01-31,2025-02-24,24,Pending
LEV002831,EMP001405,Maternity Leave,2023-01-25,2023-02-14,20,Rejected
LEV002832,EMP001406,Annual Leave,2020-12-16,2021-01-04,19,Pending
LEV002833,EMP001407,Paternity Leave,2024-03-29,2024-04-12,14,Rejected
LEV002834,EMP001407,Annual Leave,2019-11-19,2019-11-23,4,Approved
LEV002835,EMP001408,Maternity Leave,2019-10-10,2019-10-19,9,Rejected
LEV002836,EMP001408,Study Leave,2025-09-05,2025-09-30,25,Approved
LEV002837,EMP001408,Annual Leave,2024-06-23,2024-07-18,25,Approved
LEV002838,EMP001408,Sick Leave,2021-01-02,2021-01-04,2,Approved
LEV002839,EMP001409,Paternity Leave,2020-10-27,2020-11-21,25,Approved
LEV002840,EMP001409,Paternity Leave,2023-07-08,2023-08-04,27,Approved
LEV002841,EMP001410,Annual Leave,2019-03-06,2019-03-21,15,Approved
LEV002842,EMP001411,Paternity Leave,2020-07-15,2020-07-30,15,Pending
LEV002843,EMP001412,Compassionate Leave,2019-04-05,2019-04-23,18,Approved
LEV002844,EMP001412,Vacation,2024-08-13,2024-08-25,12,Approved
LEV002845,EMP001412,Maternity Leave,2021-07-01,2021-07-23,22,Rejected
LEV002846,EMP001413,Paternity Leave,2019-05-14,2019-06-03,20,Pending
LEV002847,EMP001413,Sick Leave,2019-01-29,2019-02-07,9,Approved
LEV002848,EMP001414,Annual Leave,2021-06-18,2021-06-26,8,Approved
LEV002849,EMP001414,Study Leave,2023-03-02,2023-03-06,4,Pending
LEV002850,EMP001415,Paternity Leave,2021-01-02,2021-01-26,24,Pending
LEV002851,EMP001416,Maternity Leave,2022-04-07,2022-05-06,29,Pending
LEV002852,EMP001416,Compassionate Leave,2022-09-10,2022-09-27,17,Approved
LEV002853,EMP001417,Annual Leave,2023-01-11,2023-01-23,12,Rejected
LEV002854,EMP001418,Paternity Leave,2020-01-30,2020-02-24,25,Rejected
LEV002855,EMP001418,Sick Leave,2019-02-12,2019-03-11,27,Approved
LEV002856,EMP001418,Sick Leave,2024-03-01,2024-03-10,9,Approved
LEV002857,EMP001418,Compassionate Leave,2020-03-05,2020-03-10,5,Approved
LEV002858,EMP001419,Paternity Leave,2020-05-06,2020-05-14,8,Approved
LEV002859,EMP001419,Compassionate Leave,2024-01-28,2024-02-12,15,Approved
LEV002860,EMP001419,Annual Leave,2025-10-16,2025-10-26,10,Approved
LEV002861,EMP001419,Paternity Leave,2019-07-08,2019-08-06,29,Approved
LEV002862,EMP001420,Maternity Leave,2023-09-06,2023-09-18,12,Approved
LEV002863,EMP001420,Sick Leave,2025-12-20,2026-01-16,27,Rejected
LEV002864,EMP001420,Maternity Leave,2020-08-11,2020-08-29,18,Approved
LEV002865,EMP001420,Maternity Leave,2024-02-25,2024-03-12,16,Approved
LEV002866,EMP001421,Maternity Leave,2022-05-23,2022-06-10,18,Pending
LEV002867,EMP001421,,2021-07-26,2021-08-16,21,Approved
LEV002868,EMP001422,Annual Leave,2021-05-11,2021-05-14,3,Approved
LEV002869,EMP001422,Annual Leave,2020-02-23,2020-03-19,25,Approved
LEV002870,EMP001424,Annual Leave,2020-05-14,2020-05-21,7,Pending
LEV002871,EMP001424,Compassionate Leave,2022-02-15,2022-03-08,21,Rejected
LEV002872,EMP001424,Compassionate Leave,2023-08-26,2023-09-19,24,Pending
LEV002873,EMP001426,Paternity Leave,2024-06-30,2024-07-07,7,Approved
LEV002874,EMP001426,Maternity Leave,2020-02-02,2020-02-03,1,Approved
LEV002875,EMP001426,Study Leave,2024-05-14,2024-06-10,27,Approved
LEV002876,EMP001427,Sick Leave,2022-02-17,2022-02-20,3,Approved
LEV002877,EMP001428,Annual Leave,2024-11-09,2024-12-05,26,Approved
LEV002878,EMP001428,Compassionate Leave,2021-08-05,2021-09-03,29,Approved
LEV002879,EMP001429,Sick Leave,2022-08-03,2022-08-30,27,Rejected
LEV002880,EMP001429,Sick,2024-01-05,2024-01-30,25,Rejected
LEV002881,EMP001429,Paternity Leave,2022-07-15,2022-07-23,8,Approved
LEV002882,EMP001429,Study Leave,2021-05-26,2021-06-07,12,Approved
LEV002883,EMP001431,Study Leave,2020-04-27,2020-05-10,13,Approved
LEV002884,EMP001431,Paternity Leave,2023-11-16,2023-12-03,17,Rejected
LEV002885,EMP001432,Paternity Leave,2019-09-26,2019-10-08,12,Approved
LEV002886,EMP001432,Paternity Leave,2023-11-20,2023-11-30,10,Approved
LEV002887,EMP001433,Annual Leave,2021-09-25,2021-10-18,23,Rejected
LEV002888,EMP001433,Study Leave,2019-08-09,2019-08-11,2,Approved
LEV002889,EMP001433,Study Leave,2023-07-17,2023-07-20,3,Rejected
LEV002890,EMP001434,Study Leave,2019-11-06,2019-12-01,25,Pending
LEV002891,EMP001434,Maternity Leave,2025-05-23,2025-06-01,9,Approved
LEV002892,EMP001434,Annual Leave,2019-05-28,2019-06-24,27,Approved
LEV002893,EMP001434,Maternity Leave,2021-08-27,2021-09-23,27,Approved
LEV002894,EMP001435,Maternity Leave,2024-04-26,2024-05-11,15,Pending
LEV002895,EMP001435,Annual Leave,2025-10-22,2025-11-20,29,Approved
LEV002896,EMP001436,Annual Leave,2024-03-21,2024-03-24,3,Approved
LEV002897,EMP001436,Sick Leave,2019-09-25,2019-10-22,27,Pending
LEV002898,EMP001436,Compassionate Leave,2024-03-22,2024-04-17,26,Approved
LEV002899,EMP001437,Paternity Leave,2021-02-09,2021-02-26,17,Approved
LEV002900,EMP001437,Sick Leave,2019-12-09,2019-12-26,17,Rejected
LEV002901,EMP001438,Sick Leave,2023-01-07,2023-02-02,26,Approved
LEV002902,EMP001438,Study Leave,2019-03-03,2019-03-09,6,Pending
LEV002903,EMP001438,Maternity Leave,2021-02-12,2021-02-15,3,Rejected
LEV002904,EMP001438,Maternity Leave,2020-10-08,2020-10-30,22,Pending
LEV002905,EMP001441,Maternity Leave,2025-04-07,2025-04-14,7,Rejected
LEV002906,EMP001441,Sick Leave,2021-03-11,2021-03-20,9,Approved
LEV002907,EMP001441,Sick Leave,2021-05-29,2021-06-26,28,Pending
LEV002908,EMP001441,Sick Leave,2020-11-17,2020-12-11,24,Rejected
LEV002909,EMP001443,Study Leave,2023-07-31,2023-08-22,22,Pending
LEV002910,EMP001443,Sick Leave,2024-05-27,2024-06-20,24,Approved
LEV002911,EMP001443,Annual Leave,2025-12-18,2026-01-09,22,Rejected
LEV002912,EMP001444,Study Leave,2019-02-19,2019-03-16,25,Approved
LEV002913,EMP001446,Annual Leave,2025-09-10,2025-09-25,15,Pending
LEV002914,EMP001446,Sick Leave,2022-07-14,2022-07-25,11,Approved
LEV002915,EMP001446,Maternity Leave,2023-05-08,2023-05-22,14,Pending
LEV002916,EMP001446,Annual Leave,2024-03-04,2024-03-16,12,Approved
LEV002917,EMP001447,Annual Leave,2024-11-19,2024-12-10,21,Pending
LEV002918,EMP001448,Study Leave,2019-01-29,2019-02-02,4,Approved
LEV002919,EMP001449,Annual Leave,2019-09-14,2019-10-12,28,Pending
LEV002920,EMP001449,Study Leave,2021-04-16,2021-05-16,30,Approved
LEV002921,EMP001449,Maternity Leave,2020-06-20,2020-07-04,14,Rejected
LEV002922,EMP001451,Study Leave,2022-06-06,2022-06-17,11,Approved
LEV002923,EMP001451,Study Leave,2019-04-15,2019-05-05,20,Pending
LEV002924,EMP001451,Sick Leave,2022-11-06,2022-11-25,19,Approved
LEV002925,EMP001452,Paternity Leave,2025-09-07,2025-10-07,30,Approved
LEV002926,EMP001454,Annual Leave,2022-02-17,2022-02-23,-5,Approved
LEV002927,EMP001454,Annual Leave,2025-06-27,2025-07-03,6,Approved
LEV002928,EMP001454,Study Leave,2025-04-03,2025-04-25,22,Pending
LEV002929,EMP001454,Study Leave,2023-04-05,2023-04-16,11,Approved
LEV002930,EMP001456,Annual Leave,2022-05-10,2022-05-11,1,Approved
LEV002931,EMP001456,Sick Leave,2023-09-05,2023-09-28,23,Rejected
LEV002932,EMP001457,Annual Leave,2024-10-01,2024-10-25,24,Pending
LEV002933,EMP001457,Annual Leave,2022-12-21,2023-01-20,30,Approved
LEV002934,EMP001457,Paternity Leave,2021-05-17,2021-06-12,26,Approved
LEV002935,EMP001459,Maternity Leave,2022-06-02,2022-06-18,16,Approved
LEV002936,EMP001459,Annual Leave,2025-06-28,2025-07-17,19,Approved
LEV002937,EMP001459,Study Leave,2021-12-06,2021-12-21,15,Rejected
LEV002938,EMP001459,Paternity Leave,2023-01-22,2023-02-10,19,Approved
LEV002939,EMP001460,Sick Leave,2020-09-19,2020-10-03,14,Pending
LEV002940,EMP001460,Study Leave,2021-11-23,2021-12-05,12,Approved
LEV002941,EMP001460,Paternity Leave,2019-12-15,2019-12-20,5,Approved
LEV002942,EMP001460,Maternity Leave,2022-01-18,2022-02-08,21,Rejected
LEV002943,EMP001461,Maternity Leave,2021-03-07,2021-03-22,15,Approved
LEV002944,EMP001462,Maternity Leave,2023-03-24,2023-04-19,26,Rejected
LEV002945,EMP001462,Annual Leave,2024-06-25,2024-07-11,16,Rejected
LEV002946,EMP001462,Leave,2019-10-27,2019-10-31,4,Rejected
LEV002947,EMP001462,Compassionate Leave,2024-06-07,2024-06-24,17,Approved
LEV002948,EMP001463,Maternity Leave,2025-05-18,2025-06-14,27,Approved
LEV002949,EMP001463,Annual Leave,2024-01-27,2024-02-19,23,Pending
LEV002950,EMP001463,Compassionate Leave,2021-11-29,2021-12-18,19,Rejected
LEV002951,EMP001463,,2022-02-16,2022-03-15,27,Approved
LEV002952,EMP001464,Maternity Leave,2022-11-11,2022-11-30,19,Approved
LEV002953,EMP001464,annual leave,2019-05-04,2019-05-22,18,Approved
LEV002954,EMP001465,Paternity Leave,2022-06-17,2022-06-26,9,Pending
LEV002955,EMP001465,Sick Leave,2019-09-13,2019-10-01,18,Approved
LEV002956,EMP001465,Study Leave,2024-10-20,2024-11-04,15,Approved
LEV002957,EMP001465,Annual Leave,2023-03-12,2023-03-25,13,Approved
LEV002958,EMP001466,Paternity Leave,2023-03-07,2023-03-26,19,Approved
LEV002959,EMP001467,Sick Leave,2019-12-13,2019-12-24,11,Pending
LEV002960,EMP001467,Maternity Leave,2021-08-25,2021-09-14,20,Approved
LEV002961,EMP001467,Paternity Leave,2020-10-18,2020-11-14,27,Approved
LEV002962,EMP001468,Annual Leave,2024-09-08,2024-09-21,13,Approved
LEV002963,EMP001469,Compassionate Leave,2019-04-18,2019-05-18,30,Approved
LEV002964,EMP001469,Compassionate Leave,2023-03-12,2023-03-14,2,Approved
LEV002965,EMP001469,Maternity Leave,2021-06-21,2021-05-25,27,Approved
LEV002966,EMP001469,Annual Leave,2020-01-21,2020-01-29,8,Approved
LEV002967,EMP001470,Annual Leave,2024-12-14,2024-12-26,12,Approved
LEV002968,EMP001470,Compassionate Leave,2023-09-27,2023-10-15,18,Rejected
LEV002969,EMP001473,Maternity Leave,2023-10-13,2023-10-31,18,Pending
LEV002970,EMP001473,Sick Leave,2023-10-08,2023-11-03,26,Approved
LEV002971,EMP001473,Annual Leave,2019-08-31,2019-09-03,3,Pending
LEV002972,EMP001473,Study Leave,2023-06-02,2023-06-15,13,Rejected
LEV002973,EMP001475,Paternity Leave,2019-01-23,2019-02-05,13,Approved
LEV002974,EMP001480,Maternity Leave,2020-03-19,2020-03-28,9,Approved
LEV002975,EMP001480,Maternity Leave,2021-05-17,2021-05-26,9,Approved
LEV002976,EMP001480,annual leave,2021-10-06,2021-10-30,24,Approved
LEV002977,EMP001481,Study Leave,2019-09-01,2019-09-09,8,Approved
LEV002978,EMP001481,Compassionate Leave,2023-05-24,2023-06-02,9,Approved
LEV002979,EMP001482,Maternity Leave,2021-07-17,2021-08-15,29,Approved
LEV002980,EMP001482,Annual Leave,2024-11-14,2024-12-13,29,Pending
LEV002981,EMP001485,Annual Leave,2022-07-26,2022-08-14,19,Approved
LEV002982,EMP001485,Study Leave,2020-11-10,2020-11-25,15,Rejected
LEV002983,EMP001486,Study Leave,2019-01-25,2019-02-19,25,Approved
LEV002984,EMP001486,Sick Leave,2023-01-21,2023-01-25,4,Approved
LEV002985,EMP001487,Compassionate Leave,2023-06-26,2023-07-10,14,Approved
LEV002986,EMP001487,Study Leave,2024-12-02,2024-12-10,8,Approved
LEV002987,EMP001488,,2019-12-04,2019-12-30,26,Rejected
LEV002988,EMP001489,Annual Leave,2023-01-07,2023-01-27,20,Rejected
LEV002989,EMP001489,Annual Leave,2024-04-02,2024-04-16,14,Rejected
LEV002990,EMP001489,Annual Leave,2019-11-22,2019-12-22,30,Rejected
LEV002991,EMP001490,Study Leave,2024-02-20,2024-03-20,29,Approved
LEV002992,EMP001490,Sick Leave,2019-09-14,2019-09-27,13,Rejected
LEV002993,EMP001490,Compassionate Leave,2023-05-20,2023-05-21,1,Rejected
LEV002994,EMP001490,Compassionate Leave,2019-02-08,2019-02-16,8,Pending
LEV002995,EMP001491,Compassionate Leave,2022-08-02,2022-08-30,28,Approved
LEV002996,EMP001492,Paternity Leave,2021-08-13,2021-08-18,5,Approved
LEV002997,EMP001492,Study Leave,2021-11-07,2021-11-30,23,Approved
LEV002998,EMP001494,Sick Leave,2024-01-16,2024-01-28,12,Rejected
LEV002999,EMP001494,Paternity Leave,2019-05-25,2019-06-20,26,Approved
LEV003000,EMP001494,Annual Leave,2023-11-23,2023-11-25,2,Approved
LEV003001,EMP001494,Compassionate Leave,2025-11-08,2025-12-07,29,Approved
LEV003002,EMP001495,Maternity Leave,2023-11-28,2023-12-01,3,Approved
LEV003003,EMP001495,Compassionate Leave,2020-08-22,2020-09-10,19,Pending
LEV003004,EMP001495,Study Leave,2020-10-31,2020-11-13,13,Approved
LEV003005,EMP001496,Sick Leave,2021-05-31,2021-06-02,2,Approved
LEV003006,EMP001498,Compassionate Leave,2020-07-14,2020-07-27,13,Pending
LEV003007,EMP001499,Compassionate Leave,2021-07-12,2021-07-25,13,Approved
LEV003008,EMP001499,Study Leave,2023-05-19,2023-05-30,11,Approved
LEV003009,EMP001499,Leave,2020-12-19,2020-12-20,1,Pending
LEV003010,EMP001499,Study Leave,2024-05-17,2024-05-28,11,Approved
LEV003011,EMP001501,Sick Leave,2022-12-28,2023-01-21,24,Approved
LEV003012,EMP001502,Paternity Leave,2022-11-14,2022-11-27,13,Rejected
LEV003013,EMP001502,Study Leave,2024-08-20,2024-09-18,29,Approved
LEV003014,EMP001502,Maternity Leave,2024-05-30,2024-06-05,6,Rejected
LEV003015,EMP001503,Sick Leave,2023-12-12,2023-12-15,3,Approved
LEV003016,EMP001503,Annual Leave,2019-05-02,2019-05-10,8,Pending
LEV003017,EMP001503,Sick Leave,2019-08-30,2019-09-18,19,Approved
LEV003018,EMP001504,Compassionate Leave,2020-08-27,2020-08-29,2,Approved
LEV003019,EMP001505,Study Leave,2023-08-08,2023-08-09,1,Approved
LEV003020,EMP001505,Maternity Leave,2022-01-10,2022-01-24,14,Rejected
LEV003021,EMP001505,Compassionate Leave,2022-06-01,2022-06-27,26,Approved
LEV003022,EMP001505,Study Leave,2021-11-29,2021-12-05,6,Rejected
LEV003023,EMP001507,Compassionate Leave,2023-09-06,2023-09-09,3,Rejected
LEV003024,EMP001507,Compassionate Leave,2020-02-23,2020-03-06,12,Pending
LEV003025,EMP001508,Sick Leave,2022-01-03,2022-02-01,-5,Approved
LEV003026,EMP001509,Maternity Leave,2021-03-06,2021-03-13,7,Approved
LEV003027,EMP001509,Study Leave,2023-06-11,2023-07-02,21,Pending
LEV003028,EMP001509,Sick Leave,2023-12-21,2024-01-18,28,Approved
LEV003029,EMP001509,Paternity Leave,2023-08-27,2023-09-10,14,Approved
LEV003030,EMP001510,Compassionate Leave,2019-02-26,2019-03-27,29,Approved
LEV003031,EMP001510,Compassionate Leave,2023-12-18,2024-01-03,16,Approved
LEV003032,EMP001510,Compassionate Leave,2024-04-25,2024-05-06,11,Pending
LEV003033,EMP001512,Paternity Leave,2020-05-15,2020-05-29,14,Rejected
LEV003034,EMP001512,Study Leave,2020-09-24,2020-10-11,17,Approved
LEV003035,EMP001512,Sick Leave,2019-05-15,2019-05-20,5,Pending
LEV003036,EMP001512,Paternity Leave,2019-02-27,2019-03-02,3,Pending
LEV003037,EMP001513,Sick Leave,2023-06-06,2023-06-09,3,Pending
LEV003038,EMP001513,Compassionate Leave,2021-05-22,2021-06-03,12,Approved
LEV003039,EMP001515,Sick Leave,2020-04-28,2020-04-30,2,Rejected
LEV003040,EMP001515,Study Leave,2023-08-30,2023-09-20,21,Approved
LEV003041,EMP001515,Compassionate Leave,2019-07-09,2019-07-14,5,Approved
LEV003042,EMP001519,Study Leave,2025-09-01,2025-09-18,17,Approved
LEV003043,EMP001519,Paternity Leave,2023-12-09,2023-12-16,7,Approved
LEV003044,EMP001519,Maternity Leave,2023-02-12,2023-03-01,17,Rejected
LEV003045,EMP001519,Study Leave,2023-01-31,2023-02-11,11,Pending
LEV003046,EMP001520,Study Leave,2020-08-10,2020-08-29,19,Approved
LEV003047,EMP001520,Paternity Leave,2019-12-03,2019-12-06,3,Rejected
LEV003048,EMP001520,Paternity Leave,2023-01-17,2023-02-11,25,Approved
LEV003049,EMP001521,Compassionate Leave,2025-08-18,2025-09-12,25,Approved
LEV003050,EMP001521,Maternity Leave,2019-03-31,2019-04-11,11,Approved
LEV003051,EMP001521,Annual Leave,2020-06-17,2020-06-19,2,Pending
LEV003052,EMP001522,Sick Leave,2021-04-10,2021-04-22,12,Approved
LEV003053,EMP001522,Sick Leave,2021-03-05,2021-03-25,20,Rejected
LEV003054,EMP001522,Paternity Leave,2024-06-05,2024-06-29,24,Pending
LEV003055,EMP001523,Sick Leave,2022-04-20,2022-04-29,9,Pending
LEV003056,EMP001523,Compassionate Leave,2019-08-29,2019-09-11,13,Approved
LEV003057,EMP001523,Paternity Leave,2019-05-08,2019-06-01,24,Approved
LEV003058,EMP001523,Paternity Leave,2019-01-02,2019-01-11,9,Rejected
LEV003059,EMP001524,Annual Leave,2025-06-26,2025-07-06,10,Approved
LEV003060,EMP001524,Sick Leave,2021-05-03,2021-05-18,15,Rejected
LEV003061,EMP001524,Annual Leave,2023-02-18,2023-03-01,11,Approved
LEV003062,EMP001524,Annual Leave,2019-05-24,2019-06-07,14,Approved
LEV003063,EMP001525,Annual Leave,2021-08-15,2021-09-06,22,Approved
LEV003064,EMP001525,Annual Leave,2022-11-25,2022-12-09,14,Rejected
LEV003065,EMP001526,Paternity Leave,2020-07-27,2020-08-09,13,Approved
LEV003066,EMP001527,Sick Leave,2025-12-18,2026-01-05,18,Approved
LEV003067,EMP001527,Annual Leave,2022-10-25,2022-11-10,16,Rejected
LEV003068,EMP001528,Sick Leave,2020-10-20,2020-11-18,29,Approved
LEV003069,EMP001528,Paternity Leave,2019-01-16,2019-01-26,10,Approved
LEV003070,EMP001528,Paternity Leave,2025-08-18,2025-08-06,12,Approved
LEV003071,EMP001529,Sick Leave,2022-02-11,2022-02-18,7,Approved
LEV003072,EMP001529,Sick Leave,2025-08-31,2025-09-11,11,Pending
LEV003073,EMP001530,Maternity Leave,2024-06-18,2024-07-09,21,Approved
LEV003074,EMP001530,Compassionate Leave,2021-12-02,2021-12-17,15,Pending
LEV003075,EMP001530,Annual Leave,2024-09-08,2024-10-08,30,Approved
LEV003076,EMP001530,Maternity Leave,2020-08-22,2020-09-10,19,Approved
LEV003077,EMP001531,Maternity Leave,2023-01-13,2023-01-27,14,Rejected
LEV003078,EMP001531,Maternity Leave,2025-10-11,2025-10-31,20,Rejected
LEV003079,EMP001531,Annual Leave,2025-06-23,2025-06-10,13,Approved
LEV003080,EMP001531,,2021-03-17,2021-03-31,14,Approved
LEV003081,EMP001532,Maternity Leave,2022-11-17,2022-11-22,5,Approved
LEV003082,EMP001532,Paternity Leave,2024-12-30,2025-01-15,16,Approved
LEV003083,EMP001532,,2019-11-05,2019-11-30,25,Rejected
LEV003084,EMP001533,Maternity Leave,2019-04-19,2019-05-05,16,Approved
LEV003085,EMP001534,Compassionate Leave,2020-02-18,2020-03-01,12,Approved
LEV003086,EMP001535,Annual Leave,2023-01-11,2023-01-24,13,Approved
LEV003087,EMP001535,Compassionate Leave,2024-07-29,2024-08-21,23,Approved
LEV003088,EMP001536,Compassionate Leave,2019-02-18,2019-02-28,10,Pending
LEV003089,EMP001536,Study Leave,2021-09-25,2021-10-22,27,Pending
LEV003090,EMP001536,Maternity Leave,2025-04-06,2025-04-27,21,Approved
LEV003091,EMP001536,Study Leave,2022-05-01,2022-05-29,28,Rejected
LEV003092,EMP001537,Annual Leave,2020-07-11,2020-08-09,29,Approved
LEV003093,EMP001537,Maternity Leave,2022-02-07,2022-02-15,8,Approved
LEV003094,EMP001537,Compassionate Leave,2024-04-09,2024-05-03,24,Approved
LEV003095,EMP001538,Sick Leave,2022-04-25,2022-05-22,27,Rejected
LEV003096,EMP001538,Study Leave,2025-03-11,2025-04-09,29,Rejected
LEV003097,EMP001538,Annual Leave,2024-06-23,2024-06-29,6,Approved
LEV003098,EMP001539,Maternity Leave,2019-09-10,2019-09-30,20,Approved
LEV003099,EMP001539,,2021-10-09,2021-10-23,14,Approved
LEV003100,EMP001539,Paternity Leave,2023-04-22,2023-05-03,11,Pending
LEV003101,EMP001539,Study Leave,2021-07-03,2021-07-04,1,Rejected
LEV003102,EMP001540,Compassionate Leave,2021-04-27,2021-05-21,24,Approved
LEV003103,EMP001540,Compassionate Leave,2022-09-14,2022-09-25,11,Pending
LEV003104,EMP001540,Maternity Leave,2019-06-17,2019-07-14,27,Approved
LEV003105,EMP001541,Compassionate Leave,2020-07-16,2020-08-14,29,Approved
LEV003106,EMP001541,Maternity Leave,2022-03-12,2022-04-04,23,Approved
LEV003107,EMP001543,Compassionate Leave,2021-04-20,2021-05-19,29,Approved
LEV003108,EMP001543,Paternity Leave,2024-03-09,2024-04-03,25,Approved
LEV003109,EMP001544,Annual Leave,2024-11-26,2024-12-18,22,Approved
LEV003110,EMP001544,Annual Leave,2019-09-07,2019-09-25,18,Approved
LEV003111,EMP001544,Paternity Leave,2024-01-21,2024-02-16,26,Approved
LEV003112,EMP001545,Compassionate Leave,2019-06-23,2019-06-29,6,Approved
LEV003113,EMP001545,Study Leave,2025-07-15,2025-08-01,17,Pending
LEV003114,EMP001545,Paternity Leave,2021-04-07,2021-04-13,6,Rejected
LEV003115,EMP001547,Sick Leave,2022-02-01,2022-02-08,7,Pending
LEV003116,EMP001547,Sick Leave,2025-07-27,2025-08-26,30,Approved
LEV003117,EMP001548,Sick Leave,2019-12-21,2020-01-20,30,Rejected
LEV003118,EMP001548,Maternity Leave,2024-05-22,2024-06-07,16,Approved
LEV003119,EMP001548,Sick Leave,2025-05-21,2025-05-24,3,Pending
LEV003120,EMP001548,Maternity Leave,2020-01-15,2020-01-26,11,Approved
LEV003121,EMP001549,Sick Leave,2020-10-12,2020-09-19,23,Rejected
LEV003122,EMP001549,Annual Leave,2025-08-23,2025-09-04,12,Approved
LEV003123,EMP001549,Study Leave,2019-09-21,2019-10-08,17,Approved
LEV003124,EMP001549,,2021-09-02,2021-09-04,2,Rejected
LEV003125,EMP001550,Annual Leave,2024-03-24,2024-03-25,1,Approved
LEV003126,EMP001551,Annual Leave,2020-09-09,2020-09-19,10,Approved
LEV003127,EMP001551,Maternity Leave,2024-01-30,2024-02-20,21,Pending
LEV003128,EMP001552,Compassionate Leave,2022-03-10,2022-03-15,5,Approved
LEV003129,EMP001552,Paternity Leave,2019-10-28,2019-11-13,16,Approved
LEV003130,EMP001552,Paternity Leave,2020-08-07,2020-08-27,20,Rejected
LEV003131,EMP001552,Annual Leave,2023-07-15,2023-07-30,15,Approved
LEV003132,EMP001553,Compassionate Leave,2022-03-30,2022-04-01,2,Approved
LEV003133,EMP001553,Study Leave,2022-11-23,2022-12-03,10,Approved
LEV003134,EMP001554,Sick Leave,2022-02-27,2022-03-02,3,Approved
LEV003135,EMP001555,Paternity Leave,2020-06-25,2020-06-26,1,Approved
LEV003136,EMP001555,Sick Leave,2019-12-17,2019-12-19,2,Approved
LEV003137,EMP001555,Study Leave,2019-04-20,2019-05-17,27,Rejected
LEV003138,EMP001556,Maternity Leave,2019-10-10,2019-10-31,21,Rejected
LEV003139,EMP001556,Annual Leave,2019-12-24,2020-01-04,11,Approved
LEV003140,EMP001556,Paternity Leave,2023-01-06,2023-01-21,15,Rejected
LEV003141,EMP001557,Compassionate Leave,2022-06-02,2022-06-30,28,Approved
LEV003142,EMP001558,Study Leave,2023-03-01,2023-03-18,17,Approved
LEV003143,EMP001558,Compassionate Leave,2021-05-27,2021-06-20,24,Approved
LEV003144,EMP001558,Study Leave,2023-08-19,2023-09-03,15,Pending
LEV003145,EMP001559,Sick Leave,2025-07-19,2025-08-11,23,Approved
LEV003146,EMP001559,Compassionate Leave,2025-11-05,2025-11-27,22,Pending
LEV003147,EMP001560,Study Leave,2021-07-11,2021-07-28,17,Approved
LEV003148,EMP001560,Annual Leave,2022-02-05,2022-02-08,3,Approved
LEV003149,EMP001560,Study Leave,2023-10-16,2023-10-25,9,Approved
LEV003150,EMP001561,Sick Leave,2024-01-04,2024-01-17,13,Approved
LEV003151,EMP001561,Compassionate Leave,2020-04-04,2020-04-15,11,Pending
LEV003152,EMP001561,Compassionate Leave,2022-07-20,2022-08-06,17,Approved
LEV003153,EMP001562,Maternity Leave,2022-03-01,2022-03-19,18,Approved
LEV003154,EMP001562,Sick Leave,2022-12-04,2022-11-28,6,Approved
LEV003155,EMP001562,Paternity Leave,2019-06-09,2019-07-01,22,Rejected
LEV003156,EMP001563,Annual Leave,2021-08-20,2021-09-14,25,Approved
LEV003157,EMP001564,Paternity Leave,2024-08-10,2024-08-26,16,Approved
LEV003158,EMP001564,UNKNOWN,2022-05-02,2022-05-22,20,Approved
LEV003159,EMP001564,Compassionate Leave,2022-07-10,2022-07-11,1,Approved
LEV003160,EMP001564,Annual Leave,2025-01-24,2025-02-09,16,Pending
LEV003161,EMP001565,Annual Leave,2021-12-15,2021-12-18,3,Approved
LEV003162,EMP001566,Annual Leave,2021-01-14,2021-02-04,21,Approved
LEV003163,EMP001566,Study Leave,2022-02-21,2022-03-01,8,Approved
LEV003164,EMP001566,Study Leave,2025-07-31,2025-08-03,3,Rejected
LEV003165,EMP001569,Annual Leave,2019-08-05,2019-08-09,4,Pending
LEV003166,EMP001569,Study Leave,2024-03-10,2024-03-17,7,Approved
LEV003167,EMP001569,Paternity Leave,2023-04-26,2023-04-27,1,Approved
LEV003168,EMP001569,Annual Leave,2021-06-14,2021-07-13,29,Approved
LEV003169,EMP001570,Maternity Leave,2019-07-02,2019-07-09,7,Approved
LEV003170,EMP001571,Study Leave,2022-02-28,2022-03-01,1,Approved
LEV003171,EMP001572,Annual Leave,2021-07-17,2021-07-20,3,Rejected
LEV003172,EMP001572,Paternity Leave,2021-09-27,2021-10-15,18,Approved
LEV003173,EMP001572,Study Leave,2022-10-13,2022-10-31,18,Approved
LEV003174,EMP001572,Maternity Leave,2020-10-11,2020-10-23,-5,Pending
LEV003175,EMP001573,Annual Leave,2020-07-09,2020-07-17,8,Approved
LEV003176,EMP001573,Compassionate Leave,2022-06-20,2022-07-06,16,Pending
LEV003177,EMP001573,Compassionate Leave,2022-08-11,2022-08-17,6,Approved
LEV003178,EMP001574,Sick Leave,2022-03-20,2022-03-22,2,Approved
LEV003179,EMP001574,Compassionate Leave,2025-12-05,2025-12-16,11,Approved
LEV003180,EMP001576,Annual Leave,2022-06-20,2022-06-27,7,Rejected
LEV003181,EMP001576,Compassionate Leave,2021-06-07,2021-07-06,29,Approved
LEV003182,EMP001577,Maternity Leave,2024-07-05,2024-07-23,18,Approved
LEV003183,EMP001578,Study Leave,2019-06-06,2019-06-11,5,Rejected
LEV003184,EMP001578,Compassionate Leave,2020-01-19,2020-02-15,27,Rejected
LEV003185,EMP001579,Study Leave,2025-02-25,2025-03-24,27,Approved
LEV003186,EMP001579,Maternity Leave,2022-12-09,2022-12-15,6,Rejected
LEV003187,EMP001580,Maternity Leave,2025-05-01,2025-05-06,5,Approved
LEV003188,EMP001580,Maternity Leave,2025-12-25,2026-01-23,29,Rejected
LEV003189,EMP001580,Maternity Leave,2024-12-22,2024-12-31,9,Approved
LEV003190,EMP001581,Annual Leave,2024-06-18,2024-07-18,30,Pending
LEV003191,EMP001581,Study Leave,2019-10-02,2019-10-16,14,Rejected
LEV003192,EMP001582,Paternity Leave,2025-10-31,2025-11-03,3,Approved
LEV003193,EMP001582,Study Leave,2022-06-27,2022-07-22,25,Rejected
LEV003194,EMP001582,Compassionate Leave,2023-02-11,2023-02-14,3,Pending
LEV003195,EMP001583,Paternity Leave,2020-11-09,2020-11-16,7,Rejected
LEV003196,EMP001583,Annual Leave,2024-11-25,2024-12-05,10,Rejected
LEV003197,EMP001583,Paternity Leave,2023-04-10,2023-04-20,10,Approved
LEV003198,EMP001584,Maternity Leave,2019-02-25,2019-03-17,20,Approved
LEV003199,EMP001584,Study Leave,2019-10-08,2019-10-15,7,Approved
LEV003200,EMP001585,Study Leave,2024-05-02,2024-05-23,21,Approved
LEV003201,EMP001585,Sick Leave,2022-01-19,2022-02-01,13,Approved
LEV003202,EMP001585,Sick Leave,2025-05-14,2025-06-09,26,Pending
LEV003203,EMP001586,Compassionate Leave,2025-05-22,2025-06-19,28,Approved
LEV003204,EMP001586,Annual Leave,2022-02-26,2022-03-09,11,Rejected
LEV003205,EMP001586,Annual Leave,2021-02-09,2021-03-06,25,Approved
LEV003206,EMP001587,Study Leave,2019-05-04,2019-05-10,6,Rejected
LEV003207,EMP001587,Compassionate Leave,2023-11-05,2023-12-05,30,Pending
LEV003208,EMP001587,Study Leave,2020-09-22,2020-10-06,14,Approved
LEV003209,EMP001588,Paternity Leave,2024-10-20,2024-11-15,26,Approved
LEV003210,EMP001588,,2023-05-17,2023-06-05,19,Pending
LEV003211,EMP001589,Annual Leave,2020-06-07,2020-06-17,10,Approved
LEV003212,EMP001589,Annual Leave,2021-07-28,2021-08-14,17,Approved
LEV003213,EMP001589,Study Leave,2021-04-06,2021-05-02,26,Approved
LEV003214,EMP001589,,2024-06-19,2024-06-30,11,Approved
LEV003215,EMP001590,Sick Leave,2022-10-07,2022-10-08,1,Approved
LEV003216,EMP001590,Compassionate Leave,2021-09-01,2021-09-06,5,Approved
LEV003217,EMP001590,,2024-10-07,2024-10-23,16,Approved
LEV003218,EMP001591,Sick Leave,2019-07-05,2019-08-01,27,Rejected
LEV003219,EMP001593,Paternity Leave,2025-02-06,2025-03-05,27,Rejected
LEV003220,EMP001593,Compassionate Leave,2023-09-27,2023-09-28,1,Approved
LEV003221,EMP001593,Compassionate Leave,2023-10-09,2023-10-29,20,Approved
LEV003222,EMP001593,Annual Leave,2019-09-13,2019-10-04,21,Approved
LEV003223,EMP001594,Paternity Leave,2019-08-15,2019-08-19,4,Pending
LEV003224,EMP001594,Paternity Leave,2024-01-18,2024-01-31,13,Rejected
LEV003225,EMP001594,Paternity Leave,2019-07-02,2019-07-31,29,Approved
LEV003226,EMP001594,Sick Leave,2025-08-21,2025-09-06,16,Approved
LEV003227,EMP001595,Maternity Leave,2024-08-22,2024-08-27,5,Pending
LEV003228,EMP001595,Study Leave,2020-12-10,2020-12-12,2,Rejected
LEV003229,EMP001595,Maternity Leave,2020-07-10,2020-07-22,12,Pending
LEV003230,EMP001596,Compassionate Leave,2025-12-29,2026-01-06,8,Rejected
LEV003231,EMP001596,Maternity Leave,2019-11-24,2019-12-12,18,Approved
LEV003232,EMP001597,Maternity Leave,2019-04-15,2019-05-03,18,Approved
LEV003233,EMP001597,Compassionate Leave,2022-08-01,2022-08-24,23,Approved
LEV003234,EMP001597,Paternity Leave,2025-02-03,2025-03-05,30,Approved
LEV003235,EMP001598,Annual Leave,2019-03-18,2019-03-27,9,Approved
LEV003236,EMP001598,Annual Leave,2025-08-19,2025-09-07,19,Approved
LEV003237,EMP001598,Paternity Leave,2022-05-28,2022-06-01,4,Approved
LEV003238,EMP001599,Sick Leave,2019-01-23,2019-02-11,19,Rejected
LEV003239,EMP001599,Study Leave,2021-11-26,2021-12-08,12,Approved
LEV003240,EMP001599,Maternity Leave,2021-04-22,2021-05-04,12,Approved
LEV003241,EMP001601,Maternity Leave,2023-12-21,2024-01-16,26,Approved
LEV003242,EMP001601,Maternity Leave,2020-08-14,2020-08-26,12,Rejected
LEV003243,EMP001601,Sick Leave,2022-05-03,2022-05-27,24,Approved
LEV003244,EMP001601,Annual Leave,2021-06-05,2021-06-06,1,Rejected
LEV003245,EMP001602,,2022-03-22,2022-04-17,26,Pending
LEV003246,EMP001602,Compassionate Leave,2022-11-10,2022-11-15,5,Approved
LEV003247,EMP001603,,2024-08-26,2024-09-18,23,Approved
LEV003248,EMP001603,Paternity Leave,2020-09-14,2020-09-18,4,Rejected
LEV003249,EMP001604,Compassionate Leave,2020-03-03,2020-03-08,5,Approved
LEV003250,EMP001604,Sick Leave,2023-11-25,2023-12-12,17,Approved
LEV003251,EMP001604,Compassionate Leave,2024-02-02,2024-02-05,3,Approved
LEV003252,EMP001605,Annual Leave,2020-09-15,2020-10-07,22,Approved
LEV003253,EMP001605,Paternity Leave,2019-09-17,2019-10-15,28,Approved
LEV003254,EMP001607,annual leave,2020-05-31,2020-06-19,19,Approved
LEV003255,EMP001607,Maternity Leave,2019-12-25,2020-01-24,30,Rejected
LEV003256,EMP001609,Study Leave,2025-08-21,2025-09-17,27,Approved
LEV003257,EMP001609,Maternity Leave,2023-09-04,2023-09-12,8,Rejected
LEV003258,EMP001609,Study Leave,2021-04-01,2021-04-24,23,Approved
LEV003259,EMP001609,Compassionate Leave,2023-03-19,2023-04-02,14,Rejected
LEV003260,EMP001611,Compassionate Leave,2020-06-13,2020-07-07,24,Approved
LEV003261,EMP001612,Paternity Leave,2023-06-14,2023-07-04,20,Approved
LEV003262,EMP001613,Annual Leave,2022-05-01,2022-05-26,25,Pending
LEV003263,EMP001614,Sick Leave,2024-04-12,2024-05-01,19,Approved
LEV003264,EMP001614,Study Leave,2023-10-15,2023-10-31,16,Rejected
LEV003265,EMP001614,Compassionate Leave,2022-11-19,2022-12-15,26,Approved
LEV003266,EMP001615,Compassionate Leave,2022-02-22,2022-02-25,3,Pending
LEV003267,EMP001615,Study Leave,2022-08-14,2022-09-05,22,Pending
LEV003268,EMP001616,Maternity Leave,2022-04-15,2022-05-13,28,Approved
LEV003269,EMP001616,Annual Leave,2019-06-04,2019-06-19,15,Pending
LEV003270,EMP001616,Paternity Leave,2025-10-01,2025-10-19,18,Pending
LEV003271,EMP001619,Annual Leave,2019-05-02,2019-05-22,20,Pending
LEV003272,EMP001619,Compassionate Leave,2021-08-10,2021-08-18,8,Approved
LEV003273,EMP001619,Paternity Leave,2020-01-05,2020-01-18,13,Approved
LEV003274,EMP001620,Annual Leave,2023-04-11,2023-05-07,26,Approved
LEV003275,EMP001620,Sick Leave,2019-01-09,2019-02-06,28,Approved
LEV003276,EMP001620,Annual Leave,2020-10-06,2020-10-28,22,Approved
LEV003277,EMP001622,Paternity Leave,2021-09-29,2021-10-13,14,Approved
LEV003278,EMP001622,Compassionate Leave,2025-05-05,2025-05-18,13,Approved
LEV003279,EMP001622,Compassionate Leave,2025-02-06,2025-03-07,29,Approved
LEV003280,EMP001624,Compassionate Leave,2021-12-01,2021-12-13,12,Approved
LEV003281,EMP001624,Study Leave,2019-06-20,2019-06-30,10,Rejected
LEV003282,EMP001625,Sick Leave,2022-02-23,2022-03-11,16,Rejected
LEV003283,EMP001625,Compassionate Leave,2019-12-01,2019-12-15,14,Approved
LEV003284,EMP001625,Maternity Leave,2023-10-31,2023-11-11,11,Rejected
LEV003285,EMP001625,Sick Leave,2021-02-17,2021-03-01,12,Approved
LEV003286,EMP001627,Compassionate Leave,2021-10-03,2021-10-26,23,Rejected
LEV003287,EMP001629,Maternity Leave,2023-06-25,2023-07-19,24,Approved
LEV003288,EMP001629,Compassionate Leave,2021-08-03,2021-08-11,8,Approved
LEV003289,EMP001630,Maternity Leave,2021-01-10,2021-01-16,6,Approved
LEV003290,EMP001630,Paternity Leave,2024-09-10,2024-09-20,10,Rejected
LEV003291,EMP001630,Compassionate Leave,2021-03-07,2021-03-13,6,Approved
LEV003292,EMP001630,Sick Leave,2021-10-29,2021-11-01,3,Approved
LEV003293,EMP001631,Sick Leave,2024-12-25,2024-12-30,5,Pending
LEV003294,EMP001631,Maternity Leave,2019-08-23,2019-09-09,17,Pending
LEV003295,EMP001631,Annual Leave,2020-10-24,2020-10-27,3,Approved
LEV003296,EMP001632,Sick Leave,2023-11-26,2023-12-17,21,Pending
LEV003297,EMP001632,Annual Leave,2020-01-19,2020-02-10,22,Approved
LEV003298,EMP001632,Study Leave,2023-01-30,2023-02-07,8,Approved
LEV003299,EMP001633,Compassionate Leave,2024-02-04,2024-02-14,10,Approved
LEV003300,EMP001634,Annual Leave,2022-12-11,2022-12-17,6,Approved
LEV003301,EMP001634,Annual Leave,2021-01-06,2021-01-20,14,Approved
LEV003302,EMP001634,Maternity Leave,2019-03-26,2019-03-31,5,Approved
LEV003303,EMP001634,Study Leave,2022-08-15,2022-08-19,4,Approved
LEV003304,EMP001635,Paternity Leave,2025-04-21,2025-05-03,12,Approved
LEV003305,EMP001636,Paternity Leave,2019-08-21,2019-09-08,18,Approved
LEV003306,EMP001637,Study Leave,2023-11-03,2023-11-13,10,Approved
LEV003307,EMP001637,Sick Leave,2021-05-09,2021-05-10,1,Approved
LEV003308,EMP001637,Compassionate Leave,2019-03-17,2019-03-18,1,Approved
LEV003309,EMP001637,Maternity Leave,2025-06-11,2025-06-12,1,Rejected
LEV003310,EMP001638,Sick Leave,2020-03-24,2020-04-04,11,Approved
LEV003311,EMP001638,Paternity Leave,2020-01-01,2020-01-31,30,Approved
LEV003312,EMP001638,Sick Leave,2025-05-20,2025-05-25,5,Pending
LEV003313,EMP001640,Annual Leave,2019-09-17,2019-10-07,20,Approved
LEV003314,EMP001641,Compassionate Leave,2019-02-06,2019-03-03,25,Approved
LEV003315,EMP001641,Sick Leave,2019-04-26,2019-05-13,17,Approved
LEV003316,EMP001642,Vacation,2025-02-28,2025-03-15,15,Approved
LEV003317,EMP001642,Maternity Leave,2021-06-17,2021-06-27,10,Approved
LEV003318,EMP001642,Paternity Leave,2023-02-02,2023-02-16,14,Pending
LEV003319,EMP001645,Paternity Leave,2019-02-20,2019-03-07,15,Approved
LEV003320,EMP001645,Annual Leave,2024-12-23,2025-01-06,14,Rejected
LEV003321,EMP001645,Annual Leave,2025-02-13,2025-03-10,25,Approved
LEV003322,EMP001646,Maternity Leave,2024-12-30,2025-01-12,13,Approved
LEV003323,EMP001646,Sick Leave,2023-11-30,2023-12-07,7,Rejected
LEV003324,EMP001647,Compassionate Leave,2024-09-15,2024-10-06,21,Approved
LEV003325,EMP001647,Maternity Leave,2019-07-07,2019-07-22,15,Approved
LEV003326,EMP001648,Compassionate Leave,2021-02-11,2021-03-09,26,Approved
LEV003327,EMP001649,Maternity Leave,2020-03-18,2020-04-11,24,Rejected
LEV003328,EMP001649,Paternity Leave,2024-02-08,2024-02-13,5,Pending
LEV003329,EMP001649,Compassionate Leave,2022-05-19,2022-06-08,20,Approved
LEV003330,EMP001651,Paternity Leave,2025-01-26,2025-02-18,23,Approved
LEV003331,EMP001652,Paternity Leave,2023-05-25,2023-06-01,7,Pending
LEV003332,EMP001652,Annual Leave,2022-06-10,2022-07-09,29,Rejected
LEV003333,EMP001653,Paternity Leave,2020-02-14,2020-03-15,30,Approved
LEV003334,EMP001653,Maternity Leave,2023-04-17,2023-05-03,16,Rejected
LEV003335,EMP001653,Annual Leave,2022-02-23,2022-03-17,22,Approved
LEV003336,EMP001653,Annual Leave,2020-03-03,2020-04-02,30,Approved
LEV003337,EMP001654,Maternity Leave,2025-06-10,2025-07-08,28,Rejected
LEV003338,EMP001656,Paternity Leave,2024-07-17,2024-08-04,18,Rejected
LEV003339,EMP001656,Study Leave,2019-06-17,2019-06-29,12,Approved
LEV003340,EMP001656,Compassionate Leave,2025-06-11,2025-06-23,12,Approved
LEV003341,EMP001656,Maternity Leave,2025-10-10,2025-10-18,8,Pending
LEV003342,EMP001657,Compassionate Leave,2020-05-19,2020-05-29,10,Approved
LEV003343,EMP001657,Annual Leave,2022-07-06,2022-07-20,14,Approved
LEV003344,EMP001660,Maternity Leave,2025-04-01,2025-04-08,7,Approved
LEV003345,EMP001660,Study Leave,2021-06-10,2021-06-15,5,Approved
LEV003346,EMP001660,Study Leave,2023-11-23,2023-11-29,6,Rejected
LEV003347,EMP001660,Study Leave,2021-12-21,2022-01-12,22,Approved
LEV003348,EMP001661,Maternity Leave,2020-08-19,2020-09-01,13,Approved
LEV003349,EMP001663,Paternity Leave,2023-05-13,2023-06-04,22,Approved
LEV003350,EMP001663,Maternity Leave,2024-06-06,2024-06-30,24,Approved
LEV003351,EMP001663,Annual Leave,2021-05-24,2021-05-25,1,Approved
LEV003352,EMP001664,Annual Leave,2023-12-20,2023-12-23,3,Approved
LEV003353,EMP001664,Annual Leave,2023-03-01,2023-03-07,6,Approved
LEV003354,EMP001665,Study Leave,2019-11-26,2019-12-08,12,Approved
LEV003355,EMP001666,Paternity Leave,2023-06-11,2023-06-19,8,Approved
LEV003356,EMP001666,Maternity Leave,2019-03-05,2019-03-13,8,Rejected
LEV003357,EMP001666,Paternity Leave,2023-08-28,2023-09-13,16,Rejected
LEV003358,EMP001666,Maternity Leave,2025-05-04,2025-05-10,6,Rejected
LEV003359,EMP001667,Paternity Leave,2023-09-22,2023-10-14,22,Approved
LEV003360,EMP001667,Paternity Leave,2022-05-17,2022-05-29,12,Approved
LEV003361,EMP001667,Study Leave,2019-01-17,2019-01-28,11,Approved
LEV003362,EMP001668,Annual Leave,2022-09-28,2022-10-25,27,Pending
LEV003363,EMP001668,Compassionate Leave,2024-01-22,2024-02-13,22,Rejected
LEV003364,EMP001669,Compassionate Leave,2020-10-04,2020-10-12,8,Approved
LEV003365,EMP001669,Annual Leave,2021-05-20,2021-06-17,28,Approved
LEV003366,EMP001669,Paternity Leave,2023-07-11,2023-08-06,26,Rejected
LEV003367,EMP001670,Study Leave,2019-10-29,2019-11-21,23,Pending
LEV003368,EMP001670,Annual Leave,2020-04-21,2020-05-09,18,Approved
LEV003369,EMP001670,Sick Leave,2025-01-31,2025-02-13,13,Rejected
LEV003370,EMP001670,Sick Leave,2025-09-25,2025-10-10,15,Approved
LEV003371,EMP001673,Compassionate Leave,2019-05-04,2019-05-17,13,Approved
LEV003372,EMP001673,Annual Leave,2021-02-19,2021-02-23,4,Approved
LEV003373,EMP001674,Paternity Leave,2020-04-23,2020-05-10,17,Approved
LEV003374,EMP001674,Maternity Leave,2024-10-30,2024-11-03,4,Approved
LEV003375,EMP001674,Maternity Leave,2023-03-13,2023-04-05,23,Approved
LEV003376,EMP001676,Maternity Leave,2024-10-22,2024-10-31,9,Pending
LEV003377,EMP001676,Paternity Leave,2020-04-11,2020-04-26,15,Rejected
LEV003378,EMP001677,Paternity Leave,2022-12-17,2023-01-10,24,Approved
LEV003379,EMP001677,Compassionate Leave,2020-05-22,2020-06-11,20,Pending
LEV003380,EMP001677,,2022-03-03,2022-03-15,12,Approved
LEV003381,EMP001678,Study Leave,2025-01-25,2025-02-22,28,Rejected
LEV003382,EMP001679,Sick Leave,2022-09-18,2022-10-14,26,Approved
LEV003383,EMP001679,Sick Leave,2025-05-28,2025-06-04,7,Approved
LEV003384,EMP001680,Leave,2020-10-20,2020-10-29,9,Approved
LEV003385,EMP001680,Compassionate Leave,2020-03-30,2020-04-13,-5,Pending
LEV003386,EMP001681,Maternity Leave,2020-06-24,2020-07-09,15,Pending
LEV003387,EMP001681,Annual Leave,2023-08-16,2023-09-04,19,Rejected
LEV003388,EMP001681,Paternity Leave,2024-08-21,2024-09-16,26,Approved
LEV003389,EMP001681,Maternity Leave,2022-11-26,2022-12-13,17,Pending
LEV003390,EMP001682,Compassionate Leave,2019-10-31,2019-11-24,24,Approved
LEV003391,EMP001682,Study Leave,2025-03-05,2025-03-25,20,Approved
LEV003392,EMP001682,Annual Leave,2020-03-16,2020-03-27,11,Rejected
LEV003393,EMP001682,Compassionate Leave,2022-09-18,2022-09-23,5,Rejected
LEV003394,EMP001683,Compassionate Leave,2021-07-21,2021-07-12,9,Approved
LEV003395,EMP001684,Study Leave,2019-12-24,2020-01-14,21,Rejected
LEV003396,EMP001684,Study Leave,2020-02-22,2020-03-05,12,Rejected
LEV003397,EMP001687,Study Leave,2025-02-01,2025-02-06,5,Approved
LEV003398,EMP001689,Annual Leave,2024-07-31,2024-08-07,7,Approved
LEV003399,EMP001689,Annual Leave,2022-03-10,2022-03-11,1,Pending
LEV003400,EMP001689,Study Leave,2025-09-07,2025-09-19,12,Approved
LEV003401,EMP001689,Sick Leave,2024-04-25,2024-05-19,24,Pending
LEV003402,EMP001690,Paternity Leave,2024-08-17,2024-09-12,-5,Approved
LEV003403,EMP001690,Annual Leave,2023-04-25,2023-04-26,1,Approved
LEV003404,EMP001691,Annual Leave,2023-12-22,2024-01-08,17,Rejected
LEV003405,EMP001691,Study Leave,2019-06-19,2019-06-27,8,Pending
LEV003406,EMP001691,Sick Leave,2025-02-24,2025-03-08,12,Rejected
LEV003407,EMP001691,Compassionate Leave,2024-06-02,2024-06-13,11,Rejected
LEV003408,EMP001692,Paternity Leave,2023-12-14,2024-01-01,18,Pending
LEV003409,EMP001692,Maternity Leave,2021-07-20,2021-08-12,23,Approved
LEV003410,EMP001692,Sick Leave,2024-01-08,2024-01-10,2,Approved
LEV003411,EMP001693,Sick Leave,2022-02-07,2022-03-09,30,Rejected
LEV003412,EMP001693,Compassionate Leave,2023-04-02,2023-04-20,18,Approved
LEV003413,EMP001693,Annual Leave,2022-10-12,2022-10-15,3,Approved
LEV003414,EMP001693,Maternity Leave,2021-07-13,2021-08-05,23,Approved
LEV003415,EMP001695,Sick Leave,2025-09-12,2025-09-24,12,Approved
LEV003416,EMP001695,Paternity Leave,2023-10-28,2023-11-05,8,Approved
LEV003417,EMP001696,Compassionate Leave,2024-08-16,2024-08-31,15,Approved
LEV003418,EMP001696,Study Leave,2022-09-21,2022-10-04,13,Approved
LEV003419,EMP001696,Paternity Leave,2022-09-21,2022-09-22,1,Approved
LEV003420,EMP001696,Compassionate Leave,2021-10-02,2021-10-03,1,Approved
LEV003421,EMP001697,Annual Leave,2022-09-15,2022-10-15,30,Rejected
LEV003422,EMP001697,Compassionate Leave,2023-09-12,2023-10-04,22,Approved
LEV003423,EMP001700,Annual Leave,2023-12-25,2024-01-17,23,Pending
LEV003424,EMP001700,Paternity Leave,2021-08-29,2021-09-25,27,Rejected
LEV003425,EMP001701,Compassionate Leave,2021-01-20,2021-02-14,25,Approved
LEV003426,EMP001701,Annual Leave,2023-02-09,2023-02-18,9,Approved
LEV003427,EMP001702,Compassionate Leave,2021-07-26,2021-08-02,7,Approved
LEV003428,EMP001702,Annual Leave,2019-10-08,2019-10-24,16,Approved
LEV003429,EMP001702,Compassionate Leave,2023-03-09,2023-03-16,7,Pending
LEV003430,EMP001702,Maternity Leave,2025-02-15,2025-02-18,3,Rejected
LEV003431,EMP001704,Compassionate Leave,2019-11-26,2019-12-06,10,Rejected
LEV003432,EMP001704,Maternity Leave,2021-06-06,2021-05-30,7,Approved
LEV003433,EMP001705,Study Leave,2024-09-19,2024-09-21,2,Pending
LEV003434,EMP001705,Annual Leave,2020-07-11,2020-07-23,12,Pending
LEV003435,EMP001705,Paternity Leave,2022-04-23,2022-04-24,1,Approved
LEV003436,EMP001705,Study Leave,2019-12-26,2020-01-09,14,Pending
LEV003437,EMP001706,Paternity Leave,2020-08-09,2020-09-05,27,Pending
LEV003438,EMP001706,Annual Leave,2022-07-19,2022-07-21,2,Rejected
LEV003439,EMP001707,Paternity Leave,2023-02-17,2023-03-17,28,Approved
LEV003440,EMP001708,Study Leave,2025-05-04,2025-05-16,12,Approved
LEV003441,EMP001708,Sick Leave,2024-11-29,2024-12-06,7,Rejected
LEV003442,EMP001708,Sick Leave,2019-11-20,2019-11-28,8,Approved
LEV003443,EMP001709,Annual Leave,2023-08-14,2023-08-15,1,Pending
LEV003444,EMP001709,,2025-11-07,2025-11-28,21,Approved
LEV003445,EMP001709,Annual Leave,2022-02-15,2022-03-04,17,Pending
LEV003446,EMP001709,Study Leave,2019-07-30,2019-08-18,19,Approved
LEV003447,EMP001711,Paternity Leave,2023-02-04,2023-02-22,18,Approved
LEV003448,EMP001711,Study Leave,2019-08-17,2019-09-06,20,Approved
LEV003449,EMP001711,Paternity Leave,2019-06-30,2019-07-13,13,Approved
LEV003450,EMP001712,Annual Leave,2021-05-14,2021-05-31,17,Rejected
LEV003451,EMP001712,Sick Leave,2022-02-24,2022-03-13,17,Approved
LEV003452,EMP001712,Compassionate Leave,2019-04-09,2019-04-17,8,Pending
LEV003453,EMP001715,Sick Leave,2025-11-24,2025-12-01,7,Approved
LEV003454,EMP001715,Paternity Leave,2022-08-17,2022-08-30,13,Pending
LEV003455,EMP001717,Study Leave,2025-12-06,2025-12-19,13,Approved
LEV003456,EMP001717,Sick Leave,2019-04-20,2019-04-26,6,Approved
LEV003457,EMP001717,Compassionate Leave,2025-06-21,2025-07-02,11,Approved
LEV003458,EMP001717,Study Leave,2021-02-09,2021-03-11,30,Approved
LEV003459,EMP001718,Sick Leave,2024-06-29,2024-07-19,20,Approved
LEV003460,EMP001718,Annual Leave,2019-09-18,2019-10-12,24,Approved
LEV003461,EMP001718,Paternity Leave,2019-11-19,2019-11-26,7,Pending
LEV003462,EMP001719,Compassionate Leave,2021-02-21,2021-03-06,13,Approved
LEV003463,EMP001719,Annual Leave,2022-12-04,2022-12-08,4,Approved
LEV003464,EMP001719,Paternity Leave,2023-02-13,2023-02-14,1,Approved
LEV003465,EMP001719,Annual Leave,2025-09-07,2025-09-12,5,Rejected
LEV003466,EMP001721,Maternity Leave,2024-12-10,2024-12-18,8,Pending
LEV003467,EMP001722,Sick Leave,2021-07-08,2021-07-15,7,Approved
LEV003468,EMP001722,Maternity Leave,2021-10-12,2021-11-09,28,Approved
LEV003469,EMP001724,Paternity Leave,2025-08-11,2025-08-18,7,Approved
LEV003470,EMP001724,Compassionate Leave,2020-10-03,2020-10-26,23,Approved
LEV003471,EMP001725,Annual Leave,2021-02-20,2021-03-13,21,Pending
LEV003472,EMP001726,Maternity Leave,2022-09-09,2022-09-18,9,Approved
LEV003473,EMP001726,Sick Leave,2021-09-06,2021-09-18,12,Approved
LEV003474,EMP001729,Annual Leave,2025-12-07,2025-12-23,16,Approved
LEV003475,EMP001729,Sick Leave,2020-05-18,2020-06-13,26,Approved
LEV003476,EMP001729,Paternity Leave,2022-11-28,2022-12-09,11,Approved
LEV003477,EMP001729,Study Leave,2022-02-21,2022-03-12,19,Pending
LEV003478,EMP001731,Compassionate Leave,2019-07-18,2019-08-03,16,Rejected
LEV003479,EMP001731,Maternity Leave,2019-08-25,2019-08-28,3,Rejected
LEV003480,EMP001731,Compassionate Leave,2023-04-21,2023-05-11,20,Approved
LEV003481,EMP001731,Maternity Leave,2024-04-23,2024-05-20,27,Approved
LEV003482,EMP001732,Maternity Leave,2020-11-18,2020-11-23,5,Approved
LEV003483,EMP001732,Maternity Leave,2024-08-17,2024-09-10,24,Pending
LEV003484,EMP001732,Compassionate Leave,2019-01-21,2019-01-25,4,Pending
LEV003485,EMP001732,Sick Leave,2021-07-31,2021-08-30,30,Pending
LEV003486,EMP001733,Sick Leave,2022-07-06,2022-07-23,17,Approved
LEV003487,EMP001733,Sick Leave,2025-10-16,2025-11-05,20,Approved
LEV003488,EMP001734,Annual Leave,2019-04-05,2019-04-17,12,Approved
LEV003489,EMP001734,Study Leave,2022-07-04,2022-07-09,5,Rejected
LEV003490,EMP001734,Study Leave,2025-12-22,2025-12-23,1,Rejected
LEV003491,EMP001735,Compassionate Leave,2025-05-05,2025-05-25,20,Approved
LEV003492,EMP001737,Sick Leave,2023-11-15,2023-11-20,5,Approved
LEV003493,EMP001738,Paternity Leave,2023-08-14,2023-09-11,28,Rejected
LEV003494,EMP001738,Sick Leave,2024-10-29,2024-11-05,7,Pending
LEV003495,EMP001738,Annual Leave,2022-12-27,2023-01-08,12,Approved
LEV003496,EMP001738,Compassionate Leave,2022-04-06,2022-04-14,8,Pending
LEV003497,EMP001739,Sick Leave,2021-04-18,2021-04-29,11,Pending
LEV003498,EMP001739,Study Leave,2021-07-16,2021-07-23,7,Approved
LEV003499,EMP001739,Annual Leave,2023-10-08,2023-10-26,18,Approved
LEV003500,EMP001739,Study Leave,2019-09-10,2019-09-13,3,Rejected
LEV003501,EMP001740,Annual Leave,2019-03-01,2019-03-10,9,Rejected
LEV003502,EMP001740,Study Leave,2025-10-16,2025-11-01,16,Approved
LEV003503,EMP001742,Compassionate Leave,2022-06-30,2022-07-29,29,Pending
LEV003504,EMP001742,Paternity Leave,2019-11-26,2019-12-09,13,Approved
LEV003505,EMP001743,Study Leave,2020-10-17,2020-10-31,14,Approved
LEV003506,EMP001743,Maternity Leave,2024-08-20,2024-08-27,7,Pending
LEV003507,EMP001744,Study Leave,2024-07-30,2024-08-16,17,Approved
LEV003508,EMP001744,Maternity Leave,2023-01-30,2023-02-16,17,Pending
LEV003509,EMP001744,Maternity Leave,2022-07-04,2022-07-17,13,Rejected
LEV003510,EMP001744,Sick Leave,2024-11-13,2024-12-04,21,Approved
LEV003511,EMP001747,Study Leave,2024-02-08,2024-02-24,16,Approved
LEV003512,EMP001749,Study Leave,2020-02-29,2020-03-05,5,Approved
LEV003513,EMP001749,Paternity Leave,2022-07-07,2022-07-11,4,Pending
LEV003514,EMP001749,Maternity Leave,2021-12-22,2022-01-16,25,Approved
LEV003515,EMP001751,Annual Leave,2023-03-27,2023-04-10,14,Approved
LEV003516,EMP001751,Compassionate Leave,2023-12-30,2024-01-10,11,Approved
LEV003517,EMP001752,Paternity Leave,2022-08-07,2022-08-31,24,Approved
LEV003518,EMP001753,Study Leave,2024-10-06,2024-10-19,13,Approved
LEV003519,EMP001753,Sick Leave,2020-09-29,2020-10-07,8,Rejected
LEV003520,EMP001753,Study Leave,2025-06-19,2025-07-11,22,Pending
LEV003521,EMP001753,Maternity Leave,2025-10-10,2025-10-20,10,Rejected
LEV003522,EMP001754,Compassionate Leave,2024-08-04,2024-08-26,22,Rejected
LEV003523,EMP001754,Paternity Leave,2023-03-09,2023-04-04,26,Approved
LEV003524,EMP001754,Compassionate Leave,2022-04-15,2022-05-11,26,Approved
LEV003525,EMP001754,Maternity Leave,2025-03-04,2025-03-10,6,Rejected
LEV003526,EMP001755,Study Leave,2019-12-31,2020-01-23,23,Approved
LEV003527,EMP001756,Compassionate Leave,2022-01-19,2022-02-03,15,Approved
LEV003528,EMP001756,Paternity Leave,2022-03-31,2022-04-11,11,Pending
LEV003529,EMP001756,Annual Leave,2022-01-30,2022-01-14,16,Approved
LEV003530,EMP001757,Compassionate Leave,2025-09-14,2025-09-16,2,Pending
LEV003531,EMP001757,Study Leave,2023-12-20,2023-12-30,10,Rejected
LEV003532,EMP001757,Paternity Leave,2021-05-25,2021-06-01,7,Approved
LEV003533,EMP001758,Compassionate Leave,2025-04-05,2025-04-16,11,Approved
LEV003534,EMP001758,Paternity Leave,2021-02-22,2021-03-23,29,Approved
LEV003535,EMP001759,Sick Leave,2025-10-27,2025-11-11,15,Approved
LEV003536,EMP001759,Annual Leave,2019-09-24,2019-10-23,29,Rejected
LEV003537,EMP001760,Compassionate Leave,2025-07-10,2025-07-24,14,Approved
LEV003538,EMP001760,Annual Leave,2024-01-16,2024-01-24,8,Approved
LEV003539,EMP001760,Compassionate Leave,2022-03-02,2022-03-07,5,Approved
LEV003540,EMP001760,Maternity Leave,2019-05-31,2019-06-26,26,Pending
LEV003541,EMP001761,Sick Leave,2022-02-21,2022-03-15,22,Approved
LEV003542,EMP001761,Maternity Leave,2021-12-31,2022-01-17,17,Pending
LEV003543,EMP001762,Maternity Leave,2019-07-10,2019-07-18,8,Approved
LEV003544,EMP001763,Paternity Leave,2021-09-19,2021-09-21,2,Pending
LEV003545,EMP001763,Annual Leave,2025-03-11,2025-04-05,25,Approved
LEV003546,EMP001763,Sick Leave,2025-08-28,2025-09-27,30,Approved
LEV003547,EMP001763,Sick Leave,2019-06-23,2019-07-08,15,Approved
LEV003548,EMP001765,Annual Leave,2022-11-16,2022-12-03,17,Pending
LEV003549,EMP001765,Compassionate Leave,2019-10-05,2019-10-27,22,Pending
LEV003550,EMP001767,Compassionate Leave,2020-03-13,2020-03-17,4,Approved
LEV003551,EMP001768,Annual Leave,2023-08-03,2023-08-18,15,Pending
LEV003552,EMP001769,Paternity Leave,2020-10-26,2020-11-03,8,Approved
LEV003553,EMP001771,Sick Leave,2025-07-10,2025-07-26,16,Approved
LEV003554,EMP001771,Study Leave,2019-09-30,2019-10-10,10,Approved
LEV003555,EMP001771,Maternity Leave,2019-02-26,2019-03-14,16,Approved
LEV003556,EMP001771,Study Leave,2022-09-25,2022-10-20,25,Pending
LEV003557,EMP001772,Annual Leave,2019-11-24,2019-11-26,2,Approved
LEV003558,EMP001772,Compassionate Leave,2021-12-01,2021-12-14,13,Approved
LEV003559,EMP001773,Study Leave,2024-09-06,2024-09-29,23,Approved
LEV003560,EMP001773,Annual Leave,2019-03-13,2019-04-09,27,Approved
LEV003561,EMP001773,Sick Leave,2022-06-21,2022-07-05,14,Rejected
LEV003562,EMP001774,Maternity Leave,2025-06-21,2025-07-09,18,Approved
LEV003563,EMP001774,Maternity Leave,2020-11-09,2020-12-02,23,Rejected
LEV003564,EMP001774,Paternity Leave,2022-05-23,2022-06-11,19,Pending
LEV003565,EMP001775,Annual Leave,2023-03-22,2023-03-14,8,Approved
LEV003566,EMP001775,Paternity Leave,2019-08-25,2019-08-28,3,Approved
LEV003567,EMP001775,Maternity Leave,2019-07-31,2019-08-05,5,Rejected
LEV003568,EMP001776,Compassionate Leave,2022-07-20,2022-07-30,10,Pending
LEV003569,EMP001776,Sick Leave,2022-09-06,2022-09-20,14,Pending
LEV003570,EMP001777,Maternity Leave,2020-01-09,2020-02-01,23,Approved
LEV003571,EMP001777,Paternity Leave,2021-01-19,2021-02-16,28,Rejected
LEV003572,EMP001777,Annual Leave,2021-11-12,2021-12-07,25,Rejected
LEV003573,EMP001778,Paternity Leave,2022-04-02,2022-04-03,1,Approved
LEV003574,EMP001778,Sick Leave,2021-05-22,2021-06-17,26,Rejected
LEV003575,EMP001779,Annual Leave,2021-08-23,2021-09-19,27,Rejected
LEV003576,EMP001779,Sick Leave,2020-08-01,2020-08-12,11,Pending
LEV003577,EMP001779,Compassionate Leave,2024-06-30,2024-07-25,25,Pending
LEV003578,EMP001779,Annual Leave,2020-01-27,2020-02-01,5,Rejected
LEV003579,EMP001780,Study Leave,2024-10-26,2024-11-22,27,Approved
LEV003580,EMP001780,Annual Leave,2020-01-30,2020-02-10,11,Approved
LEV003581,EMP001781,Study Leave,2023-06-14,2023-06-24,10,Pending
LEV003582,EMP001781,Paternity Leave,2025-12-09,2026-01-08,30,Approved
LEV003583,EMP001781,Annual Leave,2024-05-23,2024-06-08,16,Approved
LEV003584,EMP001781,Study Leave,2025-05-06,2025-05-17,11,Approved
LEV003585,EMP001782,Annual Leave,2020-08-26,2020-09-20,25,Approved
LEV003586,EMP001782,Compassionate Leave,2019-01-29,2019-02-23,25,Approved
LEV003587,EMP001782,Sick Leave,2021-11-16,2021-12-13,27,Pending
LEV003588,EMP001782,Sick Leave,2019-10-15,2019-10-16,1,Rejected
LEV003589,EMP001783,Paternity Leave,2024-09-04,2024-09-16,12,Pending
LEV003590,EMP001783,Maternity Leave,2020-09-23,2020-10-05,12,Rejected
LEV003591,EMP001783,Sick Leave,2022-12-11,2022-12-29,18,Approved
LEV003592,EMP001783,Maternity Leave,2025-02-10,2025-02-14,4,Approved
LEV003593,EMP001785,Compassionate Leave,2020-07-27,2020-07-28,1,Rejected
LEV003594,EMP001787,Sick Leave,2022-10-11,2022-10-13,2,Rejected
LEV003595,EMP001787,Compassionate Leave,2020-10-04,2020-10-26,22,Approved
LEV003596,EMP001787,Sick Leave,2024-08-09,2024-08-13,4,Rejected
LEV003597,EMP001787,Annual Leave,2023-02-11,2023-03-12,29,Approved
LEV003598,EMP001788,Sick Leave,2021-05-04,2021-06-03,30,Approved
LEV003599,EMP001790,Maternity Leave,2021-06-01,2021-06-06,5,Approved
LEV003600,EMP001790,Paternity Leave,2020-06-26,2020-07-15,19,Approved
LEV003601,EMP001790,Study Leave,2022-04-19,2022-04-20,1,Pending
LEV003602,EMP001790,Annual Leave,2020-03-24,2020-03-30,6,Pending
LEV003603,EMP001791,Study Leave,2019-06-21,2019-07-15,24,Approved
LEV003604,EMP001791,Sick Leave,2025-01-24,2025-02-23,30,Approved
LEV003605,EMP001791,Paternity Leave,2021-09-18,2021-10-17,29,Pending
LEV003606,EMP001791,Sick Leave,2019-11-20,2019-12-05,15,Pending
LEV003607,EMP001792,Paternity Leave,2020-04-13,2020-04-17,4,Pending
LEV003608,EMP001792,Maternity Leave,2020-10-03,2020-10-19,16,Pending
LEV003609,EMP001792,Maternity Leave,2021-03-13,2021-03-25,12,Approved
LEV003610,EMP001793,Annual Leave,2020-09-13,2020-10-07,24,Approved
LEV003611,EMP001793,Annual Leave,2021-09-13,2021-09-14,1,Approved
LEV003612,EMP001794,Study Leave,2022-02-10,2022-03-01,19,Rejected
LEV003613,EMP001796,Maternity Leave,2019-05-26,2019-06-03,8,Approved
LEV003614,EMP001797,Study Leave,2023-09-14,2023-09-29,15,Approved
LEV003615,EMP001797,Maternity Leave,2022-08-05,2022-08-12,7,Approved
LEV003616,EMP001797,Compassionate Leave,2021-11-22,2021-11-30,8,Rejected
LEV003617,EMP001798,Study Leave,2025-10-20,2025-10-31,11,Approved
LEV003618,EMP001798,Paternity Leave,2022-03-28,2022-04-23,26,Approved
LEV003619,EMP001798,Maternity Leave,2021-11-05,2021-11-15,10,Approved
LEV003620,EMP001801,Annual Leave,2021-06-09,2021-07-07,28,Approved
LEV003621,EMP001801,Study Leave,2025-03-07,2025-03-14,7,Rejected
LEV003622,EMP001801,Annual Leave,2023-02-28,2023-03-28,28,Approved
LEV003623,EMP001802,Paternity Leave,2022-02-07,2022-02-19,12,Approved
LEV003624,EMP001803,Annual Leave,2022-06-02,2022-06-21,19,Pending
LEV003625,EMP001803,Compassionate Leave,2023-05-01,2023-05-18,17,Approved
LEV003626,EMP001803,Compassionate Leave,2021-04-20,2021-04-24,4,Pending
LEV003627,EMP001804,Study Leave,2020-12-13,2021-01-08,26,Rejected
LEV003628,EMP001804,Compassionate Leave,2019-12-21,2019-12-25,4,Pending
LEV003629,EMP001805,Sick Leave,2023-01-12,2023-02-10,29,Pending
LEV003630,EMP001805,Maternity Leave,2023-09-06,2023-09-13,7,Approved
LEV003631,EMP001806,Annual Leave,2023-09-02,2023-09-26,24,Approved
LEV003632,EMP001806,Maternity Leave,2019-04-19,2019-05-04,15,Pending
LEV003633,EMP001810,Annual Leave,2019-12-16,2020-01-06,21,Approved
LEV003634,EMP001811,Paternity Leave,2025-05-30,2025-06-07,8,Pending
LEV003635,EMP001811,Paternity Leave,2024-02-28,2024-03-07,8,Approved
LEV003636,EMP001811,Maternity Leave,2021-10-01,2021-10-22,21,Approved
LEV003637,EMP001811,Compassionate Leave,2025-07-26,2025-08-19,24,Rejected
LEV003638,EMP001812,Study Leave,2023-03-07,2023-03-16,9,Pending
LEV003639,EMP001813,Study Leave,2022-10-11,2022-10-31,20,Pending
LEV003640,EMP001814,Sick Leave,2022-01-21,2022-01-27,6,Pending
LEV003641,EMP001814,Compassionate Leave,2023-05-24,2023-06-22,29,Rejected
LEV003642,EMP001815,Maternity Leave,2019-01-28,2019-01-29,1,Approved
LEV003643,EMP001815,Paternity Leave,2023-08-07,2023-08-24,17,Pending
LEV003644,EMP001816,Compassionate Leave,2025-01-02,2025-01-03,1,Approved
LEV003645,EMP001816,Annual Leave,2023-04-05,2023-04-18,13,Approved
LEV003646,EMP001816,Maternity Leave,2021-10-22,2021-10-31,9,Approved
LEV003647,EMP001816,Annual Leave,2019-12-14,2019-12-29,15,Approved
LEV003648,EMP001819,Paternity Leave,2025-03-15,2025-04-06,22,Approved
LEV003649,EMP001819,Maternity Leave,2019-03-29,2019-04-13,15,Approved
LEV003650,EMP001819,Maternity Leave,2022-07-25,2022-08-05,11,Rejected
LEV003651,EMP001819,Maternity Leave,2020-09-02,2020-09-18,16,Rejected
LEV003652,EMP001820,Maternity Leave,2020-10-29,2020-11-27,29,Pending
LEV003653,EMP001820,Compassionate Leave,2024-08-05,2024-08-22,17,Pending
LEV003654,EMP001820,Sick Leave,2021-09-26,2021-09-28,2,Rejected
LEV003655,EMP001822,Annual Leave,2023-02-08,2023-02-19,11,Approved
LEV003656,EMP001822,Compassionate Leave,2025-09-17,2025-10-08,21,Approved
LEV003657,EMP001823,Compassionate Leave,2023-03-22,2023-04-16,25,Approved
LEV003658,EMP001824,Maternity Leave,2021-05-06,2021-05-27,21,Rejected
LEV003659,EMP001825,Maternity Leave,2020-12-16,2021-01-14,29,Approved
LEV003660,EMP001826,Sick Leave,2024-11-06,2024-11-13,7,Approved
LEV003661,EMP001826,Maternity Leave,2025-06-22,2025-06-30,8,Approved
LEV003662,EMP001826,Sick Leave,2021-11-26,2021-12-15,19,Approved
LEV003663,EMP001826,Maternity Leave,2020-12-21,2020-12-26,5,Approved
LEV003664,EMP001827,Annual Leave,2020-12-04,2020-12-23,19,Approved
LEV003665,EMP001827,Study Leave,2024-07-29,2024-08-01,3,Pending
LEV003666,EMP001827,Sick Leave,2021-12-07,2021-12-10,3,Approved
LEV003667,EMP001827,Sick,2020-09-23,2020-10-01,8,Pending
LEV003668,EMP001828,Annual Leave,2022-08-13,2022-08-24,11,Pending
LEV003669,EMP001828,Sick Leave,2021-07-02,2021-07-18,16,Approved
LEV003670,EMP001828,Maternity Leave,2020-05-16,2020-06-04,19,Pending
LEV003671,EMP001828,Paternity Leave,2023-07-10,2023-07-21,11,Pending
LEV003672,EMP001829,Paternity Leave,2023-03-14,2023-03-19,5,Approved
LEV003673,EMP001830,Compassionate Leave,2023-11-24,2023-11-28,4,Pending
LEV003674,EMP001830,Compassionate Leave,2022-05-28,2022-06-21,24,Approved
LEV003675,EMP001832,Paternity Leave,2020-10-20,2020-10-27,7,Rejected
LEV003676,EMP001834,Paternity Leave,2022-03-04,2022-04-02,29,Rejected
LEV003677,EMP001834,Compassionate Leave,2021-02-24,2021-03-03,7,Approved
LEV003678,EMP001835,Paternity Leave,2024-03-07,2024-03-13,6,Pending
LEV003679,EMP001835,Paternity Leave,2023-10-20,2023-10-30,10,Approved
LEV003680,EMP001835,Study Leave,2021-02-07,2021-02-14,7,Pending
LEV003681,EMP001836,,2023-02-22,2023-03-18,24,Approved
LEV003682,EMP001836,Compassionate Leave,2023-10-21,2023-11-19,29,Pending
LEV003683,EMP001836,Compassionate Leave,2020-05-23,2020-06-08,16,Approved
LEV003684,EMP001836,Maternity Leave,2019-08-30,2019-09-20,21,Rejected
LEV003685,EMP001838,Study Leave,2025-05-04,2025-05-27,23,Pending
LEV003686,EMP001838,Sick Leave,2022-07-22,2022-07-29,7,Approved
LEV003687,EMP001839,Annual Leave,2022-11-22,2022-12-06,14,Approved
LEV003688,EMP001839,Study Leave,2025-05-16,2025-05-29,13,Rejected
LEV003689,EMP001840,Maternity Leave,2022-03-05,2022-03-24,19,Approved
LEV003690,EMP001840,Paternity Leave,2020-06-19,2020-06-30,11,Approved
LEV003691,EMP001841,Maternity Leave,2021-12-21,2021-12-27,6,Approved
LEV003692,EMP001841,Paternity Leave,2019-01-16,2019-02-12,27,Approved
LEV003693,EMP001841,Sick Leave,2021-11-16,2021-12-06,20,Approved
LEV003694,EMP001842,Sick Leave,2021-09-04,2021-10-01,27,Approved
LEV003695,EMP001842,Compassionate Leave,2023-04-03,2023-04-04,1,Approved
LEV003696,EMP001842,Annual Leave,2023-02-20,2023-03-06,14,Approved
LEV003697,EMP001842,Maternity Leave,2019-05-08,2019-05-21,13,Approved
LEV003698,EMP001843,Compassionate Leave,2021-11-10,2021-11-20,10,Approved
LEV003699,EMP001843,Paternity Leave,2019-07-25,2019-08-14,20,Pending
LEV003700,EMP001843,Maternity Leave,2020-09-22,2020-10-08,16,Approved
LEV003701,EMP001844,Sick,2019-02-02,2019-02-23,21,Approved
LEV003702,EMP001845,Annual Leave,2019-07-27,2019-08-16,20,Approved
LEV003703,EMP001845,Sick,2019-01-22,2019-02-13,22,Approved
LEV003704,EMP001846,Compassionate Leave,2023-02-20,2023-03-01,9,Pending
LEV003705,EMP001846,Sick Leave,2021-08-14,2021-09-02,19,Approved
LEV003706,EMP001847,Maternity Leave,2020-06-06,2020-06-10,4,Rejected
LEV003707,EMP001847,Maternity Leave,2020-11-14,2020-12-01,17,Approved
LEV003708,EMP001847,Annual Leave,2023-04-01,2023-04-21,20,Approved
LEV003709,EMP001847,Annual Leave,2023-10-16,2023-11-15,30,Approved
LEV003710,EMP001848,Sick Leave,2023-12-07,2024-01-06,30,Approved
LEV003711,EMP001848,Annual Leave,2021-12-11,2021-12-29,18,Pending
LEV003712,EMP001848,Study Leave,2023-11-14,2023-12-04,20,Pending
LEV003713,EMP001848,Maternity Leave,2024-10-17,2024-11-15,29,Pending
LEV003714,EMP001849,Annual Leave,2021-10-27,2021-11-01,5,Approved
LEV003715,EMP001849,Study Leave,2020-11-26,2020-12-01,5,Approved
LEV003716,EMP001849,Annual Leave,2019-07-18,2019-08-08,21,Approved
LEV003717,EMP001850,Compassionate Leave,2024-12-01,2024-12-04,3,Approved
LEV003718,EMP001850,Annual Leave,2025-05-01,2025-05-23,22,Pending
LEV003719,EMP001850,Maternity Leave,2024-10-02,2024-10-16,14,Approved
LEV003720,EMP001850,Sick Leave,2023-09-26,2023-10-08,-5,Approved
LEV003721,EMP001851,Paternity Leave,2021-09-19,2021-09-21,2,Rejected
LEV003722,EMP001851,Maternity Leave,2022-05-10,2022-05-23,13,Rejected
LEV003723,EMP001852,Sick Leave,2022-01-25,2022-01-04,21,Pending
LEV003724,EMP001852,Compassionate Leave,2025-06-16,2025-06-22,6,Approved
LEV003725,EMP001853,Paternity Leave,2019-01-03,2019-01-29,26,Rejected
LEV003726,EMP001853,Paternity Leave,2022-10-27,2022-11-16,-5,Approved
LEV003727,EMP001855,Maternity Leave,2024-04-29,2024-05-27,28,Rejected
LEV003728,EMP001855,Paternity Leave,2019-09-21,2019-10-03,12,Approved
LEV003729,EMP001856,Leave,2020-02-11,2020-02-20,9,Approved
LEV003730,EMP001856,Maternity Leave,2023-06-05,2023-06-17,12,Approved
LEV003731,EMP001856,Maternity Leave,2020-05-20,2020-05-22,2,Approved
LEV003732,EMP001857,Maternity Leave,2025-07-04,2025-07-05,1,Approved
LEV003733,EMP001857,Annual Leave,2020-08-16,2020-09-04,19,Pending
LEV003734,EMP001858,Study Leave,2022-07-04,2022-07-12,8,Rejected
LEV003735,EMP001858,Paternity Leave,2022-09-08,2022-09-25,17,Approved
LEV003736,EMP001859,Study Leave,2022-05-25,2022-06-22,28,Approved
LEV003737,EMP001859,Compassionate Leave,2020-06-01,2020-06-13,12,Approved
LEV003738,EMP001859,Compassionate Leave,2020-02-06,2020-02-25,19,Approved
LEV003739,EMP001860,Maternity Leave,2021-12-28,2022-01-03,6,Approved
LEV003740,EMP001860,Annual Leave,2025-10-04,2025-10-22,18,Pending
LEV003741,EMP001860,Compassionate Leave,2023-11-12,2023-11-28,16,Approved
LEV003742,EMP001861,Paternity Leave,2020-08-05,2020-08-16,11,Pending
LEV003743,EMP001861,Study Leave,2020-01-06,2020-01-16,10,Rejected
LEV003744,EMP001861,Annual Leave,2025-03-04,2025-03-18,14,Approved
LEV003745,EMP001861,Compassionate Leave,2021-11-03,2021-11-16,13,Approved
LEV003746,EMP001862,Study Leave,2023-09-18,2023-10-14,26,Approved
LEV003747,EMP001862,Annual Leave,2019-06-11,2019-06-24,13,Approved
LEV003748,EMP001863,Study Leave,2024-05-09,2024-06-07,29,Rejected
LEV003749,EMP001863,Study Leave,2025-02-13,2025-02-26,13,Approved
LEV003750,EMP001864,Paternity Leave,2020-06-17,2020-06-30,13,Approved
LEV003751,EMP001865,Paternity Leave,2025-06-02,2025-06-11,9,Rejected
LEV003752,EMP001865,Compassionate Leave,2024-08-25,2024-08-31,6,Rejected
LEV003753,EMP001865,Maternity Leave,2019-02-10,2019-03-11,29,Approved
LEV003754,EMP001866,Paternity Leave,2019-08-12,2019-08-18,6,Approved
LEV003755,EMP001866,Sick Leave,2023-07-06,2023-07-19,13,Rejected
LEV003756,EMP001866,Study Leave,2023-10-16,2023-10-23,7,Approved
LEV003757,EMP001866,Sick Leave,2024-01-14,2024-02-12,29,Rejected
LEV003758,EMP001867,Sick Leave,2023-11-18,2023-12-05,17,Rejected
LEV003759,EMP001867,Sick Leave,2020-05-08,2020-05-26,18,Approved
LEV003760,EMP001867,Maternity Leave,2025-07-21,2025-08-16,26,Rejected
LEV003761,EMP001867,Study Leave,2022-10-13,2022-10-28,15,Pending
LEV003762,EMP001868,Paternity Leave,2025-10-27,2025-10-30,3,Rejected
LEV003763,EMP001869,Paternity Leave,2020-01-25,2020-02-21,27,Approved
LEV003764,EMP001869,Compassionate Leave,2025-04-05,2025-04-21,16,Rejected
LEV003765,EMP001869,Study Leave,2021-04-10,2021-04-19,9,Approved
LEV003766,EMP001869,Study Leave,2021-12-28,2022-01-15,18,Approved
LEV003767,EMP001871,Maternity Leave,2021-09-11,2021-09-29,18,Approved
LEV003768,EMP001871,Study Leave,2020-06-06,2020-06-12,6,Approved
LEV003769,EMP001872,Compassionate Leave,2019-08-03,2019-08-11,8,Approved
LEV003770,EMP001872,Paternity Leave,2021-07-04,2021-07-23,19,Pending
LEV003771,EMP001872,Paternity Leave,2020-04-04,2020-04-16,12,Approved
LEV003772,EMP001873,Study Leave,2021-03-20,2021-03-29,9,Approved
LEV003773,EMP001873,Annual Leave,2022-03-09,2022-03-19,10,Rejected
LEV003774,EMP001873,Annual Leave,2019-12-14,2019-12-24,10,Approved
LEV003775,EMP001874,Maternity Leave,2021-03-06,2021-03-17,11,Approved
LEV003776,EMP001874,Annual Leave,2025-12-23,2026-01-19,27,Rejected
LEV003777,EMP001874,Compassionate Leave,2025-10-17,2025-11-01,15,Approved
LEV003778,EMP001874,Compassionate Leave,2023-10-03,2023-10-19,16,Approved
LEV003779,EMP001875,Maternity Leave,2024-08-07,2024-08-09,2,Approved
LEV003780,EMP001876,Compassionate Leave,2020-11-19,2020-11-02,17,Approved
LEV003781,EMP001876,Study Leave,2023-05-30,2023-06-06,7,Rejected
LEV003782,EMP001876,Annual Leave,2022-07-12,2022-07-24,12,Approved
LEV003783,EMP001876,Compassionate Leave,2021-04-25,2021-05-21,26,Rejected
LEV003784,EMP001878,Paternity Leave,2025-06-15,2025-07-12,27,Approved
LEV003785,EMP001878,Sick Leave,2023-03-14,2023-03-29,15,Approved
LEV003786,EMP001878,Maternity Leave,2020-02-01,2020-02-12,11,Approved
LEV003787,EMP001878,Annual Leave,2024-12-16,2025-01-10,25,Approved
LEV003788,EMP001880,Compassionate Leave,2023-06-30,2023-07-19,19,Approved
LEV003789,EMP001880,Maternity Leave,2024-01-13,2024-01-17,4,Rejected
LEV003790,EMP001881,Annual Leave,2022-07-23,2022-08-12,20,Pending
LEV003791,EMP001881,Compassionate Leave,2025-07-04,2025-07-18,14,Approved
LEV003792,EMP001882,Study Leave,2023-09-14,2023-09-23,9,Pending
LEV003793,EMP001882,Annual Leave,2019-01-21,2019-02-06,16,Approved
LEV003794,EMP001882,Study Leave,2025-06-23,2025-07-14,21,Approved
LEV003795,EMP001883,Sick Leave,2024-08-07,2024-08-19,12,Pending
LEV003796,EMP001883,Sick,2019-08-07,2019-08-30,23,Rejected
LEV003797,EMP001883,Study Leave,2021-02-13,2021-03-07,22,Pending
LEV003798,EMP001884,Annual Leave,2020-06-12,2020-07-07,25,Pending
LEV003799,EMP001884,Annual Leave,2025-06-04,2025-06-13,9,Approved
LEV003800,EMP001885,Compassionate Leave,2022-04-13,2022-05-11,28,Approved
LEV003801,EMP001885,Sick Leave,2021-12-30,2022-01-21,22,Approved
LEV003802,EMP001885,Maternity Leave,2023-10-29,2023-11-10,12,Approved
LEV003803,EMP001885,Compassionate Leave,2021-04-24,2021-05-01,7,Pending
LEV003804,EMP001886,,2023-06-24,2023-07-15,21,Approved
LEV003805,EMP001886,Study Leave,2025-11-26,2025-12-06,10,Approved
LEV003806,EMP001888,Paternity Leave,2024-10-05,2024-11-02,28,Pending
LEV003807,EMP001888,Paternity Leave,2023-01-20,2023-02-18,29,Approved
LEV003808,EMP001888,Paternity Leave,2022-09-06,2022-09-24,18,Rejected
LEV003809,EMP001889,Paternity Leave,2024-05-06,2024-05-31,25,Approved
LEV003810,EMP001889,Annual Leave,2020-12-02,2020-12-26,24,Approved
LEV003811,EMP001890,Study Leave,2021-11-21,2021-12-10,19,Pending
LEV003812,EMP001890,Annual Leave,2025-07-24,2025-08-14,21,Approved
LEV003813,EMP001891,Study Leave,2023-11-03,2023-11-19,16,Rejected
LEV003814,EMP001891,Maternity Leave,2025-05-21,2025-06-07,17,Approved
LEV003815,EMP001891,Study Leave,2025-02-15,2025-02-23,8,Rejected
LEV003816,EMP001891,Annual Leave,2025-09-05,2025-09-21,16,Rejected
LEV003817,EMP001892,Compassionate Leave,2023-04-07,2023-04-19,12,Pending
LEV003818,EMP001892,Compassionate Leave,2019-07-10,2019-07-23,13,Pending
LEV003819,EMP001892,Paternity Leave,2023-08-27,2023-09-04,8,Approved
LEV003820,EMP001892,Maternity Leave,2019-03-27,2019-04-26,30,Approved
LEV003821,EMP001893,Study Leave,2025-03-25,2025-04-10,16,Pending
LEV003822,EMP001894,Compassionate Leave,2025-07-23,2025-07-29,6,Approved
LEV003823,EMP001894,Annual Leave,2022-08-14,2022-08-22,8,Pending
LEV003824,EMP001894,Paternity Leave,2022-07-02,2022-07-16,14,Approved
LEV003825,EMP001894,Study Leave,2023-12-13,2023-12-27,14,Approved
LEV003826,EMP001895,Compassionate Leave,2023-11-22,2023-12-06,14,Approved
LEV003827,EMP001895,Paternity Leave,2024-07-04,2024-07-22,18,Approved
LEV003828,EMP001895,Sick Leave,2020-03-31,2020-04-28,28,Approved
LEV003829,EMP001895,Study Leave,2021-06-14,2021-06-29,15,Approved
LEV003830,EMP001896,Study Leave,2025-04-22,2025-05-18,26,Approved
LEV003831,EMP001896,Compassionate Leave,2025-05-06,2025-05-16,10,Approved
LEV003832,EMP001896,Paternity Leave,2021-03-13,2021-03-29,16,Approved
LEV003833,EMP001896,Sick Leave,2025-10-26,2025-11-21,26,Approved
LEV003834,EMP001897,Study Leave,2020-11-13,2020-12-02,19,Approved
LEV003835,EMP001898,Paternity Leave,2024-11-03,2024-11-13,10,Approved
LEV003836,EMP001898,Annual Leave,2023-08-14,2023-08-31,17,Pending
LEV003837,EMP001898,Study Leave,2025-03-23,2025-03-24,1,Approved
LEV003838,EMP001898,Paternity Leave,2021-05-13,2021-06-01,19,Rejected
LEV003839,EMP001899,Sick Leave,2021-03-07,2021-03-20,13,Pending
LEV003840,EMP001899,Study Leave,2022-07-23,2022-08-12,-5,Rejected
LEV003841,EMP001899,Maternity Leave,2020-10-05,2020-10-16,11,Rejected
LEV003842,EMP001901,Sick Leave,2020-10-23,2020-10-24,1,Approved
LEV003843,EMP001901,Paternity Leave,2021-04-05,2021-04-29,24,Pending
LEV003844,EMP001902,Maternity Leave,2019-09-17,2019-10-12,25,Pending
LEV003845,EMP001902,Maternity Leave,2019-07-03,2019-07-18,15,Approved
LEV003846,EMP001902,Compassionate Leave,2021-08-22,2021-09-03,12,Approved
LEV003847,EMP001903,Annual Leave,2024-11-24,2024-12-08,14,Rejected
LEV003848,EMP001904,Maternity Leave,2024-03-11,2024-03-27,16,Approved
LEV003849,EMP001904,Annual Leave,2025-05-28,2025-06-05,8,Approved
LEV003850,EMP001904,Paternity Leave,2024-12-24,2024-12-25,1,Pending
LEV003851,EMP001905,Maternity Leave,2023-07-12,2023-07-22,10,Pending
LEV003852,EMP001905,Compassionate Leave,2020-09-24,2020-10-23,29,Approved
LEV003853,EMP001905,Compassionate Leave,2020-04-28,2020-05-20,22,Approved
LEV003854,EMP001905,Compassionate Leave,2024-12-25,2024-12-29,4,Approved
LEV003855,EMP001906,Paternity Leave,2021-07-16,2021-08-09,24,Rejected
LEV003856,EMP001907,Sick Leave,2022-06-21,2022-07-14,23,Approved
LEV003857,EMP001907,Paternity Leave,2021-01-21,2021-02-06,16,Approved
LEV003858,EMP001907,Annual Leave,2024-11-22,2024-12-07,15,Approved
LEV003859,EMP001907,Study Leave,2025-10-27,2025-11-19,23,Rejected
LEV003860,EMP001908,Sick Leave,2021-09-02,2021-09-20,18,Approved
LEV003861,EMP001908,Annual Leave,2019-11-22,2019-11-24,2,Rejected
LEV003862,EMP001909,Compassionate Leave,2021-06-25,2021-07-02,7,Pending
LEV003863,EMP001909,Compassionate Leave,2025-06-17,2025-07-17,30,Approved
LEV003864,EMP001909,Sick Leave,2023-11-09,2023-12-01,22,Pending
LEV003865,EMP001910,Annual Leave,2021-05-08,2021-05-31,23,Rejected
LEV003866,EMP001910,Paternity Leave,2019-03-13,2019-03-17,4,Approved
LEV003867,EMP001912,Paternity Leave,2020-01-14,2020-01-26,12,Rejected
LEV003868,EMP001912,Paternity Leave,2023-04-07,2023-04-09,2,Pending
LEV003869,EMP001913,Sick Leave,2024-10-26,2024-11-08,13,Rejected
LEV003870,EMP001913,Compassionate Leave,2022-02-15,2022-03-10,23,Pending
LEV003871,EMP001913,Annual Leave,2023-06-04,2023-07-04,30,Approved
LEV003872,EMP001913,Compassionate Leave,2022-01-28,2022-02-27,30,Approved
LEV003873,EMP001915,Compassionate Leave,2023-02-03,2023-02-07,4,Rejected
LEV003874,EMP001915,Study Leave,2023-05-13,2023-05-25,12,Rejected
LEV003875,EMP001916,annual leave,2020-09-02,2020-09-03,1,Approved
LEV003876,EMP001916,Sick Leave,2024-01-01,2024-01-23,22,Approved
LEV003877,EMP001916,Sick Leave,2020-06-11,2020-07-05,24,Approved
LEV003878,EMP001916,Study Leave,2022-12-29,2023-01-21,23,Approved
LEV003879,EMP001917,Annual Leave,2019-03-16,2019-03-23,7,Approved
LEV003880,EMP001917,Paternity Leave,2022-10-31,2022-11-14,14,Rejected
LEV003881,EMP001917,Paternity Leave,2020-05-09,2020-05-12,3,Pending
LEV003882,EMP001918,Paternity Leave,2023-10-29,2023-11-27,29,Pending
LEV003883,EMP001919,Paternity Leave,2021-08-18,2021-09-17,30,Approved
LEV003884,EMP001919,Compassionate Leave,2024-10-25,2024-11-05,11,Pending
LEV003885,EMP001919,Annual Leave,2025-01-29,2025-02-12,14,Pending
LEV003886,EMP001920,Maternity Leave,2024-07-08,2024-07-17,9,Pending
LEV003887,EMP001920,Annual Leave,2019-06-05,2019-06-08,3,Approved
LEV003888,EMP001921,Paternity Leave,2019-01-22,2019-02-09,18,Rejected
LEV003889,EMP001921,Annual Leave,2020-05-16,2020-06-02,17,Rejected
LEV003890,EMP001922,Paternity Leave,2019-08-04,2019-08-14,10,Approved
LEV003891,EMP001922,Compassionate Leave,2024-12-31,2025-01-04,4,Pending
LEV003892,EMP001922,Compassionate Leave,2025-10-08,2025-10-14,6,Approved
LEV003893,EMP001922,Compassionate Leave,2020-09-24,2020-10-02,8,Approved
LEV003894,EMP001924,Annual Leave,2024-07-16,2024-07-25,9,Approved
LEV003895,EMP001925,Sick Leave,2022-01-15,2022-02-14,30,Pending
LEV003896,EMP001926,Sick Leave,2024-02-10,2024-02-22,12,Approved
LEV003897,EMP001926,Maternity Leave,2024-02-15,2024-03-06,20,Approved
LEV003898,EMP001926,Study Leave,2021-10-21,2021-11-06,16,Approved
LEV003899,EMP001929,Maternity Leave,2022-07-19,2022-08-01,13,Rejected
LEV003900,EMP001930,Annual Leave,2019-11-14,2019-12-09,25,Approved
LEV003901,EMP001930,Maternity Leave,2024-09-23,2024-10-09,16,Approved
LEV003902,EMP001930,Study Leave,2020-08-04,2020-09-03,30,Approved
LEV003903,EMP001930,Annual Leave,2023-03-04,2023-03-06,2,Pending
LEV003904,EMP001931,Annual Leave,2025-01-09,2025-01-18,9,Approved
LEV003905,EMP001931,Sick Leave,2019-10-20,2019-11-06,17,Rejected
LEV003906,EMP001932,Study Leave,2025-01-18,2025-02-04,17,Approved
LEV003907,EMP001932,Annual Leave,2021-05-05,2021-05-09,4,Rejected
LEV003908,EMP001932,Study Leave,2020-04-12,2020-04-13,1,Rejected
LEV003909,EMP001932,Study Leave,2025-05-24,2025-06-01,8,Pending
LEV003910,EMP001933,Annual Leave,2019-02-12,2019-02-20,8,Pending
LEV003911,EMP001934,Compassionate Leave,2024-02-08,2024-03-04,25,Rejected
LEV003912,EMP001934,Maternity Leave,2022-12-01,2022-12-02,1,Approved
LEV003913,EMP001934,Maternity Leave,2022-09-23,2022-10-02,9,Approved
LEV003914,EMP001934,Sick Leave,2023-06-06,2023-07-02,26,Rejected
LEV003915,EMP001935,Study Leave,2021-01-19,2021-02-08,20,Rejected
LEV003916,EMP001935,Compassionate Leave,2025-12-17,2025-12-22,5,Pending
LEV003917,EMP001935,Sick Leave,2024-08-01,2024-08-03,2,Approved
LEV003918,EMP001935,Sick Leave,2022-12-03,2022-12-09,6,Approved
LEV003919,EMP001936,Compassionate Leave,2025-06-05,2025-06-29,24,Approved
LEV003920,EMP001937,Compassionate Leave,2024-03-28,2024-04-14,17,Approved
LEV003921,EMP001937,Sick Leave,2020-05-26,2020-06-09,14,Approved
LEV003922,EMP001937,Maternity Leave,2022-05-31,2022-06-06,6,Approved
LEV003923,EMP001937,Study Leave,2023-07-03,2023-07-28,25,Approved
LEV003924,EMP001939,Annual Leave,2021-01-25,2021-02-01,7,Rejected
LEV003925,EMP001939,Maternity Leave,2020-09-09,2020-10-07,28,Approved
LEV003926,EMP001940,Compassionate Leave,2025-07-13,2025-07-14,1,Approved
LEV003927,EMP001940,Study Leave,2019-01-25,2019-02-18,24,Pending
LEV003928,EMP001940,Maternity Leave,2023-12-31,2024-01-21,21,Approved
LEV003929,EMP001941,Sick Leave,2019-05-17,2019-05-26,9,Rejected
LEV003930,EMP001941,Annual Leave,2020-12-07,2021-01-02,26,Approved
LEV003931,EMP001941,Sick Leave,2020-11-14,2020-11-28,14,Rejected
LEV003932,EMP001941,Compassionate Leave,2025-07-31,2025-08-23,23,Approved
LEV003933,EMP001942,Study Leave,2025-06-12,2025-06-18,6,Pending
LEV003934,EMP001942,Compassionate Leave,2019-05-06,2019-05-11,5,Approved
LEV003935,EMP001942,Sick Leave,2020-01-20,2020-01-26,6,Pending
LEV003936,EMP001943,Maternity Leave,2020-05-04,2020-05-23,19,Pending
LEV003937,EMP001943,Compassionate Leave,2022-06-13,2022-06-30,17,Approved
LEV003938,EMP001943,Paternity Leave,2024-12-31,2025-01-25,25,Pending
LEV003939,EMP001943,Study Leave,2021-08-29,2021-09-07,9,Rejected
LEV003940,EMP001944,Compassionate Leave,2019-03-23,2019-04-16,24,Pending
LEV003941,EMP001944,Compassionate Leave,2022-02-28,2022-03-17,17,Approved
LEV003942,EMP001944,Sick Leave,2019-02-08,2019-03-02,22,Rejected
LEV003943,EMP001944,Paternity Leave,2019-12-31,2020-01-08,8,Approved
LEV003944,EMP001945,Maternity Leave,2022-11-26,2022-12-22,26,Approved
LEV003945,EMP001946,Study Leave,2021-10-20,2021-11-06,17,Approved
LEV003946,EMP001946,Annual Leave,2025-09-15,2025-09-29,14,Approved
LEV003947,EMP001946,Sick Leave,2019-03-14,2019-03-31,17,Approved
LEV003948,EMP001947,Compassionate Leave,2022-08-07,2022-08-29,22,Rejected
LEV003949,EMP001947,Maternity Leave,2024-09-12,2024-09-21,9,Pending
LEV003950,EMP001947,Compassionate Leave,2024-10-27,2024-10-29,2,Rejected
LEV003951,EMP001948,Annual Leave,2022-03-20,2022-04-15,26,Approved
LEV003952,EMP001948,Paternity Leave,2025-07-29,2025-08-21,23,Approved
LEV003953,EMP001948,Sick Leave,2021-12-25,2022-01-07,13,Approved
LEV003954,EMP001948,Study Leave,2024-03-25,2024-04-19,25,Approved
LEV003955,EMP001949,Leave,2022-07-04,2022-07-23,19,Approved
LEV003956,EMP001949,Compassionate Leave,2023-02-08,2023-03-06,26,Approved
LEV003957,EMP001949,Annual Leave,2019-06-13,2019-06-16,3,Approved
LEV003958,EMP001950,Paternity Leave,2023-04-03,2023-04-10,7,Approved
LEV003959,EMP001950,Maternity Leave,2019-08-23,2019-08-24,1,Pending
LEV003960,EMP001951,Annual Leave,2024-11-17,2024-11-24,7,Rejected
LEV003961,EMP001951,Compassionate Leave,2019-08-20,2019-09-03,14,Approved
LEV003962,EMP001952,Annual Leave,2025-04-14,2025-05-09,25,Approved
LEV003963,EMP001953,Study Leave,2020-09-02,2020-09-04,2,Approved
LEV003964,EMP001953,Sick Leave,2021-12-21,2022-01-04,14,Rejected
LEV003965,EMP001953,Sick Leave,2022-05-22,2022-06-21,30,Approved
LEV003966,EMP001954,Sick Leave,2023-07-29,2023-08-04,6,Pending
LEV003967,EMP001954,Study Leave,2023-08-21,2023-08-30,9,Approved
LEV003968,EMP001954,Annual Leave,2024-06-11,2024-07-03,22,Approved
LEV003969,EMP001955,Paternity Leave,2021-03-13,2021-04-01,19,Approved
LEV003970,EMP001955,Maternity Leave,2024-02-28,2024-03-05,6,Pending
LEV003971,EMP001955,Sick Leave,2023-05-31,2023-06-28,28,Approved
LEV003972,EMP001957,Sick Leave,2025-01-07,2025-01-15,8,Pending
LEV003973,EMP001957,Annual Leave,2019-03-15,2019-04-02,18,Rejected
LEV003974,EMP001960,Compassionate Leave,2025-09-12,2025-09-05,7,Rejected
LEV003975,EMP001962,Compassionate Leave,2020-01-20,2020-02-10,21,Pending
LEV003976,EMP001962,Study Leave,2019-07-19,2019-07-27,8,Pending
LEV003977,EMP001962,Annual Leave,2024-10-11,2024-10-28,17,Pending
LEV003978,EMP001963,Sick Leave,2024-06-03,2024-06-25,22,Approved
LEV003979,EMP001964,Annual Leave,2023-05-26,2023-06-03,8,Approved
LEV003980,EMP001964,Paternity Leave,2020-08-16,2020-09-15,30,Rejected
LEV003981,EMP001965,Paternity Leave,2022-01-22,2022-02-17,26,Approved
LEV003982,EMP001965,Sick Leave,2022-06-29,2022-07-19,20,Pending
LEV003983,EMP001965,Maternity Leave,2023-01-15,2023-01-28,13,Rejected
LEV003984,EMP001965,Paternity Leave,2024-07-11,2024-08-06,26,Rejected
LEV003985,EMP001967,Maternity Leave,2024-07-21,2024-08-11,21,Approved
LEV003986,EMP001967,Paternity Leave,2021-03-05,2021-03-15,10,Pending
LEV003987,EMP001967,Paternity Leave,2021-06-12,2021-06-20,8,Approved
LEV003988,EMP001967,Paternity Leave,2023-07-20,2023-08-17,28,Approved
LEV003989,EMP001968,Annual Leave,2019-01-28,2019-02-15,18,Approved
LEV003990,EMP001968,Study Leave,2023-10-31,2023-11-16,16,Rejected
LEV003991,EMP001968,Paternity Leave,2023-12-24,2024-01-18,25,Approved
LEV003992,EMP001970,Maternity Leave,2025-07-22,2025-08-19,28,Pending
LEV003993,EMP001970,Maternity Leave,2023-06-07,2023-06-27,20,Approved
LEV003994,EMP001971,Annual Leave,2021-08-25,2021-09-22,28,Approved
LEV003995,EMP001971,Maternity Leave,2021-09-15,2021-10-15,30,Approved
LEV003996,EMP001971,Sick,2024-03-11,2024-04-07,27,Approved
LEV003997,EMP001973,Maternity Leave,2024-07-09,2024-07-16,7,Pending
LEV003998,EMP001976,Maternity Leave,2024-07-30,2024-08-04,5,Approved
LEV003999,EMP001976,Sick Leave,2025-10-06,2025-10-26,20,Approved
LEV004000,EMP001976,Compassionate Leave,2022-07-04,2022-07-28,24,Pending
LEV004001,EMP001977,Compassionate Leave,2019-06-05,2019-06-09,4,Pending
LEV004002,EMP001977,Annual Leave,2019-12-27,2020-01-01,5,Approved
LEV004003,EMP001977,Maternity Leave,2019-07-20,2019-08-17,28,Pending
LEV004004,EMP001978,Sick Leave,2023-09-03,2023-09-21,18,Rejected
LEV004005,EMP001978,Compassionate Leave,2023-12-03,2024-01-02,30,Approved
LEV004006,EMP001980,Maternity Leave,2020-11-15,2020-12-13,28,Approved
LEV004007,EMP001981,Compassionate Leave,2019-12-22,2019-12-28,6,Pending
LEV004008,EMP001981,Sick Leave,2023-07-23,2023-07-27,4,Pending
LEV004009,EMP001981,Study Leave,2019-04-29,2019-05-09,10,Pending
LEV004010,EMP001982,Annual Leave,2024-01-12,2024-01-22,10,Pending
LEV004011,EMP001983,Paternity Leave,2021-02-28,2021-03-22,22,Approved
LEV004012,EMP001983,Annual Leave,2020-08-07,2020-08-23,16,Approved
LEV004013,EMP001985,Annual Leave,2020-02-04,2020-03-01,26,Pending
LEV004014,EMP001986,Sick Leave,2024-05-21,2024-05-23,2,Approved
LEV004015,EMP001987,Maternity Leave,2025-12-14,2025-12-20,6,Approved
LEV004016,EMP001987,Compassionate Leave,2025-10-30,2025-11-05,6,Rejected
LEV004017,EMP001989,Paternity Leave,2021-10-03,2021-10-25,22,Pending
LEV004018,EMP001990,Study Leave,2025-05-24,2025-05-29,5,Approved
LEV004019,EMP001990,Annual Leave,2023-05-21,2023-05-29,8,Approved
LEV004020,EMP001990,Study Leave,2025-09-03,2025-09-27,24,Approved
LEV004021,EMP001990,Paternity Leave,2020-06-22,2020-07-01,9,Pending
LEV004022,EMP001991,Annual Leave,2019-02-02,2019-02-18,16,Rejected
LEV004023,EMP001992,Compassionate Leave,2025-05-18,2025-05-27,9,Approved
LEV004024,EMP001992,Compassionate Leave,2021-06-11,2021-06-19,8,Approved
LEV004025,EMP001992,Maternity Leave,2021-06-07,2021-06-10,3,Approved
LEV004026,EMP001992,Maternity Leave,2025-03-26,2025-03-27,1,Approved
LEV004027,EMP001993,Compassionate Leave,2022-08-10,2022-08-16,6,Approved
LEV004028,EMP001993,Sick Leave,2022-04-14,2022-04-30,16,Pending
LEV004029,EMP001994,Maternity Leave,2023-07-27,2023-08-19,23,Rejected
LEV004030,EMP001994,Annual Leave,2024-01-02,2024-01-10,8,Rejected
LEV004031,EMP001994,Annual Leave,2025-08-27,2025-09-03,7,Approved
LEV004032,EMP001995,Maternity Leave,2024-08-09,2024-08-13,4,Approved
LEV004033,EMP001995,Study Leave,2021-07-01,2021-07-19,18,Approved
LEV004034,EMP001997,Sick Leave,2022-05-30,2022-06-01,2,Rejected
LEV004035,EMP001997,Paternity Leave,2022-11-07,2022-11-09,2,Approved
LEV004036,EMP001999,Compassionate Leave,2020-08-10,2020-08-22,12,Approved
LEV004037,EMP002000,Annual Leave,2024-03-23,2024-03-24,1,Approved
LEV004038,EMP002001,Study Leave,2025-12-05,2025-12-21,16,Approved
LEV004039,EMP002001,Paternity Leave,2024-12-09,2024-12-14,5,Pending
LEV004040,EMP002006,Annual Leave,2023-01-16,2023-02-10,25,Approved
LEV004041,EMP002006,Annual Leave,2021-04-23,2021-04-29,6,Approved
LEV004042,EMP002010,Maternity Leave,2022-07-25,2022-08-17,23,Rejected
LEV004043,EMP002010,Maternity Leave,2021-01-14,2021-01-26,12,Approved
LEV004044,EMP002010,Study Leave,2025-03-31,2025-04-12,12,Rejected
LEV004045,EMP002010,Study Leave,2019-07-06,2019-07-03,3,Approved
LEV004046,EMP002011,Paternity Leave,2025-01-06,2025-01-19,13,Pending
LEV004047,EMP002012,Maternity Leave,2024-10-31,2024-11-24,24,Pending
LEV004048,EMP002012,Maternity Leave,2021-08-26,2021-09-23,28,Rejected
LEV004049,EMP002012,Study Leave,2020-11-02,2020-11-29,-5,Pending
LEV004050,EMP002013,Paternity Leave,2022-09-23,2022-10-17,24,Approved
LEV004051,EMP002014,Study Leave,2020-07-04,2020-07-25,21,Approved
LEV004052,EMP002015,Paternity Leave,2021-05-09,2021-06-03,25,Approved
LEV004053,EMP002015,Annual Leave,2022-11-29,2022-12-28,29,Approved
LEV004054,EMP002015,Maternity Leave,2025-06-12,2025-07-12,30,Approved
LEV004055,EMP002015,Compassionate Leave,2020-05-24,2020-06-05,12,Approved
LEV004056,EMP002016,Compassionate Leave,2020-04-15,2020-05-15,30,Approved
LEV004057,EMP002016,Compassionate Leave,2025-10-09,2025-11-02,24,Approved
LEV004058,EMP002016,Paternity Leave,2023-02-21,2023-03-07,14,Approved
LEV004059,EMP002017,Paternity Leave,2025-08-14,2025-09-02,19,Approved
LEV004060,EMP002017,Paternity Leave,2022-12-17,2023-01-07,21,Approved
LEV004061,EMP002017,Study Leave,2025-10-31,2025-11-16,16,Rejected
LEV004062,EMP002017,Study Leave,2019-01-06,2019-01-10,4,Pending
LEV004063,EMP002018,Annual Leave,2023-11-23,2023-11-30,7,Approved
LEV004064,EMP002018,Paternity Leave,2021-06-10,2021-07-09,29,Approved
LEV004065,EMP002018,Compassionate Leave,2021-10-09,2021-10-10,1,Approved
LEV004066,EMP002018,Maternity Leave,2020-11-23,2020-12-08,15,Approved
LEV004067,EMP002019,Compassionate Leave,2025-05-17,2025-06-06,20,Approved
LEV004068,EMP002019,Maternity Leave,2024-10-17,2024-11-11,25,Rejected
LEV004069,EMP002019,Compassionate Leave,2023-12-20,2023-12-31,11,Approved
LEV004070,EMP002020,Maternity Leave,2021-04-09,2021-04-23,14,Approved
LEV004071,EMP002020,Annual Leave,2020-03-20,2020-03-29,9,Pending
LEV004072,EMP002020,Annual Leave,2024-11-28,2024-12-22,24,Pending
LEV004073,EMP002020,Compassionate Leave,2020-09-24,2020-10-18,24,Approved
LEV004074,EMP002021,Paternity Leave,2019-04-11,2019-04-20,9,Approved
LEV004075,EMP002021,Annual Leave,2020-04-24,2020-04-26,2,Pending
LEV004076,EMP002021,Study Leave,2020-07-27,2020-08-25,29,Approved
LEV004077,EMP002022,Annual Leave,2022-05-27,2022-06-25,29,Approved
LEV004078,EMP002022,Sick Leave,2022-09-20,2022-09-24,4,Rejected
LEV004079,EMP002023,Maternity Leave,2023-04-19,2023-05-13,24,Rejected
LEV004080,EMP002023,Study Leave,2019-05-22,2019-06-03,12,Pending
LEV004081,EMP002023,Study Leave,2024-12-05,2024-12-27,22,Approved
LEV004082,EMP002024,Study Leave,2024-04-06,2024-04-28,22,Pending
LEV004083,EMP002024,Paternity Leave,2021-09-01,2021-09-09,8,Rejected
LEV004084,EMP002024,Sick Leave,2024-10-17,2024-10-26,9,Approved
LEV004085,EMP002025,Compassionate Leave,2021-07-04,2021-08-02,29,Approved
LEV004086,EMP002026,Annual Leave,2019-05-18,2019-05-25,7,Pending
LEV004087,EMP002026,Sick Leave,2020-03-17,2020-03-28,11,Rejected
LEV004088,EMP002028,Annual Leave,2023-02-09,2023-02-27,18,Approved
LEV004089,EMP002028,Sick Leave,2019-09-03,2019-09-15,12,Approved
LEV004090,EMP002029,Paternity Leave,2020-11-03,2020-11-15,12,Rejected
LEV004091,EMP002030,Paternity Leave,2021-06-10,2021-06-22,12,Approved
LEV004092,EMP002031,Annual Leave,2025-05-09,2025-06-06,28,Approved
LEV004093,EMP002031,,2025-07-18,2025-07-23,5,Rejected
LEV004094,EMP002031,Compassionate Leave,2023-06-04,2023-06-18,14,Approved
LEV004095,EMP002031,Compassionate Leave,2024-08-31,2024-09-20,20,Pending
LEV004096,EMP002032,Sick Leave,2021-09-27,2021-10-06,9,Rejected
LEV004097,EMP002032,Maternity Leave,2020-10-07,2020-10-08,1,Approved
LEV004098,EMP002032,Annual Leave,2025-10-14,2025-10-16,2,Approved
LEV004099,EMP002032,Paternity Leave,2022-05-03,2022-05-09,6,Approved
LEV004100,EMP002033,Study Leave,2021-04-07,2021-04-20,13,Approved
LEV004101,EMP002033,Maternity Leave,2024-02-22,2024-02-25,3,Approved
LEV004102,EMP002033,Paternity Leave,2024-08-10,2024-08-13,3,Approved
LEV004103,EMP002034,Paternity Leave,2023-11-11,2023-11-14,3,Rejected
LEV004104,EMP002034,,2019-11-13,2019-12-12,29,Approved
LEV004105,EMP002034,Paternity Leave,2019-09-07,2019-09-15,8,Approved
LEV004106,EMP002035,Compassionate Leave,2021-04-02,2021-05-01,29,Approved
LEV004107,EMP002035,Annual Leave,2019-01-26,2019-02-03,8,Approved
LEV004108,EMP002035,Maternity Leave,2020-08-05,2020-08-15,10,Approved
LEV004109,EMP002036,Study Leave,2024-02-12,2024-02-21,9,Approved
LEV004110,EMP002036,Study Leave,2021-02-26,2021-03-10,12,Approved
LEV004111,EMP002036,Sick Leave,2025-07-15,2025-08-13,29,Pending
LEV004112,EMP002037,Annual Leave,2025-11-20,2025-11-23,3,Approved
LEV004113,EMP002037,Compassionate Leave,2021-02-10,2021-02-17,7,Approved
LEV004114,EMP002037,Sick Leave,2021-12-04,2022-01-02,29,Approved
LEV004115,EMP002038,Sick Leave,2019-03-14,2019-03-17,3,Rejected
LEV004116,EMP002038,Compassionate Leave,2022-03-14,2022-04-07,24,Approved
LEV004117,EMP002038,Sick Leave,2021-01-23,2021-01-30,7,Approved
LEV004118,EMP002038,Annual Leave,2025-12-07,2025-12-24,17,Approved
LEV004119,EMP002039,Annual Leave,2022-04-16,2022-05-01,15,Pending
LEV004120,EMP002039,Annual Leave,2025-04-22,2025-05-03,11,Approved
LEV004121,EMP002039,Compassionate Leave,2023-09-23,2023-10-20,27,Pending
LEV004122,EMP002039,Study Leave,2023-07-25,2023-08-14,20,Approved
LEV004123,EMP002041,Maternity Leave,2025-05-09,2025-05-07,2,Approved
LEV004124,EMP002041,Study Leave,2019-08-29,2019-09-23,25,Approved
LEV004125,EMP002041,Sick Leave,2021-01-30,2021-02-23,24,Approved
LEV004126,EMP002041,Paternity Leave,2025-10-17,2025-10-28,11,Approved
LEV004127,EMP002042,Compassionate Leave,2025-05-23,2025-06-09,17,Approved
LEV004128,EMP002042,Paternity Leave,2019-12-31,2020-01-18,18,Approved
LEV004129,EMP002042,Study Leave,2024-12-25,2025-01-23,29,Pending
LEV004130,EMP002042,Paternity Leave,2023-06-29,2023-07-22,23,Approved
LEV004131,EMP002043,Annual Leave,2019-07-11,2019-07-28,17,Approved
LEV004132,EMP002044,Compassionate Leave,2023-04-28,2023-05-11,13,Approved
LEV004133,EMP002045,Paternity Leave,2022-12-09,2022-12-17,8,Approved
LEV004134,EMP002045,Study Leave,2022-07-14,2022-08-08,25,Approved
LEV004135,EMP002046,Maternity Leave,2023-03-06,2023-03-08,2,Pending
LEV004136,EMP002046,Study Leave,2020-11-21,2020-12-11,20,Rejected
LEV004137,EMP002047,Sick Leave,2024-07-28,2024-08-26,29,Rejected
LEV004138,EMP002047,Annual Leave,2021-02-24,2021-03-22,26,Pending
LEV004139,EMP002048,Compassionate Leave,2024-11-03,2024-12-03,30,Approved
LEV004140,EMP002048,Compassionate Leave,2019-01-28,2019-02-14,17,Approved
LEV004141,EMP002048,Annual Leave,2023-10-28,2023-11-01,4,Approved
LEV004142,EMP002048,Compassionate Leave,2020-05-07,2020-06-02,26,Approved
LEV004143,EMP002049,Study Leave,2025-03-08,2025-03-25,17,Approved
LEV004144,EMP002049,Compassionate Leave,2023-07-10,2023-08-04,25,Approved
LEV004145,EMP002050,Study Leave,2023-09-28,2023-10-02,4,Approved
LEV004146,EMP002050,Annual Leave,2021-05-03,2021-05-30,27,Approved
LEV004147,EMP002050,Annual Leave,2023-04-01,2023-04-16,15,Approved
LEV004148,EMP002050,Sick Leave,2024-11-08,2024-11-17,9,Rejected
LEV004149,EMP002051,Annual Leave,2022-07-13,2022-08-09,27,Approved
LEV004150,EMP002052,Compassionate Leave,2021-04-18,2021-04-28,10,Approved
LEV004151,EMP002053,Annual Leave,2023-06-16,2023-07-09,23,Approved
LEV004152,EMP002053,Annual Leave,2024-05-21,2024-06-03,13,Rejected
LEV004153,EMP002054,Maternity Leave,2023-07-29,2023-08-13,15,Approved
LEV004154,EMP002054,Annual Leave,2024-04-20,2024-05-11,21,Approved
LEV004155,EMP002056,Sick Leave,2023-07-26,2023-08-07,12,Rejected
LEV004156,EMP002056,Maternity Leave,2020-10-04,2020-10-30,26,Approved
LEV004157,EMP002057,Paternity Leave,2023-08-03,2023-08-29,26,Approved
LEV004158,EMP002057,Paternity Leave,2025-08-18,2025-08-30,12,Pending
LEV004159,EMP002057,Compassionate Leave,2019-09-12,2019-09-20,8,Approved
LEV004160,EMP002057,annual leave,2020-04-12,2020-04-14,2,Rejected
LEV004161,EMP002058,Study Leave,2025-02-15,2025-02-07,8,Approved
LEV004162,EMP002058,Annual Leave,2024-04-10,2024-04-17,7,Rejected
LEV004163,EMP002058,,2019-09-19,2019-09-21,2,Approved
LEV004164,EMP002058,Sick Leave,2023-02-01,2023-02-03,2,Rejected
LEV004165,EMP002059,Maternity Leave,2023-04-27,2023-05-17,20,Pending
LEV004166,EMP002059,Annual Leave,2020-10-01,2020-10-13,12,Approved
LEV004167,EMP002059,Paternity Leave,2025-10-11,2025-11-04,24,Approved
LEV004168,EMP002059,Maternity Leave,2021-11-05,2021-12-03,28,Rejected
LEV004169,EMP002060,Sick Leave,2020-06-28,2020-07-13,15,Approved
LEV004170,EMP002060,Maternity Leave,2025-10-11,2025-11-09,29,Approved
LEV004171,EMP002060,Maternity Leave,2020-07-11,2020-07-25,14,Approved
LEV004172,EMP002060,,2025-11-06,2025-11-16,10,Approved
LEV004173,EMP002061,Compassionate Leave,2024-03-25,2024-04-21,27,Rejected
LEV004174,EMP002061,Sick Leave,2021-04-07,2021-04-13,6,Approved
LEV004175,EMP002062,Compassionate Leave,2022-08-29,2022-09-14,16,Approved
LEV004176,EMP002062,Sick Leave,2022-05-14,2022-06-07,24,Approved
LEV004177,EMP002064,Compassionate Leave,2020-10-31,2020-11-29,29,Approved
LEV004178,EMP002064,Paternity Leave,2021-07-03,2021-07-05,2,Rejected
LEV004179,EMP002064,Maternity Leave,2024-06-28,2024-07-03,5,Approved
LEV004180,EMP002065,Maternity Leave,2022-03-16,2022-03-19,3,Approved
LEV004181,EMP002065,Sick Leave,2023-10-29,2023-11-04,6,Approved
LEV004182,EMP002066,Annual Leave,2024-05-29,2024-06-15,17,Approved
LEV004183,EMP002066,Annual Leave,2021-02-24,2021-02-25,1,Approved
LEV004184,EMP002066,Study Leave,2019-07-08,2019-07-29,21,Pending
LEV004185,EMP002066,Annual Leave,2020-07-05,2020-07-09,4,Approved
LEV004186,EMP002067,Study Leave,2024-10-12,2024-10-19,7,Rejected
LEV004187,EMP002067,Paternity Leave,2025-03-02,2025-03-08,6,Rejected
LEV004188,EMP002067,Compassionate Leave,2020-07-13,2020-07-18,5,Approved
LEV004189,EMP002067,Paternity Leave,2024-11-02,2024-12-02,30,Pending
LEV004190,EMP002068,Paternity Leave,2025-01-18,2025-02-02,15,Approved
LEV004191,EMP002068,Sick,2021-12-14,2022-01-06,23,Pending
LEV004192,EMP002068,Annual Leave,2019-05-12,2019-05-13,1,Approved
LEV004193,EMP002069,Annual Leave,2020-03-18,2020-04-12,25,Rejected
LEV004194,EMP002071,Compassionate Leave,2021-01-14,2021-02-13,30,Approved
LEV004195,EMP002071,Sick Leave,2020-03-27,2020-04-06,10,Pending
LEV004196,EMP002072,Study Leave,2025-01-08,2025-01-22,14,Approved
LEV004197,EMP002072,Maternity Leave,2024-03-18,2024-04-12,25,Approved
LEV004198,EMP002072,Compassionate Leave,2020-05-30,2020-06-06,7,Approved
LEV004199,EMP002073,Compassionate Leave,2025-07-07,2025-08-02,26,Approved
LEV004200,EMP002073,Study Leave,2022-03-05,2022-03-20,15,Pending
LEV004201,EMP002077,Paternity Leave,2021-05-31,2021-06-10,10,Approved
LEV004202,EMP002077,Compassionate Leave,2019-03-07,2019-03-19,12,Rejected
LEV004203,EMP002077,Sick Leave,2025-08-22,2025-08-29,7,Approved
LEV004204,EMP002078,Paternity Leave,2023-01-18,2023-02-12,25,Approved
LEV004205,EMP002078,Maternity Leave,2020-11-28,2020-12-09,11,Approved
LEV004206,EMP002078,Compassionate Leave,2022-08-13,2022-09-12,30,Approved
LEV004207,EMP002078,Paternity Leave,2020-08-29,2020-09-10,12,Pending
LEV004208,EMP002079,Sick Leave,2024-09-13,2024-10-10,27,Approved
LEV004209,EMP002079,Compassionate Leave,2022-04-26,2022-05-14,18,Rejected
LEV004210,EMP002080,Maternity Leave,2025-02-09,2025-02-17,8,Approved
LEV004211,EMP002080,Sick Leave,2019-11-18,2019-12-17,29,Approved
LEV004212,EMP002080,Study Leave,2025-09-07,2025-09-18,11,Approved
LEV004213,EMP002081,Paternity Leave,2024-03-07,2024-03-12,5,Pending
LEV004214,EMP002081,Paternity Leave,2022-03-06,2022-03-09,3,Approved
LEV004215,EMP002081,Sick Leave,2019-07-12,2019-07-13,1,Approved
LEV004216,EMP002083,Paternity Leave,2022-11-27,2022-12-22,25,Approved
LEV004217,EMP002083,Paternity Leave,2021-01-02,2021-01-26,24,Approved
LEV004218,EMP002084,Study Leave,2025-10-28,2025-11-26,29,Pending
LEV004219,EMP002084,Study Leave,2025-05-02,2025-05-05,3,Rejected
LEV004220,EMP002085,Annual Leave,2024-01-08,2024-02-04,27,Rejected
LEV004221,EMP002085,Sick Leave,2020-08-31,2020-09-22,22,Approved
LEV004222,EMP002086,Maternity Leave,2022-12-18,2023-01-15,28,Approved
LEV004223,EMP002086,Study Leave,2024-11-04,2024-11-29,25,Pending
LEV004224,EMP002086,Compassionate Leave,2025-02-11,2025-02-24,13,Approved
LEV004225,EMP002087,Annual Leave,2025-03-14,2025-03-26,12,Pending
LEV004226,EMP002088,Sick,2021-05-01,2021-05-24,23,Approved
LEV004227,EMP002088,Sick Leave,2023-08-25,2023-09-24,30,Approved
LEV004228,EMP002089,Sick Leave,2022-01-20,2022-02-07,18,Approved
LEV004229,EMP002089,Sick Leave,2019-04-23,2019-05-07,14,Approved
LEV004230,EMP002092,Study Leave,2024-07-24,2024-08-14,21,Pending
LEV004231,EMP002092,Annual Leave,2023-07-15,2023-08-14,30,Approved
LEV004232,EMP002092,Compassionate Leave,2024-08-25,2024-08-27,2,Approved
LEV004233,EMP002092,Compassionate Leave,2022-01-03,2022-01-23,20,Rejected
LEV004234,EMP002094,Study Leave,2022-10-05,2022-10-13,8,Rejected
LEV004235,EMP002094,Paternity Leave,2022-07-17,2022-08-15,29,Rejected
LEV004236,EMP002095,Paternity Leave,2020-04-24,2020-05-05,11,Approved
LEV004237,EMP002095,Paternity Leave,2019-07-22,2019-08-15,24,Approved
LEV004238,EMP002096,Paternity Leave,2019-05-20,2019-05-21,1,Rejected
LEV004239,EMP002097,Compassionate Leave,2023-06-12,2023-06-26,14,Approved
LEV004240,EMP002097,Sick Leave,2020-11-12,2020-12-05,23,Approved
LEV004241,EMP002097,Compassionate Leave,2025-11-01,2025-11-05,4,Rejected
LEV004242,EMP002098,Compassionate Leave,2025-08-31,2025-09-04,4,Approved
LEV004243,EMP002098,Annual Leave,2022-05-17,2022-05-18,1,Approved
LEV004244,EMP002098,Annual Leave,2021-09-25,2021-10-06,11,Rejected
LEV004245,EMP002098,Study Leave,2025-07-01,2025-07-11,10,Rejected
LEV004246,EMP002099,Compassionate Leave,2023-10-25,2023-11-12,18,Rejected
LEV004247,EMP002099,Paternity Leave,2022-03-24,2022-04-08,15,Approved
LEV004248,EMP002099,Study Leave,2023-11-19,2023-12-15,26,Pending
LEV004249,EMP002099,Maternity Leave,2020-08-14,2020-08-20,6,Approved
LEV004250,EMP002101,Study Leave,2025-06-25,2025-07-03,8,Pending
LEV004251,EMP002101,Paternity Leave,2025-09-08,2025-09-25,17,Approved
LEV004252,EMP002102,Study Leave,2021-12-15,2022-01-13,29,Approved
LEV004253,EMP002102,Study Leave,2019-11-25,2019-12-14,19,Approved
LEV004254,EMP002103,Study Leave,2019-03-18,2019-03-23,5,Approved
LEV004255,EMP002104,Compassionate Leave,2023-01-08,2023-02-05,28,Approved
LEV004256,EMP002104,Sick Leave,2021-08-29,2021-09-03,5,Approved
LEV004257,EMP002104,Study Leave,2023-05-27,2023-05-29,2,Approved
LEV004258,EMP002104,Sick Leave,2025-04-25,2025-04-30,5,Approved
LEV004259,EMP002106,Compassionate Leave,2024-12-13,2024-12-27,14,Approved
LEV004260,EMP002106,Annual Leave,2024-03-21,2024-04-11,21,Pending
LEV004261,EMP002106,Compassionate Leave,2021-11-22,2021-12-17,25,Approved
LEV004262,EMP002106,Study Leave,2022-07-09,2022-07-29,20,Approved
LEV004263,EMP002107,Study Leave,2020-11-17,2020-11-25,8,Approved
LEV004264,EMP002108,Sick Leave,2023-04-23,2023-05-12,19,Approved
LEV004265,EMP002108,Annual Leave,2019-03-21,2019-04-11,21,Approved
LEV004266,EMP002108,Paternity Leave,2019-01-17,2019-01-30,13,Rejected
LEV004267,EMP002108,Sick Leave,2023-07-05,2023-07-08,3,Pending
LEV004268,EMP002109,Maternity Leave,2024-12-20,2025-01-05,16,Pending
LEV004269,EMP002109,Paternity Leave,2019-11-05,2019-11-19,14,Rejected
LEV004270,EMP002109,Annual Leave,2025-12-30,2026-01-02,3,Approved
LEV004271,EMP002110,Maternity Leave,2019-05-25,2019-06-21,27,Approved
LEV004272,EMP002110,Compassionate Leave,2019-03-03,2019-04-02,30,Pending
LEV004273,EMP002110,Maternity Leave,2019-10-05,2019-10-16,11,Rejected
LEV004274,EMP002110,Paternity Leave,2020-10-01,2020-10-11,10,Rejected
LEV004275,EMP002111,Annual Leave,2021-01-15,2021-02-10,26,Approved
LEV004276,EMP002111,Maternity Leave,2022-07-20,2022-08-01,12,Approved
LEV004277,EMP002111,,2025-10-20,2025-11-04,15,Approved
LEV004278,EMP002112,Annual Leave,2020-06-12,2020-06-22,10,Approved
LEV004279,EMP002112,Paternity Leave,2025-02-15,2025-03-13,26,Pending
LEV004280,EMP002113,Paternity Leave,2025-03-15,2025-04-05,21,Pending
LEV004281,EMP002113,Paternity Leave,2021-08-29,2021-09-11,13,Rejected
LEV004282,EMP002113,Study Leave,2023-04-06,2023-04-07,1,Approved
LEV004283,EMP002114,Study Leave,2025-10-31,2025-11-15,15,Approved
LEV004284,EMP002115,Sick Leave,2023-04-14,2023-05-08,24,Approved
LEV004285,EMP002115,Compassionate Leave,2023-10-01,2023-10-31,30,Approved
LEV004286,EMP002115,Study Leave,2019-08-28,2019-08-29,1,Pending
LEV004287,EMP002116,Sick Leave,2020-12-26,2021-01-24,29,Pending
LEV004288,EMP002117,Study Leave,2024-05-09,2024-05-28,19,Rejected
LEV004289,EMP002117,Compassionate Leave,2021-03-17,2021-03-26,9,Approved
LEV004290,EMP002117,Study Leave,2024-06-27,2024-07-20,23,Rejected
LEV004291,EMP002117,Sick Leave,2021-11-26,2021-11-30,4,Pending
LEV004292,EMP002119,Sick Leave,2020-05-28,2020-06-20,23,Approved
LEV004293,EMP002119,Annual Leave,2021-10-14,2021-10-27,13,Rejected
LEV004294,EMP002119,Paternity Leave,2020-05-08,2020-05-22,14,Rejected
LEV004295,EMP002121,Annual Leave,2025-09-05,2025-09-25,20,Rejected
LEV004296,EMP002121,Compassionate Leave,2020-10-01,2020-10-13,12,Pending
LEV004297,EMP002121,Study Leave,2023-12-23,2023-12-30,7,Approved
LEV004298,EMP002122,Maternity Leave,2020-02-04,2020-02-20,16,Approved
LEV004299,EMP002122,Sick Leave,2020-08-20,2020-09-03,14,Approved
LEV004300,EMP002123,Compassionate Leave,2021-04-13,2021-05-05,22,Approved
LEV004301,EMP002123,Sick Leave,2020-04-15,2020-04-26,11,Approved
LEV004302,EMP002123,Compassionate Leave,2021-02-08,2021-03-03,23,Pending
LEV004303,EMP002124,Annual Leave,2025-04-23,2025-05-11,18,Approved
LEV004304,EMP002126,Study Leave,2021-05-02,2021-05-05,3,Approved
LEV004305,EMP002126,Study Leave,2024-07-10,2024-08-01,22,Approved
LEV004306,EMP002126,Compassionate Leave,2025-06-02,2025-06-25,23,Rejected
LEV004307,EMP002127,Study Leave,2025-12-13,2026-01-01,19,Approved
LEV004308,EMP002127,Sick Leave,2021-06-15,2021-06-18,3,Rejected
LEV004309,EMP002128,Annual Leave,2024-03-08,2024-04-05,28,Approved
LEV004310,EMP002128,Sick Leave,2023-07-27,2023-07-29,2,Approved
LEV004311,EMP002128,Annual Leave,2024-07-13,2024-07-19,6,Pending
LEV004312,EMP002131,Study Leave,2020-05-05,2020-05-25,20,Approved
LEV004313,EMP002132,Study Leave,2019-07-05,2019-07-21,16,Rejected
LEV004314,EMP002132,Paternity Leave,2025-04-26,2025-05-16,20,Approved
LEV004315,EMP002135,Paternity Leave,2024-12-30,2025-01-19,20,Approved
LEV004316,EMP002135,Maternity Leave,2024-08-05,2024-08-12,7,Pending
LEV004317,EMP002135,Study Leave,2022-03-02,2022-03-06,4,Pending
LEV004318,EMP002136,Study Leave,2024-04-06,2024-04-15,9,Pending
LEV004319,EMP002136,Compassionate Leave,2024-03-20,2024-04-08,19,Approved
LEV004320,EMP002137,Annual Leave,2020-07-29,2020-08-12,14,Rejected
LEV004321,EMP002137,Compassionate Leave,2025-02-26,2025-03-13,15,Approved
LEV004322,EMP002137,,2019-06-18,2019-07-11,23,Approved
LEV004323,EMP002137,Compassionate Leave,2022-07-31,2022-08-07,7,Approved
LEV004324,EMP002138,Annual Leave,2025-12-31,2026-01-18,18,Rejected
LEV004325,EMP002138,Study Leave,2021-08-19,2021-09-05,17,Rejected
LEV004326,EMP002138,Annual Leave,2020-09-02,2020-09-11,9,Approved
LEV004327,EMP002138,Paternity Leave,2020-05-18,2020-05-24,6,Approved
LEV004328,EMP002139,Paternity Leave,2024-01-27,2024-02-09,13,Approved
LEV004329,EMP002140,Study Leave,2021-07-21,2021-07-28,7,Pending
LEV004330,EMP002141,Paternity Leave,2022-09-09,2022-09-16,7,Approved
LEV004331,EMP002142,Compassionate Leave,2021-01-03,2021-01-05,2,Pending
LEV004332,EMP002142,Sick Leave,2020-11-11,2020-11-29,18,Approved
LEV004333,EMP002142,Compassionate Leave,2022-04-04,2022-04-06,2,Approved
LEV004334,EMP002143,Paternity Leave,2019-04-07,2019-05-01,24,Approved
LEV004335,EMP002144,Paternity Leave,2022-08-27,2022-09-11,15,Approved
LEV004336,EMP002144,Compassionate Leave,2021-07-10,2021-07-11,1,Approved
LEV004337,EMP002144,Compassionate Leave,2023-10-06,2023-11-05,30,Approved
LEV004338,EMP002144,Paternity Leave,2023-04-02,2023-04-26,24,Pending
LEV004339,EMP002148,Annual Leave,2025-10-17,2025-11-14,28,Pending
LEV004340,EMP002148,Study Leave,2022-12-05,2023-01-03,29,Approved
LEV004341,EMP002148,Study Leave,2024-11-30,2024-12-17,17,Rejected
LEV004342,EMP002148,Paternity Leave,2024-12-19,2025-01-18,30,Approved
LEV004343,EMP002149,Annual Leave,2023-11-11,2023-12-08,27,Rejected
LEV004344,EMP002150,Compassionate Leave,2025-05-19,2025-05-25,6,Approved
LEV004345,EMP002150,Paternity Leave,2020-01-08,2020-01-31,23,Pending
LEV004346,EMP002150,Paternity Leave,2025-10-22,2025-10-24,2,Pending
LEV004347,EMP002151,Annual Leave,2025-02-04,2025-02-17,13,Approved
LEV004348,EMP002151,Study Leave,2025-12-16,2025-12-29,13,Approved
LEV004349,EMP002152,Annual Leave,2021-03-05,2021-03-31,26,Pending
LEV004350,EMP002153,Paternity Leave,2023-11-26,2023-12-11,15,Pending
LEV004351,EMP002154,Maternity Leave,2020-07-05,2020-07-27,22,Approved
LEV004352,EMP002154,Maternity Leave,2021-10-18,2021-10-28,10,Approved
LEV004353,EMP002155,Maternity Leave,2023-11-01,2023-11-04,3,Approved
LEV004354,EMP002155,Compassionate Leave,2023-09-21,2023-10-06,15,Pending
LEV004355,EMP002155,Annual Leave,2024-11-10,2024-11-24,14,Pending
LEV004356,EMP002155,Paternity Leave,2023-12-05,2023-12-30,25,Rejected
LEV004357,EMP002157,Sick Leave,2024-11-28,2024-12-02,4,Approved
LEV004358,EMP002157,Study Leave,2025-06-06,2025-06-14,8,Pending
LEV004359,EMP002157,Maternity Leave,2020-09-05,2020-09-27,22,Pending
LEV004360,EMP002158,Compassionate Leave,2025-07-28,2025-08-23,26,Approved
LEV004361,EMP002158,Compassionate Leave,2021-03-03,2021-03-17,14,Pending
LEV004362,EMP002159,Sick Leave,2022-10-31,2022-11-30,30,Pending
LEV004363,EMP002159,Sick Leave,2025-08-21,2025-08-28,7,Approved
LEV004364,EMP002159,Vacation,2020-04-16,2020-04-30,14,Approved
LEV004365,EMP002159,Annual Leave,2024-03-11,2024-03-17,6,Rejected
LEV004366,EMP002162,Sick Leave,2020-04-14,2020-05-08,24,Rejected
LEV004367,EMP002163,Paternity Leave,2020-01-20,2020-02-13,24,Approved
LEV004368,EMP002163,Maternity Leave,2020-12-19,2021-01-11,23,Pending
LEV004369,EMP002163,Maternity Leave,2020-09-03,2020-09-13,10,Rejected
LEV004370,EMP002163,Study Leave,2024-03-24,2024-03-30,6,Approved
LEV004371,EMP002164,Maternity Leave,2020-09-10,2020-10-04,24,Pending
LEV004372,EMP002165,Maternity Leave,2022-07-11,2022-08-06,26,Approved
LEV004373,EMP002165,Compassionate Leave,2021-08-10,2021-08-14,4,Approved
LEV004374,EMP002166,Study Leave,2019-12-10,2020-01-06,27,Pending
LEV004375,EMP002166,Annual Leave,2019-08-13,2019-09-11,29,Approved
LEV004376,EMP002166,Study Leave,2019-08-30,2019-09-29,30,Approved
LEV004377,EMP002166,Sick Leave,2024-12-23,2025-01-22,30,Approved
LEV004378,EMP002167,Compassionate Leave,2019-05-20,2019-06-17,28,Approved
LEV004379,EMP002167,Annual Leave,2025-07-07,2025-07-22,15,Pending
LEV004380,EMP002167,Compassionate Leave,2019-12-19,2020-01-10,22,Approved
LEV004381,EMP002168,Maternity Leave,2021-01-05,2021-01-23,18,Approved
LEV004382,EMP002168,Annual Leave,2025-01-09,2025-02-07,29,Approved
LEV004383,EMP002168,Sick Leave,2019-09-20,2019-10-16,26,Approved
LEV004384,EMP002169,Compassionate Leave,2023-07-04,2023-07-21,17,Rejected
LEV004385,EMP002170,Paternity Leave,2021-05-23,2021-05-27,4,Approved
LEV004386,EMP002171,Study Leave,2022-01-15,2022-01-25,10,Rejected
LEV004387,EMP002171,Paternity Leave,2021-04-01,2021-04-21,20,Approved
LEV004388,EMP002172,Sick Leave,2024-01-01,2024-01-14,13,Rejected
LEV004389,EMP002172,Maternity Leave,2025-03-31,2025-04-18,18,Rejected
LEV004390,EMP002172,Annual Leave,2023-09-16,2023-09-23,7,Approved
LEV004391,EMP002173,Study Leave,2021-05-20,2021-05-31,11,Pending
LEV004392,EMP002175,Annual Leave,2025-01-03,2025-01-09,6,Pending
LEV004393,EMP002177,Paternity Leave,2021-05-24,2021-06-04,11,Approved
LEV004394,EMP002178,Study Leave,2020-10-30,2020-11-29,30,Pending
LEV004395,EMP002178,Annual Leave,2021-07-30,2021-08-03,4,Pending
LEV004396,EMP002179,Maternity Leave,2025-06-01,2025-06-29,28,Pending
LEV004397,EMP002179,Study Leave,2022-03-14,2022-03-26,12,Approved
LEV004398,EMP002179,Maternity Leave,2024-03-14,2024-04-04,21,Approved
LEV004399,EMP002182,Compassionate Leave,2023-08-17,2023-08-19,2,Approved
LEV004400,EMP002182,Maternity Leave,2025-12-07,2025-12-17,10,Rejected
LEV004401,EMP002182,Maternity Leave,2020-01-19,2020-01-29,10,Approved
LEV004402,EMP002183,Maternity Leave,2020-07-21,2020-08-04,14,Approved
LEV004403,EMP002184,Sick Leave,2020-01-19,2020-01-28,9,Approved
LEV004404,EMP002184,Study Leave,2020-04-07,2020-04-10,3,Approved
LEV004405,EMP002184,Sick Leave,2025-02-21,2025-02-28,7,Approved
LEV004406,EMP002184,Maternity Leave,2024-01-08,2024-01-14,6,Rejected
LEV004407,EMP002185,Maternity Leave,2023-11-07,2023-12-07,30,Rejected
LEV004408,EMP002185,Annual Leave,2024-01-19,2024-01-22,3,Approved
LEV004409,EMP002185,Maternity Leave,2020-11-03,2020-11-17,14,Pending
LEV004410,EMP002187,Study Leave,2025-01-31,2025-02-20,20,Approved
LEV004411,EMP002187,Compassionate Leave,2022-07-08,2022-07-28,20,Approved
LEV004412,EMP002188,Study Leave,2022-03-08,2022-03-17,9,Rejected
LEV004413,EMP002188,Paternity Leave,2019-03-06,2019-03-16,-5,Rejected
LEV004414,EMP002188,Annual Leave,2019-04-04,2019-04-16,12,Rejected
LEV004415,EMP002189,Sick Leave,2021-11-29,2021-12-13,14,Rejected
LEV004416,EMP002189,Maternity Leave,2024-07-23,2024-08-22,30,Approved
LEV004417,EMP002190,Compassionate Leave,2019-01-27,2019-02-15,19,Approved
LEV004418,EMP002190,Sick Leave,2025-01-06,2025-01-29,23,Rejected
LEV004419,EMP002190,Sick Leave,2023-03-01,2023-03-05,4,Approved
LEV004420,EMP002190,Sick Leave,2020-07-07,2020-07-22,15,Approved
LEV004421,EMP002191,Maternity Leave,2023-07-29,2023-08-09,11,Rejected
LEV004422,EMP002191,Maternity Leave,2020-08-05,2020-08-07,2,Pending
LEV004423,EMP002191,,2020-01-09,2020-01-26,17,Approved
LEV004424,EMP002192,Compassionate Leave,2019-12-19,2020-01-03,15,Rejected
LEV004425,EMP002192,Study Leave,2021-03-22,2021-04-15,24,Rejected
LEV004426,EMP002193,Paternity Leave,2019-08-21,2019-08-25,4,Approved
LEV004427,EMP002193,Sick Leave,2020-12-10,2020-12-11,1,Approved
LEV004428,EMP002194,Study Leave,2019-05-09,2019-06-08,30,Approved
LEV004429,EMP002196,Paternity Leave,2021-05-13,2021-05-21,8,Approved
LEV004430,EMP002196,Compassionate Leave,2023-09-30,2023-10-16,16,Approved
LEV004431,EMP002196,Paternity Leave,2025-07-07,2025-07-29,22,Approved
LEV004432,EMP002196,Compassionate Leave,2022-10-17,2022-11-09,23,Approved
LEV004433,EMP002197,Sick Leave,2023-04-03,2023-04-29,26,Approved
LEV004434,EMP002197,Annual Leave,2025-01-19,2025-01-24,5,Approved
LEV004435,EMP002198,Compassionate Leave,2025-12-10,2026-01-01,22,Approved
LEV004436,EMP002199,Annual Leave,2022-03-05,2022-03-14,9,Pending
LEV004437,EMP002199,Annual Leave,2020-11-09,2020-11-17,8,Approved
LEV004438,EMP002200,Study Leave,2025-04-15,2025-05-14,29,Pending
LEV004439,EMP002200,Annual Leave,2020-05-14,2020-06-10,27,Pending
LEV004440,EMP002200,Annual Leave,2025-11-10,2025-11-26,16,Pending
LEV004441,EMP002201,Compassionate Leave,2019-10-10,2019-11-03,24,Approved
LEV004442,EMP002201,Compassionate Leave,2022-06-15,2022-07-01,16,Pending
LEV004443,EMP002202,Sick Leave,2024-09-30,2024-10-18,18,Approved
LEV004444,EMP002202,Sick Leave,2023-08-12,2023-09-02,21,Pending
LEV004445,EMP002203,Annual Leave,2025-10-28,2025-11-22,25,Rejected
LEV004446,EMP002203,Study Leave,2025-07-11,2025-07-29,18,Rejected
LEV004447,EMP002203,Leave,2020-01-05,2020-01-31,26,Approved
LEV004448,EMP002204,Annual Leave,2022-09-12,2022-09-22,10,Pending
LEV004449,EMP002204,Paternity Leave,2021-04-18,2021-05-05,17,Approved
LEV004450,EMP002204,Study Leave,2024-01-29,2024-02-26,28,Approved
LEV004451,EMP002204,Paternity Leave,2019-09-08,2019-09-15,7,Rejected
LEV004452,EMP002205,Study Leave,2020-12-10,2021-01-05,26,Approved
LEV004453,EMP002205,Study Leave,2023-09-06,2023-10-02,26,Rejected
LEV004454,EMP002205,Maternity Leave,2023-01-05,2023-01-29,24,Approved
LEV004455,EMP002207,Maternity Leave,2019-05-07,2019-05-28,21,Approved
LEV004456,EMP002207,Sick Leave,2023-05-30,2023-06-03,4,Approved
LEV004457,EMP002207,Paternity Leave,2022-11-26,2022-12-10,14,Rejected
LEV004458,EMP002208,Paternity Leave,2019-07-19,2019-08-13,25,Approved
LEV004459,EMP002209,Compassionate Leave,2023-05-21,2023-06-09,19,Approved
LEV004460,EMP002209,Study Leave,2024-04-17,2024-05-04,17,Pending
LEV004461,EMP002209,Sick Leave,2021-07-27,2021-08-07,11,Approved
LEV004462,EMP002210,Paternity Leave,2020-02-13,2020-02-24,11,Approved
LEV004463,EMP002210,Paternity Leave,2025-03-13,2025-04-07,25,Pending
LEV004464,EMP002210,Annual Leave,2020-03-03,2020-03-13,10,Approved
LEV004465,EMP002210,Sick Leave,2022-08-25,2022-09-10,16,Approved
LEV004466,EMP002211,Sick Leave,2024-03-24,2024-04-16,23,Approved
LEV004467,EMP002212,Compassionate Leave,2023-07-10,2023-08-04,25,Approved
LEV004468,EMP002213,Maternity Leave,2022-06-10,2022-07-10,30,Approved
LEV004469,EMP002213,Sick Leave,2020-06-27,2020-06-29,2,Pending
LEV004470,EMP002213,Sick Leave,2023-05-04,2023-05-09,5,Approved
LEV004471,EMP002214,Compassionate Leave,2020-11-07,2020-12-05,28,Rejected
LEV004472,EMP002214,Sick Leave,2022-09-07,2022-09-14,7,Rejected
LEV004473,EMP002214,Annual Leave,2024-12-16,2024-12-23,7,Approved
LEV004474,EMP002216,Study Leave,2022-07-06,2022-08-05,30,Pending
LEV004475,EMP002216,Compassionate Leave,2023-10-26,2023-11-13,18,Pending
LEV004476,EMP002216,Compassionate Leave,2023-10-29,2023-11-12,14,Approved
LEV004477,EMP002217,Sick Leave,2019-03-21,2019-03-27,6,Approved
LEV004478,EMP002217,Paternity Leave,2022-12-22,2022-12-28,6,Approved
LEV004479,EMP002218,Annual Leave,2025-09-19,2025-10-14,25,Rejected
LEV004480,EMP002219,Compassionate Leave,2019-01-20,2019-01-30,10,Rejected
LEV004481,EMP002219,Annual Leave,2025-12-08,2025-12-21,13,Approved
LEV004482,EMP002220,Study Leave,2025-01-29,2025-02-13,15,Approved
LEV004483,EMP002220,Compassionate Leave,2019-01-31,2019-03-01,29,Approved
LEV004484,EMP002220,Study Leave,2022-08-20,2022-08-22,2,Approved
LEV004485,EMP002220,Study Leave,2025-05-06,2025-05-25,19,Approved
LEV004486,EMP002221,Maternity Leave,2022-11-29,2022-12-26,27,Approved
LEV004487,EMP002222,Sick Leave,2022-11-01,2022-11-25,24,Pending
LEV004488,EMP002223,Study Leave,2024-08-13,2024-09-07,25,Rejected
LEV004489,EMP002224,Compassionate Leave,2025-07-10,2025-07-24,14,Approved
LEV004490,EMP002224,Sick Leave,2020-06-23,2020-07-01,8,Approved
LEV004491,EMP002224,Compassionate Leave,2025-09-04,2025-09-27,23,Approved
LEV004492,EMP002224,Sick Leave,2019-12-26,2020-01-01,6,Approved
LEV004493,EMP002225,Study Leave,2023-08-17,2023-07-29,19,Approved
LEV004494,EMP002225,Sick Leave,2020-03-12,2020-04-10,29,Approved
LEV004495,EMP002225,Annual Leave,2021-01-22,2021-02-13,22,Approved
LEV004496,EMP002225,Sick Leave,2024-08-02,2024-08-27,25,Pending
LEV004497,EMP002227,Sick Leave,2023-12-10,2024-01-07,28,Rejected
LEV004498,EMP002227,Sick Leave,2024-08-22,2024-08-29,7,Approved
LEV004499,EMP002227,Paternity Leave,2025-03-23,2025-04-13,21,Pending
LEV004500,EMP002227,Annual Leave,2020-11-18,2020-12-16,28,Pending
LEV004501,EMP002228,Sick Leave,2022-01-02,2022-01-31,29,Rejected
LEV004502,EMP002228,Study Leave,2019-05-17,2019-05-28,11,Pending
LEV004503,EMP002229,Maternity Leave,2021-09-01,2021-09-23,22,Approved
LEV004504,EMP002229,Maternity Leave,2019-02-04,2019-03-04,28,Rejected
LEV004505,EMP002229,Sick Leave,2024-09-14,2024-10-06,22,Pending
LEV004506,EMP002229,Annual Leave,2022-03-16,2022-03-24,8,Approved
LEV004507,EMP002230,Compassionate Leave,2024-06-19,2024-07-17,28,Approved
LEV004508,EMP002230,Study Leave,2023-02-03,2023-02-14,11,Approved
LEV004509,EMP002230,Sick Leave,2022-03-11,2022-03-20,9,Approved
LEV004510,EMP002230,Maternity Leave,2021-02-26,2021-03-01,3,Approved
LEV004511,EMP002232,Maternity Leave,2019-12-03,2019-12-17,14,Approved
LEV004512,EMP002234,Maternity Leave,2023-07-12,2023-07-20,8,Rejected
LEV004513,EMP002235,Annual Leave,2024-05-17,2024-06-04,18,Rejected
LEV004514,EMP002235,Study Leave,2024-11-24,2024-11-25,1,Rejected
LEV004515,EMP002236,Annual Leave,2021-10-27,2021-10-30,3,Pending
LEV004516,EMP002236,Study Leave,2022-03-03,2022-03-30,27,Rejected
LEV004517,EMP002240,Paternity Leave,2022-06-04,2022-06-07,3,Approved
LEV004518,EMP002240,Annual Leave,2023-10-15,2023-10-30,15,Approved
LEV004519,EMP002240,Maternity Leave,2025-01-04,2025-01-23,19,Approved
LEV004520,EMP002240,Maternity Leave,2023-06-10,2023-06-29,19,Approved
LEV004521,EMP002241,UNKNOWN,2022-12-02,2022-12-08,6,Approved
LEV004522,EMP002241,Study Leave,2020-08-08,2020-08-25,17,Approved
LEV004523,EMP002243,Paternity Leave,2019-12-03,2019-12-27,24,Approved
LEV004524,EMP002244,Sick Leave,2025-02-01,2025-02-16,15,Rejected
LEV004525,EMP002244,Compassionate Leave,2021-07-03,2021-08-02,30,Approved
LEV004526,EMP002244,Paternity Leave,2022-08-21,2022-08-27,6,Approved
LEV004527,EMP002245,Compassionate Leave,2023-11-17,2023-11-30,13,Pending
LEV004528,EMP002246,Paternity Leave,2023-09-03,2023-09-26,23,Pending
LEV004529,EMP002246,Annual Leave,2019-03-02,2019-03-29,27,Rejected
LEV004530,EMP002246,Study Leave,2025-05-28,2025-06-16,19,Approved
LEV004531,EMP002247,Paternity Leave,2021-06-10,2021-07-06,26,Approved
LEV004532,EMP002248,Maternity Leave,2019-04-19,2019-04-24,5,Approved
LEV004533,EMP002248,Study Leave,2020-07-16,2020-08-14,29,Approved
LEV004534,EMP002249,Sick Leave,2022-09-12,2022-09-20,8,Approved
LEV004535,EMP002249,Compassionate Leave,2019-11-09,2019-11-10,1,Pending
LEV004536,EMP002250,Annual Leave,2024-11-08,2024-11-16,8,Approved
LEV004537,EMP002251,Compassionate Leave,2019-09-08,2019-09-09,1,Rejected
LEV004538,EMP002251,Annual Leave,2020-11-09,2020-11-24,15,Pending
LEV004539,EMP002251,Study Leave,2024-09-13,2024-10-01,18,Approved
LEV004540,EMP002251,Paternity Leave,2021-02-22,2021-03-14,20,Approved
LEV004541,EMP002254,Annual Leave,2023-01-24,2023-02-02,9,Pending
LEV004542,EMP002255,Sick Leave,2024-11-25,2024-12-13,18,Approved
LEV004543,EMP002255,Paternity Leave,2025-08-13,2025-08-17,4,Approved
LEV004544,EMP002255,Compassionate Leave,2024-06-21,2024-07-04,13,Approved
LEV004545,EMP002255,Maternity Leave,2024-07-10,2024-07-15,5,Approved
LEV004546,EMP002256,Maternity Leave,2025-03-28,2025-04-27,30,Rejected
LEV004547,EMP002256,Paternity Leave,2019-02-05,2019-02-25,20,Approved
LEV004548,EMP002256,,2025-01-21,2025-01-31,10,Approved
LEV004549,EMP002258,Compassionate Leave,2020-03-09,2020-03-12,3,Approved
LEV004550,EMP002260,Sick Leave,2020-09-21,2020-10-08,17,Rejected
LEV004551,EMP002260,Compassionate Leave,2021-11-16,2021-12-08,22,Approved
LEV004552,EMP002261,Paternity Leave,2019-01-10,2019-02-01,22,Approved
LEV004553,EMP002262,Study Leave,2023-05-25,2023-06-08,14,Approved
LEV004554,EMP002262,Paternity Leave,2024-09-27,2024-10-24,27,Approved
LEV004555,EMP002262,Study Leave,2021-12-26,2022-01-08,13,Approved
LEV004556,EMP002262,Annual Leave,2020-02-01,2020-03-01,29,Approved
LEV004557,EMP002264,Maternity Leave,2020-05-14,2020-06-01,18,Pending
LEV004558,EMP002264,Sick Leave,2022-02-05,2022-02-28,23,Approved
LEV004559,EMP002264,Paternity Leave,2019-09-27,2019-09-29,2,Approved
LEV004560,EMP002265,Annual Leave,2019-04-14,2019-05-04,20,Approved
LEV004561,EMP002265,Study Leave,2020-07-18,2020-07-19,1,Approved
LEV004562,EMP002265,Annual Leave,2025-12-01,2025-12-08,7,Approved
LEV004563,EMP002267,Study Leave,2025-02-09,2025-03-10,29,Approved
LEV004564,EMP002267,Study Leave,2025-06-19,2025-07-11,22,Approved
LEV004565,EMP002267,Paternity Leave,2019-01-28,2019-02-20,23,Approved
LEV004566,EMP002267,Maternity Leave,2020-06-02,2020-06-12,10,Approved
LEV004567,EMP002268,Paternity Leave,2021-08-06,2021-09-01,26,Approved
LEV004568,EMP002268,Compassionate Leave,2021-08-09,2021-09-06,28,Rejected
LEV004569,EMP002269,Compassionate Leave,2021-03-20,2021-04-17,28,Approved
LEV004570,EMP002269,Study Leave,2023-10-18,2023-11-10,23,Approved
LEV004571,EMP002269,Study Leave,2020-04-28,2020-05-09,11,Pending
LEV004572,EMP002269,Maternity Leave,2023-12-02,2023-12-26,24,Approved
LEV004573,EMP002270,Sick Leave,2022-02-12,2022-02-13,1,Rejected
LEV004574,EMP002270,Annual Leave,2020-04-17,2020-05-02,15,Approved
LEV004575,EMP002270,Annual Leave,2020-09-21,2020-10-13,22,Approved
LEV004576,EMP002270,Maternity Leave,2025-04-14,2025-05-06,22,Approved
LEV004577,EMP002271,Paternity Leave,2025-07-27,2025-07-28,1,Approved
LEV004578,EMP002271,Sick Leave,2022-01-29,2022-02-09,11,Approved
LEV004579,EMP002273,Paternity Leave,2021-07-29,2021-08-14,16,Pending
LEV004580,EMP002273,Maternity Leave,2019-08-29,2019-08-31,2,Pending
LEV004581,EMP002273,Compassionate Leave,2019-03-17,2019-03-30,13,Pending
LEV004582,EMP002276,Sick Leave,2019-09-15,2019-09-26,11,Approved
LEV004583,EMP002276,Compassionate Leave,2023-11-27,2023-11-29,2,Approved
LEV004584,EMP002277,Study Leave,2025-09-18,2025-10-03,15,Approved
LEV004585,EMP002278,Study Leave,2020-01-25,2020-02-19,25,Approved
LEV004586,EMP002278,Study Leave,2020-09-18,2020-09-23,5,Approved
LEV004587,EMP002278,,2024-01-02,2024-01-03,1,Approved
LEV004588,EMP002279,Annual Leave,2020-11-16,2020-11-27,11,Approved
LEV004589,EMP002280,Maternity Leave,2022-03-18,2022-03-26,8,Approved
LEV004590,EMP002280,Study Leave,2022-01-21,2022-02-19,29,Approved
LEV004591,EMP002281,Paternity Leave,2024-04-01,2024-04-07,6,Approved
LEV004592,EMP002281,Sick Leave,2019-10-15,2019-10-30,15,Pending
LEV004593,EMP002281,Paternity Leave,2022-01-01,2022-01-08,7,Rejected
LEV004594,EMP002281,Sick Leave,2020-08-07,2020-08-16,9,Approved
LEV004595,EMP002282,Compassionate Leave,2021-08-19,2021-09-05,17,Rejected
LEV004596,EMP002282,Sick Leave,2024-11-05,2024-11-15,10,Rejected
LEV004597,EMP002282,Paternity Leave,2024-03-31,2024-04-17,17,Pending
LEV004598,EMP002282,Maternity Leave,2025-07-04,2025-07-19,15,Approved
LEV004599,EMP002283,Paternity Leave,2022-02-19,2022-03-18,27,Approved
LEV004600,EMP002283,Compassionate Leave,2024-01-25,2024-02-07,13,Rejected
LEV004601,EMP002283,Study Leave,2022-11-01,2022-11-18,17,Approved
LEV004602,EMP002285,Annual Leave,2025-01-19,2025-01-21,2,Rejected
LEV004603,EMP002285,Annual Leave,2025-11-02,2025-11-20,18,Rejected
LEV004604,EMP002285,Compassionate Leave,2022-05-06,2022-05-29,23,Pending
LEV004605,EMP002285,Paternity Leave,2021-05-09,2021-05-30,21,Rejected
LEV004606,EMP002286,Study Leave,2022-06-15,2022-06-25,10,Approved
LEV004607,EMP002286,Sick Leave,2025-05-12,2025-05-23,11,Rejected
LEV004608,EMP002286,Maternity Leave,2023-09-12,2023-09-28,16,Approved
LEV004609,EMP002286,Compassionate Leave,2020-12-14,2020-12-30,16,Approved
LEV004610,EMP002288,Sick Leave,2025-04-24,2025-04-28,4,Pending
LEV004611,EMP002288,Annual Leave,2021-03-28,2021-04-26,29,Approved
LEV004612,EMP002288,Paternity Leave,2019-09-13,2019-10-01,18,Approved
LEV004613,EMP002289,Compassionate Leave,2022-06-22,2022-07-21,29,Rejected
LEV004614,EMP002289,Sick Leave,2019-10-15,2019-11-08,24,Approved
LEV004615,EMP002289,Sick Leave,2022-04-27,2022-05-27,30,Pending
LEV004616,EMP002290,Maternity Leave,2025-04-17,2025-04-28,11,Pending
LEV004617,EMP002290,Compassionate Leave,2024-09-23,2024-10-07,14,Approved
LEV004618,EMP002290,Sick Leave,2024-04-24,2024-05-02,8,Pending
LEV004619,EMP002290,Annual Leave,2019-09-17,2019-09-21,4,Approved
LEV004620,EMP002291,Sick Leave,2020-12-29,2021-01-03,5,Approved
LEV004621,EMP002291,Sick Leave,2019-07-28,2019-08-06,9,Approved
LEV004622,EMP002293,Sick Leave,2023-06-27,2023-07-25,28,Approved
LEV004623,EMP002294,Paternity Leave,2020-02-04,2020-02-14,10,Approved
LEV004624,EMP002294,Annual Leave,2019-02-06,2019-02-18,12,Rejected
LEV004625,EMP002295,Annual Leave,2021-05-07,2021-05-22,15,Pending
LEV004626,EMP002295,Paternity Leave,2021-01-06,2021-01-25,19,Rejected
LEV004627,EMP002295,Annual Leave,2020-09-18,2020-10-01,13,Pending
LEV004628,EMP002295,Annual Leave,2021-01-21,2021-02-13,23,Rejected
LEV004629,EMP002296,Annual Leave,2025-12-16,2025-12-29,13,Approved
LEV004630,EMP002296,Compassionate Leave,2025-11-20,2025-12-10,20,Pending
LEV004631,EMP002297,Paternity Leave,2024-09-18,2024-09-23,5,Approved
LEV004632,EMP002297,Study Leave,2022-01-01,2022-01-16,15,Pending
LEV004633,EMP002297,Paternity Leave,2024-12-05,2024-12-21,16,Approved
LEV004634,EMP002297,Sick,2021-09-07,2021-09-16,9,Approved
LEV004635,EMP002299,Paternity Leave,2019-01-05,2019-01-22,17,Pending
LEV004636,EMP002300,Study Leave,2024-10-16,2024-10-24,8,Approved
LEV004637,EMP002301,Study Leave,2024-06-01,2024-06-26,25,Approved
LEV004638,EMP002301,Maternity Leave,2019-08-13,2019-08-24,11,Pending
LEV004639,EMP002301,Maternity Leave,2025-04-11,2025-05-10,29,Pending
LEV004640,EMP002301,Paternity Leave,2025-08-21,2025-09-08,18,Approved
LEV004641,EMP002302,Study Leave,2025-10-21,2025-11-14,24,Pending
LEV004642,EMP002302,Study Leave,2019-12-11,2019-12-31,20,Pending
LEV004643,EMP002302,Compassionate Leave,2024-10-04,2024-11-01,28,Approved
LEV004644,EMP002303,Maternity Leave,2024-08-15,2024-08-22,7,Approved
LEV004645,EMP002305,Paternity Leave,2022-03-30,2022-04-05,6,Approved
LEV004646,EMP002305,Compassionate Leave,2022-08-30,2022-09-12,13,Rejected
LEV004647,EMP002306,UNKNOWN,2021-03-23,2021-04-05,13,Rejected
LEV004648,EMP002306,Annual Leave,2025-11-06,2025-11-08,2,Approved
LEV004649,EMP002307,Study Leave,2020-11-14,2020-12-12,28,Approved
LEV004650,EMP002307,Annual Leave,2022-04-10,2022-04-16,6,Approved
LEV004651,EMP002307,Compassionate Leave,2025-01-24,2025-02-20,27,Rejected
LEV004652,EMP002307,Annual Leave,2021-03-02,2021-03-15,13,Approved
LEV004653,EMP002308,Paternity Leave,2025-12-30,2026-01-02,3,Approved
LEV004654,EMP002309,Compassionate Leave,2024-11-29,2024-12-21,-5,Pending
LEV004655,EMP002309,Paternity Leave,2020-08-12,2020-08-19,7,Rejected
LEV004656,EMP002309,Sick Leave,2019-05-16,2019-05-31,15,Approved
LEV004657,EMP002310,Sick Leave,2025-02-23,2025-03-19,24,Pending
LEV004658,EMP002310,Sick Leave,2022-12-21,2023-01-19,29,Approved
LEV004659,EMP002310,Sick Leave,2019-05-31,2019-06-05,5,Pending
LEV004660,EMP002312,Study Leave,2021-02-03,2021-02-26,23,Pending
LEV004661,EMP002312,Compassionate Leave,2023-10-13,2023-10-18,5,Approved
LEV004662,EMP002312,Study Leave,2023-11-28,2023-12-13,15,Approved
LEV004663,EMP002312,Annual Leave,2023-09-07,2023-10-04,27,Approved
LEV004664,EMP002313,Sick Leave,2024-12-07,2024-12-08,1,Approved
LEV004665,EMP002313,Annual Leave,2023-02-08,2023-02-21,13,Approved
LEV004666,EMP002313,Sick Leave,2019-07-25,2019-08-02,8,Approved
LEV004667,EMP002313,Study Leave,2021-06-14,2021-06-26,12,Approved
LEV004668,EMP002314,Study Leave,2022-10-01,2022-10-28,27,Approved
LEV004669,EMP002315,Annual Leave,2020-01-22,2020-02-15,24,Pending
LEV004670,EMP002315,Study Leave,2025-03-27,2025-03-29,2,Pending
LEV004671,EMP002316,Study Leave,2019-01-14,2019-02-04,21,Rejected
LEV004672,EMP002316,Compassionate Leave,2025-09-16,2025-10-04,18,Rejected
LEV004673,EMP002316,Sick Leave,2019-03-18,2019-04-15,28,Approved
LEV004674,EMP002317,Maternity Leave,2023-06-14,2023-07-08,24,Rejected
LEV004675,EMP002318,Sick Leave,2023-03-14,2023-04-07,24,Approved
LEV004676,EMP002318,Sick Leave,2021-02-03,2021-02-10,7,Approved
LEV004677,EMP002318,Sick Leave,2020-10-12,2020-11-11,30,Rejected
LEV004678,EMP002319,Annual Leave,2023-07-24,2023-08-17,24,Approved
LEV004679,EMP002319,Study Leave,2023-07-04,2023-07-09,5,Approved
LEV004680,EMP002321,Compassionate Leave,2023-04-12,2023-04-26,14,Approved
LEV004681,EMP002321,Sick Leave,2024-03-12,2024-03-24,12,Approved
LEV004682,EMP002322,Sick Leave,2022-01-19,2022-02-09,21,Rejected
LEV004683,EMP002322,,2019-07-27,2019-08-02,6,Rejected
LEV004684,EMP002322,Compassionate Leave,2020-05-17,2020-06-12,26,Pending
LEV004685,EMP002322,Sick Leave,2020-02-16,2020-03-01,14,Approved
LEV004686,EMP002325,Annual Leave,2025-09-29,2025-10-01,2,Pending
LEV004687,EMP002326,Annual Leave,2020-02-05,2020-03-01,25,Approved
LEV004688,EMP002326,Study Leave,2021-03-26,2021-03-31,5,Pending
LEV004689,EMP002326,Compassionate Leave,2022-02-04,2022-02-16,12,Rejected
LEV004690,EMP002326,Compassionate Leave,2024-06-04,2024-06-07,3,Rejected
LEV004691,EMP002328,Maternity Leave,2020-07-22,2020-08-12,21,Approved
LEV004692,EMP002329,Sick Leave,2021-12-20,2022-01-17,28,Approved
LEV004693,EMP002329,Maternity Leave,2024-06-04,2024-07-02,28,Approved
LEV004694,EMP002330,Sick Leave,2024-06-27,2024-07-09,12,Rejected
LEV004695,EMP002330,Maternity Leave,2024-08-07,2024-08-29,22,Rejected
LEV004696,EMP002330,Paternity Leave,2025-04-01,2025-04-26,25,Approved
LEV004697,EMP002331,Paternity Leave,2019-06-24,2019-07-21,27,Approved
LEV004698,EMP002331,Annual Leave,2024-03-27,2024-03-28,1,Rejected
LEV004699,EMP002332,Sick Leave,2020-08-12,2020-08-17,5,Approved
LEV004700,EMP002333,Study Leave,2025-12-22,2026-01-03,12,Approved
LEV004701,EMP002333,Maternity Leave,2022-01-12,2022-01-19,7,Approved
LEV004702,EMP002333,Sick Leave,2022-02-22,2022-03-22,28,Rejected
LEV004703,EMP002333,Sick Leave,2023-06-06,2023-06-29,23,Approved
LEV004704,EMP002334,Sick Leave,2025-06-26,2025-06-28,2,Pending
LEV004705,EMP002334,Compassionate Leave,2021-05-30,2021-06-25,26,Rejected
LEV004706,EMP002334,Annual Leave,2023-01-17,2023-02-16,30,Approved
LEV004707,EMP002334,Annual Leave,2023-01-17,2023-02-11,25,Approved
LEV004708,EMP002335,Compassionate Leave,2025-03-02,2025-03-05,3,Approved
LEV004709,EMP002335,Maternity Leave,2019-07-03,2019-07-08,5,Rejected
LEV004710,EMP002335,Paternity Leave,2020-08-18,2020-09-16,29,Approved
LEV004711,EMP002335,Compassionate Leave,2022-10-01,2022-10-07,6,Approved
LEV004712,EMP002337,Paternity Leave,2023-02-17,2023-03-06,17,Approved
LEV004713,EMP002337,Compassionate Leave,2023-04-11,2023-05-11,30,Approved
LEV004714,EMP002337,Paternity Leave,2023-12-21,2024-01-03,13,Rejected
LEV004715,EMP002338,Maternity Leave,2021-12-19,2022-01-14,26,Approved
LEV004716,EMP002339,Sick Leave,2019-05-19,2019-06-17,29,Approved
LEV004717,EMP002341,Study Leave,2019-07-13,2019-07-28,15,Pending
LEV004718,EMP002341,Paternity Leave,2023-06-26,2023-07-01,5,Pending
LEV004719,EMP002344,Study Leave,2025-05-27,2025-06-23,27,Pending
LEV004720,EMP002344,Maternity Leave,2020-07-27,2020-08-01,5,Rejected
LEV004721,EMP002345,Study Leave,2020-05-04,2020-05-30,26,Approved
LEV004722,EMP002348,Maternity Leave,2020-04-25,2020-05-12,17,Pending
LEV004723,EMP002348,Annual Leave,2020-09-18,2020-09-19,1,Pending
LEV004724,EMP002348,Study Leave,2025-12-05,2025-12-27,22,Rejected
LEV004725,EMP002348,Compassionate Leave,2019-06-23,2019-07-06,13,Pending
LEV004726,EMP002349,Maternity Leave,2023-12-24,2023-12-26,2,Approved
LEV004727,EMP002349,Compassionate Leave,2024-06-20,2024-06-25,5,Rejected
LEV004728,EMP002349,Compassionate Leave,2024-05-13,2024-05-19,6,Pending
LEV004729,EMP002349,Paternity Leave,2020-01-02,2020-01-20,18,Pending
LEV004730,EMP002350,Sick Leave,2020-09-07,2020-09-22,15,Approved
LEV004731,EMP002350,Study Leave,2023-11-02,2023-11-06,4,Approved
LEV004732,EMP002350,Compassionate Leave,2020-09-30,2020-10-01,1,Approved
LEV004733,EMP002351,Sick Leave,2020-02-01,2020-02-26,25,Approved
LEV004734,EMP002351,Paternity Leave,2021-03-03,2021-03-21,18,Pending
LEV004735,EMP002351,Compassionate Leave,2019-01-29,2019-02-04,6,Pending
LEV004736,EMP002352,Sick Leave,2025-08-15,2025-08-29,14,Approved
LEV004737,EMP002352,Maternity Leave,2020-09-06,2020-09-19,13,Rejected
LEV004738,EMP002352,Annual Leave,2023-05-07,2023-05-21,14,Pending
LEV004739,EMP002352,Annual Leave,2022-07-07,2022-07-12,5,Pending
LEV004740,EMP002353,Compassionate Leave,2021-07-20,2021-08-08,19,Pending
LEV004741,EMP002353,Compassionate Leave,2023-03-15,2023-03-24,9,Pending
LEV004742,EMP002353,Maternity Leave,2019-11-24,2019-12-13,19,Approved
LEV004743,EMP002353,Compassionate Leave,2024-12-08,2024-12-20,12,Approved
LEV004744,EMP002354,Study Leave,2021-01-14,2021-01-16,2,Approved
LEV004745,EMP002354,,2020-07-28,2020-08-25,28,Pending
LEV004746,EMP002354,Paternity Leave,2024-09-11,2024-09-27,16,Pending
LEV004747,EMP002355,Maternity Leave,2021-03-15,2021-03-25,10,Rejected
LEV004748,EMP002355,Sick Leave,2022-07-28,2022-08-16,19,Approved
LEV004749,EMP002355,Sick Leave,2019-11-02,2019-12-02,30,Rejected
LEV004750,EMP002355,Annual Leave,2019-11-12,2019-12-08,26,Approved
LEV004751,EMP002356,Paternity Leave,2019-12-10,2020-01-04,25,Approved
LEV004752,EMP002356,Annual Leave,2019-10-15,2019-10-28,13,Rejected
LEV004753,EMP002357,Annual Leave,2025-12-16,2025-11-17,29,Approved
LEV004754,EMP002358,Paternity Leave,2021-01-23,2021-02-22,30,Pending
LEV004755,EMP002358,Annual Leave,2019-06-29,2019-07-27,28,Approved
LEV004756,EMP002358,Paternity Leave,2019-12-19,2020-01-17,29,Approved
LEV004757,EMP002360,Maternity Leave,2024-08-18,2024-09-16,29,Approved
LEV004758,EMP002361,Maternity Leave,2021-04-26,2021-05-14,18,Rejected
LEV004759,EMP002362,Annual Leave,2020-08-04,2020-08-19,15,Pending
LEV004760,EMP002362,Maternity Leave,2020-02-24,2020-03-19,24,Approved
LEV004761,EMP002363,Annual Leave,2019-07-07,2019-07-11,4,Rejected
LEV004762,EMP002363,Sick Leave,2022-09-12,2022-10-04,22,Approved
LEV004763,EMP002364,Paternity Leave,2024-03-01,2024-03-09,8,Approved
LEV004764,EMP002364,Compassionate Leave,2024-09-18,2024-09-27,9,Rejected
LEV004765,EMP002364,Paternity Leave,2022-08-18,2022-08-28,10,Pending
LEV004766,EMP002366,Maternity Leave,2021-11-05,2021-12-04,29,Approved
LEV004767,EMP002366,Paternity Leave,2025-09-11,2025-09-24,13,Rejected
LEV004768,EMP002367,Compassionate Leave,2025-12-12,2025-11-13,29,Rejected
LEV004769,EMP002367,Compassionate Leave,2024-04-01,2024-04-28,27,Approved
LEV004770,EMP002368,Maternity Leave,2024-02-16,2024-03-09,22,Approved
LEV004771,EMP002368,Study Leave,2025-10-29,2025-11-13,15,Pending
LEV004772,EMP002368,Compassionate Leave,2024-05-10,2024-06-09,30,Approved
LEV004773,EMP002369,Study Leave,2024-01-31,2024-02-23,23,Approved
LEV004774,EMP002369,Study Leave,2019-11-07,2019-12-07,30,Pending
LEV004775,EMP002369,Maternity Leave,2022-01-25,2022-02-08,14,Approved
LEV004776,EMP002370,Annual Leave,2019-07-14,2019-08-12,29,Approved
LEV004777,EMP002370,Compassionate Leave,2025-12-05,2025-12-09,4,Approved
LEV004778,EMP002372,Sick Leave,2021-09-23,2021-10-04,11,Approved
LEV004779,EMP002373,Annual Leave,2019-07-29,2019-08-06,8,Approved
LEV004780,EMP002373,Maternity Leave,2024-03-07,2024-03-09,2,Approved
LEV004781,EMP002374,Study Leave,2022-05-26,2022-06-15,20,Approved
LEV004782,EMP002374,Sick Leave,2021-08-08,2021-08-17,9,Pending
LEV004783,EMP002374,Maternity Leave,2020-08-16,2020-08-29,13,Approved
LEV004784,EMP002376,Study Leave,2024-11-04,2024-11-09,5,Approved
LEV004785,EMP002376,Maternity Leave,2025-02-06,2025-02-26,20,Approved
LEV004786,EMP002377,Paternity Leave,2023-11-21,2023-12-05,14,Approved
LEV004787,EMP002377,Compassionate Leave,2021-09-11,2021-10-03,22,Pending
LEV004788,EMP002378,Compassionate Leave,2020-05-07,2020-05-10,3,Pending
LEV004789,EMP002378,Compassionate Leave,2023-05-13,2023-06-07,25,Approved
LEV004790,EMP002378,Compassionate Leave,2019-06-16,2019-07-04,18,Pending
LEV004791,EMP002378,Sick Leave,2022-12-26,2023-01-23,28,Approved
LEV004792,EMP002379,Paternity Leave,2023-11-30,2023-12-18,18,Rejected
LEV004793,EMP002379,Compassionate Leave,2023-06-29,2023-07-03,4,Approved
LEV004794,EMP002379,Study Leave,2025-07-17,2025-08-10,24,Approved
LEV004795,EMP002379,Sick Leave,2022-06-07,2022-06-28,21,Approved
LEV004796,EMP002381,Sick Leave,2020-02-26,2020-03-07,10,Approved
LEV004797,EMP002381,Paternity Leave,2023-07-15,2023-08-05,21,Approved
LEV004798,EMP002382,Compassionate Leave,2025-09-05,2025-09-12,7,Pending
LEV004799,EMP002382,Annual Leave,2022-03-21,2022-04-15,25,Approved
LEV004800,EMP002382,Maternity Leave,2024-01-11,2024-02-03,23,Pending
LEV004801,EMP002382,Compassionate Leave,2019-02-23,2019-03-19,24,Approved
LEV004802,EMP002384,Compassionate Leave,2022-07-30,2022-08-18,19,Approved
LEV004803,EMP002384,Compassionate Leave,2023-02-17,2023-03-03,14,Approved
LEV004804,EMP002384,Compassionate Leave,2021-01-08,2021-01-16,8,Approved
LEV004805,EMP002385,Study Leave,2025-08-19,2025-09-08,20,Approved
LEV004806,EMP002385,Maternity Leave,2022-01-11,2022-01-17,6,Approved
LEV004807,EMP002386,Study Leave,2020-07-28,2020-08-07,10,Rejected
LEV004808,EMP002387,Maternity Leave,2019-12-05,2019-12-28,23,Approved
LEV004809,EMP002387,Sick Leave,2024-02-28,2024-03-12,13,Approved
LEV004810,EMP002387,Compassionate Leave,2020-08-26,2020-09-09,14,Rejected
LEV004811,EMP002387,Paternity Leave,2019-10-02,2019-10-06,4,Approved
LEV004812,EMP002388,Compassionate Leave,2019-08-09,2019-08-11,2,Approved
LEV004813,EMP002388,Paternity Leave,2020-02-09,2020-02-13,4,Pending
LEV004814,EMP002388,Maternity Leave,2024-12-10,2025-01-09,30,Pending
LEV004815,EMP002388,Compassionate Leave,2023-09-29,2023-10-03,4,Pending
LEV004816,EMP002390,Maternity Leave,2019-05-15,2019-06-04,20,Rejected
LEV004817,EMP002391,Annual Leave,2019-08-19,2019-08-25,6,Rejected
LEV004818,EMP002392,Compassionate Leave,2024-12-02,2024-12-28,26,Approved
LEV004819,EMP002392,Paternity Leave,2019-11-10,2019-12-07,27,Rejected
LEV004820,EMP002392,Sick Leave,2025-05-08,2025-05-18,10,Approved
LEV004821,EMP002393,Sick Leave,2022-11-03,2022-11-15,12,Pending
LEV004822,EMP002393,Paternity Leave,2022-04-14,2022-05-14,30,Rejected
LEV004823,EMP002393,Study Leave,2021-03-16,2021-03-25,9,Approved
LEV004824,EMP002393,Maternity Leave,2020-01-26,2020-02-20,25,Rejected
LEV004825,EMP002394,Compassionate Leave,2020-04-03,2020-04-10,7,Pending
LEV004826,EMP002394,Maternity Leave,2020-06-05,2020-06-08,3,Approved
LEV004827,EMP002394,,2021-08-30,2021-09-14,15,Pending
LEV004828,EMP002394,Sick Leave,2023-02-05,2023-02-23,18,Approved
LEV004829,EMP002395,Maternity Leave,2022-08-19,2022-09-05,17,Rejected
LEV004830,EMP002395,Annual Leave,2023-08-16,2023-09-02,-5,Approved
LEV004831,EMP002397,Maternity Leave,2025-12-13,2026-01-05,23,Approved
LEV004832,EMP002397,Annual Leave,2022-11-06,2022-12-04,28,Approved
LEV004833,EMP002397,Paternity Leave,2021-04-17,2021-04-24,7,Approved
LEV004834,EMP002397,Compassionate Leave,2019-11-02,2019-11-27,25,Approved
LEV004835,EMP002398,Study Leave,2020-10-08,2020-10-20,12,Approved
LEV004836,EMP002398,Sick Leave,2021-07-21,2021-07-24,3,Rejected
LEV004837,EMP002398,Paternity Leave,2024-10-18,2024-11-11,24,Approved
LEV004838,EMP002400,Sick,2024-08-08,2024-08-25,17,Approved
LEV004839,EMP002400,Compassionate Leave,2025-10-20,2025-11-17,28,Rejected
LEV004840,EMP002400,Sick Leave,2021-10-14,2021-11-02,19,Pending
LEV004841,EMP002401,Compassionate Leave,2021-06-03,2021-07-03,30,Approved
LEV004842,EMP002402,Sick Leave,2022-06-30,2022-07-04,4,Rejected
LEV004843,EMP002403,Paternity Leave,2019-05-22,2019-06-08,17,Approved
LEV004844,EMP002405,Sick Leave,2021-03-11,2021-04-08,28,Rejected
LEV004845,EMP002407,Paternity Leave,2022-06-15,2022-06-30,15,Approved
LEV004846,EMP002407,Compassionate Leave,2021-02-01,2021-02-16,15,Approved
LEV004847,EMP002407,Compassionate Leave,2025-12-19,2026-01-08,20,Approved
LEV004848,EMP002409,Maternity Leave,2024-01-06,2024-01-09,3,Pending
LEV004849,EMP002409,Paternity Leave,2022-06-02,2022-06-27,25,Approved
LEV004850,EMP002409,Paternity Leave,2025-06-12,2025-06-14,2,Approved
LEV004851,EMP002410,Paternity Leave,2024-09-24,2024-10-15,21,Approved
LEV004852,EMP002410,Sick Leave,2022-07-02,2022-07-11,9,Approved
LEV004853,EMP002412,Compassionate Leave,2020-02-08,2020-02-28,20,Approved
LEV004854,EMP002412,Sick Leave,2024-06-19,2024-07-17,28,Approved
LEV004855,EMP002412,Annual Leave,2020-01-15,2020-01-18,3,Approved
LEV004856,EMP002414,Maternity Leave,2019-07-02,2019-07-26,24,Rejected
LEV004857,EMP002414,,2025-06-16,2025-06-22,6,Pending
LEV004858,EMP002415,Paternity Leave,2020-04-17,2020-04-26,9,Approved
LEV004859,EMP002415,Paternity Leave,2019-04-26,2019-05-12,16,Approved
LEV004860,EMP002416,Sick Leave,2023-07-26,2023-08-09,14,Rejected
LEV004861,EMP002419,Sick Leave,2024-06-25,2024-06-26,1,Pending
LEV004862,EMP002420,Maternity Leave,2023-09-20,2023-09-29,9,Rejected
LEV004863,EMP002420,Annual Leave,2021-08-17,2021-09-08,22,Approved
LEV004864,EMP002421,Paternity Leave,2024-05-07,2024-05-24,17,Pending
LEV004865,EMP002421,Study Leave,2025-11-04,2025-11-23,19,Approved
LEV004866,EMP002421,Maternity Leave,2024-09-04,2024-09-07,3,Rejected
LEV004867,EMP002422,annual leave,2023-09-26,2023-10-07,11,Approved
LEV004868,EMP002422,Paternity Leave,2020-02-26,2020-03-23,26,Approved
LEV004869,EMP002423,Study Leave,2022-10-14,2022-11-06,23,Approved
LEV004870,EMP002423,Study Leave,2022-09-22,2022-10-21,29,Pending
LEV004871,EMP002423,Compassionate Leave,2019-09-18,2019-10-02,14,Approved
LEV004872,EMP002424,Compassionate Leave,2019-09-09,2019-09-12,3,Rejected
LEV004873,EMP002424,Study Leave,2024-10-07,2024-11-05,29,Approved
LEV004874,EMP002424,Maternity Leave,2022-07-25,2022-07-26,1,Approved
LEV004875,EMP002424,Maternity Leave,2025-04-18,2025-05-05,17,Rejected
LEV004876,EMP002425,Annual Leave,2025-11-02,2025-12-02,30,Approved
LEV004877,EMP002425,Maternity Leave,2019-06-18,2019-07-11,23,Approved
LEV004878,EMP002427,Sick Leave,2020-02-20,2020-03-06,15,Rejected
LEV004879,EMP002428,Study Leave,2024-04-01,2024-04-05,4,Approved
LEV004880,EMP002428,Annual Leave,2022-04-11,2022-04-26,15,Approved
LEV004881,EMP002428,Sick Leave,2023-07-03,2023-07-31,28,Rejected
LEV004882,EMP002428,Paternity Leave,2020-09-19,2020-10-13,24,Approved
LEV004883,EMP002429,Annual Leave,2023-01-10,2023-01-21,11,Approved
LEV004884,EMP002430,Annual Leave,2024-08-17,2024-09-05,19,Pending
LEV004885,EMP002430,Compassionate Leave,2019-08-14,2019-08-21,7,Rejected
LEV004886,EMP002430,Annual Leave,2020-07-25,2020-08-20,26,Approved
LEV004887,EMP002432,Study Leave,2020-11-09,2020-11-15,6,Rejected
LEV004888,EMP002432,Compassionate Leave,2019-08-07,2019-09-05,29,Approved
LEV004889,EMP002432,Maternity Leave,2019-07-14,2019-08-13,30,Approved
LEV004890,EMP002432,Sick Leave,2024-04-24,2024-04-27,3,Pending
LEV004891,EMP002433,Sick Leave,2019-12-18,2020-01-01,14,Approved
LEV004892,EMP002434,Annual Leave,2023-08-09,2023-08-23,14,Pending
LEV004893,EMP002434,Compassionate Leave,2019-10-16,2019-11-08,23,Approved
LEV004894,EMP002435,Maternity Leave,2023-04-11,2023-05-10,29,Approved
LEV004895,EMP002435,,2021-02-01,2021-03-02,29,Approved
LEV004896,EMP002435,Paternity Leave,2024-04-01,2024-04-25,24,Approved
LEV004897,EMP002435,,2020-07-26,2020-08-16,21,Approved
LEV004898,EMP002436,Compassionate Leave,2020-07-30,2020-08-23,24,Approved
LEV004899,EMP002436,Sick Leave,2020-11-06,2020-11-25,19,Approved
LEV004900,EMP002436,Sick Leave,2023-11-30,2023-12-03,3,Approved
LEV004901,EMP002436,Compassionate Leave,2019-01-09,2019-01-17,8,Pending
LEV004902,EMP002437,Annual Leave,2021-03-28,2021-04-15,18,Approved
LEV004903,EMP002438,Study Leave,2021-08-11,2021-08-16,5,Approved
LEV004904,EMP002438,Paternity Leave,2024-02-14,2024-02-22,8,Approved
LEV004905,EMP002438,Paternity Leave,2022-12-26,2023-01-11,16,Approved
LEV004906,EMP002439,Sick Leave,2024-02-25,2024-03-19,23,Approved
LEV004907,EMP002441,Paternity Leave,2022-02-03,2022-02-05,2,Approved
LEV004908,EMP002444,Compassionate Leave,2024-01-25,2024-02-03,9,Pending
LEV004909,EMP002444,Maternity Leave,2020-01-22,2020-02-05,14,Pending
LEV004910,EMP002446,Paternity Leave,2024-07-23,2024-08-05,13,Rejected
LEV004911,EMP002446,Paternity Leave,2024-01-05,2024-02-02,28,Approved
LEV004912,EMP002449,Paternity Leave,2020-10-04,2020-10-21,17,Approved
LEV004913,EMP002450,Study Leave,2025-11-26,2025-12-23,27,Pending
LEV004914,EMP002451,Sick Leave,2019-10-18,2019-10-21,3,Approved
LEV004915,EMP002452,Paternity Leave,2020-06-01,2020-06-26,25,Approved
LEV004916,EMP002452,Annual Leave,2019-10-20,2019-11-13,24,Rejected
LEV004917,EMP002453,Paternity Leave,2019-12-04,2019-12-14,10,Approved
LEV004918,EMP002453,Annual Leave,2025-04-09,2025-04-26,17,Pending
LEV004919,EMP002454,Study Leave,2019-11-17,2019-11-20,3,Rejected
LEV004920,EMP002454,Compassionate Leave,2022-06-11,2022-06-16,5,Approved
LEV004921,EMP002454,Study Leave,2023-11-22,2023-12-17,25,Rejected
LEV004922,EMP002454,Sick Leave,2019-03-16,2019-03-30,14,Approved
LEV004923,EMP002456,Compassionate Leave,2021-07-01,2021-07-06,5,Rejected
LEV004924,EMP002456,Study Leave,2023-04-14,2023-04-17,3,Approved
LEV004925,EMP002457,Annual Leave,2021-07-06,2021-07-24,-5,Approved
LEV004926,EMP002458,Maternity Leave,2025-05-23,2025-06-21,29,Pending
LEV004927,EMP002458,Sick Leave,2021-01-17,2021-01-30,13,Approved
LEV004928,EMP002460,Annual Leave,2021-04-09,2021-04-17,8,Rejected
LEV004929,EMP002461,Paternity Leave,2024-05-24,2024-06-17,24,Approved
LEV004930,EMP002462,Study Leave,2020-06-24,2020-07-02,8,Approved
LEV004931,EMP002462,Paternity Leave,2019-02-16,2019-02-17,1,Approved
LEV004932,EMP002462,Maternity Leave,2023-11-26,2023-12-18,22,Approved
LEV004933,EMP002463,Study Leave,2020-05-18,2020-05-27,9,Rejected
LEV004934,EMP002464,Paternity Leave,2020-03-13,2020-03-28,15,Approved
LEV004935,EMP002464,Sick,2022-02-04,2022-02-13,9,Rejected
LEV004936,EMP002464,Maternity Leave,2024-06-30,2024-07-11,11,Approved
LEV004937,EMP002464,Paternity Leave,2024-12-15,2025-01-05,21,Rejected
LEV004938,EMP002465,Compassionate Leave,2025-02-28,2025-03-08,8,Rejected
LEV004939,EMP002465,Maternity Leave,2022-02-24,2022-03-20,24,Pending
LEV004940,EMP002465,Sick Leave,2023-02-20,2023-02-22,2,Pending
LEV004941,EMP002465,Compassionate Leave,2019-01-12,2019-01-16,4,Approved
LEV004942,EMP002466,Maternity Leave,2023-04-25,2023-05-23,28,Rejected
LEV004943,EMP002467,Annual Leave,2020-09-23,2020-10-07,14,Approved
LEV004944,EMP002467,Annual Leave,2024-07-23,2024-08-06,14,Rejected
LEV004945,EMP002467,Sick Leave,2020-12-19,2021-01-04,16,Pending
LEV004946,EMP002468,Paternity Leave,2022-07-26,2022-08-07,12,Approved
LEV004947,EMP002468,Sick Leave,2023-07-08,2023-07-17,9,Approved
LEV004948,EMP002470,Study Leave,2021-11-08,2021-11-26,18,Approved
LEV004949,EMP002470,Sick Leave,2021-10-07,2021-10-29,22,Pending
LEV004950,EMP002471,Maternity Leave,2023-04-16,2023-04-23,7,Approved
LEV004951,EMP002471,Maternity Leave,2024-10-16,2024-10-30,14,Pending
LEV004952,EMP002472,Study Leave,2019-06-16,2019-06-17,1,Approved
LEV004953,EMP002472,Compassionate Leave,2022-03-19,2022-02-28,19,Pending
LEV004954,EMP002473,Sick Leave,2019-09-03,2019-09-09,6,Pending
LEV004955,EMP002473,Annual Leave,2025-07-16,2025-07-17,1,Approved
LEV004956,EMP002473,Paternity Leave,2019-12-12,2020-01-01,20,Approved
LEV004957,EMP002475,Compassionate Leave,2020-05-25,2020-05-28,3,Pending
LEV004958,EMP002475,Maternity Leave,2025-07-05,2025-08-03,29,Approved
LEV004959,EMP002476,Compassionate Leave,2019-07-28,2019-08-06,9,Pending
LEV004960,EMP002477,Paternity Leave,2022-10-22,2022-11-14,23,Pending
LEV004961,EMP002477,,2023-11-28,2023-12-15,17,Approved
LEV004962,EMP002477,Compassionate Leave,2024-11-05,2024-11-23,18,Approved
LEV004963,EMP002478,Paternity Leave,2022-07-17,2022-07-21,4,Approved
LEV004964,EMP002478,Compassionate Leave,2020-07-15,2020-08-14,30,Approved
LEV004965,EMP002480,Maternity Leave,2019-10-26,2019-11-04,9,Rejected
LEV004966,EMP002480,Maternity Leave,2023-08-05,2023-08-15,10,Rejected
LEV004967,EMP002481,Maternity Leave,2022-08-01,2022-08-05,4,Pending
LEV004968,EMP002481,Maternity Leave,2020-03-08,2020-03-19,11,Approved
LEV004969,EMP002482,Compassionate Leave,2021-08-22,2021-09-19,28,Approved
LEV004970,EMP002482,Paternity Leave,2020-04-03,2020-04-28,25,Approved
LEV004971,EMP002482,Study Leave,2022-01-31,2022-02-12,12,Approved
LEV004972,EMP002482,Study Leave,2023-04-24,2023-05-10,16,Rejected
LEV004973,EMP002483,Paternity Leave,2019-08-05,2019-09-01,27,Rejected
LEV004974,EMP002483,Study Leave,2020-02-04,2020-02-08,4,Rejected
LEV004975,EMP002484,Sick Leave,2020-01-02,2020-01-14,12,Approved
LEV004976,EMP002486,Maternity Leave,2025-03-02,2025-03-26,24,Approved
LEV004977,EMP002486,Study Leave,2019-08-07,2019-08-28,21,Rejected
LEV004978,EMP002486,Annual Leave,2023-11-14,2023-12-14,30,Approved
LEV004979,EMP002486,Paternity Leave,2019-02-10,2019-03-01,19,Approved
LEV004980,EMP002487,Sick Leave,2023-08-16,2023-09-08,23,Approved
LEV004981,EMP002488,Annual Leave,2022-06-08,2022-07-07,29,Rejected
LEV004982,EMP002489,Annual Leave,2019-01-23,2019-01-27,4,Approved
LEV004983,EMP002489,Study Leave,2022-09-10,2022-09-26,16,Approved
LEV004984,EMP002489,Sick Leave,2024-01-07,2024-01-29,22,Pending
LEV004985,EMP002489,Paternity Leave,2022-01-13,2022-02-10,28,Approved
LEV004986,EMP002490,Sick Leave,2023-04-07,2023-05-03,26,Pending
LEV004987,EMP002490,Compassionate Leave,2021-01-14,2021-01-26,12,Pending
LEV004988,EMP002491,Compassionate Leave,2025-01-06,2024-12-13,24,Pending
LEV004989,EMP002491,Maternity Leave,2022-03-17,2022-04-13,27,Rejected
LEV004990,EMP002491,Compassionate Leave,2020-06-30,2020-07-20,20,Rejected
LEV004991,EMP002493,Paternity Leave,2021-10-19,2021-10-21,2,Approved
LEV004992,EMP002494,Study Leave,2023-03-28,2023-04-26,29,Rejected
LEV004993,EMP002494,Annual Leave,2020-11-12,2020-11-23,11,Approved
LEV004994,EMP002494,Paternity Leave,2024-09-29,2024-09-09,20,Approved
LEV004995,EMP002495,Sick Leave,2023-02-11,2023-02-24,13,Rejected
LEV004996,EMP002495,Study Leave,2021-01-31,2021-03-02,30,Approved
LEV004997,EMP002495,Annual Leave,2024-10-20,2024-11-16,27,Pending
LEV004998,EMP002496,Sick Leave,2024-05-15,2024-06-09,25,Approved
LEV004999,EMP002497,Study Leave,2020-11-15,2020-11-16,1,Approved
LEV005000,EMP002497,Study Leave,2024-04-21,2024-05-21,30,Pending
LEV005001,EMP002497,Sick Leave,2024-08-30,2024-09-20,21,Pending
LEV005002,EMP002498,Study Leave,2020-08-27,2020-09-12,16,Approved
LEV005003,EMP002498,Annual Leave,2021-02-13,2021-02-14,1,Pending
LEV005004,EMP002499,Sick Leave,2021-11-17,2021-12-03,16,Approved
LEV005005,EMP002499,Sick Leave,2022-05-27,2022-06-01,5,Rejected
LEV004766,EMP002366,Maternity Leave,2021-11-05,2021-12-04,29,Approved
LEV000551,EMP000285,Study Leave,2021-02-11,2021-02-21,10,Approved
LEV000577,EMP000301,Paternity Leave,2024-05-31,2024-06-21,21,Rejected
LEV000796,EMP000403,Paternity Leave,2019-10-25,2019-11-01,7,Rejected
LEV000356,EMP000177,Paternity Leave,2019-01-04,2019-01-20,16,Approved
LEV004850,EMP002409,Paternity Leave,2025-06-12,2025-06-14,2,Approved
LEV004639,EMP002301,Maternity Leave,2025-04-11,2025-05-10,29,Pending
LEV001185,EMP000593,Annual Leave,2021-03-04,2021-03-12,8,Approved
LEV004913,EMP002450,Study Leave,2025-11-26,2025-12-23,27,Pending
LEV002201,EMP001097,Compassionate Leave,2020-03-04,2020-03-31,27,Pending
LEV004644,EMP002303,Maternity Leave,2024-08-15,2024-08-22,7,Approved
LEV001524,EMP000772,Maternity Leave,2025-12-05,2025-12-20,15,Pending
LEV002046,EMP001029,Paternity Leave,2019-08-03,2019-08-16,13,Rejected
LEV002303,EMP001148,Maternity Leave,2024-12-08,2024-12-23,15,Approved
LEV000451,EMP000220,Annual Leave,2020-10-14,2020-11-10,27,Pending
LEV002496,EMP001244,Paternity Leave,2025-01-31,2025-02-15,15,Rejected
LEV001520,EMP000770,Paternity Leave,2020-03-02,2020-03-11,9,Approved
LEV000499,EMP000253,,2021-04-29,2021-05-25,26,Rejected
LEV000236,EMP000119,Sick Leave,2021-02-18,2021-02-24,6,Approved
LEV004683,EMP002322,,2019-07-27,2019-08-02,6,Rejected
LEV001164,EMP000582,Annual Leave,2019-12-16,2019-12-17,1,Pending
LEV004905,EMP002438,Paternity Leave,2022-12-26,2023-01-11,16,Approved
LEV000902,EMP000456,Sick Leave,2022-02-22,2022-03-18,24,Approved
LEV000935,EMP000468,Maternity Leave,2022-10-10,2022-11-07,28,Pending
LEV000347,EMP000172,Sick Leave,2021-07-12,2021-07-27,15,Rejected
LEV003587,EMP001782,Sick Leave,2021-11-16,2021-12-13,27,Pending
LEV003953,EMP001948,Sick Leave,2021-12-25,2022-01-07,13,Approved
LEV002682,EMP001339,Study Leave,2025-06-09,2025-06-10,1,Rejected
LEV001269,EMP000635,Compassionate Leave,2023-08-07,2023-08-21,14,Approved
LEV000426,EMP000208,Sick Leave,2023-11-11,2023-11-13,2,Approved
LEV002429,EMP001210,Paternity Leave,2019-05-24,2019-06-20,27,Approved
LEV004358,EMP002157,Study Leave,2025-06-06,2025-06-14,8,Pending
LEV002179,EMP001089,Sick Leave,2023-02-09,2023-03-02,21,Approved
LEV003202,EMP001585,Sick Leave,2025-05-14,2025-06-09,26,Pending
LEV002921,EMP001449,Maternity Leave,2020-06-20,2020-07-04,14,Rejected
LEV000991,EMP000494,Sick,2019-06-26,2019-07-14,18,Approved
LEV000968,EMP000480,Paternity Leave,2021-09-22,2021-10-05,13,Rejected
LEV000214,EMP000105,Study Leave,2025-05-28,2025-06-06,9,Approved
LEV000735,EMP000373,Sick Leave,2023-02-10,2023-02-25,15,Approved
LEV001603,EMP000810,Compassionate Leave,2021-06-03,2021-06-21,18,Pending
LEV000079,EMP000036,Annual Leave,2021-03-08,2021-03-12,4,Approved
LEV003149,EMP001560,Study Leave,2023-10-16,2023-10-25,9,Approved
LEV004019,EMP001990,Annual Leave,2023-05-21,2023-05-29,8,Approved
LEV001287,EMP000648,Annual Leave,2020-11-06,2020-11-25,19,Approved
LEV004471,EMP002214,Compassionate Leave,2020-11-07,2020-12-05,28,Rejected
LEV001444,EMP000730,Paternity Leave,2021-01-31,2021-02-18,18,Rejected
LEV002903,EMP001438,Maternity Leave,2021-02-12,2021-02-15,3,Rejected
LEV002544,EMP001265,Paternity Leave,2024-05-07,2024-05-17,10,Pending
LEV003199,EMP001584,Study Leave,2019-10-08,2019-10-15,7,Approved
LEV003244,EMP001601,Annual Leave,2021-06-05,2021-06-06,1,Rejected
LEV002153,EMP001080,Maternity Leave,2023-03-26,2023-03-27,1,Rejected
LEV000157,EMP000071,Study Leave,2024-04-09,2024-04-25,16,Pending
LEV000012,EMP000005,Maternity Leave,2023-07-09,2023-07-17,8,Approved
LEV003593,EMP001785,Compassionate Leave,2020-07-27,2020-07-28,1,Rejected
LEV004003,EMP001977,Maternity Leave,2019-07-20,2019-08-17,28,Pending
LEV004875,EMP002424,Maternity Leave,2025-04-18,2025-05-05,17,Rejected
LEV002794,EMP001391,Sick,2022-11-23,2022-11-28,5,Approved
LEV000847,EMP000433,Paternity Leave,2025-05-20,2025-05-21,1,Pending
LEV003486,EMP001733,Sick Leave,2022-07-06,2022-07-23,17,Approved
LEV004053,EMP002015,Annual Leave,2022-11-29,2022-12-28,29,Approved
LEV001192,EMP000596,Sick Leave,2022-09-03,2022-09-23,20,Approved
LEV000785,EMP000394,Compassionate Leave,2025-09-23,2025-09-30,7,Approved
LEV004532,EMP002248,Maternity Leave,2019-04-19,2019-04-24,5,Approved
LEV000246,EMP000123,Annual Leave,2024-10-24,2024-11-12,19,Approved
LEV002872,EMP001424,Compassionate Leave,2023-08-26,2023-09-19,24,Pending
LEV002659,EMP001329,Compassionate Leave,2024-02-11,2024-03-06,24,Approved
LEV004121,EMP002039,Compassionate Leave,2023-09-23,2023-10-20,27,Pending
LEV000099,EMP000047,Sick Leave,2025-01-07,2025-01-27,20,Approved
LEV002687,EMP001341,Compassionate Leave,2022-10-13,2022-11-01,19,Rejected
LEV001426,EMP000723,Sick Leave,2020-06-19,2020-06-24,5,Rejected
LEV004731,EMP002350,Study Leave,2023-11-02,2023-11-06,4,Approved
LEV002028,EMP001022,Compassionate Leave,2019-03-13,2019-03-18,5,Approved
LEV001563,EMP000792,Compassionate Leave,2024-06-23,2024-07-19,26,Rejected
LEV002415,EMP001205,Study Leave,2021-10-14,2021-11-09,26,Approved
LEV004564,EMP002267,Study Leave,2025-06-19,2025-07-11,22,Approved
LEV003450,EMP001712,Annual Leave,2021-05-14,2021-05-31,17,Rejected
LEV003056,EMP001523,Compassionate Leave,2019-08-29,2019-09-11,13,Approved
LEV001285,EMP000647,Sick Leave,2020-11-05,2020-12-04,29,Rejected
LEV001103,EMP000550,Study Leave,2024-10-21,2024-11-10,20,Rejected
LEV001357,EMP000687,Study Leave,2024-06-03,2024-06-04,1,Pending
