EmployeeID,GradeID,BasicSalary,Allowance,Tax,NetSalary
EMP000001,SG03,295761.0,59152.2,23660.88,331252.32
EMP000002,SG03,378073.0,75614.6,30245.84,423441.76
EMP000003,SG03,259262.0,51852.4,20740.96,290373.44
EMP000004,SG06,1056969.0,211393.8,84557.52,1183805.28
EMP000005,SG03,374579.0,74915.8,29966.32,419528.48
EMP000006,SG03,,70524.8,28209.92,394938.88
EMP000007,SG06,984715.0,196943.0,78777.2,1102880.8
EMP000008,SG03,271202.0,54240.4,21696.16,303746.24000000005
EMP000009,SG06,1445091.0,289018.2,115607.28,1618501.92
EMP000010,SG03,275651.0,55130.2,22052.08,308729.12
EMP000011,,2975918.0,595183.6,238073.44,3333028.16
EMP000012,SG01,177971.0,35594.200000000004,14237.68,199327.52
EMP000013,SG04,586611.0,117322.2,46928.88,657004.32
EMP000014,SG06,-1013706.0,202741.2,81096.48,1135350.72
EMP000015,SG04,420187.0,84037.40000000001,33614.96,470609.44
EMP000016,,1227029.0,245405.8,98162.32,1374272.48
EMP000017,SG01,157318.0,31463.6,12585.44,176196.16
EMP000018,SG05,766891.0,153378.2,61351.28,858917.9199999999
EMP000019,SG03,-368357.0,73671.40000000001,29468.56,412559.84
EMP000020,SG06,,218989.6,87595.84,1226341.76
EMP000021,SG03,317899.0,63579.8,25431.92,356046.88
EMP000022,SG06,1391446.0,278289.2,111315.68,1558419.52
EMP000023,SG06,939871.0,187974.2,75189.68000000001,1052655.52
EMP000024,SG01,,30177.0,12070.8,168991.2
EMP000025,SG06,1314995.0,262999.0,105199.6,1472794.4
EMP000026,SG05,761157.0,152231.4,60892.56,852495.8400000001
EMP000027,SG04,592135.0,118427.0,47370.8,663191.2
EMP000028,SG05,672334.0,134466.80000000002,53786.72,753014.0800000001
EMP000029,SG06,1429921.0,285984.2,-10000.0,1601511.52
EMP000030,SG01,145944.0,29188.800000000003,11675.52,163457.28
EMP000031,SG04,491681.0,98336.2,39334.48,550682.72
EMP000032,SG02,227285.0,45457.0,18182.8,254559.2
EMP000033,SG03,337142.0,67428.40000000001,26971.36,377599.04
EMP000034,SG03,382623.0,76524.6,30609.84,428537.76
EMP000035,SG02,240288.0,48057.600000000006,19223.04,269122.56
EMP000036,SG04,490452.0,98090.4,39236.16,549306.24
EMP000037,SG04,628843.0,125768.6,50307.44,704304.1599999999
EMP000038,SG04,522950.0,104590.0,41836.0,585704.0
EMP000039,SG05,809966.0,161993.2,64797.28,907161.92
EMP000040,SG01,129038.0,25807.6,10323.04,144522.56
EMP000041,SG04,630375.0,126075.0,50430.0,706020.0
EMP000042,SG06,1457392.0,291478.4,116591.36,1632279.0399999998
EMP000043,SG04,640711.0,128142.2,51256.880000000005,717596.32
EMP000044,SG06,1104240.0,220848.0,88339.2,1236748.8
EMP000045,SG07,,397934.0,159173.6,2228430.4
EMP000046,SG08,2524486.0,504897.2,201958.88,2827424.3200000003
EMP000047,SG06,1400971.0,280194.2,112077.68,1569087.52
EMP000048,SG04,527264.0,105452.8,42181.12,590535.68
EMP000049,SG06,998332.0,199666.4,79866.56,1118131.84
EMP000050,SG05,710866.0,142173.2,56869.28,796169.9199999999
EMP000051,SG03,296240.0,59248.0,23699.2,331788.8
EMP000052,SG03,349719.0,69943.8,27977.52,391685.28
EMP000053,SG02,195876.0,39175.2,15670.08,219381.12
EMP000054,SG03,326246.0,65249.2,26099.68,365395.52
EMP000055,SG02,225469.0,45093.8,18037.52,252525.28
EMP000056,SG03,346751.0,69350.2,27740.08,388361.12
EMP000057,SG03,,69797.8,27919.12,390867.68
EMP000058,SG06,1272920.0,254584.0,101833.6,1425670.4
EMP000059,SG03,307215.0,61443.0,24577.2,344080.8
EMP000060,SG02,189747.0,37949.4,15179.76,212516.64
EMP000061,SG05,812867.0,162573.40000000002,65029.36,910411.04
EMP000062,SG04,607109.0,121421.8,48568.72,679962.0800000001
EMP000063,SG03,381221.0,76244.2,30497.68,426967.52
EMP000064,SG03,271485.0,54297.0,21718.8,304063.2
EMP000065,SG04,483522.0,96704.4,38681.76,541544.64
EMP000066,SG04,598676.0,119735.2,47894.08,670517.12
EMP000067,SG06,973321.0,194664.2,77865.68000000001,1090119.52
EMP000068,SG06,1036613.0,207322.6,82929.04000000001,1161006.56
EMP000069,SG02,235390.0,47078.0,18831.2,263636.8
EMP000070,SG04,536143.0,107228.6,42891.44,600480.1599999999
EMP000071,SG04,546315.0,109263.0,43705.2,611872.8
EMP000072,SG04,561534.0,112306.8,44922.72,628918.0800000001
EMP000073,SG06,1166128.0,233225.6,93290.24,1306063.36
EMP000074,SG04,595034.0,119006.8,47602.72,666438.0800000001
EMP000075,SG03,251854.0,50370.8,20148.32,282076.48
EMP000076,SG04,440062.0,88012.40000000001,35204.96,492869.44
EMP000077,SG02,199824.0,39964.8,15985.92,223802.88
EMP000078,SG03,380245.0,76049.0,30419.6,425874.4
EMP000079,SG04,419343.0,83868.6,33547.44,469664.16
EMP000080,SG02,185733.0,37146.6,14858.64,208020.96
EMP000081,SG08,2309985.0,461997.0,184798.8,2587183.2
EMP000082,SG06,1285768.0,257153.6,102861.44,1440060.16
EMP000083,SG01,173744.0,34748.8,13899.52,194593.28
EMP000084,SG06,1183693.0,236738.6,94695.44,1325736.16
EMP000085,SG07,2114265.0,422853.0,169141.2,2367976.8
EMP000086,SG06,1223406.0,244681.2,97872.48,1370214.72
EMP000087,SG05,760754.0,152150.80000000002,60860.32,852044.4800000001
EMP000088,SG03,,50054.0,20021.6,280302.4
EMP000089,SG03,284248.0,56849.600000000006,22739.84,318357.75999999995
EMP000090,SG03,252167.0,50433.4,20173.36,282427.04000000004
EMP000091,SG03,349210.0,69842.0,27936.8,391115.2
EMP000092,SG03,386935.0,77387.0,30954.8,433367.2
EMP000093,SG04,403000.0,80600.0,32240.0,451360.0
EMP000094,SG04,470035.0,94007.0,37602.8,526439.2
EMP000095,SG01,130741.0,26148.2,10459.28,146429.92
EMP000096,SG04,549852.0,109970.4,43988.16,615834.24
EMP000097,SG07,1679804.0,335960.80000000005,134384.32,1881380.48
EMP000098,SG06,1241296.0,248259.2,99303.68,1390251.52
EMP000099,SG05,868833.0,173766.6,69506.64,973092.96
EMP000100,SG03,258500.0,51700.0,20680.0,289520.0
EMP000101,SG03,377041.0,75408.2,30163.28,422285.92
EMP000102,SG04,422937.0,84587.40000000001,33834.96,473689.44
EMP000103,SG04,479050.0,95810.0,38324.0,536536.0
EMP000104,,576685.0,115337.0,46134.8,645887.2
EMP000105,SG03,289305.0,57861.0,23144.4,324021.6
EMP000106,SG04,405062.0,81012.40000000001,32404.96,453669.44
EMP000107,SG04,557066.0,111413.2,44565.28,623913.9199999999
EMP000108,SG04,465891.0,93178.2,37271.28,521797.9199999999
EMP000109,SG03,256663.0,51332.600000000006,20533.04,287462.56
EMP000110,SG02,-247713.0,49542.600000000006,19817.04,277438.56
EMP000111,SG03,331006.0,66201.2,26480.48,370726.72
EMP000112,SG03,376142.0,75228.40000000001,30091.36,421279.04
EMP000113,SG03,266454.0,53290.8,21316.32,298428.48
EMP000114,SG06,1341008.0,268201.60000000003,107280.64,1501928.9600000002
EMP000115,SG06,1054856.0,210971.2,84388.48,1181438.72
EMP000116,SG06,1276654.0,255330.8,102132.32,1429852.48
EMP000117,,204989.0,40997.8,16399.12,229587.68
EMP000118,SG08,2319087.0,463817.4,185526.96,2597377.44
EMP000119,SG03,257586.0,51517.2,20606.88,288496.32
EMP000120,SG02,202645.0,40529.0,16211.6,226962.4
EMP000121,SG01,169784.0,33956.8,13582.72,190158.08
EMP000122,SG04,577240.0,115448.0,46179.2,646508.8
EMP000123,SG06,1032553.0,206510.6,82604.24,1156459.36
EMP000124,SG02,,39083.6,15633.44,218868.16
EMP000125,SG01,135639.0,27127.800000000003,10851.12,151915.68
EMP000126,SG06,1093463.0,218692.6,87477.04000000001,1224678.56
EMP000127,SG04,535746.0,107149.2,42859.68,600035.5199999999
EMP000128,SG04,558494.0,111698.8,-10000.0,625513.28
EMP000129,SG04,618254.0,123650.8,49460.32,692444.4800000001
EMP000130,SG04,416223.0,83244.6,33297.840000000004,466169.76
EMP000131,SG03,310066.0,62013.2,24805.28,347273.92000000004
EMP000132,SG04,506583.0,101316.6,40526.64,567372.96
EMP000133,SG03,335260.0,67052.0,26820.8,375491.2
EMP000134,SG03,337964.0,67592.8,27037.12,378519.68
EMP000135,SG03,309144.0,61828.8,24731.52,346241.28
EMP000136,SG05,,176637.0,70654.8,989167.2
EMP000137,SG06,992253.0,198450.6,79380.24,1111323.36
EMP000138,SG03,335066.0,67013.2,26805.28,375273.92
EMP000139,SG03,254170.0,50834.0,20333.6,284670.4
EMP000140,,329223.0,65844.6,26337.84,368729.76
EMP000141,SG02,198316.0,39663.2,15865.28,222113.92
EMP000142,SG08,2491234.0,498246.8000000001,199298.72,2790182.08
EMP000143,SG03,331194.0,66238.8,26495.52,370937.28
EMP000144,SG08,2789951.0,557990.2000000001,223196.08,3124745.12
EMP000145,SG04,465748.0,93149.6,37259.84,521637.76
EMP000146,SG06,1344702.0,268940.4,107576.16,1506066.24
EMP000147,SG01,170168.0,34033.6,13613.44,190588.16
EMP000148,SG03,262723.0,52544.600000000006,21017.84,294249.75999999995
EMP000149,SG06,1004514.0,200902.8,80361.12,1125055.6800000002
EMP000150,SG03,317101.0,63420.2,25368.08,355153.12
EMP000151,SG06,,269138.8,107655.52,1507177.28
EMP000152,SG03,351675.0,70335.0,28134.0,393876.0
EMP000153,SG04,502479.0,100495.8,40198.32,562776.4800000001
EMP000154,SG06,1481911.0,296382.2,118552.88,1659740.3199999998
EMP000155,SG03,294922.0,58984.4,-10000.0,330312.64
EMP000156,SG06,1315997.0,263199.4,105279.76,1473916.64
EMP000157,SG05,696080.0,139216.0,55686.4,779609.6
EMP000158,SG03,283798.0,56759.600000000006,22703.84,317853.75999999995
EMP000159,SG03,299196.0,59839.2,23935.68,335099.52
EMP000160,SG06,907920.0,181584.0,72633.6,1016870.4
EMP000161,SG04,478915.0,95783.0,38313.2,536384.8
EMP000162,SG03,262962.0,52592.4,21036.96,294517.44
EMP000163,SG03,318124.0,63624.8,25449.92,356298.88
EMP000164,SG03,324150.0,64830.0,25932.0,363048.0
EMP000165,SG05,711668.0,142333.6,56933.44,797068.1599999999
EMP000166,SG03,314076.0,62815.2,25126.08,351765.12
EMP000167,SG02,223158.0,44631.600000000006,17852.64,249936.96
EMP000168,SG03,346997.0,69399.40000000001,27759.76,388636.64
EMP000169,SG03,327506.0,65501.2,26200.48,366806.72
EMP000170,SG06,1214006.0,242801.2,97120.48,1359686.72
EMP000171,SG04,523397.0,104679.4,41871.76,586204.64
EMP000172,SG01,148398.0,29679.6,11871.84,166205.76
EMP000173,SG04,648207.0,129641.4,51856.56,725991.8400000001
EMP000174,SG03,333447.0,66689.40000000001,26675.76,373460.64
EMP000175,SG06,1226565.0,245313.0,98125.2,1373752.8
EMP000176,SG03,312531.0,62506.2,25002.48,350034.72000000003
EMP000177,SG06,1261345.0,252269.0,100907.6,1412706.4
EMP000178,SG03,358013.0,71602.6,28641.04,400974.56
EMP000179,SG04,528987.0,105797.4,42318.96,592465.4400000001
EMP000180,SG02,207665.0,41533.0,16613.2,232584.8
EMP000181,SG04,486523.0,97304.6,38921.84,544905.76
EMP000182,SG04,587544.0,117508.8,47003.52,658049.28
EMP000183,SG03,300531.0,60106.2,24042.48,336594.72000000003
EMP000184,SG08,3076701.0,615340.2000000001,246136.08,3445905.12
EMP000185,SG02,-232376.0,46475.2,18590.08,260261.12
EMP000186,SG06,1328128.0,265625.60000000003,106250.24,1487503.36
EMP000187,SG06,1302237.0,260447.4,104178.96,1458505.44
EMP000188,SG03,-384539.0,76907.8,30763.12,430683.68
EMP000189,SG02,189681.0,37936.2,15174.48,212442.72
EMP000190,SG03,292203.0,58440.600000000006,23376.24,327267.36
EMP000191,SG02,183617.0,36723.4,14689.36,205651.04
EMP000192,SG03,285411.0,57082.2,22832.88,319660.32
EMP000193,,376457.0,75291.40000000001,30116.56,421631.84
EMP000194,SG02,229328.0,45865.600000000006,18346.24,256847.36
EMP000195,SG04,404895.0,80979.0,32391.6,453482.4
EMP000196,SG03,325748.0,65149.600000000006,26059.84,364837.76
EMP000197,SG06,1335631.0,267126.2,106850.48,1495906.72
EMP000198,SG06,1299261.0,259852.2,103940.88,1455172.3199999998
EMP000199,SG02,184918.0,36983.6,14793.44,207108.16
EMP000200,,2958945.0,591789.0,236715.6,3314018.4
EMP000201,SG06,996622.0,199324.4,79729.76,1116216.64
EMP000202,SG03,282832.0,56566.4,22626.56,316771.84
EMP000203,SG05,842286.0,168457.2,67382.88,943360.32
EMP000204,SG03,393146.0,78629.2,31451.68,440323.52
EMP000205,SG03,270750.0,54150.0,21660.0,303240.0
EMP000206,SG05,777719.0,155543.80000000002,62217.52,871045.28
EMP000207,SG03,268701.0,53740.2,21496.08,300945.12
EMP000208,SG03,338914.0,67782.8,27113.12,379583.68
EMP000209,SG04,619461.0,123892.2,49556.880000000005,693796.32
EMP000210,SG06,985344.0,197068.8,78827.52,1103585.28
EMP000211,SG04,574860.0,114972.0,45988.8,643843.2
EMP000212,SG04,466127.0,93225.4,37290.16,522062.24
EMP000213,SG06,1401564.0,280312.8,-10000.0,1569751.6800000002
EMP000214,SG02,245630.0,49126.0,19650.4,275105.6
EMP000215,SG08,2247190.0,449438.0,179775.2,2516852.8
EMP000216,SG02,219037.0,43807.4,17522.96,245321.44000000003
EMP000217,SG04,495077.0,99015.4,39606.16,554486.24
EMP000218,SG04,605934.0,121186.8,48474.72,678646.0800000001
EMP000219,SG03,250237.0,50047.4,20018.96,280265.44
EMP000220,SG03,253146.0,50629.2,20251.68,283523.52
EMP000221,SG03,252056.0,50411.2,20164.48,282302.72000000003
EMP000222,SG07,2190850.0,438170.0,175268.0,2453752.0
EMP000223,SG03,368965.0,73793.0,29517.2,413240.8
EMP000224,SG03,,62508.600000000006,25003.44,350048.16
EMP000225,SG03,398350.0,79670.0,31868.0,446152.0
EMP000226,SG01,177032.0,35406.4,14162.56,198275.84
EMP000227,SG05,680062.0,136012.4,54404.96,761669.4400000001
EMP000228,SG01,130089.0,26017.800000000003,10407.12,145699.68
EMP000229,SG03,260080.0,52016.0,20806.4,291289.6
EMP000230,SG08,3089406.0,617881.2000000001,247152.48,3460134.72
EMP000231,SG03,275006.0,55001.2,22000.48,308006.72000000003
EMP000232,SG02,224999.0,44999.8,17999.920000000002,251998.88
EMP000233,SG03,380652.0,76130.40000000001,30452.16,426330.2400000001
EMP000234,SG06,1012089.0,202417.8,80967.12,1133539.6800000002
EMP000235,SG02,213163.0,42632.600000000006,17053.04,238742.56
EMP000236,SG03,374506.0,74901.2,29960.48,419446.72
EMP000237,SG02,211906.0,42381.2,16952.48,237334.72
EMP000238,SG03,370411.0,74082.2,29632.88,414860.32
EMP000239,SG03,360049.0,72009.8,28803.92,403254.88
EMP000240,SG04,509406.0,101881.2,40752.48,570534.72
EMP000241,SG04,587371.0,117474.2,46989.68,657855.5199999999
EMP000242,SG01,147715.0,29543.0,11817.2,165440.8
EMP000243,SG02,214457.0,42891.4,17156.56,240191.84
EMP000244,SG03,306276.0,61255.2,24502.08,343029.12
EMP000245,SG03,345687.0,69137.40000000001,27654.96,387169.44
EMP000246,SG01,134062.0,26812.4,10724.96,150149.44
EMP000247,SG04,,104284.6,41713.84,583993.76
EMP000248,SG06,1081384.0,216276.8,86510.72,1211150.08
EMP000249,SG06,1232325.0,246465.0,98586.0,1380204.0
EMP000250,SG06,1042101.0,208420.2,83368.08,1167153.12
EMP000251,SG05,707947.0,141589.4,56635.76,792900.64
EMP000252,SG02,213407.0,42681.4,17072.56,239015.84
EMP000253,SG05,652293.0,130458.6,-10000.0,730568.1599999999
EMP000254,SG03,335096.0,67019.2,26807.68,375307.52
EMP000255,SG05,872543.0,174508.6,69803.44,977248.16
EMP000256,SG03,397205.0,79441.0,31776.4,444869.6
EMP000257,SG06,963858.0,192771.6,77108.64,1079520.9600000002
EMP000258,SG03,,71543.8,28617.52,400645.28
EMP000259,SG03,378075.0,75615.0,30246.0,423444.0
EMP000260,SG06,1004450.0,200890.0,80356.0,1124984.0
EMP000261,SG04,602160.0,120432.0,48172.8,674419.2
EMP000262,SG01,142691.0,28538.2,11415.28,159813.92
EMP000263,SG05,675223.0,135044.6,54017.84,756249.76
EMP000264,SG03,382316.0,76463.2,30585.28,428193.92
EMP000265,SG03,348263.0,69652.6,27861.04,390054.56
EMP000266,SG04,589393.0,117878.6,47151.44,660120.1599999999
EMP000267,SG03,374301.0,74860.2,29944.08,419217.12
EMP000268,SG02,183186.0,36637.2,14654.88,205168.32
EMP000269,SG04,438980.0,87796.0,35118.4,491657.6
EMP000270,SG06,1479105.0,295821.0,118328.4,1656597.6
EMP000271,SG08,3024524.0,604904.8,241961.92,3387466.88
EMP000272,SG03,352143.0,70428.6,28171.44,394400.16
EMP000273,SG02,240012.0,48002.4,19200.96,268813.44
EMP000274,SG03,-383651.0,76730.2,30692.08,429689.12
EMP000275,SG06,,195550.8,78220.32,1095084.48
EMP000276,SG01,122089.0,24417.800000000003,9767.12,136739.68
EMP000277,SG04,567941.0,113588.2,45435.28,636093.9199999999
EMP000278,SG04,411414.0,82282.8,32913.12,460783.68
EMP000279,SG01,176207.0,35241.4,14096.56,197351.84
EMP000280,SG04,583972.0,116794.4,46717.76,654048.64
EMP000281,SG03,287531.0,57506.2,23002.48,322034.72000000003
EMP000282,SG03,363781.0,72756.2,29102.48,407434.72
EMP000283,SG03,307103.0,61420.600000000006,24568.24,343955.36
EMP000284,SG01,170991.0,34198.200000000004,13679.28,191509.92
EMP000285,SG06,1258656.0,251731.2,100692.48,1409694.72
EMP000286,SG06,1364964.0,272992.8,109197.12,1528759.6800000002
EMP000287,SG03,263016.0,52603.2,21041.28,294577.92000000004
EMP000288,SG06,1324829.0,264965.8,105986.32,1483808.48
EMP000289,SG03,271779.0,54355.8,21742.32,304392.48
EMP000290,SG06,1132241.0,226448.2,90579.28,1268109.92
EMP000291,SG08,2707256.0,541451.2000000001,216580.48,3032126.72
EMP000292,SG03,301640.0,60328.0,24131.2,337836.8
EMP000293,SG03,399418.0,79883.6,31953.44,447348.16
EMP000294,SG06,942081.0,188416.2,75366.48,1055130.72
EMP000295,SG02,246628.0,49325.600000000006,19730.24,276223.36
EMP000296,SG05,876070.0,175214.0,70085.6,981198.4
EMP000297,SG04,569793.0,113958.6,45583.44,638168.1599999999
EMP000298,SG03,354308.0,70861.6,28344.64,396824.96
EMP000299,SG03,379295.0,75859.0,30343.6,424810.4
EMP000300,SG05,674078.0,134815.6,53926.24,754967.36
EMP000301,SG08,2651380.0,530276.0,212110.4,2969545.6
EMP000302,SG03,259240.0,51848.0,20739.2,290348.8
EMP000303,SG04,572687.0,114537.4,45814.96,641409.4400000001
EMP000304,SG06,1159457.0,231891.4,92756.56,1298591.84
EMP000305,SG05,778773.0,155754.6,62301.84,872225.76
EMP000306,SG02,227041.0,45408.2,18163.28,254285.92
EMP000307,SG03,254249.0,50849.8,20339.92,284758.88
EMP000308,SG01,166503.0,33300.6,13320.24,186483.36
EMP000309,SG02,243243.0,48648.600000000006,19459.44,272432.16
EMP000310,SG04,465519.0,93103.8,37241.52,521381.28
EMP000311,SG06,1299568.0,259913.6,103965.44,1455516.16
EMP000312,SG03,250966.0,50193.2,20077.28,281081.92000000004
EMP000313,SG04,428713.0,85742.6,34297.04,480158.56
EMP000314,SG03,319201.0,63840.2,25536.08,357505.12
EMP000315,SG03,288377.0,57675.4,23070.16,322982.24000000005
EMP000316,SG01,130505.0,26101.0,10440.4,146165.6
EMP000317,SG03,377058.0,75411.6,30164.64,422304.96
EMP000318,SG03,332524.0,66504.8,26601.92,372426.88
EMP000319,SG03,366642.0,73328.40000000001,29331.36,410639.04
EMP000320,SG02,234284.0,46856.8,18742.72,262398.08
EMP000321,SG03,333902.0,66780.40000000001,26712.16,373970.2400000001
EMP000322,SG04,454305.0,90861.0,36344.4,508821.6
EMP000323,SG06,1315712.0,263142.4,-10000.0,1473597.44
EMP000324,SG04,567825.0,113565.0,45426.0,635964.0
EMP000325,SG03,,55175.4,22070.16,308982.24000000005
EMP000326,SG06,1291912.0,258382.4,103352.96,1446941.44
EMP000327,SG04,412717.0,82543.40000000001,33017.36,462243.04
EMP000328,SG06,1104374.0,220874.8,88349.92,1236898.88
EMP000329,SG04,473582.0,94716.4,37886.56,530411.8400000001
EMP000330,SG02,228008.0,45601.600000000006,18240.64,255368.96
EMP000331,SG01,123109.0,24621.800000000003,9848.72,137882.08
EMP000332,SG03,328289.0,65657.8,26263.12,367683.68
EMP000333,SG06,1179384.0,235876.8,94350.72,1320910.08
EMP000334,SG06,1154863.0,230972.6,92389.04,1293446.56
EMP000335,SG08,2839509.0,567901.8,227160.72,3180250.08
EMP000336,SG06,1087611.0,217522.2,87008.88,1218124.3199999998
EMP000337,SG01,161853.0,32370.6,12948.24,181275.36
EMP000338,SG02,237768.0,47553.600000000006,19021.44,266300.16
EMP000339,SG05,893169.0,178633.80000000002,71453.52,1000349.28
EMP000340,SG06,1219525.0,243905.0,97562.0,1365868.0
EMP000341,SG03,319458.0,63891.600000000006,25556.64,357792.96
EMP000342,SG01,169641.0,33928.200000000004,13571.28,189997.92
EMP000343,SG03,376713.0,75342.6,30137.04,421918.56
EMP000344,SG08,-2980567.0,596113.4,238445.36,3338235.04
EMP000345,SG03,312565.0,62513.0,25005.2,350072.8
EMP000346,SG01,144127.0,28825.4,11530.16,161422.24
EMP000347,SG03,365026.0,73005.2,29202.08,408829.12
EMP000348,SG06,1072442.0,214488.4,85795.36,1201135.0399999998
EMP000349,SG03,305321.0,61064.2,24425.68,341959.52
EMP000350,SG06,1411394.0,282278.8,112911.52,1580761.28
EMP000351,SG06,1216427.0,243285.4,97314.16,1362398.24
EMP000352,SG05,661762.0,132352.4,52940.96,741173.4400000001
EMP000353,SG03,273022.0,54604.4,21841.76,305784.64
EMP000354,SG03,263838.0,52767.600000000006,21107.04,295498.56
EMP000355,SG03,299223.0,59844.600000000006,23937.84,335129.75999999995
EMP000356,SG05,787876.0,157575.2,63030.08,882421.12
EMP000357,SG03,354963.0,70992.6,28397.04,397558.56
EMP000358,SG06,1028125.0,205625.0,82250.0,1151500.0
EMP000359,SG03,339506.0,67901.2,27160.48,380246.72
EMP000360,SG01,141206.0,28241.2,11296.48,158150.72
EMP000361,SG03,308618.0,61723.600000000006,24689.44,345652.16
EMP000362,SG06,1366260.0,273252.0,109300.8,1530211.2
EMP000363,SG06,1080896.0,216179.2,86471.68000000001,1210603.52
EMP000364,SG06,1470725.0,294145.0,117658.0,1647212.0
EMP000365,SG02,235548.0,47109.600000000006,18843.84,263813.75999999995
EMP000366,SG03,,52232.4,20892.96,292501.44
EMP000367,SG03,263525.0,52705.0,21082.0,295148.0
EMP000368,SG02,235156.0,47031.2,18812.48,263374.72000000003
EMP000369,SG05,898523.0,179704.6,71881.84,1006345.76
EMP000370,SG04,502356.0,100471.2,40188.48,562638.72
EMP000371,SG03,279747.0,55949.4,22379.76,313316.64
EMP000372,SG02,-185107.0,37021.4,14808.56,207319.84
EMP000373,SG05,843679.0,168735.80000000002,67494.32,944920.48
EMP000374,SG06,1200447.0,240089.4,96035.76,1344500.64
EMP000375,SG03,381482.0,76296.40000000001,30518.56,427259.84
EMP000376,SG04,492773.0,98554.6,39421.84,551905.76
EMP000377,SG06,,195476.4,78190.56,1094667.84
EMP000378,SG03,344904.0,68980.8,27592.32,386292.48
EMP000379,SG07,1725741.0,345148.2,138059.28,1932829.92
EMP000380,SG06,1181203.0,236240.6,94496.24,1322947.36
EMP000381,SG03,338156.0,67631.2,-10000.0,378734.72
EMP000382,SG04,565314.0,113062.8,45225.12,633151.68
EMP000383,SG03,277083.0,55416.600000000006,22166.64,310332.96
EMP000384,SG03,385889.0,77177.8,30871.12,432195.68
EMP000385,SG06,1394691.0,278938.2,111575.28,1562053.92
EMP000386,SG06,1383343.0,276668.60000000003,110667.44,1549344.16
EMP000387,SG06,1012617.0,202523.4,81009.36,1134131.0399999998
EMP000388,SG02,,36445.2,14578.08,204093.12
EMP000389,SG02,216037.0,43207.4,17282.96,241961.44
EMP000390,SG05,718181.0,143636.2,57454.48,804362.72
EMP000391,,318264.0,63652.8,-10000.0,356455.68
EMP000392,SG06,1237070.0,247414.0,98965.6,1385518.4
EMP000393,SG04,539415.0,107883.0,43153.2,604144.8
EMP000394,SG03,268463.0,53692.600000000006,21477.04,300678.56
EMP000395,SG03,328023.0,65604.6,26241.84,367385.76
EMP000396,,1237119.0,247423.8,98969.52,1385573.28
EMP000397,SG03,,77707.6,31083.04,435162.56
EMP000398,SG03,253247.0,50649.4,20259.76,283636.64
EMP000399,SG03,379095.0,75819.0,30327.6,424586.4
EMP000400,SG03,399492.0,79898.40000000001,31959.36,447431.04
EMP000401,,1278373.0,255674.6,102269.84,1431777.76
EMP000402,SG01,143178.0,28635.6,11454.24,160359.36000000002
EMP000403,SG05,687386.0,137477.2,54990.880000000005,769872.32
EMP000404,SG02,204495.0,40899.0,16359.6,229034.4
EMP000405,SG06,1407301.0,281460.2,112584.08,1576177.12
EMP000406,SG02,244001.0,48800.2,19520.08,273281.12
EMP000407,SG03,271806.0,54361.2,21744.48,304422.72000000003
EMP000408,SG02,206793.0,41358.600000000006,16543.44,231608.16
EMP000409,SG08,2838188.0,567637.6,227055.04,3178770.56
EMP000410,SG06,,229054.6,91621.84,1282705.76
EMP000411,SG03,311962.0,62392.4,24956.96,349397.44
EMP000412,SG06,1333574.0,266714.8,106685.92,1493602.88
EMP000413,SG06,974205.0,194841.0,77936.40000000001,1091109.6
EMP000414,SG03,272783.0,54556.600000000006,21822.64,305516.96
EMP000415,SG06,1461890.0,292378.0,116951.2,1637316.8
EMP000416,SG04,611049.0,122209.8,48883.92,684374.88
EMP000417,SG08,2394861.0,478972.2,191588.88,2682244.3200000003
EMP000418,SG06,1054360.0,210872.0,84348.8,1180883.2
EMP000419,SG06,986051.0,197210.2,78884.08,1104377.12
EMP000420,SG06,1085692.0,217138.4,86855.36,1215975.0399999998
EMP000421,SG06,906150.0,181230.0,72492.0,1014888.0
EMP000422,SG03,,54140.0,21656.0,303184.0
EMP000423,SG06,1226525.0,245305.0,98122.0,1373708.0
EMP000424,SG03,265619.0,53123.8,21249.52,297493.28
EMP000425,SG03,355406.0,71081.2,28432.48,398054.72
EMP000426,SG04,431286.0,86257.20000000001,34502.88,483040.32
EMP000427,SG03,251921.0,50384.2,20153.68,282151.52
EMP000428,SG03,283191.0,56638.2,22655.28,317173.92000000004
EMP000429,SG03,326176.0,65235.2,26094.08,365317.12
EMP000430,SG06,950634.0,190126.8,76050.72,1064710.08
EMP000431,SG02,226076.0,45215.2,18086.08,253205.12
EMP000432,SG03,278857.0,55771.4,22308.56,312319.84
EMP000433,SG06,941932.0,188386.4,75354.56,1054963.84
EMP000434,SG03,293735.0,58747.0,23498.8,328983.2
EMP000435,SG01,159101.0,31820.2,12728.08,178193.12000000002
EMP000436,SG06,1343519.0,268703.8,107481.52,1504741.28
EMP000437,SG06,1475579.0,295115.8,118046.32,1652648.48
EMP000438,SG06,1059432.0,211886.4,84754.56,1186563.84
EMP000439,SG06,1045884.0,209176.8,83670.72,1171390.08
EMP000440,SG03,279633.0,55926.600000000006,-10000.0,313188.96
EMP000441,SG04,462933.0,92586.6,37034.64,518484.96
EMP000442,SG08,2541505.0,508301.0,203320.4,2846485.6
EMP000443,,1072388.0,214477.6,85791.04000000001,1201074.56
EMP000444,,370917.0,74183.40000000001,29673.36,415427.04
EMP000445,SG03,-356346.0,71269.2,28507.68,399107.52
EMP000446,SG02,194018.0,38803.6,15521.44,217300.16
EMP000447,SG03,370572.0,74114.40000000001,29645.76,415040.64
EMP000448,SG06,1322415.0,264483.0,105793.2,1481104.8
EMP000449,SG03,279429.0,55885.8,22354.32,312960.48
EMP000450,SG01,148914.0,29782.800000000003,11913.12,166783.68
EMP000451,SG01,124777.0,24955.4,9982.16,139750.24
EMP000452,SG08,2214220.0,442844.0,177137.6,2479926.4
EMP000453,SG04,546960.0,109392.0,43756.8,612595.2
EMP000454,SG06,1408938.0,281787.60000000003,112715.04,1578010.56
EMP000455,SG06,1131166.0,226233.2,90493.28,1266905.92
EMP000456,SG03,277796.0,55559.2,22223.68,311131.52
EMP000457,SG06,1255010.0,251002.0,100400.8,1405611.2
EMP000458,SG01,168187.0,33637.4,13454.96,188369.44
EMP000459,SG06,921174.0,184234.8,73693.92,1031714.88
EMP000460,SG03,284217.0,56843.4,22737.36,318323.04000000004
EMP000461,SG04,407594.0,81518.8,32607.52,456505.28
EMP000462,SG06,1123262.0,224652.4,89860.96,1258053.44
EMP000463,SG03,367680.0,73536.0,29414.4,411801.6
EMP000464,SG05,675293.0,135058.6,54023.44,756328.1599999999
EMP000465,SG03,301183.0,60236.600000000006,24094.64,337324.96
EMP000466,,255599.0,51119.8,20447.92,286270.88
EMP000467,SG08,2645235.0,529047.0,211618.8,2962663.2
EMP000468,SG01,138865.0,27773.0,11109.2,155528.8
EMP000469,SG06,1320530.0,264106.0,105642.4,1478993.6
EMP000470,SG03,343808.0,68761.6,27504.64,385064.96
EMP000471,SG04,494282.0,98856.4,39542.56,553595.8400000001
EMP000472,SG01,167613.0,33522.6,13409.04,187726.56
EMP000473,SG03,328353.0,65670.6,26268.24,367755.36
EMP000474,SG04,524058.0,104811.6,41924.64,586944.96
EMP000475,SG04,413467.0,82693.40000000001,33077.36,463083.04
EMP000476,SG04,511345.0,102269.0,40907.6,572706.4
EMP000477,SG04,644409.0,128881.8,51552.72,721738.0800000001
EMP000478,SG06,1150843.0,230168.6,92067.44,1288944.16
EMP000479,SG06,1086232.0,217246.4,86898.56,1216579.84
EMP000480,SG03,346658.0,69331.6,27732.64,388256.96
EMP000481,SG03,340735.0,68147.0,27258.8,381623.2
EMP000482,SG04,579715.0,115943.0,46377.2,649280.8
EMP000483,SG02,191892.0,38378.4,15351.36,214919.04
EMP000484,SG01,159082.0,31816.4,12726.56,178171.84
EMP000485,SG02,235097.0,47019.4,18807.76,263308.64
EMP000486,SG04,597011.0,119402.2,47760.88,668652.32
EMP000487,SG03,311658.0,62331.600000000006,24932.64,349056.96
EMP000488,SG02,249820.0,49964.0,19985.6,279798.4
EMP000489,SG03,284853.0,56970.600000000006,22788.24,319035.36
EMP000490,SG06,1027638.0,205527.6,82211.04000000001,1150954.56
EMP000491,SG02,226886.0,45377.2,18150.88,254112.32
EMP000492,SG06,1184209.0,236841.8,94736.72,1326314.08
EMP000493,SG05,687118.0,137423.6,54969.44,769572.1599999999
EMP000494,SG03,267369.0,53473.8,21389.52,299453.28
EMP000495,SG06,949753.0,189950.6,75980.24,1063723.36
EMP000496,SG03,386030.0,77206.0,30882.4,432353.6
EMP000497,SG04,506426.0,101285.2,40514.08,567197.12
EMP000498,SG06,1412015.0,282403.0,112961.2,1581456.8
EMP000499,SG03,319724.0,63944.8,25577.92,358090.88
EMP000500,SG03,398371.0,79674.20000000001,31869.68,446175.52
EMP000501,SG03,382528.0,76505.6,30602.24,428431.36
EMP000502,SG03,280040.0,56008.0,22403.2,313644.8
EMP000503,SG06,907495.0,181499.0,72599.6,1016394.4
EMP000504,SG04,637355.0,127471.0,50988.4,713837.6
EMP000505,SG04,587279.0,117455.8,46982.32,657752.4800000001
EMP000506,SG04,471005.0,94201.0,37680.4,527525.6
EMP000507,SG03,267473.0,53494.600000000006,21397.84,299569.75999999995
EMP000508,SG05,883984.0,176796.80000000002,70718.72,990062.08
EMP000509,SG04,499491.0,99898.2,39959.28,559429.9199999999
EMP000510,SG03,256141.0,51228.2,20491.28,286877.92000000004
EMP000511,SG08,2537305.0,507461.0,202984.4,2841781.6
EMP000512,SG03,250391.0,50078.2,20031.28,280437.92000000004
EMP000513,SG04,481735.0,96347.0,38538.8,539543.2
EMP000514,SG03,,57771.600000000006,23108.64,323520.96
EMP000515,SG06,1362645.0,272529.0,109011.6,1526162.4
EMP000516,,144574.0,28914.800000000003,11565.92,161922.87999999998
EMP000517,SG03,331609.0,66321.8,26528.72,371402.08
EMP000518,SG02,235879.0,47175.8,18870.32,264184.48
EMP000519,SG04,579793.0,115958.6,46383.44,649368.1599999999
EMP000520,SG08,2278911.0,455782.2,182312.88,2552380.3200000003
EMP000521,SG03,328754.0,65750.8,26300.32,368204.48
EMP000522,SG04,644951.0,128990.2,51596.08,722345.12
EMP000523,SG03,292780.0,58556.0,23422.4,327913.6
EMP000524,SG01,176689.0,35337.8,14135.12,197891.68
EMP000525,SG04,569391.0,113878.2,45551.28,637717.9199999999
EMP000526,SG05,856375.0,171275.0,68510.0,959140.0
EMP000527,SG03,362718.0,72543.6,29017.44,406244.16
EMP000528,SG04,623538.0,124707.6,49883.04,698362.5599999999
EMP000529,SG06,935711.0,187142.2,74856.88,1047996.32
EMP000530,SG03,358545.0,71709.0,28683.6,401570.4
EMP000531,SG02,196498.0,39299.6,15719.84,220077.76
EMP000532,SG03,333879.0,66775.8,26710.32,373944.48
EMP000533,SG03,346538.0,69307.6,27723.04,388122.56
EMP000534,SG01,154003.0,30800.6,12320.24,172483.36000000002
EMP000535,SG08,3060168.0,612033.6,244813.44,3427388.16
EMP000536,SG02,227253.0,45450.600000000006,18180.24,254523.36
EMP000537,SG08,2885959.0,577191.8,230876.72,3232274.08
EMP000538,SG04,606141.0,121228.2,48491.28,678877.9199999999
EMP000539,SG03,315270.0,63054.0,25221.6,353102.4
EMP000540,SG02,246223.0,49244.600000000006,19697.84,275769.75999999995
EMP000541,SG04,448258.0,89651.6,35860.64,502048.96
EMP000542,SG06,1081962.0,216392.4,86556.96,1211797.44
EMP000543,SG03,271264.0,54252.8,21701.12,303815.68
EMP000544,SG04,585606.0,117121.2,46848.48,655878.72
EMP000545,SG04,639538.0,127907.6,51163.04,716282.5599999999
EMP000546,SG06,1277798.0,255559.6,102223.84,1431133.76
EMP000547,SG06,1420036.0,284007.2,113602.88,1590440.3199999998
EMP000548,SG06,1174235.0,234847.0,93938.8,1315143.2
EMP000549,SG04,575898.0,115179.6,46071.84,645005.76
EMP000550,SG07,1719178.0,343835.60000000003,137534.24,1925479.36
EMP000551,SG03,326931.0,65386.2,26154.48,366162.72
EMP000552,SG04,407990.0,81598.0,32639.2,456948.8
EMP000553,SG03,357710.0,71542.0,28616.8,400635.2
EMP000554,SG02,230362.0,46072.4,18428.96,258005.44000000003
EMP000555,SG06,1293839.0,258767.8,103507.12,1449099.6800000002
EMP000556,SG01,,24571.6,9828.64,137600.96000000002
EMP000557,SG06,1380657.0,276131.4,110452.56,1546335.84
EMP000558,SG01,161582.0,32316.4,12926.56,180971.84
EMP000559,SG03,272607.0,54521.4,21808.56,305319.84
EMP000560,SG04,555077.0,111015.4,44406.16,621686.24
EMP000561,SG04,503778.0,100755.6,40302.24,564231.36
EMP000562,SG04,-529548.0,105909.6,42363.84,593093.76
EMP000563,SG03,350248.0,70049.6,28019.84,392277.76
EMP000564,SG06,1206781.0,241356.2,96542.48,1351594.72
EMP000565,SG03,379214.0,75842.8,30337.12,424719.68
EMP000566,SG06,1185862.0,237172.4,94868.96,1328165.44
EMP000567,SG04,504685.0,100937.0,40374.8,565247.2
EMP000568,SG03,292991.0,58598.2,23439.28,328149.92000000004
EMP000569,SG03,,76226.8,30490.72,426870.08
EMP000570,SG05,843284.0,168656.80000000002,67462.72,944478.08
EMP000571,,1338814.0,267762.8,107105.12,1499471.6800000002
EMP000572,SG03,277394.0,55478.8,22191.52,310681.28
EMP000573,SG04,539134.0,107826.8,43130.72,603830.0800000001
EMP000574,SG04,580156.0,116031.2,46412.48,649774.72
EMP000575,SG03,322931.0,64586.2,25834.48,361682.72
EMP000576,SG03,373416.0,74683.2,29873.28,418225.92
EMP000577,SG04,422609.0,84521.8,33808.72,473322.08
EMP000578,SG03,290466.0,58093.2,23237.28,325321.92000000004
EMP000579,SG06,975858.0,195171.6,78068.64,1092960.9600000002
EMP000580,SG03,372309.0,74461.8,29784.72,416986.08
EMP000581,SG03,379692.0,75938.40000000001,30375.36,425255.04
EMP000582,SG03,305645.0,61129.0,24451.6,342322.4
EMP000583,SG03,341760.0,68352.0,27340.8,382771.2
EMP000584,SG03,337643.0,67528.6,27011.44,378160.16
EMP000585,SG05,723691.0,144738.2,57895.28,810533.9199999999
EMP000586,SG04,555493.0,111098.6,44439.44,622152.1599999999
EMP000587,SG06,1389953.0,277990.60000000003,111196.24,1556747.36
EMP000588,SG03,-330414.0,66082.8,26433.12,370063.68
EMP000589,SG03,277515.0,55503.0,22201.2,310816.8
EMP000590,SG06,1242853.0,248570.6,99428.24,1391995.36
EMP000591,SG06,1338835.0,267767.0,107106.8,1499495.2
EMP000592,SG03,312002.0,62400.4,24960.16,349442.24000000005
EMP000593,SG06,1178686.0,235737.2,94294.88,1320128.3199999998
EMP000594,SG04,400619.0,80123.8,32049.52,448693.28
EMP000595,SG01,161546.0,32309.2,12923.68,180931.52
EMP000596,SG04,578614.0,115722.8,46289.12,648047.68
EMP000597,SG07,2078122.0,415624.4,166249.76,2327496.64
EMP000598,SG04,638843.0,127768.6,51107.44,715504.1599999999
EMP000599,SG06,1030676.0,206135.2,82454.08,1154357.12
EMP000600,SG03,299945.0,59989.0,23995.6,335938.4
EMP000601,SG06,1129194.0,225838.8,90335.52,1264697.28
EMP000602,SG04,597771.0,119554.2,47821.68,669503.5199999999
EMP000603,SG03,344550.0,68910.0,27564.0,385896.0
EMP000604,SG08,2391154.0,478230.8000000001,191292.32,2678092.48
EMP000605,SG05,670294.0,134058.80000000002,53623.52,750729.28
EMP000606,SG03,253168.0,50633.600000000006,20253.44,283548.16
EMP000607,SG03,321562.0,64312.4,25724.96,360149.44
EMP000608,SG04,597760.0,119552.0,47820.8,669491.2
EMP000609,SG03,389095.0,77819.0,31127.6,435786.4
EMP000610,SG03,275781.0,55156.2,22062.48,308874.72000000003
EMP000611,SG03,380936.0,76187.2,30474.88,426648.32
EMP000612,SG04,415567.0,83113.40000000001,33245.36,465435.04
EMP000613,SG03,397134.0,79426.8,31770.72,444790.08
EMP000614,SG08,2348252.0,469650.4,187860.16,2630042.24
EMP000615,SG03,313336.0,62667.2,25066.88,350936.32
EMP000616,SG04,648349.0,129669.8,51867.92,726150.88
EMP000617,SG06,1090803.0,218160.6,87264.24,1221699.36
EMP000618,SG06,934753.0,186950.6,74780.24,1046923.36
EMP000619,SG06,1384434.0,276886.8,110754.72,1550566.08
EMP000620,SG03,294306.0,58861.2,23544.48,329622.72000000003
EMP000621,SG02,225188.0,45037.600000000006,18015.04,252210.56
EMP000622,SG03,368182.0,73636.40000000001,29454.56,412363.84
EMP000623,SG03,256410.0,51282.0,20512.8,287179.2
EMP000624,SG03,262762.0,52552.4,21020.96,294293.44
EMP000625,SG03,286826.0,57365.2,22946.08,321245.12
EMP000626,SG05,738703.0,147740.6,59096.24,827347.36
EMP000627,SG03,393101.0,78620.2,31448.08,440273.12
EMP000628,SG04,510887.0,102177.4,40870.96,572193.4400000001
EMP000629,SG04,536595.0,107319.0,42927.6,600986.4
EMP000630,SG03,267015.0,53403.0,21361.2,299056.8
EMP000631,SG04,-544315.0,108863.0,43545.2,609632.8
EMP000632,SG03,307440.0,61488.0,24595.2,344332.8
EMP000633,SG03,263562.0,52712.4,21084.96,295189.44
EMP000634,SG05,851054.0,170210.80000000002,68084.32,953180.48
EMP000635,SG06,977314.0,195462.8,78185.12,1094591.6800000002
EMP000636,SG07,1596298.0,319259.60000000003,127703.84,1787853.76
EMP000637,SG04,529863.0,105972.6,42389.04,593446.5599999999
EMP000638,SG04,474167.0,94833.4,37933.36,531067.04
EMP000639,SG03,358238.0,71647.6,28659.04,401226.56
EMP000640,SG03,356113.0,71222.6,28489.04,398846.56
EMP000641,SG06,1287372.0,257474.4,102989.76,1441856.64
EMP000642,SG03,380175.0,76035.0,30414.0,425796.0
EMP000643,SG06,1228653.0,245730.6,98292.24,1376091.36
EMP000644,SG03,381988.0,76397.6,30559.04,427826.56
EMP000645,SG06,960472.0,192094.4,76837.76,1075728.64
EMP000646,SG03,271779.0,54355.8,21742.32,304392.48
EMP000647,SG03,386635.0,77327.0,30930.8,433031.2
EMP000648,SG03,279531.0,55906.2,22362.48,313074.72000000003
EMP000649,SG06,1142910.0,228582.0,91432.8,1280059.2
EMP000650,SG01,178846.0,35769.200000000004,14307.68,200307.52
EMP000651,SG02,185524.0,37104.8,14841.92,207786.88
EMP000652,SG03,334147.0,66829.40000000001,26731.76,374244.64
EMP000653,SG04,447721.0,89544.20000000001,35817.68,501447.52
EMP000654,SG06,941687.0,188337.4,75334.96,1054689.44
EMP000655,SG04,540159.0,108031.8,43212.72,604978.0800000001
EMP000656,SG04,432199.0,86439.8,-10000.0,484062.88
EMP000657,SG03,265427.0,53085.4,21234.16,297278.24000000005
EMP000658,SG04,578364.0,115672.8,46269.12,647767.68
EMP000659,SG06,1135532.0,227106.4,90842.56,1271795.84
EMP000660,SG02,220174.0,44034.8,17613.920000000002,246594.88
EMP000661,SG03,385149.0,77029.8,30811.92,431366.88
EMP000662,SG04,627127.0,125425.4,50170.16,702382.24
EMP000663,SG03,347703.0,69540.6,27816.24,389427.36
EMP000664,SG03,373624.0,74724.8,29889.92,418458.88
EMP000665,SG03,308282.0,61656.4,24662.56,345275.84
EMP000666,SG03,-331377.0,66275.40000000001,26510.16,371142.2400000001
EMP000667,SG08,2733722.0,546744.4,218697.76,3061768.64
EMP000668,SG06,1170189.0,234037.8,93615.12,1310611.6800000002
EMP000669,SG06,967988.0,193597.6,77439.04000000001,1084146.56
EMP000670,,573024.0,114604.8,45841.92,641786.88
EMP000671,SG03,289949.0,57989.8,23195.92,324742.88
EMP000672,SG03,261472.0,52294.4,20917.76,292848.64
EMP000673,SG08,3195614.0,639122.8,255649.12,3579087.68
EMP000674,SG03,347164.0,69432.8,27773.12,388823.68
EMP000675,SG03,371039.0,74207.8,29683.12,415563.68
EMP000676,SG03,340339.0,68067.8,27227.12,381179.68
EMP000677,SG06,1012554.0,202510.8,81004.32,1134060.48
EMP000678,SG03,333348.0,66669.6,26667.84,373349.76
EMP000679,SG05,651657.0,130331.4,52132.56,729855.8400000001
EMP000680,,336181.0,67236.2,26894.48,376522.72
EMP000681,SG04,633057.0,126611.4,50644.56,709023.8400000001
EMP000682,SG08,2219463.0,443892.6,177557.04,2485798.56
EMP000683,SG04,,118293.4,47317.36,662443.04
EMP000684,SG06,949281.0,189856.2,75942.48,1063194.72
EMP000685,SG03,339515.0,67903.0,27161.2,380256.8
EMP000686,SG05,678389.0,135677.80000000002,54271.12,759795.68
EMP000687,SG04,600524.0,120104.8,48041.92,672586.88
EMP000688,SG04,484121.0,96824.2,38729.68,542215.5199999999
EMP000689,SG04,532255.0,106451.0,42580.4,596125.6
EMP000690,SG06,1342263.0,268452.60000000003,107381.04,1503334.56
EMP000691,SG03,367307.0,73461.40000000001,29384.56,411383.84
EMP000692,SG03,360334.0,72066.8,28826.72,403574.08
EMP000693,SG06,1159043.0,231808.6,92723.44,1298128.16
EMP000694,SG02,244640.0,48928.0,19571.2,273996.8
EMP000695,SG02,249488.0,49897.600000000006,19959.04,279426.56
EMP000696,SG02,245264.0,49052.8,19621.12,274695.68
EMP000697,SG06,-907556.0,181511.2,72604.48,1016462.72
EMP000698,SG04,462819.0,92563.8,37025.52,518357.28
EMP000699,SG03,388582.0,77716.40000000001,31086.56,435211.84
EMP000700,SG04,585624.0,117124.8,46849.92,655898.88
EMP000701,SG02,198981.0,39796.2,15918.48,222858.72
EMP000702,SG02,195349.0,39069.8,15627.92,218790.88
EMP000703,SG03,296800.0,59360.0,23744.0,332416.0
EMP000704,SG02,230578.0,46115.600000000006,18446.24,258247.36
EMP000705,SG03,341021.0,68204.2,27281.68,381943.52
EMP000706,SG03,280476.0,56095.2,22438.08,314133.12
EMP000707,SG06,1195371.0,239074.2,-10000.0,1338815.52
EMP000708,SG08,3021389.0,604277.8,241711.12,3383955.68
EMP000709,SG04,441997.0,88399.40000000001,35359.76,495036.64
EMP000710,SG01,122892.0,24578.4,9831.36,137639.03999999998
EMP000711,SG04,601520.0,120304.0,48121.6,673702.4
EMP000712,SG01,141954.0,28390.800000000003,11356.32,158988.47999999998
EMP000713,SG06,1447122.0,289424.4,115769.76,1620776.64
EMP000714,SG04,460183.0,92036.6,36814.64,515404.96
EMP000715,SG05,758596.0,151719.2,60687.68,849627.5199999999
EMP000716,SG03,357430.0,71486.0,28594.4,400321.6
EMP000717,SG02,226484.0,45296.8,18118.72,253662.08
EMP000718,SG03,397207.0,79441.40000000001,31776.56,444871.84
EMP000719,SG03,311071.0,62214.2,24885.68,348399.52
EMP000720,SG03,323505.0,64701.0,25880.4,362325.6
EMP000721,SG06,1102321.0,220464.2,88185.68000000001,1234599.52
EMP000722,SG08,2614930.0,522986.0,209194.4,2928721.6
EMP000723,SG03,349829.0,69965.8,27986.32,391808.48
EMP000724,SG06,954276.0,190855.2,76342.08,1068789.12
EMP000725,SG06,,253696.6,101478.64,1420700.9600000002
EMP000726,SG03,325613.0,65122.600000000006,26049.04,364686.56
EMP000727,SG03,354988.0,70997.6,-10000.0,397586.56
EMP000728,SG02,248420.0,49684.0,19873.6,278230.4
EMP000729,SG05,795901.0,159180.2,63672.08,891409.12
EMP000730,SG02,186744.0,37348.8,14939.52,209153.28
EMP000731,SG01,121590.0,24318.0,9727.2,136180.8
EMP000732,SG03,292209.0,58441.8,-10000.0,327274.08
EMP000733,,819647.0,163929.40000000002,65571.76,918004.64
EMP000734,SG03,,77315.40000000001,30926.16,432966.2400000001
EMP000735,SG03,275123.0,55024.600000000006,22009.84,308137.75999999995
EMP000736,SG06,1459183.0,291836.60000000003,116734.64,1634284.9600000002
EMP000737,SG06,-1171226.0,234245.2,93698.08,1311773.12
EMP000738,SG04,572245.0,114449.0,45779.6,640914.4
EMP000739,SG03,277037.0,55407.4,22162.96,310281.44
EMP000740,SG01,134057.0,26811.4,10724.56,150143.84
EMP000741,SG02,244459.0,48891.8,19556.72,273794.08
EMP000742,SG03,336225.0,67245.0,26898.0,376572.0
EMP000743,SG06,968795.0,193759.0,77503.6,1085050.4
EMP000744,SG04,594688.0,118937.6,47575.04,666050.5599999999
EMP000745,SG06,,234984.4,93993.76,1315912.64
EMP000746,,1250825.0,250165.0,100066.0,1400924.0
EMP000747,SG01,176856.0,35371.200000000004,14148.48,198078.72
EMP000748,SG04,620780.0,124156.0,49662.4,695273.6
EMP000749,,330286.0,66057.2,26422.88,369920.32
EMP000750,SG04,632577.0,126515.4,50606.16,708486.24
EMP000751,SG02,224710.0,44942.0,17976.8,251675.2
EMP000752,SG03,366910.0,73382.0,29352.8,410939.2
EMP000753,SG06,1348010.0,269602.0,107840.8,1509771.2
EMP000754,SG02,231376.0,46275.2,-10000.0,259141.12
EMP000755,SG03,308545.0,61709.0,24683.6,345570.4
EMP000756,SG04,547492.0,109498.4,43799.36,613191.04
EMP000757,SG03,266624.0,53324.8,21329.92,298618.88
EMP000758,SG03,250217.0,50043.4,20017.36,280243.04000000004
EMP000759,SG04,462448.0,92489.6,36995.84,517941.76
EMP000760,SG03,312136.0,62427.2,24970.88,349592.32
EMP000761,SG02,233400.0,46680.0,18672.0,261408.0
EMP000762,SG06,1118166.0,223633.2,89453.28,1252345.92
EMP000763,SG06,1320682.0,264136.4,105654.56,1479163.84
EMP000764,SG03,,66928.40000000001,26771.36,374799.04
EMP000765,SG03,277235.0,55447.0,22178.8,310503.2
EMP000766,SG01,165170.0,33034.0,13213.6,184990.4
EMP000767,SG03,302444.0,60488.8,24195.52,338737.28
EMP000768,SG03,253962.0,50792.4,20316.96,284437.44
EMP000769,SG06,1043649.0,208729.8,83491.92,1168886.88
EMP000770,SG06,1321524.0,264304.8,105721.92,1480106.88
EMP000771,SG04,572999.0,114599.8,45839.92,641758.88
EMP000772,SG03,319697.0,63939.4,25575.76,358060.64
EMP000773,,634474.0,126894.8,50757.92,710610.88
EMP000774,SG04,597643.0,119528.6,47811.44,669360.1599999999
EMP000775,SG03,258992.0,51798.4,20719.36,290071.04000000004
EMP000776,SG01,138929.0,27785.800000000003,11114.32,155600.47999999998
EMP000777,SG06,1423289.0,284657.8,113863.12,1594083.6800000002
EMP000778,SG04,454157.0,90831.4,36332.56,508655.84
EMP000779,SG02,205076.0,41015.2,16406.08,229685.12
EMP000780,SG06,1384681.0,276936.2,110774.48,1550842.72
EMP000781,SG03,290330.0,58066.0,23226.4,325169.6
EMP000782,SG04,,127848.4,51139.36,715951.04
EMP000783,SG03,304390.0,60878.0,24351.2,340916.8
EMP000784,SG03,369697.0,73939.40000000001,29575.76,414060.64
EMP000785,SG03,393356.0,78671.20000000001,31468.48,440558.72
EMP000786,SG03,360909.0,72181.8,28872.72,404218.08
EMP000787,SG07,1968269.0,393653.8000000001,157461.52,2204461.28
EMP000788,SG06,932421.0,186484.2,74593.68000000001,1044311.52
EMP000789,SG02,210450.0,42090.0,16836.0,235704.0
EMP000790,SG03,399927.0,79985.40000000001,31994.16,447918.2400000001
EMP000791,SG03,276598.0,55319.600000000006,22127.84,309789.75999999995
EMP000792,SG06,1266477.0,253295.4,101318.16,1418454.24
EMP000793,SG01,137430.0,27486.0,10994.4,153921.6
EMP000794,SG03,270366.0,54073.2,21629.28,302809.92000000004
EMP000795,SG07,1857987.0,371597.4,148638.96,2080945.44
EMP000796,SG03,389876.0,77975.2,31190.08,436661.12
EMP000797,SG06,1024942.0,204988.4,81995.36,1147935.0399999998
EMP000798,SG02,194744.0,38948.8,15579.52,218113.28
EMP000799,SG03,385208.0,77041.6,30816.64,431432.96
EMP000800,SG05,834778.0,166955.6,66782.24,934951.36
EMP000801,SG06,1139256.0,227851.2,91140.48,1275966.72
EMP000802,SG04,407561.0,81512.20000000001,32604.88,456468.32
EMP000803,SG05,892399.0,178479.80000000002,71391.92,999486.88
EMP000804,SG03,338668.0,67733.6,27093.44,379308.16
EMP000805,SG02,240940.0,48188.0,19275.2,269852.8
EMP000806,SG03,300690.0,60138.0,24055.2,336772.8
EMP000807,SG03,334577.0,66915.40000000001,26766.16,374726.2400000001
EMP000808,SG03,281881.0,56376.2,22550.48,315706.72000000003
EMP000809,SG05,718767.0,143753.4,57501.36,805019.04
EMP000810,SG06,905762.0,181152.4,72460.96,1014453.44
EMP000811,SG02,198043.0,39608.600000000006,-10000.0,221808.16
EMP000812,SG06,1146781.0,229356.2,91742.48,1284394.72
EMP000813,SG06,1353526.0,270705.2,108282.08,1515949.12
EMP000814,SG08,3048186.0,609637.2000000001,243854.88,3413968.3200000003
EMP000815,SG03,331890.0,66378.0,26551.2,371716.8
EMP000816,SG02,198930.0,39786.0,15914.4,222801.6
EMP000817,SG04,472533.0,94506.6,37802.64,529236.96
EMP000818,SG04,471389.0,94277.8,37711.12,527955.68
EMP000819,SG03,306449.0,61289.8,24515.92,343222.88
EMP000820,SG06,1415239.0,283047.8,113219.12,1585067.6800000002
EMP000821,SG03,,78054.40000000001,31221.76,437104.64
EMP000822,,198497.0,39699.4,15879.76,222316.64
EMP000823,SG03,258693.0,51738.600000000006,20695.44,289736.16
EMP000824,SG06,1353608.0,270721.60000000003,-10000.0,1516040.9600000002
EMP000825,SG03,324848.0,64969.600000000006,25987.84,363829.76
EMP000826,SG06,1044282.0,208856.4,83542.56,1169595.84
EMP000827,SG07,1973812.0,394762.4,157904.96,2210669.44
EMP000828,SG01,141694.0,28338.800000000003,11335.52,158697.28
EMP000829,SG04,462875.0,92575.0,37030.0,518420.0
EMP000830,SG03,268226.0,53645.2,21458.08,300413.12
EMP000831,SG03,293714.0,58742.8,23497.12,328959.68
EMP000832,,896979.0,179395.80000000002,71758.32,1004616.48
EMP000833,SG06,,286599.0,114639.6,1604954.4
EMP000834,SG02,204046.0,40809.2,16323.68,228531.52
EMP000835,SG03,295804.0,59160.8,23664.32,331300.48
EMP000836,SG06,1399380.0,279876.0,111950.4,1567305.6
EMP000837,SG03,-349381.0,69876.2,27950.48,391306.72
EMP000838,SG05,827584.0,165516.80000000002,66206.72,926894.08
EMP000839,SG03,397952.0,79590.40000000001,31836.16,445706.2400000001
EMP000840,SG03,394122.0,78824.40000000001,31529.76,441416.64
EMP000841,SG03,335178.0,67035.6,26814.24,375399.36
EMP000842,SG07,1525396.0,305079.2,122031.68,1708443.52
EMP000843,SG01,131045.0,26209.0,10483.6,146770.4
EMP000844,SG02,235385.0,47077.0,18830.8,263631.2
EMP000845,SG06,1004906.0,200981.2,80392.48,1125494.72
EMP000846,SG06,1204884.0,240976.8,96390.72,1349470.08
EMP000847,SG02,196470.0,39294.0,15717.6,220046.4
EMP000848,SG04,450518.0,90103.6,36041.44,504580.16
EMP000849,SG02,200587.0,40117.4,16046.96,224657.44
EMP000850,SG06,1407686.0,281537.2,112614.88,1576608.3199999998
EMP000851,SG01,154236.0,30847.2,12338.88,172744.32
EMP000852,SG02,245873.0,49174.600000000006,19669.84,275377.75999999995
EMP000853,SG03,372027.0,74405.40000000001,29762.16,416670.2400000001
EMP000854,SG02,245378.0,49075.600000000006,19630.24,274823.36
EMP000855,SG02,186547.0,37309.4,14923.76,208932.64
EMP000856,SG06,1130377.0,226075.4,90430.16,1266022.24
EMP000857,SG03,301543.0,60308.600000000006,24123.44,337728.16
EMP000858,SG06,1093684.0,218736.8,87494.72,1224926.08
EMP000859,SG03,,59220.4,23688.16,331634.24000000005
EMP000860,SG03,282119.0,56423.8,22569.52,315973.28
EMP000861,SG06,1480864.0,296172.8,118469.12,1658567.6800000002
EMP000862,SG06,,264550.0,105820.0,1481480.0
EMP000863,SG04,550896.0,110179.2,44071.68,617003.5199999999
EMP000864,SG02,181737.0,36347.4,14538.96,203545.44
EMP000865,SG02,212010.0,42402.0,16960.8,237451.2
EMP000866,SG06,1273244.0,254648.8,101859.52,1426033.28
EMP000867,SG04,510427.0,102085.4,40834.16,571678.24
EMP000868,SG05,793755.0,158751.0,63500.4,889005.6
EMP000869,SG03,290849.0,58169.8,23267.92,325750.88
EMP000870,SG06,1310261.0,262052.2,104820.88,1467492.3199999998
EMP000871,SG03,333830.0,66766.0,26706.4,373889.6
EMP000872,SG04,498356.0,99671.2,39868.48,558158.72
EMP000873,SG03,252453.0,50490.600000000006,20196.24,282747.36
EMP000874,SG02,213425.0,42685.0,17074.0,239036.0
EMP000875,SG06,1076069.0,215213.8,86085.52,1205197.28
EMP000876,SG01,160276.0,32055.2,12822.08,179509.12000000002
EMP000877,SG03,,67935.6,27174.24,380439.36
EMP000878,SG04,571634.0,114326.8,45730.72,640230.0800000001
EMP000879,SG03,,74424.0,29769.6,416774.4
EMP000880,SG03,353390.0,70678.0,28271.2,395796.8
EMP000881,SG06,1375050.0,275010.0,110004.0,1540056.0
EMP000882,SG01,121750.0,24350.0,9740.0,136360.0
EMP000883,SG03,386263.0,77252.6,30901.04,432614.56
EMP000884,SG03,368673.0,73734.6,29493.84,412913.76
EMP000885,SG03,270750.0,54150.0,21660.0,303240.0
EMP000886,SG03,254369.0,50873.8,20349.52,284893.28
EMP000887,SG06,1263739.0,252747.8,101099.12,1415387.6800000002
EMP000888,SG03,341699.0,68339.8,27335.92,382702.88
EMP000889,SG02,183424.0,36684.8,14673.92,205434.88
EMP000890,SG06,1440638.0,288127.60000000003,115251.04,1613514.56
EMP000891,SG03,251454.0,50290.8,20116.32,281628.48
EMP000892,SG03,298925.0,59785.0,23914.0,334796.0
EMP000893,SG03,323684.0,64736.8,25894.72,362526.08
EMP000894,SG02,240316.0,48063.2,19225.28,269153.92000000004
EMP000895,SG06,1090385.0,218077.0,87230.8,1221231.2
EMP000896,SG03,262676.0,52535.2,21014.08,294197.12
EMP000897,,620042.0,124008.4,49603.36,694447.04
EMP000898,SG06,1153765.0,230753.0,92301.2,1292216.8
EMP000899,SG06,1182047.0,236409.4,94563.76,1323892.64
EMP000900,SG04,-445613.0,89122.6,35649.04,499086.56
EMP000901,SG06,1268975.0,253795.0,101518.0,1421252.0
EMP000902,SG03,377301.0,75460.2,30184.08,422577.12
EMP000903,SG03,326077.0,65215.4,26086.16,365206.2400000001
EMP000904,SG04,444413.0,88882.6,35553.04,497742.56
EMP000905,SG06,1395305.0,279061.0,111624.4,1562741.6
EMP000906,SG06,974549.0,194909.8,77963.92,1091494.88
EMP000907,SG05,750030.0,150006.0,60002.4,840033.6
EMP000908,SG03,269580.0,53916.0,21566.4,301929.6
EMP000909,SG01,-174513.0,34902.6,13961.04,195454.56
EMP000910,SG03,366148.0,73229.6,29291.84,410085.76
EMP000911,SG08,,591365.6,236546.24,3311647.3600000003
EMP000912,SG04,592951.0,118590.2,47436.08,664105.12
EMP000913,SG03,-331289.0,66257.8,26503.12,371043.68
EMP000914,SG02,195568.0,39113.6,15645.44,219036.16
EMP000915,SG06,1405446.0,281089.2,112435.68,1574099.52
EMP000916,SG06,1217420.0,243484.0,97393.6,1363510.4
EMP000917,SG06,1131847.0,226369.4,90547.76,1267668.64
EMP000918,SG02,228720.0,45744.0,18297.6,256166.4
EMP000919,SG03,347140.0,69428.0,27771.2,388796.8
EMP000920,SG03,330972.0,66194.40000000001,26477.76,370688.64
EMP000921,SG01,177611.0,35522.200000000004,14208.88,198924.32
EMP000922,SG03,389498.0,77899.6,31159.84,436237.76
EMP000923,SG03,301900.0,60380.0,24152.0,338128.0
EMP000924,SG06,1443748.0,288749.60000000003,115499.84,1616997.76
EMP000925,SG08,2960280.0,592056.0,236822.4,3315513.6
EMP000926,SG03,269317.0,53863.4,21545.36,301635.04000000004
EMP000927,SG03,,61969.600000000006,24787.84,347029.75999999995
EMP000928,SG06,1372724.0,274544.8,109817.92,1537450.88
EMP000929,SG03,347478.0,69495.6,27798.24,389175.36
EMP000930,SG06,1047756.0,209551.2,83820.48,1173486.72
EMP000931,SG02,212704.0,42540.8,17016.32,238228.48
EMP000932,SG03,288744.0,57748.8,23099.52,323393.28
EMP000933,SG06,1075479.0,215095.8,86038.32,1204536.48
EMP000934,SG04,458663.0,91732.6,36693.04,513702.56
EMP000935,SG04,,112660.0,45064.0,630896.0
EMP000936,SG02,188859.0,37771.8,15108.72,211522.08
EMP000937,SG01,150669.0,30133.800000000003,12053.52,168749.28
EMP000938,SG03,378553.0,75710.6,30284.24,423979.36
EMP000939,SG04,513003.0,102600.6,41040.24,574563.36
EMP000940,SG06,1272082.0,254416.4,101766.56,1424731.84
EMP000941,SG02,191321.0,38264.2,15305.68,214279.52
EMP000942,SG06,1379037.0,275807.4,110322.96,1544521.44
EMP000943,SG03,362557.0,72511.40000000001,29004.56,406063.84
EMP000944,SG03,272748.0,54549.600000000006,21819.84,305477.75999999995
EMP000945,SG04,461165.0,92233.0,36893.2,516504.8
EMP000946,SG06,1361002.0,272200.4,108880.16,1524322.24
EMP000947,SG03,335200.0,67040.0,26816.0,375424.0
EMP000948,SG06,-980294.0,196058.8,78423.52,1097929.28
EMP000949,SG04,544684.0,108936.8,43574.72,610046.0800000001
EMP000950,SG03,297411.0,59482.2,23792.88,333100.32
EMP000951,SG05,719472.0,143894.4,57557.76,805808.64
EMP000952,SG01,169702.0,33940.4,13576.16,190066.24
EMP000953,SG07,2183144.0,436628.8000000001,174651.52,2445121.28
EMP000954,SG03,353606.0,70721.2,28288.48,396038.72
EMP000955,SG03,299313.0,59862.600000000006,23945.04,335230.56
EMP000956,SG03,279033.0,55806.600000000006,22322.64,312516.96
EMP000957,SG06,1126234.0,225246.8,90098.72,1261382.08
EMP000958,SG03,339868.0,67973.6,27189.44,380652.16
EMP000959,SG06,1370434.0,274086.8,109634.72,1534886.08
EMP000960,SG04,-477090.0,95418.0,38167.2,534340.8
EMP000961,SG02,244276.0,48855.2,19542.08,273589.12
EMP000962,SG06,1270675.0,254135.0,101654.0,1423156.0
EMP000963,SG06,1187321.0,237464.2,94985.68,1329799.52
EMP000964,SG04,586645.0,117329.0,46931.6,657042.4
EMP000965,SG02,228491.0,45698.2,18279.28,255909.92
EMP000966,SG04,622606.0,124521.2,49808.48,697318.72
EMP000967,SG01,167640.0,33528.0,13411.2,187756.8
EMP000968,SG05,811526.0,162305.2,64922.08,908909.12
EMP000969,SG01,159523.0,31904.6,12761.84,178665.76
EMP000970,SG06,1217737.0,243547.4,97418.96,1363865.44
EMP000971,SG03,323013.0,64602.600000000006,25841.04,361774.56
EMP000972,SG02,224701.0,44940.2,17976.08,251665.12
EMP000973,SG01,147391.0,29478.2,11791.28,165077.92
EMP000974,SG05,759422.0,151884.4,60753.76,850552.64
EMP000975,SG06,1249493.0,249898.6,99959.44,1399432.16
EMP000976,SG05,666596.0,133319.2,53327.68,746587.5199999999
EMP000977,SG03,352899.0,70579.8,28231.92,395246.88
EMP000978,SG06,1284878.0,256975.6,102790.24,1439063.36
EMP000979,SG06,1202442.0,240488.4,96195.36,1346735.0399999998
EMP000980,SG03,342587.0,68517.40000000001,27406.96,383697.44
EMP000981,SG04,626537.0,125307.4,50122.96,701721.4400000001
EMP000982,SG06,990264.0,198052.8,79221.12,1109095.6800000002
EMP000983,SG04,649949.0,129989.8,51995.92,727942.88
EMP000984,SG01,172174.0,34434.8,13773.92,192834.88
EMP000985,SG03,285972.0,57194.4,22877.76,320288.64
EMP000986,SG03,,76453.2,30581.28,428137.92
EMP000987,SG02,180969.0,36193.8,14477.52,202685.28
EMP000988,SG04,516827.0,103365.4,41346.16,578846.24
EMP000989,SG06,923953.0,184790.6,73916.24,1034827.36
EMP000990,SG03,265914.0,53182.8,21273.12,297823.68
EMP000991,SG04,527412.0,105482.4,42192.96,590701.4400000001
EMP000992,SG02,209233.0,41846.600000000006,16738.64,234340.96
EMP000993,SG03,338689.0,67737.8,27095.12,379331.68
EMP000994,SG06,1457245.0,291449.0,116579.6,1632114.4
EMP000995,SG04,587831.0,117566.2,47026.48,658370.72
EMP000996,SG04,455922.0,91184.4,36473.76,510632.64
EMP000997,SG03,388617.0,77723.40000000001,31089.36,435251.04
EMP000998,SG03,343856.0,68771.2,27508.48,385118.72
EMP000999,SG06,913564.0,182712.8,73085.12,1023191.68
EMP001000,SG03,398077.0,79615.40000000001,31846.16,445846.2400000001
EMP001001,SG02,202571.0,40514.2,16205.68,226879.52
EMP001002,SG04,631358.0,126271.6,50508.64,707120.96
EMP001003,SG08,2959836.0,591967.2000000001,236786.88,3315016.3200000003
EMP001004,SG06,1417209.0,283441.8,113376.72,1587274.08
EMP001005,SG03,321030.0,64206.0,25682.4,359553.6
EMP001006,SG04,628422.0,125684.4,50273.76,703832.64
EMP001007,SG03,262991.0,52598.2,21039.28,294549.92000000004
EMP001008,SG06,,224715.4,89886.16,1258406.24
EMP001009,SG03,251227.0,50245.4,20098.16,281374.24000000005
EMP001010,SG06,1145348.0,229069.6,91627.84,1282789.76
EMP001011,SG03,315550.0,63110.0,25244.0,353416.0
EMP001012,SG05,878670.0,175734.0,70293.6,984110.4
EMP001013,SG03,-377344.0,75468.8,30187.52,422625.28
EMP001014,SG08,2445727.0,489145.4,195658.16,2739214.24
EMP001015,SG06,1317552.0,263510.4,105404.16,1475658.24
EMP001016,SG03,303661.0,60732.2,24292.88,340100.32
EMP001017,SG03,311222.0,62244.4,24897.76,348568.64
EMP001018,SG07,1887475.0,377495.0,150998.0,2113972.0
EMP001019,SG03,393291.0,78658.20000000001,31463.28,440485.92
EMP001020,SG04,580163.0,116032.6,46413.04,649782.5599999999
EMP001021,SG01,130101.0,26020.2,10408.08,145713.12000000002
EMP001022,SG06,930114.0,186022.8,74409.12,1041727.68
EMP001023,SG04,473110.0,94622.0,37848.8,529883.2
EMP001024,SG01,152430.0,30486.0,12194.4,170721.6
EMP001025,,686870.0,137374.0,54949.6,769294.4
EMP001026,SG04,631914.0,126382.8,50553.12,707743.68
EMP001027,SG02,216985.0,43397.0,17358.8,243023.2
EMP001028,SG03,343767.0,68753.40000000001,27501.36,385019.04
EMP001029,SG04,517371.0,103474.2,41389.68,579455.5199999999
EMP001030,SG01,157447.0,31489.4,12595.76,176340.63999999998
EMP001031,SG06,1398130.0,279626.0,111850.4,1565905.6
EMP001032,SG04,571593.0,114318.6,45727.44,640184.1599999999
EMP001033,SG08,2401110.0,480222.0,192088.8,2689243.2
EMP001034,SG01,140715.0,28143.0,11257.2,157600.8
EMP001035,SG03,376987.0,75397.40000000001,30158.96,422225.44
EMP001036,SG04,576968.0,115393.6,-10000.0,646204.1599999999
EMP001037,SG06,1467938.0,293587.60000000003,117435.04,1644090.56
EMP001038,SG03,290394.0,58078.8,23231.52,325241.28
EMP001039,SG03,385955.0,77191.0,30876.4,432269.6
EMP001040,SG02,239773.0,47954.600000000006,19181.84,268545.75999999995
EMP001041,SG02,223065.0,44613.0,17845.2,249832.8
EMP001042,SG03,337905.0,67581.0,27032.4,378453.6
EMP001043,SG04,470990.0,94198.0,37679.2,527508.8
EMP001044,SG04,474445.0,94889.0,37955.6,531378.4
EMP001045,SG06,1046504.0,209300.8,83720.32,1172084.48
EMP001046,SG02,247235.0,49447.0,19778.8,276903.2
EMP001047,SG06,1394419.0,278883.8,111553.52,1561749.28
EMP001048,SG02,201161.0,40232.2,16092.88,225300.32
EMP001049,SG07,1736713.0,347342.60000000003,138937.04,1945118.56
EMP001050,SG03,358031.0,71606.2,28642.48,400994.72
EMP001051,SG01,159046.0,31809.2,12723.68,178131.52000000002
EMP001052,SG06,1382958.0,276591.60000000003,110636.64,1548912.9600000002
EMP001053,SG01,144263.0,28852.6,11541.04,161574.56
EMP001054,SG03,294937.0,58987.4,23594.96,330329.44
EMP001055,SG02,246193.0,49238.600000000006,19695.44,275736.16
EMP001056,SG05,686279.0,137255.80000000002,54902.32,768632.4800000001
EMP001057,SG06,1318014.0,263602.8,105441.12,1476175.6800000002
EMP001058,SG04,611375.0,122275.0,48910.0,684740.0
EMP001059,SG06,1202840.0,240568.0,96227.2,1347180.8
EMP001060,SG05,833578.0,166715.6,66686.24,933607.36
EMP001061,SG03,320729.0,64145.8,25658.32,359216.48
EMP001062,SG01,,26809.800000000003,10723.92,150134.87999999998
EMP001063,SG08,2852628.0,570525.6,228210.24,3194943.3600000003
EMP001064,SG06,1486550.0,297310.0,118924.0,1664936.0
EMP001065,SG03,,54413.0,21765.2,304712.8
EMP001066,SG03,279045.0,55809.0,22323.6,312530.4
EMP001067,SG03,365870.0,73174.0,29269.6,409774.4
EMP001068,SG03,377143.0,75428.6,30171.44,422400.16
EMP001069,SG06,1104217.0,220843.4,88337.36,1236723.0399999998
EMP001070,SG04,537439.0,107487.8,42995.12,601931.68
EMP001071,SG02,219779.0,43955.8,17582.32,246152.48
EMP001072,SG03,382330.0,76466.0,30586.4,428209.6
EMP001073,SG04,418485.0,83697.0,33478.8,468703.2
EMP001074,SG03,354215.0,70843.0,28337.2,396720.8
EMP001075,SG02,,43201.8,17280.72,241930.08
EMP001076,SG05,833854.0,166770.80000000002,66708.32,933916.48
EMP001077,SG03,384545.0,76909.0,-10000.0,430690.4
EMP001078,SG03,269675.0,53935.0,21574.0,302036.0
EMP001079,SG04,476581.0,95316.2,38126.48,533770.72
EMP001080,SG04,566491.0,113298.2,45319.28,634469.9199999999
EMP001081,SG03,303027.0,60605.4,24242.16,339390.24000000005
EMP001082,SG03,379787.0,75957.40000000001,30382.96,425361.44
EMP001083,SG06,1273856.0,254771.2,101908.48,1426718.72
EMP001084,,261193.0,52238.600000000006,20895.44,292536.16
EMP001085,SG01,126534.0,25306.800000000003,10122.72,141718.08
EMP001086,SG03,330464.0,66092.8,26437.12,370119.68
EMP001087,SG02,187097.0,37419.4,14967.76,209548.64
EMP001088,SG03,250351.0,50070.2,20028.08,280393.12
EMP001089,SG03,372922.0,74584.40000000001,29833.76,417672.64
EMP001090,SG04,508529.0,101705.8,40682.32,569552.4800000001
EMP001091,SG04,516274.0,103254.8,41301.92,578226.88
EMP001092,SG05,,146637.80000000002,58655.12,821171.68
EMP001093,SG03,319159.0,63831.8,25532.72,357458.08
EMP001094,SG03,382326.0,76465.2,-10000.0,428205.12
EMP001095,SG03,279021.0,55804.2,22321.68,312503.52
EMP001096,SG03,336472.0,67294.40000000001,26917.76,376848.64
EMP001097,SG06,1172987.0,234597.4,93838.96,1313745.44
EMP001098,SG03,384688.0,76937.6,30775.04,430850.56
EMP001099,SG03,346611.0,69322.2,27728.88,388204.32
EMP001100,SG03,308601.0,61720.2,24688.08,345633.12
EMP001101,SG06,1038147.0,207629.4,83051.76,1162724.64
EMP001102,SG06,1370169.0,274033.8,109613.52,1534589.28
EMP001103,SG03,301550.0,60310.0,24124.0,337736.0
EMP001104,SG06,906094.0,181218.8,72487.52,1014825.28
EMP001105,SG02,197928.0,39585.600000000006,15834.24,221679.36
EMP001106,SG03,265666.0,53133.2,21253.28,297545.92000000004
EMP001107,SG03,346009.0,69201.8,27680.72,387530.08
EMP001108,SG06,1380842.0,276168.4,110467.36,1546543.0399999998
EMP001109,SG03,345633.0,69126.6,27650.64,387108.96
EMP001110,SG02,180475.0,36095.0,14438.0,202132.0
EMP001111,SG03,361471.0,72294.2,28917.68,404847.52
EMP001112,SG03,260824.0,52164.8,20865.92,292122.88
EMP001113,SG01,158464.0,31692.800000000003,12677.12,177479.68
EMP001114,SG06,-1037114.0,207422.8,82969.12,1161567.6800000002
EMP001115,SG02,209560.0,41912.0,16764.8,234707.2
EMP001116,SG02,241125.0,48225.0,19290.0,270060.0
EMP001117,SG01,152109.0,30421.800000000003,12168.72,170362.08
EMP001118,,1269977.0,253995.4,101598.16,1422374.24
EMP001119,SG03,263404.0,52680.8,21072.32,295012.48
EMP001120,SG02,222436.0,44487.2,17794.88,249128.32
EMP001121,SG03,381340.0,76268.0,30507.2,427100.8
EMP001122,SG01,179795.0,35959.0,14383.6,201370.4
EMP001123,SG04,442230.0,88446.0,35378.4,495297.6
EMP001124,SG06,949152.0,189830.4,75932.16,1063050.24
EMP001125,SG06,1368724.0,273744.8,109497.92,1532970.88
EMP001126,SG06,1357075.0,271415.0,108566.0,1519924.0
EMP001127,SG04,582794.0,116558.8,46623.52,652729.28
EMP001128,SG03,303425.0,60685.0,24274.0,339836.0
EMP001129,SG02,,44530.2,17812.08,249369.12
EMP001130,SG05,727618.0,145523.6,58209.44,814932.1599999999
EMP001131,SG03,290236.0,58047.2,23218.88,325064.32
EMP001132,SG02,214062.0,42812.4,17124.96,239749.44
EMP001133,SG03,273417.0,54683.4,21873.36,306227.04000000004
EMP001134,SG03,306954.0,61390.8,24556.32,343788.48
EMP001135,SG03,259543.0,51908.600000000006,20763.44,290688.16
EMP001136,SG06,1451910.0,290382.0,116152.8,1626139.2
EMP001137,SG06,1021314.0,204262.8,81705.12,1143871.6800000002
EMP001138,SG03,323612.0,64722.4,25888.96,362445.44
EMP001139,,227386.0,45477.2,18190.88,254672.32
EMP001140,SG04,406200.0,81240.0,32496.0,454944.0
EMP001141,,306562.0,61312.4,24524.96,343349.44
EMP001142,SG05,830121.0,166024.2,66409.68000000001,929735.52
EMP001143,SG05,724755.0,144951.0,57980.4,811725.6
EMP001144,SG01,171866.0,34373.200000000004,13749.28,192489.92
EMP001145,,250743.0,50148.600000000006,20059.44,280832.16
EMP001146,SG03,268101.0,53620.2,21448.08,300273.12
EMP001147,SG04,506869.0,101373.8,40549.52,567693.28
EMP001148,SG06,1309589.0,261917.8,104767.12,1466739.6800000002
EMP001149,SG04,477969.0,95593.8,38237.52,535325.28
EMP001150,SG06,943869.0,188773.8,75509.52,1057133.28
EMP001151,SG06,1098282.0,219656.4,87862.56,1230075.84
EMP001152,SG02,194718.0,38943.6,15577.44,218084.16
EMP001153,SG04,489474.0,97894.8,39157.92,548210.88
EMP001154,SG04,497100.0,99420.0,39768.0,556752.0
EMP001155,SG05,836087.0,167217.40000000002,66886.96,936417.44
EMP001156,SG01,162697.0,32539.4,13015.76,182220.64
EMP001157,SG03,355651.0,71130.2,28452.08,398329.12
EMP001158,SG04,445326.0,89065.20000000001,35626.08,498765.12
EMP001159,SG03,350487.0,70097.40000000001,28038.96,392545.44
EMP001160,SG06,1053483.0,210696.6,84278.64,1179900.9600000002
EMP001161,,283376.0,56675.2,22670.08,317381.12
EMP001162,SG06,1099181.0,219836.2,87934.48,1231082.72
EMP001163,SG04,538269.0,107653.8,43061.52,602861.28
EMP001164,SG06,1451802.0,290360.4,116144.16,1626018.24
EMP001165,SG04,634059.0,126811.8,50724.72,710146.0800000001
EMP001166,SG06,1464356.0,292871.2,117148.48,1640078.72
EMP001167,SG03,313786.0,62757.2,25102.88,351440.32
EMP001168,SG06,1419991.0,283998.2,113599.28,1590389.92
EMP001169,SG03,387217.0,77443.40000000001,30977.36,433683.04
EMP001170,SG03,259682.0,51936.4,20774.56,290843.84
EMP001171,SG04,539046.0,107809.2,43123.68,603731.5199999999
EMP001172,SG04,469254.0,93850.8,37540.32,525564.4800000001
EMP001173,SG06,1307157.0,261431.4,104572.56,1464015.84
EMP001174,SG06,1195830.0,239166.0,95666.4,1339329.6
EMP001175,SG04,557124.0,111424.8,44569.92,623978.88
EMP001176,SG04,627962.0,125592.4,50236.96,703317.4400000001
EMP001177,SG02,-224307.0,44861.4,17944.56,251223.84000000003
EMP001178,SG04,634584.0,126916.8,50766.72,710734.0800000001
EMP001179,SG03,375203.0,75040.6,30016.24,420227.36
EMP001180,SG04,629097.0,125819.4,50327.76,704588.64
EMP001181,SG06,1293666.0,258733.2,103493.28,1448905.92
EMP001182,SG05,841138.0,168227.6,67291.04000000001,942074.56
EMP001183,SG03,312460.0,62492.0,24996.8,349955.2
EMP001184,SG01,139914.0,27982.800000000003,11193.12,156703.68
EMP001185,SG06,1271042.0,254208.4,101683.36,1423567.0399999998
EMP001186,SG01,158621.0,31724.2,12689.68,177655.52000000002
EMP001187,SG01,173242.0,34648.4,13859.36,194031.04
EMP001188,SG05,841588.0,168317.6,67327.04000000001,942578.56
EMP001189,SG04,627455.0,125491.0,50196.4,702749.6
EMP001190,SG06,1284430.0,256886.0,102754.4,1438561.6
EMP001191,SG01,174951.0,34990.200000000004,13996.08,195945.12
EMP001192,SG03,281051.0,56210.2,22484.08,314777.12
EMP001193,SG06,1222057.0,244411.4,97764.56,1368703.84
EMP001194,SG03,349625.0,69925.0,27970.0,391580.0
EMP001195,SG01,139283.0,27856.6,11142.64,155996.96000000002
EMP001196,SG02,186170.0,37234.0,14893.6,208510.4
EMP001197,SG04,423325.0,84665.0,33866.0,474124.0
EMP001198,SG03,381036.0,76207.2,30482.88,426760.32
EMP001199,SG03,252380.0,50476.0,20190.4,282665.6
EMP001200,SG04,565553.0,113110.6,45244.24,633419.36
EMP001201,SG06,1232837.0,246567.4,98626.96,1380777.44
EMP001202,SG06,1467809.0,293561.8,117424.72,1643946.08
EMP001203,SG02,183659.0,36731.8,14692.72,205698.08
EMP001204,SG03,365423.0,73084.6,29233.84,409273.76
EMP001205,SG03,309181.0,61836.2,24734.48,346282.72000000003
EMP001206,SG04,405538.0,81107.6,32443.04,454202.56
EMP001207,SG06,910325.0,182065.0,72826.0,1019564.0
EMP001208,SG06,1437059.0,287411.8,114964.72,1609506.08
EMP001209,SG03,290125.0,58025.0,23210.0,324940.0
EMP001210,SG06,1202371.0,240474.2,96189.68,1346655.52
EMP001211,SG03,364402.0,72880.40000000001,29152.16,408130.2400000001
EMP001212,SG03,367448.0,73489.6,29395.84,411541.76
EMP001213,SG03,342754.0,68550.8,27420.32,383884.48
EMP001214,SG06,1081702.0,216340.4,86536.16,1211506.24
EMP001215,SG06,921475.0,184295.0,73718.0,1032052.0
EMP001216,,280896.0,56179.2,22471.68,314603.52
EMP001217,SG04,548855.0,109771.0,43908.4,614717.6
EMP001218,SG04,543531.0,108706.2,43482.48,608754.72
EMP001219,SG03,287054.0,57410.8,22964.32,321500.48
EMP001220,SG03,347177.0,69435.40000000001,27774.16,388838.2400000001
EMP001221,SG06,909670.0,181934.0,72773.6,1018830.4
EMP001222,SG08,2579098.0,515819.6,206327.84,2888589.76
EMP001223,SG04,645764.0,129152.8,51661.12,723255.68
EMP001224,SG04,624406.0,124881.2,49952.48,699334.72
EMP001225,SG06,,289713.4,115885.36,1622395.0399999998
EMP001226,SG04,613275.0,122655.0,49062.0,686868.0
EMP001227,SG03,281443.0,56288.600000000006,22515.44,315216.16
EMP001228,,1326334.0,265266.8,106106.72,1485494.08
EMP001229,SG03,338314.0,67662.8,27065.12,378911.68
EMP001230,SG03,394573.0,78914.6,31565.84,441921.76
EMP001231,SG03,333286.0,66657.2,26662.88,373280.32
EMP001232,SG04,475014.0,95002.8,38001.12,532015.68
EMP001233,,494399.0,98879.8,39551.92,553726.88
EMP001234,SG02,223891.0,44778.2,17911.28,250757.92
EMP001235,SG02,247067.0,49413.4,19765.36,276715.04000000004
EMP001236,SG03,,75715.0,30286.0,424004.0
EMP001237,SG03,350099.0,70019.8,28007.92,392110.88
EMP001238,SG01,170933.0,34186.6,13674.64,191444.96
EMP001239,SG03,264842.0,52968.4,21187.36,296623.04000000004
EMP001240,SG02,213849.0,42769.8,17107.920000000002,239510.88
EMP001241,SG04,512112.0,102422.4,40968.96,573565.4400000001
EMP001242,SG03,375249.0,75049.8,30019.92,420278.88
EMP001243,SG04,420814.0,84162.8,33665.12,471311.68
EMP001244,SG04,457604.0,91520.8,36608.32,512516.48
EMP001245,SG06,1317527.0,263505.4,105402.16,1475630.24
EMP001246,SG03,391471.0,78294.2,31317.68,438447.52
EMP001247,SG03,382027.0,76405.40000000001,30562.16,427870.2400000001
EMP001248,SG03,314199.0,62839.8,25135.92,351902.88
EMP001249,SG06,1125593.0,225118.6,90047.44,1260664.16
EMP001250,SG06,914370.0,182874.0,73149.6,1024094.4
EMP001251,SG05,678754.0,135750.80000000002,54300.32,760204.4800000001
EMP001252,SG06,1108264.0,221652.8,88661.12,1241255.6800000002
EMP001253,SG03,256016.0,51203.2,20481.28,286737.92000000004
EMP001254,SG02,223887.0,44777.4,17910.96,250753.44000000003
EMP001255,SG03,359626.0,71925.2,28770.08,402781.12
EMP001256,SG05,700489.0,140097.80000000002,56039.12,784547.68
EMP001257,SG05,774449.0,154889.80000000002,61955.92,867382.88
EMP001258,SG04,,122557.2,49022.880000000005,686320.32
EMP001259,SG04,435540.0,87108.0,34843.2,487804.8
EMP001260,SG04,631790.0,126358.0,50543.2,707604.8
EMP001261,SG03,361459.0,72291.8,28916.72,404834.08
EMP001262,SG08,2776915.0,555383.0,222153.2,3110144.8
EMP001263,SG03,309971.0,61994.2,24797.68,347167.52
EMP001264,SG06,1261477.0,252295.4,100918.16,1412854.24
EMP001265,SG06,1004920.0,200984.0,80393.6,1125510.4
EMP001266,SG03,388834.0,77766.8,31106.72,435494.08
EMP001267,SG06,,192549.2,77019.68000000001,1078275.52
EMP001268,SG05,664400.0,132880.0,53152.0,744128.0
EMP001269,SG03,380668.0,76133.6,30453.44,426348.16
EMP001270,SG06,1234752.0,246950.4,98780.16,1382922.24
EMP001271,SG04,566310.0,113262.0,45304.8,634267.2
EMP001272,SG02,,38126.8,15250.72,213510.08
EMP001273,SG04,460564.0,92112.8,36845.12,515831.68000000005
EMP001274,SG03,307362.0,61472.4,24588.96,344245.44
EMP001275,,550552.0,110110.4,44044.16,616618.24
EMP001276,SG01,155308.0,31061.6,12424.64,173944.96000000002
EMP001277,SG02,215012.0,43002.4,17200.96,240813.44
EMP001278,SG04,502536.0,100507.2,40202.88,562840.32
EMP001279,SG03,314721.0,62944.2,25177.68,352487.52
EMP001280,SG03,382171.0,76434.2,30573.68,428031.52
EMP001281,SG03,322517.0,64503.4,25801.36,361219.04
EMP001282,SG02,245253.0,49050.600000000006,19620.24,274683.36
EMP001283,SG03,327956.0,65591.2,26236.48,367310.72
EMP001284,SG05,861152.0,172230.40000000002,68892.16,964490.24
EMP001285,SG03,385632.0,77126.40000000001,30850.56,431907.84
EMP001286,SG04,406668.0,81333.6,32533.44,455468.16
EMP001287,SG06,1025545.0,205109.0,82043.6,1148610.4
EMP001288,SG04,590064.0,118012.8,47205.12,660871.68
EMP001289,SG03,364433.0,72886.6,29154.64,408164.96
EMP001290,SG02,207195.0,41439.0,16575.6,232058.4
EMP001291,SG03,260137.0,52027.4,20810.96,291353.44
EMP001292,SG06,1339937.0,267987.4,107194.96,1500729.44
EMP001293,SG02,199157.0,39831.4,15932.56,223055.84
EMP001294,SG02,208439.0,41687.8,16675.12,233451.68
EMP001295,SG02,201063.0,40212.600000000006,16085.04,225190.56
EMP001296,SG06,1324335.0,264867.0,105946.8,1483255.2
EMP001297,SG03,356304.0,71260.8,28504.32,399060.48
EMP001298,SG03,292651.0,58530.2,23412.08,327769.12
EMP001299,SG03,305264.0,61052.8,24421.12,341895.68
EMP001300,SG03,364797.0,72959.40000000001,29183.76,408572.64
EMP001301,SG06,1158921.0,231784.2,92713.68,1297991.52
EMP001302,SG03,361792.0,72358.40000000001,28943.36,405207.04
EMP001303,SG06,1367158.0,273431.60000000003,-10000.0,1531216.9600000002
EMP001304,SG06,1193662.0,238732.4,95492.96,1336901.44
EMP001305,SG03,-315715.0,63143.0,25257.2,353600.8
EMP001306,SG04,493808.0,98761.6,39504.64,553064.96
EMP001307,SG03,315145.0,63029.0,25211.6,352962.4
EMP001308,SG06,1125464.0,225092.8,90037.12,1260519.6800000002
EMP001309,SG08,2483036.0,496607.2,198642.88,2781000.3200000003
EMP001310,,313578.0,62715.600000000006,25086.24,351207.36
EMP001311,SG02,204916.0,40983.2,16393.28,229505.92
EMP001312,SG04,625299.0,125059.8,50023.92,700334.88
EMP001313,SG02,207249.0,41449.8,16579.920000000002,232118.88
EMP001314,SG01,155207.0,31041.4,-10000.0,173831.84
EMP001315,SG06,912120.0,182424.0,72969.6,1021574.4
EMP001316,SG01,179777.0,35955.4,14382.16,201350.24
EMP001317,SG06,1458372.0,291674.4,116669.76,1633376.64
EMP001318,SG06,1329012.0,265802.4,106320.96,1488493.44
EMP001319,SG03,281890.0,56378.0,22551.2,315716.8
EMP001320,SG07,2164081.0,432816.2,173126.48,2423770.72
EMP001321,SG06,994087.0,198817.4,79526.96,1113377.44
EMP001322,SG04,593891.0,118778.2,47511.28,665157.9199999999
EMP001323,SG04,494564.0,98912.8,39565.12,553911.68
EMP001324,SG04,,129720.2,51888.08,726433.12
EMP001325,SG03,319669.0,63933.8,25573.52,358029.28
EMP001326,,314078.0,62815.600000000006,25126.24,351767.36
EMP001327,SG03,311155.0,62231.0,24892.4,348493.6
EMP001328,SG04,400310.0,80062.0,32024.8,448347.2
EMP001329,SG03,377012.0,75402.40000000001,30160.96,422253.44
EMP001330,SG06,1341393.0,268278.60000000003,107311.44,1502360.16
EMP001331,SG03,,60540.0,24216.0,339024.0
EMP001332,SG06,941452.0,188290.4,75316.16,1054426.24
EMP001333,SG06,1375744.0,275148.8,110059.52,1540833.28
EMP001334,SG03,338353.0,67670.6,27068.24,378955.36
EMP001335,SG05,747342.0,149468.4,59787.36,837023.04
EMP001336,SG04,591684.0,118336.8,47334.72,662686.0800000001
EMP001337,SG02,243170.0,48634.0,19453.6,272350.4
EMP001338,SG01,176376.0,35275.200000000004,14110.08,197541.12
EMP001339,SG06,1211422.0,242284.4,96913.76,1356792.64
EMP001340,SG04,592888.0,118577.6,47431.04,664034.5599999999
EMP001341,SG03,337857.0,67571.40000000001,27028.56,378399.84
EMP001342,SG03,286277.0,57255.4,22902.16,320630.24000000005
EMP001343,SG03,289042.0,57808.4,23123.36,323727.04000000004
EMP001344,SG02,248225.0,49645.0,19858.0,278012.0
EMP001345,SG04,622860.0,124572.0,49828.8,697603.2
EMP001346,SG03,294796.0,58959.2,23583.68,330171.52
EMP001347,SG04,648248.0,129649.6,51859.84,726037.76
EMP001348,SG04,544046.0,108809.2,43523.68,609331.5199999999
EMP001349,SG08,2549503.0,509900.6,203960.24,2855443.3600000003
EMP001350,SG01,150515.0,30103.0,12041.2,168576.8
EMP001351,SG02,192666.0,38533.2,15413.28,215785.92
EMP001352,SG06,1006609.0,201321.8,80528.72,1127402.08
EMP001353,SG03,349275.0,69855.0,27942.0,391188.0
EMP001354,SG01,124076.0,24815.2,9926.08,138965.12000000002
EMP001355,SG04,641370.0,128274.0,51309.6,718334.4
EMP001356,SG06,1181178.0,236235.6,94494.24,1322919.36
EMP001357,SG06,-1065898.0,213179.6,85271.84,1193805.76
EMP001358,SG06,1058371.0,211674.2,84669.68000000001,1185375.52
EMP001359,SG03,348901.0,69780.2,27912.08,390769.12
EMP001360,SG05,888797.0,177759.40000000002,71103.76,995452.64
EMP001361,SG04,604227.0,120845.4,48338.16,676734.24
EMP001362,SG06,1456599.0,291319.8,116527.92,1631390.88
EMP001363,SG02,221098.0,44219.600000000006,17687.84,247629.76
EMP001364,SG06,1433641.0,286728.2,114691.28,1605677.92
EMP001365,SG01,179976.0,35995.200000000004,14398.08,201573.12
EMP001366,SG06,1094728.0,218945.6,87578.24,1226095.36
EMP001367,SG06,984036.0,196807.2,78722.88,1102120.3199999998
EMP001368,SG01,127205.0,25441.0,10176.4,142469.6
EMP001369,SG04,509584.0,101916.8,40766.72,570734.0800000001
EMP001370,SG02,214952.0,42990.4,17196.16,240746.24
EMP001371,SG03,255061.0,51012.2,20404.88,285668.32
EMP001372,SG02,227369.0,45473.8,18189.52,254653.28
EMP001373,SG03,347401.0,69480.2,27792.08,389089.12
EMP001374,SG06,1103265.0,220653.0,88261.2,1235656.8
EMP001375,SG06,1492365.0,298473.0,119389.2,1671448.8
EMP001376,SG03,380528.0,76105.6,30442.24,426191.36
EMP001377,SG03,385277.0,77055.40000000001,30822.16,431510.2400000001
EMP001378,SG02,214981.0,42996.2,17198.48,240778.72
EMP001379,SG03,,61074.4,24429.76,342016.64
EMP001380,SG03,289412.0,57882.4,23152.96,324141.44
EMP001381,SG06,1429544.0,285908.8,114363.52,1601089.28
EMP001382,SG06,,185683.2,74273.28,1039825.92
EMP001383,SG03,269119.0,53823.8,21529.52,301413.28
EMP001384,SG03,353483.0,70696.6,28278.64,395900.96
EMP001385,SG03,361584.0,72316.8,28926.72,404974.08
EMP001386,SG03,,78254.0,31301.6,438222.4
EMP001387,SG03,294384.0,58876.8,23550.72,329710.08
EMP001388,SG04,450131.0,90026.20000000001,36010.48,504146.72
EMP001389,SG03,304130.0,60826.0,24330.4,340625.6
EMP001390,SG04,575210.0,115042.0,46016.8,644235.2
EMP001391,SG03,314236.0,62847.2,25138.88,351944.32
EMP001392,SG02,242342.0,48468.4,19387.36,271423.04000000004
EMP001393,SG06,1410817.0,282163.4,112865.36,1580115.0399999998
EMP001394,SG06,1096163.0,219232.6,87693.04000000001,1227702.56
EMP001395,SG03,305287.0,61057.4,24422.96,341921.44
EMP001396,SG03,305194.0,61038.8,24415.52,341817.28
EMP001397,SG02,192698.0,38539.6,15415.84,215821.76
EMP001398,SG04,413523.0,82704.6,33081.840000000004,463145.76
EMP001399,SG01,133200.0,26640.0,10656.0,149184.0
EMP001400,SG01,159312.0,31862.4,12744.96,178429.44
EMP001401,SG06,1251725.0,250345.0,100138.0,1401932.0
EMP001402,SG03,322662.0,64532.4,25812.96,361381.44
EMP001403,SG04,585380.0,117076.0,46830.4,655625.6
EMP001404,SG01,170205.0,34041.0,13616.4,190629.6
EMP001405,SG04,435216.0,87043.20000000001,34817.28,487441.92
EMP001406,SG04,642826.0,128565.2,51426.08,719965.12
EMP001407,SG04,548603.0,109720.6,43888.24,614435.36
EMP001408,SG04,409824.0,81964.8,32785.92,459002.88
EMP001409,SG06,1066966.0,213393.2,85357.28,1195001.92
EMP001410,SG03,273777.0,54755.4,21902.16,306630.24000000005
EMP001411,SG01,,25516.800000000003,10206.72,142894.08
EMP001412,SG05,719097.0,143819.4,57527.76,805388.64
EMP001413,SG03,262041.0,52408.2,20963.28,293485.92000000004
EMP001414,SG02,220058.0,44011.600000000006,17604.64,246464.96
EMP001415,SG06,1240960.0,248192.0,99276.8,1389875.2
EMP001416,SG03,336666.0,67333.2,26933.28,377065.92
EMP001417,SG08,2450222.0,490044.4,196017.76,2744248.64
EMP001418,SG02,182432.0,36486.4,14594.56,204323.84
EMP001419,SG04,625386.0,125077.2,50030.880000000005,700432.32
EMP001420,SG03,267037.0,53407.4,21362.96,299081.44
EMP001421,SG03,354736.0,70947.2,28378.88,397304.32
EMP001422,SG01,130820.0,26164.0,10465.6,146518.4
EMP001423,SG03,340701.0,68140.2,27256.08,381585.12
EMP001424,SG06,1034552.0,206910.4,82764.16,1158698.24
EMP001425,SG01,,31921.6,12768.64,178760.96000000002
EMP001426,SG02,196593.0,39318.6,15727.44,220184.16
EMP001427,SG06,-1160325.0,232065.0,92826.0,1299564.0
EMP001428,SG04,489439.0,97887.8,39155.12,548171.68
EMP001429,SG06,-1402076.0,280415.2,112166.08,1570325.12
EMP001430,SG04,645317.0,129063.4,51625.36,722755.04
EMP001431,SG03,286474.0,57294.8,22917.92,320850.88
EMP001432,SG03,365532.0,73106.40000000001,29242.56,409395.84
EMP001433,SG03,387553.0,77510.6,31004.24,434059.36
EMP001434,SG03,397894.0,79578.8,31831.52,445641.28
EMP001435,SG03,270453.0,54090.600000000006,21636.24,302907.36
EMP001436,SG06,1461422.0,292284.4,116913.76,1636792.64
EMP001437,SG04,635616.0,127123.2,50849.28,711889.9199999999
EMP001438,SG06,1499698.0,299939.60000000003,119975.84,1679661.76
EMP001439,SG01,168052.0,33610.4,13444.16,188218.24
EMP001440,SG03,280810.0,56162.0,22464.8,314507.2
EMP001441,,283384.0,56676.8,22670.72,317390.08
EMP001442,SG04,439094.0,87818.8,35127.520000000004,491785.28
EMP001443,SG06,1499258.0,299851.60000000003,119940.64,1679168.9600000002
EMP001444,SG03,251713.0,50342.600000000006,20137.04,281918.56
EMP001445,SG06,1352632.0,270526.4,108210.56,1514947.84
EMP001446,SG06,1406667.0,281333.4,112533.36,1575467.0399999998
EMP001447,SG05,738886.0,147777.2,59110.880000000005,827552.32
EMP001448,SG04,600628.0,120125.6,48050.24,672703.36
EMP001449,SG07,1836269.0,367253.8000000001,146901.52,2056621.28
EMP001450,SG03,399743.0,79948.6,31979.44,447712.16
EMP001451,SG06,1215026.0,243005.2,-10000.0,1360829.12
EMP001452,SG03,262486.0,52497.2,20998.88,293984.32
EMP001453,SG04,445539.0,89107.8,35643.12,499003.68000000005
EMP001454,SG05,814766.0,162953.2,65181.28,912537.92
EMP001455,SG04,,108876.4,43550.56,609707.8400000001
EMP001456,SG02,234435.0,46887.0,18754.8,262567.2
EMP001457,SG04,-622717.0,124543.4,49817.36,697443.04
EMP001458,SG06,952530.0,190506.0,76202.40000000001,1066833.6
EMP001459,SG03,266567.0,53313.4,21325.36,298555.04000000004
EMP001460,SG03,329987.0,65997.40000000001,26398.96,369585.44
EMP001461,SG03,394445.0,78889.0,31555.6,441778.4
EMP001462,SG06,1057253.0,211450.6,84580.24,1184123.36
EMP001463,SG04,436019.0,87203.8,34881.520000000004,488341.28
EMP001464,SG04,601976.0,120395.2,48158.08,674213.12
EMP001465,SG03,346978.0,69395.6,27758.24,388615.36
EMP001466,SG08,2281606.0,456321.2,182528.48,2555398.72
EMP001467,SG06,1338708.0,267741.60000000003,107096.64,1499352.9600000002
EMP001468,SG01,124213.0,24842.6,9937.04,139118.56
EMP001469,SG03,384067.0,76813.40000000001,30725.36,430155.04
EMP001470,SG06,1491787.0,298357.4,119342.96,1670801.44
EMP001471,SG08,2918640.0,583728.0,233491.2,3268876.8
EMP001472,SG03,396277.0,79255.40000000001,31702.16,443830.2400000001
EMP001473,SG03,358027.0,71605.40000000001,28642.16,400990.2400000001
EMP001474,SG05,833982.0,166796.40000000002,66718.56,934059.84
EMP001475,,912657.0,182531.4,73012.56,1022175.84
EMP001476,SG08,3125318.0,625063.6,250025.44,3500356.16
EMP001477,SG03,325383.0,65076.600000000006,26030.64,364428.96
EMP001478,SG07,2115377.0,423075.4,169230.16,2369222.24
EMP001479,SG03,363889.0,72777.8,29111.12,407555.68
EMP001480,SG03,292799.0,58559.8,23423.92,327934.88
EMP001481,SG06,1410292.0,282058.4,112823.36,1579527.0399999998
EMP001482,SG03,275558.0,55111.600000000006,22044.64,308624.96
EMP001483,SG03,285682.0,57136.4,22854.56,319963.84
EMP001484,SG01,171930.0,34386.0,13754.4,192561.6
EMP001485,SG03,259264.0,51852.8,20741.12,290375.68
EMP001486,SG06,959852.0,191970.4,76788.16,1075034.24
EMP001487,SG02,190604.0,38120.8,15248.32,213476.48
EMP001488,SG08,2208950.0,441790.0,176716.0,2474024.0
EMP001489,SG06,1027818.0,205563.6,82225.44,1151156.16
EMP001490,SG06,1058197.0,211639.4,84655.76,1185180.64
EMP001491,SG05,708729.0,141745.80000000002,56698.32,793776.4800000001
EMP001492,SG06,1372801.0,274560.2,109824.08,1537537.12
EMP001493,SG01,133274.0,26654.800000000003,10661.92,149266.87999999998
EMP001494,SG05,698792.0,139758.4,55903.36,782647.04
EMP001495,SG03,377663.0,75532.6,30213.04,422982.56
EMP001496,SG04,626485.0,125297.0,50118.8,701663.2
EMP001497,SG02,245487.0,49097.4,19638.96,274945.44
EMP001498,SG06,1253437.0,250687.4,100274.96,1403849.44
EMP001499,SG08,3013348.0,602669.6,241067.84,3374949.76
EMP001500,SG04,484442.0,96888.4,38755.36,542575.04
EMP001501,SG03,352954.0,70590.8,28236.32,395308.48
EMP001502,SG03,359983.0,71996.6,28798.64,403180.96
EMP001503,SG03,265527.0,53105.4,21242.16,297390.24000000005
EMP001504,SG05,858031.0,171606.2,68642.48,960994.72
EMP001505,SG02,206688.0,41337.600000000006,16535.04,231490.56
EMP001506,SG02,,49303.2,19721.28,276097.92000000004
EMP001507,SG02,184912.0,36982.4,14792.96,207101.44
EMP001508,SG03,352148.0,70429.6,28171.84,394405.76
EMP001509,SG05,773729.0,154745.80000000002,61898.32,866576.4800000001
EMP001510,SG04,475875.0,95175.0,38070.0,532980.0
EMP001511,SG06,1429589.0,285917.8,114367.12,1601139.6800000002
EMP001512,SG03,264327.0,52865.4,21146.16,296046.24000000005
EMP001513,SG06,1401587.0,280317.4,112126.96,1569777.44
EMP001514,SG01,147562.0,29512.4,11804.96,165269.44
EMP001515,SG03,263190.0,52638.0,21055.2,294772.8
EMP001516,SG03,377979.0,75595.8,30238.32,423336.48
EMP001517,SG03,300794.0,60158.8,24063.52,336889.28
EMP001518,SG06,,269326.0,107730.4,1508225.6
EMP001519,SG08,3064806.0,612961.2000000001,245184.48,3432582.72
EMP001520,SG03,354373.0,70874.6,28349.84,396897.76
EMP001521,SG01,172873.0,34574.6,13829.84,193617.76
EMP001522,SG04,400326.0,80065.20000000001,32026.08,448365.12
EMP001523,SG04,604853.0,120970.6,48388.24,677435.36
EMP001524,SG03,-308765.0,61753.0,24701.2,345816.8
EMP001525,SG04,461572.0,92314.4,36925.76,516960.64
EMP001526,SG04,559652.0,111930.4,44772.16,626810.24
EMP001527,SG01,171685.0,34337.0,13734.8,192287.2
EMP001528,SG03,384132.0,76826.40000000001,30730.56,430227.84
EMP001529,SG04,530124.0,106024.8,42409.92,593738.88
EMP001530,SG03,373763.0,74752.6,29901.04,418614.56
EMP001531,SG04,646610.0,129322.0,51728.8,724203.2
EMP001532,SG05,660695.0,132139.0,52855.6,739978.4
EMP001533,SG03,395690.0,79138.0,31655.2,443172.8
EMP001534,SG01,,26653.800000000003,10661.52,149261.28
EMP001535,SG01,146098.0,29219.6,11687.84,163629.76
EMP001536,SG03,286842.0,57368.4,22947.36,321263.04000000004
EMP001537,SG01,161340.0,32268.0,12907.2,180700.8
EMP001538,SG03,357648.0,71529.6,28611.84,400565.76
EMP001539,SG04,586488.0,117297.6,46919.04,656866.5599999999
EMP001540,SG04,418407.0,83681.40000000001,33472.56,468615.84
EMP001541,SG03,305686.0,61137.2,24454.88,342368.32
EMP001542,SG02,197304.0,39460.8,15784.32,220980.48
EMP001543,SG02,180295.0,36059.0,14423.6,201930.4
EMP001544,SG03,307225.0,61445.0,24578.0,344092.0
EMP001545,SG04,408986.0,81797.20000000001,32718.88,458064.32
EMP001546,SG06,910519.0,182103.8,72841.52,1019781.28
EMP001547,SG03,285294.0,57058.8,22823.52,319529.28
EMP001548,SG03,348044.0,69608.8,27843.52,389809.28
EMP001549,SG06,951557.0,190311.4,76124.56,1065743.84
EMP001550,SG03,329686.0,65937.2,26374.88,369248.32
EMP001551,SG03,389082.0,77816.40000000001,31126.56,435771.84
EMP001552,SG04,,82699.0,33079.6,463114.4
EMP001553,SG04,480462.0,96092.4,38436.96,538117.4400000001
EMP001554,SG06,1296277.0,259255.4,103702.16,1451830.24
EMP001555,SG06,1236540.0,247308.0,98923.2,1384924.8
EMP001556,SG01,157233.0,31446.6,12578.64,176100.96000000002
EMP001557,SG04,460935.0,92187.0,36874.8,516247.2
EMP001558,SG04,443306.0,88661.20000000001,35464.48,496502.72
EMP001559,SG03,317373.0,63474.600000000006,25389.84,355457.75999999995
EMP001560,SG05,,175464.0,70185.6,982598.4
EMP001561,SG06,1040919.0,208183.8,83273.52,1165829.28
EMP001562,SG04,648028.0,129605.6,51842.24,725791.36
EMP001563,SG03,266109.0,53221.8,21288.72,298042.08
EMP001564,SG02,220143.0,44028.600000000006,17611.44,246560.16
EMP001565,SG03,324990.0,64998.0,25999.2,363988.8
EMP001566,SG06,1070699.0,214139.8,85655.92,1199182.88
EMP001567,,282521.0,56504.2,22601.68,316423.52
EMP001568,SG04,507419.0,101483.8,40593.52,568309.28
EMP001569,SG02,221516.0,44303.2,17721.28,248097.92
EMP001570,SG06,1314176.0,262835.2,105134.08,1471877.12
EMP001571,SG06,1083823.0,216764.6,86705.84,1213881.76
EMP001572,SG04,510539.0,102107.8,40843.12,571803.68
EMP001573,SG02,194582.0,38916.4,15566.56,217931.84
EMP001574,SG01,165506.0,33101.200000000004,13240.48,185366.72
EMP001575,SG03,309744.0,61948.8,24779.52,346913.28
EMP001576,SG03,276941.0,55388.2,22155.28,310173.92000000004
EMP001577,SG03,281266.0,56253.2,22501.28,315017.92000000004
EMP001578,SG03,253082.0,50616.4,20246.56,283451.84
EMP001579,SG03,273807.0,54761.4,21904.56,306663.84
EMP001580,SG01,177448.0,35489.6,14195.84,198741.76
EMP001581,SG04,624525.0,124905.0,49962.0,699468.0
EMP001582,SG03,296582.0,59316.4,23726.56,332171.84
EMP001583,SG03,280234.0,56046.8,-10000.0,313862.08
EMP001584,SG03,302320.0,60464.0,24185.6,338598.4
EMP001585,SG06,1452627.0,290525.4,116210.16,1626942.24
EMP001586,SG06,976999.0,195399.8,78159.92,1094238.88
EMP001587,SG03,267144.0,53428.8,21371.52,299201.28
EMP001588,SG05,677154.0,135430.80000000002,54172.32,758412.4800000001
EMP001589,SG03,394861.0,78972.20000000001,31588.88,442244.32
EMP001590,SG05,663516.0,132703.2,53081.28,743137.9199999999
EMP001591,SG04,537274.0,107454.8,42981.92,601746.88
EMP001592,SG05,676931.0,135386.2,54154.48,758162.72
EMP001593,SG04,,100974.6,40389.84,565457.76
EMP001594,SG02,215578.0,43115.600000000006,17246.24,241447.36
EMP001595,SG04,530743.0,106148.6,42459.44,594432.1599999999
EMP001596,SG02,184627.0,36925.4,14770.16,206782.24
EMP001597,SG05,857862.0,171572.40000000002,68628.96,960805.44
EMP001598,SG03,267101.0,53420.2,21368.08,299153.12
EMP001599,SG04,642071.0,128414.2,51365.68,719119.5199999999
EMP001600,SG05,856634.0,171326.80000000002,68530.72,959430.08
EMP001601,SG03,289762.0,57952.4,23180.96,324533.44
EMP001602,SG06,1316393.0,263278.60000000003,105311.44,1474360.16
EMP001603,SG07,1644955.0,328991.0,131596.4,1842349.6
EMP001604,SG03,370530.0,74106.0,29642.4,414993.6
EMP001605,SG04,584651.0,116930.2,46772.08,654809.12
EMP001606,SG06,,296217.8,118487.12,1658819.6800000002
EMP001607,SG06,1015827.0,203165.4,81266.16,1137726.24
EMP001608,SG04,402390.0,80478.0,32191.2,450676.8
EMP001609,SG02,212773.0,42554.600000000006,17021.84,238305.76
EMP001610,SG04,460700.0,92140.0,36856.0,515984.0
EMP001611,SG03,343128.0,68625.6,27450.24,384303.36
EMP001612,SG06,1080274.0,216054.8,86421.92,1209906.88
EMP001613,SG01,158477.0,31695.4,12678.16,177494.24
EMP001614,SG04,486313.0,97262.6,38905.04,544670.5599999999
EMP001615,SG03,387070.0,77414.0,30965.6,433518.4
EMP001616,SG04,555911.0,111182.2,44472.88,622620.32
EMP001617,SG08,2412080.0,482416.0,192966.4,2701529.6
EMP001618,SG06,1262531.0,252506.2,101002.48,1414034.72
EMP001619,SG03,346826.0,69365.2,27746.08,388445.12
EMP001620,SG03,286455.0,57291.0,22916.4,320829.6
EMP001621,SG06,1374344.0,274868.8,109947.52,1539265.28
EMP001622,SG04,505818.0,101163.6,40465.44,566516.1599999999
EMP001623,SG06,1373802.0,274760.4,109904.16,1538658.24
EMP001624,SG06,1270903.0,254180.6,101672.24,1423411.36
EMP001625,SG06,1233098.0,246619.6,98647.84,1381069.76
EMP001626,SG05,694433.0,138886.6,55554.64,777764.96
EMP001627,SG03,269624.0,53924.8,21569.92,301978.88
EMP001628,SG08,2960195.0,592039.0,236815.6,3315418.4
EMP001629,SG04,567851.0,113570.2,45428.08,635993.12
EMP001630,SG02,233533.0,46706.600000000006,18682.64,261556.96
EMP001631,SG06,927183.0,185436.6,74174.64,1038444.96
EMP001632,SG03,339656.0,67931.2,27172.48,380414.72
EMP001633,SG03,286967.0,57393.4,22957.36,321403.04000000004
EMP001634,SG02,180581.0,36116.2,14446.48,202250.72
EMP001635,SG07,1742525.0,348505.0,139402.0,1951628.0
EMP001636,SG03,283694.0,56738.8,22695.52,317737.28
EMP001637,SG02,223496.0,44699.2,17879.68,250315.52
EMP001638,SG04,610729.0,122145.8,48858.32,684016.4800000001
EMP001639,SG03,377513.0,75502.6,30201.04,422814.56
EMP001640,SG04,639895.0,127979.0,51191.6,716682.4
EMP001641,SG03,274135.0,54827.0,21930.8,307031.2
EMP001642,SG04,-404409.0,80881.8,32352.72,452938.08
EMP001643,SG03,282838.0,56567.600000000006,22627.04,316778.56
EMP001644,SG03,368522.0,73704.40000000001,29481.76,412744.64
EMP001645,SG08,2661301.0,532260.2000000001,212904.08,2980657.12
EMP001646,SG06,1450393.0,290078.60000000003,116031.44,1624440.16
EMP001647,SG06,1211246.0,242249.2,96899.68,1356595.52
EMP001648,SG02,,41598.600000000006,16639.44,232952.16
EMP001649,SG04,404876.0,80975.20000000001,32390.08,453461.12
EMP001650,SG02,-189362.0,37872.4,15148.96,212085.44
EMP001651,SG06,1045369.0,209073.8,83629.52,1170813.28
EMP001652,SG03,310829.0,62165.8,24866.32,348128.48
EMP001653,,179378.0,35875.6,14350.24,200903.36
EMP001654,SG01,159561.0,31912.2,12764.88,178708.32
EMP001655,SG03,359026.0,71805.2,28722.08,402109.12
EMP001656,SG02,184075.0,36815.0,14726.0,206164.0
EMP001657,SG03,290715.0,58143.0,23257.2,325600.8
EMP001658,SG03,304108.0,60821.600000000006,24328.64,340600.96
EMP001659,SG03,289401.0,57880.2,23152.08,324129.12
EMP001660,SG01,124361.0,24872.2,9948.88,139284.32
EMP001661,SG03,285961.0,57192.2,22876.88,320276.32
EMP001662,SG02,206607.0,41321.4,16528.56,231399.84
EMP001663,SG04,417111.0,83422.20000000001,33368.88,467164.32
EMP001664,SG01,147519.0,29503.800000000003,11801.52,165221.28
EMP001665,SG06,1065987.0,213197.4,85278.96,1193905.44
EMP001666,SG01,136213.0,27242.6,10897.04,152558.56
EMP001667,SG02,210466.0,42093.2,16837.28,235721.92
EMP001668,SG03,275721.0,55144.2,22057.68,308807.52
EMP001669,SG02,184999.0,36999.8,14799.92,207198.88
EMP001670,,398574.0,79714.8,31885.92,446402.88
EMP001671,SG04,430812.0,86162.40000000001,34464.96,482509.44
EMP001672,SG03,289753.0,57950.600000000006,23180.24,324523.36
EMP001673,SG05,850540.0,170108.0,68043.2,952604.8
EMP001674,SG03,330389.0,66077.8,26431.12,370035.68
EMP001675,SG03,395356.0,79071.20000000001,31628.48,442798.72
EMP001676,SG02,186608.0,37321.6,14928.64,209000.96
EMP001677,SG06,1060884.0,212176.8,84870.72,1188190.08
EMP001678,SG02,203616.0,40723.2,16289.28,228049.92
EMP001679,SG06,1350293.0,270058.60000000003,108023.44,1512328.16
EMP001680,SG02,210549.0,42109.8,16843.920000000002,235814.88
EMP001681,SG04,614109.0,122821.8,49128.72,687802.0800000001
EMP001682,SG03,321942.0,64388.4,-10000.0,360575.04
EMP001683,SG03,,79780.8,31912.32,446772.48
EMP001684,,323720.0,64744.0,25897.6,362566.4
EMP001685,SG03,282901.0,56580.2,22632.08,316849.12
EMP001686,SG02,191853.0,38370.6,15348.24,214875.36
EMP001687,SG04,469807.0,93961.4,37584.56,526183.8400000001
EMP001688,SG05,884054.0,176810.80000000002,70724.32,990140.48
EMP001689,SG06,1402530.0,280506.0,112202.4,1570833.6
EMP001690,SG06,948166.0,189633.2,75853.28,1061945.92
EMP001691,SG04,639682.0,127936.4,51174.56,716443.8400000001
EMP001692,SG06,1150109.0,230021.8,92008.72,1288122.08
EMP001693,SG03,277757.0,55551.4,22220.56,311087.84
EMP001694,SG03,-250114.0,50022.8,20009.12,280127.68
EMP001695,SG04,,83278.6,33311.44,466360.16
EMP001696,SG03,367437.0,73487.40000000001,29394.96,411529.44
EMP001697,SG04,493920.0,98784.0,39513.6,553190.4
EMP001698,SG04,645391.0,129078.2,51631.28,722837.9199999999
EMP001699,,1484014.0,296802.8,118721.12,1662095.6800000002
EMP001700,SG03,263387.0,52677.4,21070.96,294993.44
EMP001701,SG02,182520.0,36504.0,14601.6,204422.4
EMP001702,SG03,-280957.0,56191.4,22476.56,314671.84
EMP001703,SG02,236060.0,47212.0,18884.8,264387.2
EMP001704,SG03,321904.0,64380.8,25752.32,360532.48
EMP001705,SG03,337342.0,67468.40000000001,26987.36,377823.04
EMP001706,SG01,120415.0,24083.0,9633.2,134864.8
EMP001707,SG04,,121797.0,48718.8,682063.2
EMP001708,SG01,160378.0,32075.6,12830.24,179623.36000000002
EMP001709,SG08,2660590.0,532118.0,212847.2,2979860.8
EMP001710,SG03,388015.0,77603.0,31041.2,434576.8
EMP001711,SG03,372023.0,74404.6,29761.84,416665.76
EMP001712,SG03,279325.0,55865.0,22346.0,312844.0
EMP001713,SG04,438743.0,87748.6,35099.44,491392.16
EMP001714,SG02,,39723.2,15889.28,222449.92
EMP001715,SG03,377242.0,75448.40000000001,30179.36,422511.04
EMP001716,SG02,249956.0,49991.2,19996.48,279950.72000000003
EMP001717,SG03,395453.0,79090.6,31636.24,442907.36
EMP001718,SG03,252642.0,50528.4,20211.36,282959.04000000004
EMP001719,SG04,418147.0,83629.40000000001,33451.76,468324.64
EMP001720,SG06,1166590.0,233318.0,93327.2,1306580.8
EMP001721,SG05,762395.0,152479.0,60991.6,853882.4
EMP001722,SG06,915237.0,183047.4,73218.96,1025065.44
EMP001723,,361393.0,72278.6,28911.44,404760.16
EMP001724,SG04,610293.0,122058.6,48823.44,683528.1599999999
EMP001725,SG04,594943.0,118988.6,47595.44,666336.1599999999
EMP001726,SG05,889075.0,177815.0,71126.0,995764.0
EMP001727,SG04,509692.0,101938.4,40775.36,570855.04
EMP001728,SG04,631152.0,126230.4,50492.16,706890.24
EMP001729,SG01,132171.0,26434.2,10573.68,148031.52000000002
EMP001730,SG01,147894.0,29578.800000000003,11831.52,165641.28
EMP001731,,1354510.0,270902.0,108360.8,1517051.2
EMP001732,SG03,287332.0,57466.4,22986.56,321811.84
EMP001733,SG03,372023.0,74404.6,29761.84,416665.76
EMP001734,SG08,2321696.0,464339.2,185735.68,2600299.52
EMP001735,SG03,274643.0,54928.600000000006,21971.44,307600.16
EMP001736,SG05,708339.0,141667.80000000002,56667.12,793339.68
EMP001737,SG06,1440535.0,288107.0,115242.8,1613399.2
EMP001738,SG04,537147.0,107429.4,42971.76,601604.64
EMP001739,SG04,432054.0,86410.8,34564.32,483900.48
EMP001740,SG08,2917673.0,583534.6,233413.84,3267793.76
EMP001741,SG04,517675.0,103535.0,41414.0,579796.0
EMP001742,SG04,646692.0,129338.4,51735.36,724295.04
EMP001743,SG03,282552.0,56510.4,22604.16,316458.24000000005
EMP001744,SG06,901723.0,180344.6,72137.84,1009929.76
EMP001745,SG06,1347117.0,269423.4,107769.36,1508771.0399999998
EMP001746,SG03,399312.0,79862.40000000001,31944.96,447229.44
EMP001747,SG02,236549.0,47309.8,18923.92,264934.88
EMP001748,SG02,221566.0,44313.2,17725.28,248153.92
EMP001749,SG03,288301.0,57660.2,23064.08,322897.12
EMP001750,SG04,637870.0,127574.0,51029.6,714414.4
EMP001751,SG03,288686.0,57737.2,23094.88,323328.32
EMP001752,SG06,1319640.0,263928.0,105571.2,1477996.8
EMP001753,SG03,387576.0,77515.2,31006.08,434085.12
EMP001754,SG06,1444404.0,288880.8,115552.32,1617732.48
EMP001755,SG05,710478.0,142095.6,56838.24,795735.36
EMP001756,,351312.0,70262.40000000001,28104.96,393469.44
EMP001757,SG06,1175197.0,235039.4,94015.76,1316220.64
EMP001758,SG02,181940.0,36388.0,14555.2,203772.8
EMP001759,SG04,648838.0,129767.6,51907.04,726698.5599999999
EMP001760,SG06,1014223.0,202844.6,81137.84,1135929.76
EMP001761,SG05,691110.0,138222.0,55288.8,774043.2
EMP001762,SG01,137723.0,27544.6,11017.84,154249.76
EMP001763,SG05,685851.0,137170.2,54868.08,768153.12
EMP001764,SG04,461094.0,92218.8,36887.52,516425.28
EMP001765,SG06,1312873.0,262574.60000000003,105029.84,1470417.76
EMP001766,SG02,182913.0,36582.6,14633.04,204862.56
EMP001767,SG06,1347513.0,269502.60000000003,107801.04,1509214.56
EMP001768,SG01,129088.0,25817.6,10327.04,144578.56
EMP001769,SG06,1372508.0,274501.60000000003,109800.64,1537208.9600000002
EMP001770,SG03,256132.0,51226.4,20490.56,286867.84
EMP001771,SG04,637881.0,127576.2,51030.48,714426.72
EMP001772,SG05,659918.0,131983.6,52793.44,739108.1599999999
EMP001773,SG03,333065.0,66613.0,26645.2,373032.8
EMP001774,SG04,457270.0,91454.0,36581.6,512142.4
EMP001775,SG06,1226785.0,245357.0,98142.8,1373999.2
EMP001776,SG03,340453.0,68090.6,27236.24,381307.36
EMP001777,SG02,192266.0,38453.2,15381.28,215337.92
EMP001778,SG01,143134.0,28626.800000000003,11450.72,160310.08
EMP001779,SG03,343178.0,68635.6,27454.24,384359.36
EMP001780,SG01,167357.0,33471.4,13388.56,187439.84
EMP001781,SG03,279612.0,55922.4,22368.96,313165.44
EMP001782,SG03,305960.0,61192.0,24476.8,342675.2
EMP001783,SG06,1489113.0,297822.60000000003,119129.04,1667806.56
EMP001784,SG06,-1212384.0,242476.8,96990.72,1357870.08
EMP001785,SG03,314268.0,62853.600000000006,25141.44,351980.16
EMP001786,SG03,396460.0,79292.0,31716.8,444035.2
EMP001787,SG03,397018.0,79403.6,-10000.0,444660.16
EMP001788,SG04,,84828.0,33931.2,475036.8
EMP001789,SG06,1387129.0,277425.8,110970.32,1553584.48
EMP001790,SG01,-140705.0,28141.0,11256.4,157589.6
EMP001791,SG03,264532.0,52906.4,21162.56,296275.84
EMP001792,SG02,211681.0,42336.2,16934.48,237082.72
EMP001793,SG06,1212863.0,242572.6,97029.04,1358406.56
EMP001794,SG02,,40490.0,16196.0,226744.0
EMP001795,SG07,-1838226.0,367645.2,147058.08000000002,2058813.12
EMP001796,SG06,1388580.0,277716.0,111086.4,1555209.6
EMP001797,SG03,340327.0,68065.40000000001,27226.16,381166.2400000001
EMP001798,SG06,916865.0,183373.0,73349.2,1026888.8
EMP001799,SG03,270476.0,54095.2,21638.08,302933.12
EMP001800,SG05,765933.0,153186.6,61274.64,857844.96
EMP001801,SG06,1277609.0,255521.8,102208.72,1430922.08
EMP001802,SG06,1384846.0,276969.2,110787.68,1551027.52
EMP001803,SG04,478578.0,95715.6,38286.24,536007.36
EMP001804,SG04,,80658.6,32263.44,451688.16
EMP001805,SG06,1385449.0,277089.8,110835.92,1551702.88
EMP001806,SG06,1162036.0,232407.2,92962.88,1301480.3199999998
EMP001807,SG03,336440.0,67288.0,26915.2,376812.8
EMP001808,SG06,1106279.0,221255.8,88502.32,1239032.48
EMP001809,SG03,255495.0,51099.0,20439.6,286154.4
EMP001810,SG04,524380.0,104876.0,41950.4,587305.6
EMP001811,SG03,279279.0,55855.8,22342.32,312792.48
EMP001812,SG03,388500.0,77700.0,31080.0,435120.0
EMP001813,SG03,290705.0,58141.0,23256.4,325589.6
EMP001814,SG07,1510450.0,302090.0,120836.0,1691704.0
EMP001815,SG04,471098.0,94219.6,37687.84,527629.76
EMP001816,SG04,478572.0,95714.4,38285.76,536000.64
EMP001817,SG06,1075676.0,215135.2,86054.08,1204757.12
EMP001818,SG03,319303.0,63860.600000000006,25544.24,357619.36
EMP001819,SG01,157940.0,31588.0,12635.2,176892.8
EMP001820,SG03,398739.0,79747.8,31899.12,446587.68
EMP001821,SG03,255875.0,51175.0,20470.0,286580.0
EMP001822,SG05,690241.0,138048.2,55219.28,773069.9199999999
EMP001823,SG03,272240.0,54448.0,21779.2,304908.8
EMP001824,SG02,212472.0,42494.4,16997.760000000002,237968.64
EMP001825,SG04,532010.0,106402.0,42560.8,595851.2
EMP001826,SG02,181477.0,36295.4,14518.16,203254.24
EMP001827,SG03,286275.0,57255.0,22902.0,320628.0
EMP001828,SG06,1244582.0,248916.4,99566.56,1393931.84
EMP001829,SG04,544835.0,108967.0,43586.8,610215.2
EMP001830,SG04,,87952.8,35181.12,492535.68000000005
EMP001831,,368929.0,73785.8,29514.32,413200.48
EMP001832,SG06,1011241.0,202248.2,80899.28,1132589.92
EMP001833,SG01,126849.0,25369.800000000003,10147.92,142070.87999999998
EMP001834,SG03,268467.0,53693.4,21477.36,300683.04000000004
EMP001835,SG04,461064.0,92212.8,36885.12,516391.68000000005
EMP001836,SG03,276894.0,55378.8,22151.52,310121.28
EMP001837,SG04,546079.0,109215.8,43686.32,611608.4800000001
EMP001838,SG03,278040.0,55608.0,22243.2,311404.8
EMP001839,SG06,1347070.0,269414.0,107765.6,1508718.4
EMP001840,SG06,1293706.0,258741.2,103496.48,1448950.72
EMP001841,SG07,1850903.0,370180.6,-10000.0,2073011.36
EMP001842,SG04,493636.0,98727.2,39490.88,552872.32
EMP001843,SG03,337133.0,67426.6,26970.64,377588.96
EMP001844,SG03,322150.0,64430.0,25772.0,360808.0
EMP001845,SG04,608218.0,121643.6,-10000.0,681204.1599999999
EMP001846,SG06,1325768.0,265153.60000000003,106061.44,1484860.16
EMP001847,SG04,582649.0,116529.8,46611.92,652566.88
EMP001848,SG03,399177.0,79835.40000000001,31934.16,447078.2400000001
EMP001849,SG03,360358.0,72071.6,28828.64,403600.96
EMP001850,SG08,2261412.0,452282.4,180912.96,2532781.44
EMP001851,SG06,1207454.0,241490.8,96596.32,1352348.48
EMP001852,SG03,344065.0,68813.0,27525.2,385352.8
EMP001853,SG02,232956.0,46591.2,18636.48,260910.72
EMP001854,,417277.0,83455.40000000001,33382.16,467350.24
EMP001855,SG05,766811.0,153362.2,61344.880000000005,858828.32
EMP001856,SG04,616694.0,123338.8,49335.52,690697.28
EMP001857,SG08,2952834.0,590566.8,236226.72,3307174.08
EMP001858,SG01,132250.0,26450.0,10580.0,148120.0
EMP001859,SG02,195213.0,39042.6,-10000.0,218638.56
EMP001860,SG03,338246.0,67649.2,27059.68,378835.52
EMP001861,SG01,153542.0,30708.4,12283.36,171967.03999999998
EMP001862,SG05,,170796.0,68318.4,956457.6
EMP001863,SG02,-194773.0,38954.6,15581.84,218145.76
EMP001864,SG03,-260390.0,52078.0,20831.2,291636.8
EMP001865,SG06,1153166.0,230633.2,92253.28,1291545.92
EMP001866,,592596.0,118519.2,47407.68,663707.5199999999
EMP001867,SG08,2340911.0,468182.2,187272.88,2621820.3200000003
EMP001868,SG04,616139.0,123227.8,49291.12,690075.68
EMP001869,SG03,349643.0,69928.6,27971.44,391600.16
EMP001870,SG06,,236110.6,94444.24,1322219.36
EMP001871,SG04,449314.0,89862.8,35945.12,503231.68000000005
EMP001872,SG05,797894.0,159578.80000000002,63831.52,893641.28
EMP001873,SG03,284636.0,56927.2,22770.88,318792.32
EMP001874,SG01,139444.0,27888.800000000003,11155.52,156177.28
EMP001875,SG03,366744.0,73348.8,29339.52,410753.28
EMP001876,SG03,342785.0,68557.0,27422.8,383919.2
EMP001877,SG03,277045.0,55409.0,22163.6,310290.4
EMP001878,SG05,703262.0,140652.4,56260.96,787653.4400000001
EMP001879,SG02,212337.0,42467.4,16986.96,237817.44
EMP001880,SG01,127613.0,25522.6,10209.04,142926.56
EMP001881,SG04,619851.0,123970.2,49588.08,694233.12
EMP001882,SG03,291312.0,58262.4,23304.96,326269.44
EMP001883,SG01,134195.0,26839.0,10735.6,150298.4
EMP001884,SG03,253474.0,50694.8,20277.92,283890.88
EMP001885,SG04,635240.0,127048.0,50819.2,711468.8
EMP001886,SG07,1629400.0,325880.0,130352.0,1824928.0
EMP001887,SG03,274225.0,54845.0,21938.0,307132.0
EMP001888,SG03,263862.0,52772.4,21108.96,295525.44
EMP001889,SG03,354944.0,70988.8,28395.52,397537.28
EMP001890,SG03,305537.0,61107.4,24442.96,342201.44
EMP001891,SG01,174078.0,34815.6,13926.24,194967.36
EMP001892,SG04,646763.0,129352.6,51741.04,724374.5599999999
EMP001893,SG04,480258.0,96051.6,38420.64,537888.96
EMP001894,SG06,,262296.4,104918.56,1468859.84
EMP001895,SG03,260483.0,52096.600000000006,20838.64,291740.96
EMP001896,SG04,599234.0,119846.8,47938.72,671142.0800000001
EMP001897,SG02,208927.0,41785.4,16714.16,233998.24
EMP001898,SG05,870974.0,174194.80000000002,69677.92,975490.88
EMP001899,SG01,-126989.0,25397.800000000003,10159.12,142227.68
EMP001900,SG04,446600.0,89320.0,35728.0,500192.0
EMP001901,SG08,2300954.0,460190.8000000001,184076.32,2577068.48
EMP001902,SG05,731562.0,146312.4,58524.96,819349.4400000001
EMP001903,SG04,597046.0,119409.2,47763.68,668691.5199999999
EMP001904,SG03,266485.0,53297.0,21318.8,298463.2
EMP001905,SG03,374205.0,74841.0,29936.4,419109.6
EMP001906,SG04,598667.0,119733.4,47893.36,670507.04
EMP001907,SG02,231989.0,46397.8,18559.12,259827.68
EMP001908,SG05,761017.0,152203.4,60881.36,852339.04
EMP001909,SG03,341100.0,68220.0,27288.0,382032.0
EMP001910,SG03,394097.0,78819.40000000001,31527.76,441388.64
EMP001911,SG03,373546.0,74709.2,29883.68,418371.52
EMP001912,SG02,208028.0,41605.600000000006,16642.24,232991.36
EMP001913,SG05,747185.0,149437.0,59774.8,836847.2
EMP001914,SG04,581337.0,116267.4,46506.96,651097.4400000001
EMP001915,SG03,,77479.2,30991.68,433883.52
EMP001916,SG06,1047782.0,209556.4,83822.56,1173515.84
EMP001917,SG03,337066.0,67413.2,26965.28,377513.92
EMP001918,SG03,263650.0,52730.0,21092.0,295288.0
EMP001919,SG07,1989873.0,397974.6,159189.84,2228657.76
EMP001920,SG06,1299738.0,259947.6,103979.04,1455706.56
EMP001921,SG03,343003.0,68600.6,27440.24,384163.36
EMP001922,SG02,206450.0,41290.0,16516.0,231224.0
EMP001923,SG06,1086757.0,217351.4,86940.56,1217167.84
EMP001924,SG02,,38881.8,15552.72,217738.08
EMP001925,SG03,336050.0,67210.0,26884.0,376376.0
EMP001926,SG03,305500.0,61100.0,24440.0,342160.0
EMP001927,SG06,1467811.0,293562.2,117424.88,1643948.3199999998
EMP001928,SG03,337487.0,67497.40000000001,26998.96,377985.44
EMP001929,SG04,482736.0,96547.2,38618.88,540664.32
EMP001930,SG03,297397.0,59479.4,23791.76,333084.64
EMP001931,SG06,1219133.0,243826.6,97530.64,1365428.9600000002
EMP001932,SG03,322708.0,64541.600000000006,25816.64,361432.96
EMP001933,SG01,131933.0,26386.6,10554.64,147764.96000000002
EMP001934,SG02,225535.0,45107.0,18042.8,252599.2
EMP001935,SG04,433936.0,86787.20000000001,34714.88,486008.32
EMP001936,SG06,1482328.0,296465.60000000003,118586.24,1660207.36
EMP001937,SG04,480636.0,96127.2,38450.88,538312.32
EMP001938,SG06,1070353.0,214070.6,85628.24,1198795.36
EMP001939,SG03,333486.0,66697.2,26678.88,373504.32
EMP001940,SG04,523082.0,104616.4,41846.56,585851.8400000001
EMP001941,SG02,,39699.0,15879.6,222314.4
EMP001942,SG06,1466079.0,293215.8,117286.32,1642008.48
EMP001943,SG03,352639.0,70527.8,28211.12,394955.68
EMP001944,SG06,1293534.0,258706.8,103482.72,1448758.08
EMP001945,SG03,361214.0,72242.8,28897.12,404559.68
EMP001946,SG03,335601.0,67120.2,26848.08,375873.12
EMP001947,SG01,126562.0,25312.4,10124.96,141749.44
EMP001948,SG01,175441.0,35088.200000000004,14035.28,196493.92
EMP001949,SG04,513821.0,102764.2,41105.68,575479.5199999999
EMP001950,SG03,378514.0,75702.8,30281.12,423935.68
EMP001951,SG03,263974.0,52794.8,21117.92,295650.88
EMP001952,SG02,235161.0,47032.2,18812.88,263380.32
EMP001953,SG05,767072.0,153414.4,61365.76,859120.64
EMP001954,SG06,,216459.6,86583.84,1212173.76
EMP001955,SG03,359344.0,71868.8,28747.52,402465.28
EMP001956,SG06,963103.0,192620.6,77048.24,1078675.36
EMP001957,SG02,224578.0,44915.600000000006,17966.24,251527.36
EMP001958,SG03,371953.0,74390.6,29756.24,416587.36
EMP001959,SG02,201917.0,40383.4,16153.36,226147.04
EMP001960,SG02,192995.0,38599.0,15439.6,216154.4
EMP001961,SG03,297690.0,59538.0,23815.2,333412.8
EMP001962,SG06,958673.0,191734.6,76693.84,1073713.76
EMP001963,SG04,568837.0,113767.4,45506.96,637097.4400000001
EMP001964,SG03,350175.0,70035.0,28014.0,392196.0
EMP001965,SG02,214346.0,42869.2,17147.68,240067.52
EMP001966,SG03,374303.0,74860.6,29944.24,419219.36
EMP001967,SG03,372069.0,74413.8,29765.52,416717.28
EMP001968,SG06,1057965.0,211593.0,84637.2,1184920.8
EMP001969,SG03,,63263.2,25305.28,354273.92000000004
EMP001970,SG02,221293.0,44258.600000000006,17703.44,247848.16
EMP001971,SG06,,240682.6,96273.04,1347822.56
EMP001972,SG08,2745958.0,549191.6,219676.64,3075472.96
EMP001973,SG02,196297.0,39259.4,15703.76,219852.64
EMP001974,SG01,163571.0,32714.2,13085.68,183199.52
EMP001975,SG01,121748.0,24349.6,9739.84,136357.76
EMP001976,SG06,1151786.0,230357.2,92142.88,1290000.3199999998
EMP001977,SG06,1385577.0,277115.4,110846.16,1551846.24
EMP001978,SG03,388975.0,77795.0,31118.0,435652.0
EMP001979,SG06,1192668.0,238533.6,95413.44,1335788.16
EMP001980,SG04,601080.0,120216.0,48086.4,673209.6
EMP001981,SG02,245466.0,49093.2,19637.28,274921.92000000004
EMP001982,SG04,611615.0,122323.0,48929.2,685008.8
EMP001983,SG06,1352402.0,270480.4,108192.16,1514690.24
EMP001984,SG04,452977.0,90595.4,36238.16,507334.24
EMP001985,SG03,285915.0,57183.0,22873.2,320224.8
EMP001986,SG06,1454112.0,290822.4,116328.96,1628605.44
EMP001987,SG03,318766.0,63753.2,25501.28,357017.92000000004
EMP001988,SG05,865072.0,173014.40000000002,69205.76,968880.64
EMP001989,SG02,238762.0,47752.4,19100.96,267413.44
EMP001990,SG02,210616.0,42123.2,16849.28,235889.92
EMP001991,SG03,363816.0,72763.2,29105.28,407473.92
EMP001992,SG06,1312257.0,262451.4,104980.56,1469727.84
EMP001993,SG02,242037.0,48407.4,19362.96,271081.44
EMP001994,SG01,179233.0,35846.6,14338.64,200740.96
EMP001995,SG01,130499.0,26099.800000000003,10439.92,146158.87999999998
EMP001996,SG08,2407887.0,481577.4,192630.96,2696833.44
EMP001997,SG01,151545.0,30309.0,12123.6,169730.4
EMP001998,SG03,275727.0,55145.4,22058.16,308814.24000000005
EMP001999,SG06,1317296.0,263459.2,105383.68,1475371.52
EMP002000,SG03,370315.0,74063.0,29625.2,414752.8
EMP002001,SG03,333231.0,66646.2,26658.48,373218.72
EMP002002,SG04,539946.0,107989.2,43195.68,604739.5199999999
EMP002003,SG08,3142520.0,628504.0,251401.6,3519622.4
EMP002004,SG01,179763.0,35952.6,14381.04,201334.56
EMP002005,SG06,1178903.0,235780.6,94312.24,1320371.36
EMP002006,SG04,457516.0,91503.2,36601.28,512417.9199999999
EMP002007,SG03,280861.0,56172.2,22468.88,314564.32
EMP002008,SG04,410583.0,82116.6,32846.64,459852.96
EMP002009,SG03,311208.0,62241.600000000006,24896.64,348552.96
EMP002010,SG03,291446.0,58289.2,23315.68,326419.52
EMP002011,SG04,575123.0,115024.6,46009.84,644137.76
EMP002012,SG04,,102430.4,40972.16,573610.24
EMP002013,SG05,661034.0,132206.80000000002,52882.72,740358.0800000001
EMP002014,SG01,-156706.0,31341.2,-10000.0,175510.72
EMP002015,SG03,271164.0,54232.8,21693.12,303703.68
EMP002016,SG03,250813.0,50162.600000000006,20065.04,280910.56
EMP002017,SG06,1215028.0,243005.6,-10000.0,1360831.36
EMP002018,SG01,172597.0,34519.4,13807.76,193308.64
EMP002019,SG01,120671.0,24134.2,9653.68,135151.52000000002
EMP002020,SG03,308134.0,61626.8,24650.72,345110.08
EMP002021,SG02,241503.0,48300.600000000006,19320.24,270483.36
EMP002022,SG03,280668.0,56133.600000000006,22453.44,314348.16
EMP002023,SG03,396028.0,79205.6,31682.24,443551.36
EMP002024,SG01,135674.0,27134.800000000003,10853.92,151954.87999999998
EMP002025,SG03,352444.0,70488.8,28195.52,394737.28
EMP002026,SG06,1321880.0,264376.0,105750.4,1480505.6
EMP002027,SG03,328703.0,65740.6,26296.24,368147.36
EMP002028,SG06,1022289.0,204457.8,81783.12,1144963.6800000002
EMP002029,SG06,1228952.0,245790.4,98316.16,1376426.24
EMP002030,SG03,271901.0,54380.2,21752.08,304529.12
EMP002031,SG02,182405.0,36481.0,14592.4,204293.6
EMP002032,SG06,1332664.0,266532.8,106613.12,1492583.6800000002
EMP002033,SG03,309443.0,61888.600000000006,24755.44,346576.16
EMP002034,SG03,288787.0,57757.4,23102.96,323441.44
EMP002035,SG03,273583.0,54716.600000000006,21886.64,306412.96
EMP002036,SG06,916305.0,183261.0,73304.40000000001,1026261.6
EMP002037,SG04,449573.0,89914.6,35965.840000000004,503521.76
EMP002038,SG04,626343.0,125268.6,50107.44,701504.1599999999
EMP002039,SG04,453052.0,90610.4,36244.16,507418.24
EMP002040,SG02,198679.0,39735.8,15894.32,222520.48
EMP002041,SG03,380685.0,76137.0,30454.8,426367.2
EMP002042,SG01,139475.0,27895.0,11158.0,156212.0
EMP002043,SG04,634935.0,126987.0,50794.8,711127.2
EMP002044,SG01,137965.0,27593.0,11037.2,154520.8
EMP002045,SG04,445713.0,89142.6,35657.04,499198.56
EMP002046,SG04,498223.0,99644.6,39857.84,558009.76
EMP002047,SG02,218824.0,43764.8,17505.920000000002,245082.88
EMP002048,SG03,281479.0,56295.8,22518.32,315256.48
EMP002049,SG02,-242418.0,48483.600000000006,19393.44,271508.16
EMP002050,SG04,533117.0,106623.4,42649.36,597091.04
EMP002051,SG06,905779.0,181155.8,72462.32,1014472.48
EMP002052,SG03,269607.0,53921.4,21568.56,301959.84
EMP002053,SG03,352537.0,70507.40000000001,28202.96,394841.44
EMP002054,SG07,2184964.0,436992.8000000001,174797.12,2447159.68
EMP002055,,257936.0,51587.2,20634.88,288888.32
EMP002056,SG06,961994.0,192398.8,76959.52,1077433.28
EMP002057,SG03,321813.0,64362.600000000006,25745.04,360430.56
EMP002058,SG03,329060.0,65812.0,26324.8,368547.2
EMP002059,SG04,636281.0,127256.2,50902.48,712634.72
EMP002060,SG06,944597.0,188919.4,75567.76,1057948.64
EMP002061,SG03,266922.0,53384.4,-10000.0,298952.64
EMP002062,SG06,1098015.0,219603.0,87841.2,1229776.8
EMP002063,SG04,632776.0,126555.2,50622.08,708709.12
EMP002064,SG03,,59297.0,23718.8,332063.2
EMP002065,SG03,,77767.0,31106.8,435495.2
EMP002066,SG06,1060651.0,212130.2,84852.08,1187929.12
EMP002067,SG02,197687.0,39537.4,15814.96,221409.44
EMP002068,SG04,567485.0,113497.0,45398.8,635583.2
EMP002069,SG08,2559412.0,511882.4,204752.96,2866541.44
EMP002070,SG03,288652.0,57730.4,23092.16,323290.24000000005
EMP002071,SG02,210921.0,42184.2,16873.68,236231.52
EMP002072,SG01,144484.0,28896.800000000003,11558.72,161822.08
EMP002073,SG06,1254565.0,250913.0,100365.2,1405112.8
EMP002074,SG06,1375250.0,275050.0,110020.0,1540280.0
EMP002075,SG03,269455.0,53891.0,21556.4,301789.6
EMP002076,SG06,1018963.0,203792.6,81517.04000000001,1141238.56
EMP002077,SG04,544570.0,108914.0,43565.6,609918.4
EMP002078,SG06,1028598.0,205719.6,82287.84,1152029.76
EMP002079,SG03,308641.0,61728.2,24691.28,345677.92000000004
EMP002080,SG06,1145994.0,229198.8,91679.52,1283513.28
EMP002081,SG06,1024420.0,204884.0,81953.6,1147350.4
EMP002082,SG02,218708.0,43741.600000000006,17496.64,244952.96
EMP002083,SG05,879255.0,175851.0,70340.40000000001,984765.6
EMP002084,SG03,326322.0,65264.4,26105.76,365480.64
EMP002085,SG04,410386.0,82077.20000000001,32830.88,459632.32
EMP002086,SG01,155428.0,31085.6,12434.24,174079.36000000002
EMP002087,SG02,191864.0,38372.8,15349.12,214887.68
EMP002088,SG03,377243.0,75448.6,30179.44,422512.16
EMP002089,SG04,599315.0,119863.0,47945.2,671232.8
EMP002090,SG06,1152882.0,230576.4,92230.56,1291227.84
EMP002091,SG04,416944.0,83388.8,33355.520000000004,466977.28
EMP002092,SG03,293366.0,58673.2,23469.28,328569.92000000004
EMP002093,SG03,,53133.8,21253.52,297549.28
EMP002094,SG03,397943.0,79588.6,31835.44,445696.16
EMP002095,SG05,780343.0,156068.6,62427.44,873984.1599999999
EMP002096,SG02,187786.0,37557.2,15022.88,210320.32
EMP002097,SG03,284821.0,56964.2,22785.68,318999.52
EMP002098,SG05,795507.0,159101.40000000002,63640.560000000005,890967.84
EMP002099,SG03,345689.0,69137.8,27655.12,387171.68
EMP002100,SG06,1151758.0,230351.6,92140.64,1289968.9600000002
EMP002101,SG06,926407.0,185281.4,74112.56,1037575.84
EMP002102,SG03,275064.0,55012.8,22005.12,308071.68
EMP002103,SG05,848989.0,169797.80000000002,67919.12,950867.68
EMP002104,SG02,215093.0,43018.600000000006,17207.44,240904.16
EMP002105,SG04,641301.0,128260.2,51304.08,718257.12
EMP002106,SG04,642234.0,128446.8,51378.72,719302.0800000001
EMP002107,SG06,1374294.0,274858.8,109943.52,1539209.28
EMP002108,SG01,166962.0,33392.4,13356.96,186997.44
EMP002109,SG04,637170.0,127434.0,50973.6,713630.4
EMP002110,SG05,725356.0,145071.2,58028.48,812398.72
EMP002111,SG04,413602.0,82720.40000000001,33088.16,463234.24
EMP002112,SG03,377642.0,75528.40000000001,30211.36,422959.04
EMP002113,SG06,1035684.0,207136.8,82854.72,1159966.08
EMP002114,SG03,338639.0,67727.8,27091.12,379275.68
EMP002115,SG06,987729.0,197545.8,79018.32,1106256.48
EMP002116,SG05,795585.0,159117.0,63646.8,891055.2
EMP002117,SG05,809445.0,161889.0,64755.6,906578.4
EMP002118,SG02,223976.0,44795.2,17918.08,250853.12
EMP002119,SG06,1099645.0,219929.0,87971.6,1231602.4
EMP002120,SG03,261136.0,52227.2,20890.88,292472.32
EMP002121,SG04,598859.0,119771.8,47908.72,670722.0800000001
EMP002122,SG02,200389.0,40077.8,16031.12,224435.68
EMP002123,SG04,459489.0,91897.8,36759.12,514627.68000000005
EMP002124,SG04,,94117.0,37646.8,527055.2
EMP002125,SG03,255476.0,51095.2,20438.08,286133.12
EMP002126,SG03,380435.0,76087.0,30434.8,426087.2
EMP002127,SG05,766708.0,153341.6,61336.64,858712.96
EMP002128,SG03,353075.0,70615.0,28246.0,395444.0
EMP002129,SG06,1228639.0,245727.8,98291.12,1376075.6800000002
EMP002130,SG04,497323.0,99464.6,39785.84,557001.76
EMP002131,SG08,2248239.0,449647.8000000001,179859.12,2518027.68
EMP002132,SG03,383217.0,76643.40000000001,30657.36,429203.04
EMP002133,SG03,341654.0,68330.8,27332.32,382652.48
EMP002134,SG01,152257.0,30451.4,12180.56,170527.84
EMP002135,SG04,549434.0,109886.8,43954.72,615366.0800000001
EMP002136,SG02,197987.0,39597.4,15838.96,221745.44
EMP002137,SG03,357671.0,71534.2,28613.68,400591.52
EMP002138,,394979.0,78995.8,31598.32,442376.48
EMP002139,SG07,1802870.0,360574.0,144229.6,2019214.4
EMP002140,SG06,1497994.0,299598.8,119839.52,1677753.28
EMP002141,SG03,257264.0,51452.8,20581.12,288135.68
EMP002142,SG03,388275.0,77655.0,31062.0,434868.0
EMP002143,SG03,300676.0,60135.2,24054.08,336757.12
EMP002144,SG03,334549.0,66909.8,26763.92,374694.88
EMP002145,SG03,261317.0,52263.4,20905.36,292675.04000000004
EMP002146,SG05,843206.0,168641.2,67456.48,944390.72
EMP002147,SG06,1332670.0,266534.0,106613.6,1492590.4
EMP002148,SG06,1349955.0,269991.0,107996.4,1511949.6
EMP002149,SG01,142435.0,28487.0,11394.8,159527.2
EMP002150,SG02,200691.0,40138.2,16055.28,224773.92
EMP002151,SG03,377470.0,75494.0,30197.6,422766.4
EMP002152,SG06,986583.0,197316.6,78926.64,1104972.9600000002
EMP002153,SG06,1032705.0,206541.0,82616.40000000001,1156629.6
EMP002154,SG05,748303.0,149660.6,59864.24,838099.36
EMP002155,SG03,369576.0,73915.2,-10000.0,413925.12
EMP002156,SG03,366939.0,73387.8,29355.12,410971.68
EMP002157,SG03,250006.0,50001.2,20000.48,280006.72000000003
EMP002158,SG05,818805.0,163761.0,65504.4,917061.6
EMP002159,SG06,1062138.0,212427.6,84971.04000000001,1189594.56
EMP002160,SG04,555631.0,111126.2,44450.48,622306.72
EMP002161,SG03,304756.0,60951.2,24380.48,341326.72000000003
EMP002162,SG06,1173748.0,234749.6,93899.84,1314597.76
EMP002163,SG03,271684.0,54336.8,21734.72,304286.08
EMP002164,SG01,162920.0,32584.0,13033.6,182470.4
EMP002165,SG01,127327.0,25465.4,10186.16,142606.24
EMP002166,SG04,466010.0,93202.0,37280.8,521931.2
EMP002167,SG01,136393.0,27278.6,10911.44,152760.16
EMP002168,,256533.0,51306.600000000006,20522.64,287316.96
EMP002169,SG03,393098.0,78619.6,31447.84,440269.76
EMP002170,SG03,395622.0,79124.40000000001,31649.76,443096.64
EMP002171,SG01,138103.0,27620.6,11048.24,154675.36000000002
EMP002172,SG04,633611.0,126722.2,50688.880000000005,709644.32
EMP002173,SG02,249019.0,49803.8,19921.52,278901.28
EMP002174,SG02,198017.0,39603.4,15841.36,221779.04
EMP002175,SG06,1422536.0,284507.2,113802.88,1593240.3199999998
EMP002176,SG05,739508.0,147901.6,59160.64,828248.96
EMP002177,SG02,-203279.0,40655.8,16262.32,227672.48
EMP002178,SG02,243472.0,48694.4,19477.76,272688.64
EMP002179,SG03,272158.0,54431.600000000006,21772.64,304816.96
EMP002180,SG04,436737.0,87347.40000000001,34938.96,489145.44
EMP002181,SG03,260319.0,52063.8,20825.52,291557.28
EMP002182,SG03,341481.0,68296.2,27318.48,382458.72
EMP002183,SG06,1473701.0,294740.2,117896.08,1650545.12
EMP002184,SG06,1082877.0,216575.4,86630.16,1212822.24
EMP002185,SG03,369601.0,73920.2,29568.08,413953.12
EMP002186,SG06,1446892.0,289378.4,115751.36,1620519.0399999998
EMP002187,SG05,,163674.40000000002,65469.76,916576.64
EMP002188,SG06,1111131.0,222226.2,88890.48,1244466.72
EMP002189,SG03,-274729.0,54945.8,21978.32,307696.48
EMP002190,SG02,225519.0,45103.8,-10000.0,252581.28
EMP002191,SG06,1351655.0,270331.0,108132.4,1513853.6
EMP002192,SG02,189192.0,37838.4,15135.36,211895.04
EMP002193,SG02,235941.0,47188.2,18875.28,264253.92000000004
EMP002194,SG03,312622.0,62524.4,25009.76,350136.64
EMP002195,SG01,177407.0,35481.4,14192.56,198695.84
EMP002196,SG02,191624.0,38324.8,15329.92,214618.88
EMP002197,SG06,1319482.0,263896.4,105558.56,1477819.84
EMP002198,SG06,972671.0,194534.2,77813.68000000001,1089391.52
EMP002199,SG06,973329.0,194665.8,77866.32,1090128.48
EMP002200,SG02,249197.0,49839.4,19935.76,279100.64
EMP002201,SG05,770936.0,154187.2,61674.880000000005,863448.32
EMP002202,SG05,763645.0,152729.0,61091.6,855282.4
EMP002203,SG04,413902.0,82780.40000000001,33112.16,463570.24
EMP002204,SG04,637657.0,127531.4,51012.56,714175.8400000001
EMP002205,SG03,304687.0,60937.4,24374.96,341249.44
EMP002206,SG03,394404.0,78880.8,31552.32,441732.48
EMP002207,SG03,353970.0,70794.0,28317.6,396446.4
EMP002208,SG03,277650.0,55530.0,22212.0,310968.0
EMP002209,SG06,1356036.0,271207.2,108482.88,1518760.3199999998
EMP002210,SG03,312265.0,62453.0,24981.2,349736.8
EMP002211,SG03,363741.0,72748.2,29099.28,407389.92
EMP002212,SG01,178460.0,35692.0,14276.8,199875.2
EMP002213,SG04,466121.0,93224.2,37289.68,522055.52
EMP002214,SG01,138490.0,27698.0,11079.2,155108.8
EMP002215,SG05,854503.0,170900.6,68360.24,957043.36
EMP002216,SG04,532053.0,106410.6,42564.24,595899.36
EMP002217,SG05,736619.0,147323.80000000002,58929.52,825013.28
EMP002218,SG05,836342.0,167268.40000000002,66907.36,936703.04
EMP002219,SG03,305999.0,61199.8,24479.92,342718.88
EMP002220,SG04,569195.0,113839.0,45535.6,637498.4
EMP002221,SG03,324135.0,64827.0,25930.8,363031.2
EMP002222,SG01,128973.0,25794.6,10317.84,144449.76
EMP002223,SG03,-342377.0,68475.40000000001,27390.16,383462.2400000001
EMP002224,SG03,396627.0,79325.40000000001,31730.16,444222.2400000001
EMP002225,SG02,208935.0,41787.0,16714.8,234007.2
EMP002226,SG03,380554.0,76110.8,30444.32,426220.48
EMP002227,SG04,456361.0,91272.2,36508.88,511124.32
EMP002228,SG03,331272.0,66254.40000000001,26501.76,371024.64
EMP002229,SG06,1167353.0,233470.6,93388.24,1307435.36
EMP002230,SG06,1311600.0,262320.0,104928.0,1468992.0
EMP002231,SG04,611932.0,122386.4,48954.56,685363.8400000001
EMP002232,SG04,448724.0,89744.8,35897.92,502570.88000000006
EMP002233,SG06,1491161.0,298232.2,119292.88,1670100.3199999998
EMP002234,SG02,222703.0,44540.600000000006,17816.24,249427.36
EMP002235,SG03,265099.0,53019.8,21207.92,296910.88
EMP002236,SG06,990419.0,198083.8,79233.52,1109269.28
EMP002237,SG04,585488.0,117097.6,46839.04,655746.5599999999
EMP002238,SG01,177974.0,35594.8,14237.92,199330.88
EMP002239,SG03,353439.0,70687.8,28275.12,395851.68
EMP002240,SG03,,73590.40000000001,29436.16,412106.2400000001
EMP002241,SG03,292369.0,58473.8,23389.52,327453.28
EMP002242,SG03,298849.0,59769.8,23907.92,334710.88
EMP002243,SG04,557563.0,111512.6,44605.04,624470.5599999999
EMP002244,SG08,2528190.0,505638.0,202255.2,2831572.8
EMP002245,SG03,304852.0,60970.4,24388.16,341434.24000000005
EMP002246,SG02,216576.0,43315.2,17326.08,242565.12
EMP002247,SG03,337858.0,67571.6,27028.64,378400.96
EMP002248,SG06,1033718.0,206743.6,82697.44,1157764.16
EMP002249,SG04,474277.0,94855.4,37942.16,531190.24
EMP002250,SG06,1176302.0,235260.4,94104.16,1317458.24
EMP002251,SG06,1223379.0,244675.8,97870.32,1370184.48
EMP002252,SG06,1352865.0,270573.0,108229.2,1515208.8
EMP002253,SG04,404974.0,80994.8,32397.92,453570.88
EMP002254,SG06,1034349.0,206869.8,82747.92,1158470.88
EMP002255,SG03,264082.0,52816.4,21126.56,295771.84
EMP002256,SG06,1117107.0,223421.4,89368.56,1251159.84
EMP002257,SG03,264216.0,52843.2,21137.28,295921.92000000004
EMP002258,SG04,536888.0,107377.6,42951.04,601314.5599999999
EMP002259,SG06,1093316.0,218663.2,87465.28,1224513.92
EMP002260,SG03,285254.0,57050.8,22820.32,319484.48
EMP002261,SG03,397119.0,79423.8,31769.52,444773.28
EMP002262,SG06,953313.0,190662.6,76265.04000000001,1067710.56
EMP002263,SG06,1357244.0,271448.8,108579.52,1520113.28
EMP002264,SG07,2167686.0,433537.2,173414.88,2427808.3200000003
EMP002265,SG06,1128824.0,225764.8,90305.92,1264282.88
EMP002266,SG03,257044.0,51408.8,20563.52,287889.28
EMP002267,SG06,1461870.0,292374.0,116949.6,1637294.4
EMP002268,SG03,345614.0,69122.8,27649.12,387087.68
EMP002269,SG03,309716.0,61943.2,24777.28,346881.92000000004
EMP002270,SG03,255370.0,51074.0,20429.6,286014.4
EMP002271,SG04,568548.0,113709.6,45483.84,636773.76
EMP002272,SG06,1080471.0,216094.2,86437.68000000001,1210127.52
EMP002273,SG04,629225.0,125845.0,50338.0,704732.0
EMP002274,SG06,994976.0,198995.2,79598.08,1114373.12
EMP002275,SG06,1008073.0,201614.6,80645.84,1129041.76
EMP002276,SG03,390480.0,78096.0,31238.4,437337.6
EMP002277,SG02,220794.0,44158.8,17663.52,247289.28
EMP002278,SG08,2377668.0,475533.6,190213.44,2662988.16
EMP002279,SG03,382566.0,76513.2,30605.28,428473.92
EMP002280,SG03,317095.0,63419.0,25367.6,355146.4
EMP002281,SG03,270182.0,54036.4,21614.56,302603.84
EMP002282,SG02,242773.0,48554.600000000006,19421.84,271905.75999999995
EMP002283,SG03,305953.0,61190.600000000006,24476.24,342667.36
EMP002284,SG06,909682.0,181936.4,72774.56,1018843.84
EMP002285,SG03,361740.0,72348.0,28939.2,405148.8
EMP002286,SG04,552880.0,110576.0,44230.4,619225.6
EMP002287,SG04,644294.0,128858.8,51543.52,721609.28
EMP002288,SG03,256450.0,51290.0,20516.0,287224.0
EMP002289,SG03,334144.0,66828.8,26731.52,374241.28
EMP002290,SG06,912844.0,182568.8,73027.52,1022385.28
EMP002291,SG06,1372505.0,274501.0,109800.4,1537205.6
EMP002292,SG05,787929.0,157585.80000000002,63034.32,882480.4800000001
EMP002293,SG03,313470.0,62694.0,25077.6,351086.4
EMP002294,SG02,182115.0,36423.0,14569.2,203968.8
EMP002295,SG04,626818.0,125363.6,50145.44,702036.1599999999
EMP002296,SG06,,251738.8,100695.52,1409737.28
EMP002297,SG08,2864879.0,572975.8,229190.32,3208664.48
EMP002298,SG02,182760.0,36552.0,14620.8,204691.2
EMP002299,SG06,1159545.0,231909.0,92763.6,1298690.4
EMP002300,SG07,1551143.0,310228.60000000003,124091.44,1737280.16
EMP002301,SG02,,42733.600000000006,17093.44,239308.16
EMP002302,SG03,253484.0,50696.8,20278.72,283902.08
EMP002303,,313978.0,62795.600000000006,25118.24,351655.36
EMP002304,SG05,805468.0,161093.6,64437.44,902124.16
EMP002305,SG03,387796.0,77559.2,31023.68,434331.52
EMP002306,SG06,1021902.0,204380.4,81752.16,1144530.24
EMP002307,SG03,359627.0,71925.40000000001,28770.16,402782.2400000001
EMP002308,SG05,796977.0,159395.40000000002,63758.16,892614.24
EMP002309,SG06,944530.0,188906.0,75562.40000000001,1057873.6
EMP002310,SG02,191632.0,38326.4,-10000.0,214627.84
EMP002311,SG05,850930.0,170186.0,-10000.0,953041.6
EMP002312,SG04,472314.0,94462.8,37785.12,528991.68
EMP002313,SG06,1449021.0,289804.2,115921.68,1622903.52
EMP002314,SG03,381555.0,76311.0,30524.4,427341.6
EMP002315,SG02,247316.0,49463.2,19785.28,276993.92000000004
EMP002316,SG06,1078579.0,215715.8,86286.32,1208008.48
EMP002317,SG04,-447615.0,89523.0,35809.200000000004,501328.8
EMP002318,SG06,1379657.0,275931.4,110372.56,1545215.84
EMP002319,SG02,181216.0,36243.2,14497.28,202961.92
EMP002320,SG02,218019.0,43603.8,17441.52,244181.28
EMP002321,,968890.0,193778.0,77511.2,1085156.8
EMP002322,SG01,169044.0,33808.8,13523.52,189329.28
EMP002323,SG08,2482559.0,496511.8000000001,198604.72,2780466.08
EMP002324,SG01,147698.0,29539.6,11815.84,165421.76
EMP002325,SG06,1163943.0,232788.6,93115.44,1303616.16
EMP002326,SG02,198781.0,39756.2,15902.48,222634.72
EMP002327,SG04,630472.0,126094.4,50437.76,706128.64
EMP002328,SG03,317540.0,63508.0,25403.2,355644.8
EMP002329,SG05,765265.0,153053.0,61221.2,857096.8
EMP002330,SG08,3076462.0,615292.4,246116.96,3445637.44
EMP002331,SG01,163665.0,32733.0,13093.2,183304.8
EMP002332,SG02,201623.0,40324.600000000006,16129.84,225817.76
EMP002333,SG04,557403.0,111480.6,44592.24,624291.36
EMP002334,SG05,778234.0,155646.80000000002,62258.72,871622.0800000001
EMP002335,SG06,1404423.0,280884.60000000003,112353.84,1572953.76
EMP002336,SG04,402432.0,80486.40000000001,32194.56,450723.84
EMP002337,SG06,,188246.8,75298.72,1054182.08
EMP002338,,1447552.0,289510.4,115804.16,1621258.24
EMP002339,SG06,1496908.0,299381.60000000003,119752.64,1676536.9600000002
EMP002340,SG04,489723.0,97944.6,39177.84,548489.76
EMP002341,,381375.0,76275.0,30510.0,427140.0
EMP002342,SG04,466646.0,93329.2,37331.68,522643.52
EMP002343,SG03,397964.0,79592.8,31837.12,445719.68
EMP002344,SG06,1309900.0,261980.0,104792.0,1467088.0
EMP002345,SG03,265889.0,53177.8,21271.12,297795.68
EMP002346,SG02,217809.0,43561.8,17424.72,243946.08
EMP002347,SG01,139534.0,27906.800000000003,11162.72,156278.08
EMP002348,SG02,214008.0,42801.600000000006,17120.64,239688.96
EMP002349,SG03,295773.0,59154.600000000006,23661.84,331265.75999999995
EMP002350,SG03,363760.0,72752.0,29100.8,407411.2
EMP002351,SG03,290355.0,58071.0,23228.4,325197.6
EMP002352,SG02,230454.0,46090.8,18436.32,258108.48
EMP002353,SG06,1479171.0,295834.2,118333.68,1656671.52
EMP002354,SG04,529984.0,105996.8,42398.72,593582.0800000001
EMP002355,SG03,297261.0,59452.2,23780.88,332932.32
EMP002356,SG03,331392.0,66278.40000000001,26511.36,371159.04
EMP002357,SG03,261205.0,52241.0,20896.4,292549.6
EMP002358,SG04,570872.0,114174.4,45669.76,639376.64
EMP002359,SG08,2788378.0,557675.6,223070.24,3122983.3600000003
EMP002360,SG05,793334.0,158666.80000000002,63466.72,888534.0800000001
EMP002361,SG06,1416012.0,283202.4,113280.96,1585933.44
EMP002362,SG06,1327611.0,265522.2,106208.88,1486924.3199999998
EMP002363,SG06,1331602.0,266320.4,106528.16,1491394.24
EMP002364,,,72838.2,29135.28,407893.92
EMP002365,SG03,335154.0,67030.8,26812.32,375372.48
EMP002366,SG01,176487.0,35297.4,14118.96,197665.44
EMP002367,SG06,1468703.0,293740.60000000003,-10000.0,1644947.36
EMP002368,SG04,508932.0,101786.4,40714.56,570003.8400000001
EMP002369,SG06,1473775.0,294755.0,117902.0,1650628.0
EMP002370,SG03,386594.0,77318.8,30927.52,432985.28
EMP002371,SG03,322172.0,64434.4,25773.76,360832.64
EMP002372,SG03,303911.0,60782.2,24312.88,340380.32
EMP002373,SG06,1257693.0,251538.6,100615.44,1408616.16
EMP002374,SG04,503571.0,100714.2,40285.68,563999.5199999999
EMP002375,SG06,1404671.0,280934.2,112373.68,1573231.52
EMP002376,SG01,132126.0,26425.2,10570.08,147981.12000000002
EMP002377,SG03,308396.0,61679.2,24671.68,345403.52
EMP002378,SG03,353523.0,70704.6,28281.84,395945.76
EMP002379,SG08,3111639.0,622327.8,248931.12,3485035.68
EMP002380,SG05,686876.0,137375.2,54950.08,769301.12
EMP002381,SG05,849586.0,169917.2,-10000.0,951536.32
EMP002382,SG03,288269.0,57653.8,23061.52,322861.28
EMP002383,SG05,823269.0,164653.80000000002,65861.52,922061.28
EMP002384,SG08,3169366.0,633873.2000000001,253549.28,3549689.9200000004
EMP002385,SG02,189037.0,37807.4,15122.96,211721.44
EMP002386,SG04,637297.0,127459.4,50983.76,713772.64
EMP002387,SG04,554301.0,110860.2,44344.08,620817.12
EMP002388,SG03,284463.0,56892.600000000006,22757.04,318598.56
EMP002389,SG06,1400009.0,280001.8,112000.72,1568010.08
EMP002390,SG04,632507.0,126501.4,50600.56,708407.8400000001
EMP002391,SG03,316296.0,63259.2,25303.68,354251.52
EMP002392,SG02,219601.0,43920.2,17568.08,245953.12
EMP002393,SG04,,82554.0,33021.6,462302.4
EMP002394,SG02,228530.0,45706.0,18282.4,255953.6
EMP002395,SG03,279738.0,55947.600000000006,22379.04,313306.56
EMP002396,SG04,603036.0,120607.2,48242.88,675400.32
EMP002397,SG03,273651.0,54730.2,21892.08,306489.12
EMP002398,SG06,1068621.0,213724.2,85489.68000000001,1196855.52
EMP002399,SG05,817511.0,163502.2,-10000.0,915612.32
EMP002400,SG03,353295.0,70659.0,28263.6,395690.4
EMP002401,SG04,598556.0,119711.2,47884.48,670382.72
EMP002402,SG03,357554.0,71510.8,28604.32,400460.48
EMP002403,SG06,,265786.60000000003,106314.64,1488404.9600000002
EMP002404,SG04,640048.0,128009.6,51203.84,716853.76
EMP002405,SG03,359766.0,71953.2,28781.28,402937.92
EMP002406,SG06,910611.0,182122.2,72848.88,1019884.32
EMP002407,SG04,511576.0,102315.2,40926.08,572965.12
EMP002408,SG03,321869.0,64373.8,25749.52,360493.28
EMP002409,SG03,298696.0,59739.2,23895.68,334539.52
EMP002410,SG03,328064.0,65612.8,26245.12,367431.68
EMP002411,SG03,374696.0,74939.2,29975.68,419659.52
EMP002412,SG03,,58054.2,23221.68,325103.52
EMP002413,SG04,466958.0,93391.6,37356.64,522992.96
EMP002414,SG05,756163.0,151232.6,60493.04,846902.5599999999
EMP002415,SG03,398805.0,79761.0,31904.4,446661.6
EMP002416,SG03,397883.0,79576.6,31830.64,445628.96
EMP002417,SG03,336134.0,67226.8,26890.72,376470.08
EMP002418,SG03,381205.0,76241.0,30496.4,426949.6
EMP002419,SG05,863450.0,172690.0,69076.0,967064.0
EMP002420,SG03,383237.0,76647.40000000001,30658.96,429225.44
EMP002421,SG04,,90682.0,36272.8,507819.2
EMP002422,SG04,556103.0,111220.6,44488.24,622835.36
EMP002423,SG06,1011093.0,202218.6,80887.44,1132424.16
EMP002424,SG03,271183.0,54236.600000000006,21694.64,303724.96
EMP002425,SG02,221851.0,44370.2,17748.08,248473.12
EMP002426,SG08,2264681.0,452936.2,181174.48,2536442.72
EMP002427,SG03,365900.0,73180.0,29272.0,409808.0
EMP002428,SG04,629009.0,125801.8,50320.72,704490.0800000001
EMP002429,SG03,386089.0,77217.8,30887.12,432419.68
EMP002430,SG01,167698.0,33539.6,13415.84,187821.76
EMP002431,SG06,1094970.0,218994.0,87597.6,1226366.4
EMP002432,SG03,336487.0,67297.40000000001,26918.96,376865.44
EMP002433,SG03,367195.0,73439.0,29375.6,411258.4
EMP002434,SG04,415159.0,83031.8,33212.72,464978.08
EMP002435,SG06,1428989.0,285797.8,114319.12,1600467.6800000002
EMP002436,SG03,344222.0,68844.40000000001,27537.76,385528.64
EMP002437,SG01,125725.0,25145.0,10058.0,140812.0
EMP002438,SG06,939021.0,187804.2,75121.68000000001,1051703.52
EMP002439,SG03,317363.0,63472.600000000006,25389.04,355446.56
EMP002440,SG04,613553.0,122710.6,-10000.0,687179.36
EMP002441,SG03,259736.0,51947.2,20778.88,290904.32
EMP002442,SG02,196115.0,39223.0,15689.2,219648.8
EMP002443,SG03,352616.0,70523.2,28209.28,394929.92
EMP002444,SG04,629672.0,125934.4,50373.76,705232.64
EMP002445,SG03,369929.0,73985.8,29594.32,414320.48
EMP002446,SG03,-264392.0,52878.4,21151.36,296119.04000000004
EMP002447,,127084.0,25416.800000000003,10166.72,142334.08
EMP002448,SG01,175524.0,35104.8,14041.92,196586.88
EMP002449,SG02,201894.0,40378.8,16151.52,226121.28
EMP002450,SG04,416047.0,83209.40000000001,33283.76,465972.64
EMP002451,SG08,,498812.4,199524.96,2793349.44
EMP002452,SG02,188045.0,37609.0,15043.6,210610.4
EMP002453,SG03,374592.0,74918.40000000001,29967.36,419543.04
EMP002454,SG04,589840.0,117968.0,47187.2,660620.8
EMP002455,SG03,351772.0,70354.40000000001,28141.76,393984.64
EMP002456,SG03,299053.0,59810.600000000006,23924.24,334939.36
EMP002457,SG06,1449306.0,289861.2,115944.48,1623222.72
EMP002458,SG03,363288.0,72657.6,29063.04,406882.56
EMP002459,,1051054.0,210210.8,84084.32,1177180.48
EMP002460,SG06,1057145.0,211429.0,84571.6,1184002.4
EMP002461,SG03,390516.0,78103.2,31241.28,437377.92
EMP002462,SG01,132083.0,26416.6,10566.64,147932.96000000002
EMP002463,SG02,192530.0,38506.0,15402.4,215633.6
EMP002464,SG06,963506.0,192701.2,77080.48,1079126.72
EMP002465,SG04,483033.0,96606.6,38642.64,540996.96
EMP002466,SG06,904612.0,180922.4,72368.96,1013165.44
EMP002467,SG02,226828.0,45365.600000000006,18146.24,254047.36
EMP002468,SG03,287245.0,57449.0,22979.6,321714.4
EMP002469,SG06,1470198.0,294039.60000000003,117615.84,1646621.76
EMP002470,SG08,2902769.0,580553.8,232221.52,3251101.28
EMP002471,SG03,328701.0,65740.2,26296.08,368145.12
EMP002472,SG01,125989.0,25197.800000000003,10079.12,141107.68
EMP002473,SG03,,72740.2,29096.08,407345.12
EMP002474,SG05,772381.0,154476.2,61790.48,865066.72
EMP002475,SG01,147629.0,29525.800000000003,11810.32,165344.47999999998
EMP002476,SG06,1336480.0,267296.0,106918.4,1496857.6
EMP002477,SG03,278691.0,55738.2,22295.28,312133.92000000004
EMP002478,SG03,338040.0,67608.0,27043.2,378604.8
EMP002479,SG03,288332.0,57666.4,23066.56,322931.84
EMP002480,SG03,261573.0,52314.600000000006,20925.84,292961.75999999995
EMP002481,SG06,1414740.0,282948.0,113179.2,1584508.8
EMP002482,SG04,646783.0,129356.6,-10000.0,724396.96
EMP002483,SG01,128849.0,25769.800000000003,10307.92,144310.87999999998
EMP002484,SG02,195025.0,39005.0,15602.0,218428.0
EMP002485,SG01,-129999.0,25999.800000000003,10399.92,145598.87999999998
EMP002486,SG06,975614.0,195122.8,78049.12,1092687.6800000002
EMP002487,SG04,459242.0,91848.4,36739.36,514351.04
EMP002488,SG03,277844.0,55568.8,22227.52,311185.28
EMP002489,SG06,903037.0,180607.4,72242.96,1011401.44
EMP002490,SG03,265624.0,53124.8,21249.92,297498.88
EMP002491,SG04,620412.0,124082.4,49632.96,694861.4400000001
EMP002492,SG03,289265.0,57853.0,23141.2,323976.8
EMP002493,SG04,436070.0,87214.0,34885.6,488398.4
EMP002494,SG06,1225393.0,245078.6,98031.44,1372440.16
EMP002495,SG03,366318.0,73263.6,29305.44,410276.16
EMP002496,SG06,1381679.0,276335.8,110534.32,1547480.48
EMP002497,SG03,297696.0,59539.2,23815.68,333419.52
EMP002498,SG02,182788.0,36557.6,14623.04,204722.56
EMP002499,SG05,871618.0,174323.6,69729.44,976212.16
EMP002500,SG04,552240.0,110448.0,44179.2,618508.8
EMP000350,SG06,1411394.0,282278.8,112911.52,1580761.28
EMP001626,SG05,694433.0,138886.6,55554.64,777764.96
EMP001502,SG03,359983.0,71996.6,28798.64,403180.96
EMP002110,SG05,725356.0,145071.2,58028.48,812398.72
EMP000642,SG03,380175.0,76035.0,30414.0,425796.0
EMP000064,SG03,271485.0,54297.0,21718.8,304063.2
EMP000672,SG03,261472.0,52294.4,20917.76,292848.64
EMP002179,SG03,272158.0,54431.600000000006,21772.64,304816.96
EMP001041,SG02,223065.0,44613.0,17845.2,249832.8
EMP001835,SG04,461064.0,92212.8,36885.12,516391.68000000005
EMP002422,SG04,556103.0,111220.6,44488.24,622835.36
EMP001821,SG03,255875.0,51175.0,20470.0,286580.0
EMP000159,SG03,299196.0,59839.2,23935.68,335099.52
EMP001081,SG03,303027.0,60605.4,24242.16,339390.24000000005
EMP000095,SG01,130741.0,26148.2,10459.28,146429.92
EMP000973,SG01,147391.0,29478.2,11791.28,165077.92
EMP000913,SG03,-331289.0,66257.8,26503.12,371043.68
EMP002187,SG05,,163674.40000000002,65469.76,916576.64
EMP000740,SG01,134057.0,26811.4,10724.56,150143.84
EMP001878,SG05,703262.0,140652.4,56260.96,787653.4400000001
EMP002267,SG06,1461870.0,292374.0,116949.6,1637294.4
EMP002474,SG05,772381.0,154476.2,61790.48,865066.72
EMP000289,SG03,271779.0,54355.8,21742.32,304392.48
EMP000067,SG06,973321.0,194664.2,77865.68000000001,1090119.52
EMP002447,,127084.0,25416.800000000003,10166.72,142334.08
EMP000768,SG03,253962.0,50792.4,20316.96,284437.44
EMP001046,SG02,247235.0,49447.0,19778.8,276903.2
EMP001323,SG04,494564.0,98912.8,39565.12,553911.68
EMP000412,SG06,1333574.0,266714.8,106685.92,1493602.88
EMP002106,SG04,642234.0,128446.8,51378.72,719302.0800000001
EMP000261,SG04,602160.0,120432.0,48172.8,674419.2
EMP000021,SG03,317899.0,63579.8,25431.92,356046.88
EMP002102,SG03,275064.0,55012.8,22005.12,308071.68
EMP000248,SG06,1081384.0,216276.8,86510.72,1211150.08
EMP000779,SG02,205076.0,41015.2,16406.08,229685.12
EMP001259,SG04,435540.0,87108.0,34843.2,487804.8
EMP001917,SG03,337066.0,67413.2,26965.28,377513.92
EMP000532,SG03,333879.0,66775.8,26710.32,373944.48
EMP001179,SG03,375203.0,75040.6,30016.24,420227.36
EMP000169,SG03,327506.0,65501.2,26200.48,366806.72
EMP000127,SG04,535746.0,107149.2,42859.68,600035.5199999999
EMP000334,SG06,1154863.0,230972.6,92389.04,1293446.56
EMP001067,SG03,365870.0,73174.0,29269.6,409774.4
EMP001808,SG06,1106279.0,221255.8,88502.32,1239032.48
EMP001714,SG02,,39723.2,15889.28,222449.92
EMP002278,SG08,2377668.0,475533.6,190213.44,2662988.16
EMP001201,SG06,1232837.0,246567.4,98626.96,1380777.44
EMP001724,SG04,610293.0,122058.6,48823.44,683528.1599999999
EMP002241,SG03,292369.0,58473.8,23389.52,327453.28
EMP000604,SG08,2391154.0,478230.8000000001,191292.32,2678092.48
EMP000827,SG07,1973812.0,394762.4,157904.96,2210669.44
EMP001162,SG06,1099181.0,219836.2,87934.48,1231082.72
EMP001023,SG04,473110.0,94622.0,37848.8,529883.2
EMP001355,SG04,641370.0,128274.0,51309.6,718334.4
EMP000699,SG03,388582.0,77716.40000000001,31086.56,435211.84
EMP001689,SG06,1402530.0,280506.0,112202.4,1570833.6
EMP001979,SG06,1192668.0,238533.6,95413.44,1335788.16
EMP000423,SG06,1226525.0,245305.0,98122.0,1373708.0
EMP000204,SG03,393146.0,78629.2,31451.68,440323.52
EMP000110,SG02,-247713.0,49542.600000000006,19817.04,277438.56
EMP001144,SG01,171866.0,34373.200000000004,13749.28,192489.92
EMP001645,SG08,2661301.0,532260.2000000001,212904.08,2980657.12
EMP002129,SG06,1228639.0,245727.8,98291.12,1376075.6800000002
EMP001423,SG03,340701.0,68140.2,27256.08,381585.12
EMP001388,SG04,450131.0,90026.20000000001,36010.48,504146.72
EMP000576,SG03,373416.0,74683.2,29873.28,418225.92
EMP001822,SG05,690241.0,138048.2,55219.28,773069.9199999999
EMP000271,SG08,3024524.0,604904.8,241961.92,3387466.88
EMP000570,SG05,843284.0,168656.80000000002,67462.72,944478.08
EMP000759,SG04,462448.0,92489.6,36995.84,517941.76
EMP002488,SG03,277844.0,55568.8,22227.52,311185.28
EMP002305,SG03,387796.0,77559.2,31023.68,434331.52
EMP000947,SG03,335200.0,67040.0,26816.0,375424.0
EMP002473,SG03,,72740.2,29096.08,407345.12
EMP001187,SG01,173242.0,34648.4,13859.36,194031.04
EMP002480,SG03,261573.0,52314.600000000006,20925.84,292961.75999999995
EMP000083,SG01,173744.0,34748.8,13899.52,194593.28
EMP000456,SG03,277796.0,55559.2,22223.68,311131.52
EMP000861,SG06,1480864.0,296172.8,118469.12,1658567.6800000002
EMP000689,SG04,532255.0,106451.0,42580.4,596125.6
EMP000632,SG03,307440.0,61488.0,24595.2,344332.8
EMP001129,SG02,,44530.2,17812.08,249369.12
EMP000398,SG03,253247.0,50649.4,20259.76,283636.64
EMP000374,SG06,1200447.0,240089.4,96035.76,1344500.64
EMP000638,SG04,474167.0,94833.4,37933.36,531067.04
EMP000722,SG08,2614930.0,522986.0,209194.4,2928721.6
EMP000425,SG03,355406.0,71081.2,28432.48,398054.72
EMP000942,SG06,1379037.0,275807.4,110322.96,1544521.44
EMP001107,SG03,346009.0,69201.8,27680.72,387530.08
EMP000097,SG07,1679804.0,335960.80000000005,134384.32,1881380.48
EMP002214,SG01,138490.0,27698.0,11079.2,155108.8
EMP001439,SG01,168052.0,33610.4,13444.16,188218.24
EMP002354,SG04,529984.0,105996.8,42398.72,593582.0800000001
EMP001965,SG02,214346.0,42869.2,17147.68,240067.52
EMP001978,SG03,388975.0,77795.0,31118.0,435652.0
EMP001117,SG01,152109.0,30421.800000000003,12168.72,170362.08
EMP000091,SG03,349210.0,69842.0,27936.8,391115.2
EMP002476,SG06,1336480.0,267296.0,106918.4,1496857.6
EMP000754,SG02,231376.0,46275.2,-10000.0,259141.12
EMP001534,SG01,,26653.800000000003,10661.52,149261.28
