CandidateID,FirstName,LastName,DepartmentID,JobRoleID,ApplicationDate,RecruitmentSource,Stage
CAN000001,Agnes,Okafor,DEP010,JR071,2023-01-07,Company Website,Rejected
CAN000002,Elizabeth,Adeyemi,DEP015,JR106,2021-04-20,LinkedIn,Interviewed
CAN000003,Mary,Adeyemi,DEP015,JR105,2019-08-19,Job Portal,Applied
CAN000004,Peter,Ojo,DEP013,JR090,2025-03-26,Job Portal,Hired
CAN000005,Peter,Balogun,DEP001,JR006,2021-02-24,Company Website,Hired
CAN000006,Emmanuel,Okafor,DEP005,JR036,2025-08-18,Campus Recruitment,Rejected
CAN000007,Daniel,Obi,DEP012,JR088,2020-12-21,Referral,Shortlisted
CAN000008,John,Ojo,DEP010,JR071,2019-05-09,Company Website,Interviewed
CAN000009,Comfort,Olawale,DEP011,JR075,2020-10-15,Referral,Shortlisted
CAN000010,John,Adetokunbo,DEP012,JR087,2023-03-09,Campus Recruitment,Rejected
CAN000011,Joseph,Oshodi,DEP003,JR022,2023-05-24,LinkedIn,Appliedd
CAN000012,,Eze,DEP007,JR052,2022-11-07,Company Website,Applied
CAN000013,Hope,Uche,DEP013,JR094,2020-03-09,Campus Recruitment,Offered
CAN000014,Nathaniel,Oyekan,DEP005,JR037,2021-11-27,Campus Recruitment,Shortlisted
CAN000015,Stephen,Adetokunbo,DEP010,JR072,2019-01-15,Company Website,Shortlisted
CAN000016,Joy,Obasanjo,DEP006,JR043,2025-10-08,Company Website,Rejected
CAN000017,John,Eze,DEP001,JR006,2021-04-09,Job Portal,Interview
CAN000018,Simon,Uche,DEP010,JR071,2019-06-20,Job Portal,Interviewed
CAN000019,Juliet,Chukwu,DEP001,JR006,2022-11-01,Job Portal,Shortlisted
CAN000020,Nathaniel,Nnamani,DEP011,JR081,2023-02-07,Referral,Interview
CAN000021,Mark,Obasanjo,DEP008,JR059,2025-10-08,Company Website,Offered
CAN000022,Mary,Adetokunbo,DEP007,JR051,2024-06-06,Company Website,Rejected
CAN000023,Esther,Olawale,DEP013,JR090,2022-04-24,Campus Recruitment,Offered
CAN000024,Faith,Adeyemi,DEP010,JR072,2025-08-23,LinkedIn,Rejected
CAN000025,Angela,Abiola,DEP007,JR054,2019-12-04,Company Website,Shortlisted
CAN000026,Simon,Obasanjo,DEP001,JR008,2024-02-08,LinkedIn,Rejected
CAN000027,Hope,Oshodi,DEP002,JR010,2022-04-02,Campus Recruitment,Interviewed
CAN000028,Gabriel,Oshodi,DEP014,JR095,2025-05-28,Job Portal,Applied
CAN000029,Mary,Eze,DEP015,JR106,2023-05-09,Job Portal,Shortlisted
CAN000030,Samuel,Akinwale,DEP010,JR071,2019-01-22,Company Website,Interviewed
CAN000031,Sarah,Okafor,DEP006,JR044,2020-01-01,Campus Recruitment,Interviewed
CAN000032,Deborah,Obasanjo,DEP012,JR083,2019-09-11,LinkedIn,Shortlisted
CAN000033,Joshua,Eze,DEP011,JR078,2024-09-08,LinkedIn,Interviewed
CAN000034,Samuel,Oshodi,DEP003,JR024,2022-02-07,LinkedIn,Rejected
CAN000035,Samuel,Obasanjo,DEP004,JR026,2023-02-21,Job Portal,Shortlisted
CAN000036,James,Eze,DEP001,JR007,2021-10-06,LinkedIn,Applied
CAN000037,Nathaniel,Akinwale,DEP007,JR057,2019-08-04,Job Portal,Rejected
CAN000038,Deborah,Balogun,DEP011,JR078,2024-12-04,Indeed,Applied
CAN000039,Sarah,Abiola,DEP006,JR046,2021-07-25,LinkedIn,Hired
CAN000040,Joshua,Obi,DEP002,JR013,2021-07-08,Referral,Rejected
CAN000041,Joshua,Okonkwo,DEP003,JR019,2020-01-28,Indeed,Shortlisted
CAN000042,Patience,Adetokunbo,DEP011,JR080,2020-02-12,Company Website,Hired
CAN000043,Philip,Ibrahim,DEP005,JR039,2020-02-04,Campus Recruitment,Rejected
CAN000044,Grace,,DEP012,JR087,2022-04-24,Job Portal,Interviewed
CAN000045,Agnes,Chukwu,DEP004,JR029,2025-06-20,Job Portal,Shortlisted
CAN000046,Ruth,Obasanjo,DEP009,JR064,2020-10-19,Job Portal,Rejected
CAN000047,Paul,Adeyemi,DEP014,JR096,2024-12-01,Campus Recruitment,Interviewed
CAN000048,Joshua,Olawale,DEP003,JR019,2023-06-25,Referral,Shortlisted
CAN000049,Ruth,Obasanjo,DEP006,JR046,2025-06-21,Referral,Shortlisted
CAN000050,Philip,Olawale,DEP015,JR105,2023-08-11,Company Website,Applied
CAN000051,Comfort,Oshodi,DEP003,JR018,2025-03-07,Campus Recruitment,Shortlisted
CAN000052,Simon,Ojo,DEP004,JR028,2022-09-28,Campus Recruitment,Shortlisted
CAN000053,Ruth,Abiola,DEP011,JR074,2019-11-08,Company Website,Applied
CAN000054,Cornelius,Nnamani,DEP007,JR051,2023-08-22,Job Portal,Applied
CAN000055,Faith,Obi,DEP015,JR105,2019-10-11,Job Portal,Applied
CAN000056,,Oshodi,DEP010,JR073,2025-01-07,Company Website,Offered
CAN000057,Hope,Okonkwo,DEP005,JR037,2023-05-05,Referral ,Rejected
CAN000058,Mark,Eze,DEP002,JR012,2023-04-08,LinkedIn,Applied
CAN000059,Joy,Ogunleye,DEP002,JR013,2022-12-16,Company Website,Offered
CAN000060,Cornelius,Abiola,DEP015,JR104,2019-04-08,LinkedIn,Interviewed
CAN000061,Ruth,Balogun,DEP004,JR030,2021-07-24,Campus Recruitment,Shortlisted
CAN000062,Blessing,Obasanjo,DEP013,JR093,2021-08-22,Company Website,Hired
CAN000063,Simon,Oyekan,DEP012,JR082,2021-05-01,Company Website,Applied
CAN000064,Hope,Obi,DEP010,JR072,2024-09-08,Campus Recruitment,Hired
CAN000065,Blessing,Adeyemi,DEP012,JR083,2019-06-02,LinkedIn,Interviewed
CAN000066,Patience,Balogun,DEP009,JR064,2025-05-17,LinkedIn,Hired
CAN000067,David,Obi,DEP001,JR007,2025-11-23,Company Website,Interviewed
CAN000068,Samuel,Olawale,DEP013,JR094,2024-09-13,Company Website,Shortlisted
CAN000069,Sarah,Ojo,DEP003,JR022,2020-12-09,Company Website,Shortlisted
CAN000070,,Abiola,DEP002,JR015,2020-12-25,Job Portal,Shortlisted
CAN000071,Andrew,Abiola,DEP011,JR076,2020-01-23,Campus Recruitment,Offered
CAN000072,Grace,Chukwu,DEP014,JR097,2024-01-09,Referral,Hired
CAN000073,Michael,Ogunleye,DEP009,JR064,2024-08-10,Company Website,Rejected
CAN000074,Angela,Ekwueme,DEP006,JR049,2022-02-20,LinkedIn,Offered
CAN000075,Patience,Adeyemi,DEP012,JR087,2021-11-10,Company Website,Hired
CAN000076,Benjamin,Ibrahim,DEP006,JR048,2021-11-18,LinkedIn,Hired
CAN000077,Gloria,Ekwueme,DEP004,JR032,2024-07-17,Company Website,Rejected
CAN000078,Nathaniel,Olawale,DEP002,JR009,2019-10-20,Company Website,Hired
CAN000079,Michael,,DEP013,JR094,2023-12-12,Job Portal,Offered
CAN000080,Victoria,Balogun,DEP011,JR074,2025-06-23,Referral,Hired
CAN000081,Samuel,Ojo,DEP004,JR031,2019-10-21,LinkedIn,Interviewed
CAN000082,Paul,Adeyemi,DEP001,JR001,2024-05-14,LinkedIn,Applied
CAN000083,Grace,Nnamani,DEP010,JR073,2025-11-20,LinkedIn,Applied
CAN000084,Daniel,Ogunleye,DEP012,JR087,2024-07-20,LinkedIn,Interviewed
CAN000085,Joy,Okafor,DEP007,JR057,2025-06-16,Campus Recruitment,Applied
CAN000086,Gabriel,Nnamani,DEP002,JR009,2025-07-18,Referral,Offered
CAN000087,Mary,Olawale,DEP003,JR022,2021-05-01,Referral,Hired
CAN000088,Deborah,Adetokunbo,DEP015,JR104,2025-03-12,Company Website,Interviewed
CAN000089,Joy,Obi,DEP010,JR070,2022-01-04,Job Portal,Hired
CAN000090,Blessing,Adeyemi,DEP011,JR074,2021-03-02,Referral,Hired
CAN000091,Elizabeth,Ojo,DEP004,JR025,2019-01-07,Referral,Offered
CAN000092,Benjamin,Okafor,DEP003,JR024,2019-06-16,Job Portal,Shortlisted
CAN000093,Grace,Okafor,DEP010,JR073,2024-12-18,Referral,Offered
CAN000094,Joshua,Okonkwo,DEP001,JR002,2024-07-27,Referral,Interviewed
CAN000095,Gabriel,Abiola,DEP011,JR077,2021-05-15,Company Website,Offered
CAN000096,David,Okonkwo,DEP002,JR014,2021-10-02,Campus Recruitment,Interviewed
CAN000097,Simon,Obasanjo,DEP014,JR099,2022-05-24,Company Website,Applied
CAN000098,Mark,Obi,DEP013,JR091,2023-10-23,Campus Recruitment,Applied
CAN000099,Peter,Oyekan,DEP002,JR015,2023-10-23,Job Portal,Applied
CAN000100,Juliet,Ibrahim,DEP013,JR089,2019-07-26,NIL,Interviewed
CAN000101,Ruth,Adetokunbo,DEP003,JR021,2024-05-15,LinkedIn,Applied
CAN000102,Victoria,Obasanjo,DEP011,JR076,2020-10-08,Campus Recruitment,Applied
CAN000103,James,Abiola,DEP013,JR090,2020-12-18,Company Website,Shortlisted
CAN000104,Emmanuel,Akinwale,DEP001,JR007,2020-11-09,Company Website,Interviewed
CAN000105,Comfort,Ogunleye,DEP013,JR094,2019-02-14,Company Website,Interviewed
CAN000106,Agnes,Ekwueme,DEP004,JR031,2020-05-01,Referral,Rejected
CAN000107,Sarah,Obasanjo,DEP013,JR092,2020-08-16,LinkedIn,Shortlisted
CAN000108,Philip,Olawale,DEP004,JR026,2020-03-09,Campus Recruitment,Interviewed
CAN000109,Comfort,Obasanjo,DEP003,JR022,2019-07-16,Campus Recruitment,Hired
CAN000110,Blessing,Oyekan,DEP007,JR051,2021-06-23,Campus Recruitment,Interviewed
CAN000111,Comfort,Ojo,DEP007,JR055,2025-08-17,Job Portal,Applied
CAN000112,Sarah,Abiola,DEP004,JR034,2021-12-01,Company Website,Hired
CAN000113,Patience,Balogun,DEP001,JR008,2024-03-11,Campus Recruitment,Shortlisted
CAN000114,Nathaniel,Olawale,DEP008,JR062,2021-11-26,Referral,Offered
CAN000115,Gloria,Akinwale,DEP009,JR066,2019-01-26,Job Portal,Offered
CAN000116,Andrew,Olawale,DEP015,JR101,2023-10-07,Campus Recruitment,Hired
CAN000117,Paul,Oshodi,DEP014,JR096,2019-01-26,Campus Recruitment,Rejected
CAN000118,Angela,Chukwu,DEP007,JR052,2024-10-21,Company Website,Shortlisted
CAN000119,Emmanuel,Adetokunbo,DEP015,JR104,2025-05-28,Company Website,Interviewed
CAN000120,Patience,Uche,DEP013,JR094,2019-03-27,Company Website,Applied
CAN000121,Faith,Ibrahim,DEP012,JR086,2022-10-09,Referral,Applied
CAN000122,Peace,Ekwueme,DEP006,JR044,2021-06-20,Company Website,Rejected
CAN000123,Faith,Obasanjo,DEP004,JR028,2020-01-09,LinkedIn,Interviewed
CAN000124,Andrew,Olawale,DEP001,JR004,2019-09-12,Campus Recruitment,Interviewed
CAN000125,Joshua,Ibrahim,DEP010,JR070,2025-06-06,Job Portal,Interviewed
CAN000126,,Olawale,DEP010,JR072,2023-05-25,LinkedIn,Rejected
CAN000127,Benjamin,Adetokunbo,DEP012,JR088,2023-06-24,Referral,Hired
CAN000128,John,Okonkwo,DEP009,JR066,2024-09-03,Referral ,Hired
CAN000129,Grace,Obi,DEP006,JR046,2021-12-02,Job Portal,Applied
CAN000130,Victoria,Eze,DEP009,JR065,2021-01-12,LinkedIn,Hired
CAN000131,Peace,Okonkwo,DEP015,JR106,2025-01-19,Job Portal,Interviewed
CAN000132,Sarah,Ekwueme,DEP005,JR038,2019-11-11,LinkedIn,Applied
CAN000133,Peter,Eze,DEP012,JR084,2025-09-10,LinkedIn,Offered
CAN000134,Joshua,Akinwale,DEP012,JR082,2024-10-06,Campus Recruitment,Interviewed
CAN000135,Blessing,Oshodi,DEP005,JR035,2022-04-13,Job Portal,Rejected
CAN000136,Mark,Ibrahim,DEP015,JR104,2020-05-03,Job Portal,Interviewed
CAN000137,Benjamin,Ekwueme,DEP007,JR052,2024-10-02,Job Portal,Applied
CAN000138,Andrew,Oshodi,DEP005,JR039,2024-08-23,Company Website,Rejected
CAN000139,Hope,Chukwu,DEP006,JR043,2024-02-05,LinkedIn,Rejected
CAN000140,Andrew,Akinwale,DEP009,JR067,2021-11-06,Referral,Offered
CAN000141,Gloria,Obi,DEP015,JR106,2023-06-26,Company Website,Shortlisted
CAN000142,Hope,Obasanjo,DEP002,JR009,2019-06-22,Company Website,Rejected
CAN000143,Hope,Oshodi,DEP004,JR033,2024-10-28,Company Website,Interviewed
CAN000144,Philip,Balogun,DEP012,JR085,2022-01-24,Referral,Applied
CAN000145,,Olawale,DEP011,JR077,2024-01-05,LinkedIn,Applied
CAN000146,,Ogunleye,DEP002,JR015,2021-02-18,Referral,Applied
CAN000147,Joseph,Ojo,DEP011,JR075,2020-06-23,Referral,Rejected
CAN000148,Victoria,Ogunleye,DEP005,JR040,2022-12-02,Company Website,Applied
CAN000149,Grace,Uche,DEP013,JR092,2023-06-11,Referral,Shortlisted
CAN000150,Sarah,Oshodi,DEP002,JR015,2021-11-07,Referral,Hired
CAN000151,Elizabeth,Ojo,DEP002,JR009,2020-09-02,Referral,Offered
CAN000152,David,Ogunleye,DEP011,JR080,2020-10-15,Company Website,Rejected
CAN000153,Philip,Okonkwo,DEP003,JR018,2019-04-25,Campus Recruitment,Hired
CAN000154,Juliet,Uche,DEP002,JR014,2022-11-14,Company Website,Shortlisted
CAN000155,Charity,Oshodi,DEP015,JR105,2021-02-10,LinkedIn,Hired
CAN000156,Sarah,Ibrahim,DEP012,JR085,2023-12-01,Referral,Applied
CAN000157,Joseph,Abiola,DEP011,JR080,2023-09-16,LinkedIn,Rejected
CAN000158,Cornelius,Adetokunbo,DEP001,JR008,2023-08-25,Job Portal,Interviewed
CAN000159,Paul,Olawale,DEP015,JR106,2022-04-20,Company Website,Hired
CAN000160,Benjamin,Ogunleye,DEP001,JR003,2025-03-13,Company Website,Interviewed
CAN000161,Mark,Adetokunbo,DEP005,JR040,2024-03-22,Job Portal,Hired
CAN000162,,Chukwu,DEP001,JR005,2020-12-25,Referral,Shortlisted
CAN000163,Gloria,Adeyemi,DEP001,JR003,2024-05-25,Company Website,Offered
CAN000164,Mary,Oshodi,DEP013,JR094,2019-04-18,Campus Recruitment,Offered
CAN000165,,Obasanjo,DEP010,JR073,2022-08-19,Job Portal,Offered
CAN000166,Charity,Olawale,DEP009,JR066,2023-07-04,Job Portal,Offered
CAN000167,Stephen,Adetokunbo,DEP009,JR067,2025-01-07,Campus Recruitment,Interviewed
CAN000168,Philip,Adetokunbo,DEP003,JR022,2019-09-11,Referral,Applied
CAN000169,Joseph,Abiola,DEP004,JR031,2023-09-25,Campus Recruitment,Shortlisted
CAN000170,Juliet,Obi,DEP002,JR012,2023-03-13,Company Website,Hired
CAN000171,Sarah,Adetokunbo,DEP014,JR097,2020-09-17,Referral,Applied
CAN000172,Charity,Olawale,DEP001,JR004,2020-01-24,Campus Recruitment,Rejected
CAN000173,Nathaniel,Uche,DEP015,JR104,2024-02-14,Campus Recruitment,Offered
CAN000174,Peter,Obi,DEP008,JR060,2019-09-24,LinkedIn,Hired
CAN000175,Ruth,Uche,DEP005,JR041,2025-10-12,Company Website,Hired
CAN000176,Mark,Obasanjo,DEP006,JR046,2021-07-14,Job Portal,Hired
CAN000177,Gabriel,Ogunleye,DEP007,JR050,2024-09-07,Company Website,Applied
CAN000178,Elizabeth,Obi,DEP007,JR056,2024-01-12,Company Website,Shortlisted
CAN000179,Paul,Chukwu,DEP008,JR061,2020-05-05,Campus Recruitment,Hired
CAN000180,James,Chukwu,DEP014,JR097,2024-12-01,Job Portal,Offered
CAN000181,Daniel,Eze,DEP013,JR094,2021-09-19,Referral,Applied
CAN000182,Nathaniel,Nnamani,DEP002,JR011,2022-07-28,Campus Recruitment,Offered
CAN000183,Joseph,Nnamani,DEP005,JR035,2025-07-19,Referral,Hired
CAN000184,Michael,Uche,DEP014,JR100,2022-12-27,Referral,Hired
CAN000185,Andrew,Obi,DEP009,JR065,2025-05-16,Company Website,Interviewed
CAN000186,Stephen,Ogunleye,DEP011,JR079,2019-01-16,Referral,Rejected
CAN000187,Comfort,Ibrahim,DEP008,JR059,2025-05-23,Job Portal,Rejected
CAN000188,Joy,Ogunleye,DEP013,JR091,2025-10-10,LinkedIn,Rejected
CAN000189,Simon,Obasanjo,DEP009,JR066,2021-08-28,Referral,Offered
CAN000190,Esther,Oshodi,DEP004,JR032,2021-03-26,Campus Recruitment,Applied
CAN000191,Benjamin,Olawale,DEP007,JR051,2022-09-17,Referral,Shortlisted
CAN000192,Emmanuel,Akinwale,DEP010,JR071,2025-03-27,Walk In,Shortlisted
CAN000193,Gloria,Nnamani,DEP012,JR083,2021-01-05,Campus Recruitment,Rejected
CAN000194,Michael,Nnamani,DEP005,JR040,2020-08-15,LinkedIn,Offered
CAN000195,Victoria,Adeyemi,DEP010,JR071,2024-07-21,Indeed,Offered
CAN000196,Comfort,Ogunleye,DEP007,JR052,2021-09-05,Company Website,Applied
CAN000197,Blessing,Ibrahim,DEP011,JR076,2024-09-17,LinkedIn,Applied
CAN000198,Gloria,Obasanjo,DEP010,JR069,2020-10-27,Referral,Hired
CAN000199,David,Nnamani,DEP012,JR082,2022-06-28,LinkedIn,Applied
CAN000200,Andrew,Adetokunbo,DEP004,JR028,2019-11-02,Referral,Applied
CAN000201,James,Nnamani,DEP007,JR050,2019-02-13,Referral,Applied
CAN000202,Grace,Abiola,DEP003,JR022,2022-10-11,Job Portal,Rejected
CAN000203,Paul,Balogun,DEP015,JR105,2025-10-26,Job Portal,Hired
CAN000204,Charity,Oshodi,DEP007,JR055,2019-04-04,LinkedIn,Interviewed
CAN000205,Benjamin,Uche,DEP001,JR003,2023-07-19,LinkedIn,Rejected
CAN000206,Philip,Nnamani,DEP008,JR062,2019-04-27,Campus Recruitment,Offered
CAN000207,Philip,Oyekan,DEP002,JR013,2021-05-06,Company Website,Applied
CAN000208,John,Obasanjo,DEP010,JR071,2019-07-04,Campus Recruitment,Applied
CAN000209,Paul,Obi,DEP002,JR010,2020-07-07,Company Website,Offered
CAN000210,Simon,Okonkwo,DEP011,JR079,2021-09-21,Referral,Shortlisted
CAN000211,Faith,Ibrahim,DEP004,JR027,2023-11-11,Company Website,Rejected
CAN000212,Joy,Ibrahim,DEP014,JR100,2024-01-04,Campus Recruitment,Hired
CAN000213,Joseph,Balogun,DEP003,JR023,2022-06-12,Company Website,Applied
CAN000214,Cornelius,Oshodi,DEP004,JR032,2019-01-25,Job Portal,Offered
CAN000215,Victoria,Obi,DEP003,JR017,2024-09-13,linkedin,Rejected
CAN000216,Nathaniel,Balogun,DEP002,JR012,2023-12-27,Campus Recruitment,Applied
CAN000217,Mary,Ojo,DEP014,JR097,2022-12-22,Job Portal,Offered
CAN000218,Agnes,Oyekan,DEP015,JR106,2023-09-28,Referral,Hired
CAN000219,Sarah,Ogunleye,DEP015,JR102,2025-01-22,Company Website,Applied
CAN000220,Hope,Nnamani,DEP007,JR054,2020-03-09,LinkedIn,Interviewed
CAN000221,James,Chukwu,DEP008,JR059,2025-07-21,Referral,Rejected
CAN000222,Nathaniel,Adeyemi,DEP008,JR059,2021-06-26,Job Portal,Applied
CAN000223,Joshua,Ekwueme,DEP005,JR037,2021-04-22,Referral,Applied
CAN000224,James,Obi,DEP008,JR060,2025-10-09,Company Website,Applied
CAN000225,Joshua,Oyekan,DEP009,JR065,2023-11-15,LinkedIn,Hired
CAN000226,Esther,Nnamani,DEP012,JR087,2023-09-18,Referral,Hired
CAN000227,Comfort,Eze,DEP010,JR070,2022-06-21,Job Portal,Shortlisted
CAN000228,Faith,Adetokunbo,DEP008,JR062,2025-02-20,Company Website,Hired
CAN000229,Benjamin,Uche,DEP005,JR035,2023-02-02,Job Portal,Rejected
CAN000230,James,Obi,DEP004,JR026,2020-02-04,Job Portal,Offered
CAN000231,Philip,Uche,DEP002,JR012,2025-02-21,Job Portal,Applied
CAN000232,Stephen,Eze,DEP001,JR005,2021-03-16,Company Website,Interviewed
CAN000233,Comfort,Uche,DEP005,JR040,2023-03-02,Indeed,Interviewed
CAN000234,Charity,Obasanjo,DEP002,JR010,2024-07-06,Campus Recruitment,Offered
CAN000235,Comfort,Ogunleye,DEP015,JR101,2020-06-01,Company Website,Interviewed
CAN000236,Juliet,Ibrahim,DEP005,JR037,2025-02-26,Referral,Shortlisted
CAN000237,Simon,Balogun,DEP014,JR095,2024-01-24,Referral,Interviewed
CAN000238,,Abiola,DEP004,JR034,2025-03-09,Company Website,Interviewed
CAN000239,Patience,Ekwueme,DEP007,JR052,2020-02-15,Job Portal,Hired
CAN000240,,Akinwale,DEP003,JR020,2023-11-06,LinkedIn,Hired
CAN000241,John,Olawale,DEP002,JR015,2025-04-19,LinkedIn,Applied
CAN000242,Nathaniel,Okonkwo,DEP005,JR035,2021-01-20,LinkedIn,Rejected
CAN000243,Hope,Olawale,DEP011,JR074,2022-10-18,Job Portal,Applied
CAN000244,Emmanuel,Oshodi,DEP011,JR081,2021-04-07,Company Website,Applied
CAN000245,Patience,Ekwueme,DEP009,JR065,2019-12-28,LinkedIn,Interviewed
CAN000246,Nathaniel,Adeyemi,DEP009,JR066,2025-08-21,Company Website,Hired
CAN000247,Peace,Uche,DEP002,JR011,2023-05-05,Campus Recruitment,Offered
CAN000248,Stephen,Okafor,DEP013,JR091,2020-06-10,Job Portal,Offered
CAN000249,Benjamin,Ekwueme,DEP005,JR039,2022-12-08,Job Portal,Interviewed
CAN000250,Emmanuel,Okafor,DEP001,JR005,2025-11-09,Referral,Interviewed
CAN000251,Gloria,Eze,DEP001,JR004,2025-02-08,LinkedIn,Offered
CAN000252,Charity,Adeyemi,DEP009,JR065,2020-05-13,LinkedIn,Interviewed
CAN000253,Emmanuel,Oyekan,DEP005,JR035,2024-12-27,Campus Recruitment,Applied
CAN000254,Victoria,Adeyemi,DEP007,JR053,2023-01-23,NIL,Offered
CAN000255,Juliet,Akinwale,DEP001,JR002,2024-09-10,LinkedIn,Applied
CAN000256,Benjamin,Okonkwo,DEP011,JR078,2023-03-25,Campus Recruitment,Hired
CAN000257,John,Ekwueme,DEP003,JR021,2021-04-05,Job Portal,Applied
CAN000258,Sarah,Ogunleye,DEP003,JR020,2022-10-19,Company Website,Offered
CAN000259,David,Akinwale,DEP006,JR044,2023-12-16,LinkedIn,Applied
CAN000260,Sarah,Abiola,DEP011,JR076,2023-03-17,LinkedIn,Accepted
CAN000261,Gabriel,Adeyemi,DEP007,JR056,2022-07-01,Job Portal,Hired
CAN000262,Peace,Nnamani,DEP010,JR071,2022-12-12,Company Website,Offered
CAN000263,Philip,Ogunleye,DEP008,JR063,2022-07-09,LinkedIn,Applied
CAN000264,Stephen,Ibrahim,DEP007,JR053,2021-08-01,Campus Recruitment,Offered
CAN000265,Blessing,Adeyemi,DEP001,JR005,2023-03-24,Campus Recruitment,Hired
CAN000266,Victoria,Oshodi,DEP010,JR070,2024-12-19,Company Website,Rejected
CAN000267,Samuel,Okafor,DEP011,JR078,2023-09-21,Company Website,Hired
CAN000268,Emmanuel,Ojo,DEP007,JR053,2023-08-14,Job Portal,Offered
CAN000269,Daniel,Akinwale,DEP011,JR077,2022-06-21,Campus Recruitment,Hired
CAN000270,Deborah,Eze,DEP014,JR096,2020-12-02,Job Portal,Rejected
CAN000271,Angela,Oshodi,DEP002,JR016,2022-02-26,Company Website,Interviewed
CAN000272,Deborah,Adetokunbo,DEP002,JR013,2024-07-15,Campus Recruitment,Interviewed
CAN000273,Paul,Obi,DEP002,JR010,2023-06-07,Job Portal,Applied
CAN000274,Philip,Oshodi,DEP004,JR030,2025-03-20,NIL,Shortlisted
CAN000275,Blessing,Okonkwo,DEP001,JR004,2021-07-15,Referral,Interviewed
CAN000276,James,Ekwueme,DEP003,JR023,2019-02-04,Job Portal,Shortlisted
CAN000277,Victoria,Nnamani,DEP014,JR100,2020-01-16,LinkedIn,Interviewed
CAN000278,Joseph,Ekwueme,DEP001,JR008,2022-09-19,Campus Recruitment,Hired
CAN000279,Daniel,Ekwueme,DEP006,JR042,2022-04-28,Referral,Applied
CAN000280,Simon,Oyekan,DEP007,JR053,2023-02-17,Referral,Hired
CAN000281,James,Ibrahim,DEP002,JR014,2022-11-09,Job Portal,Interviewed
CAN000282,Michael,Uche,DEP003,JR024,2025-08-27,Campus Recruitment,Shortlisted
CAN000283,Deborah,Oyekan,DEP012,JR083,2021-12-26,Job Portal,Shortlisted
CAN000284,Peace,Abiola,DEP013,JR094,2019-06-15,LinkedIn,Hired
CAN000285,Grace,Eze,DEP009,JR064,2019-12-11,Campus Recruitment,Applied
CAN000286,Juliet,Okafor,DEP015,JR106,2023-01-14,Referral,Interviewed
CAN000287,Cornelius,Balogun,DEP012,JR088,2024-03-19,Company Website,Rejected
CAN000288,Grace,Ojo,DEP003,JR022,2020-06-26,Campus Recruitment,Interviewed
CAN000289,Angela,Obi,DEP003,JR024,2023-07-01,Job Portal,Rejected
CAN000290,Stephen,Adeyemi,DEP003,JR021,2021-01-20,LinkedIn,Rejected
CAN000291,David,Oyekan,DEP004,JR028,2019-05-14,Job Portal,Offered
CAN000292,Cornelius,Ojo,DEP004,JR025,2025-08-13,LinkedIn,Hired
CAN000293,,Abiola,DEP007,JR050,2019-06-05,Job Portal,Offered
CAN000294,Peace,Okonkwo,DEP008,JR062,2025-08-04,Job Portal,Interviewed
CAN000295,Simon,Uche,DEP004,JR028,2019-12-20,Company Website,Appliedd
CAN000296,Ruth,Oyekan,DEP004,JR034,2019-02-01,Referral,Rejected
CAN000297,Peace,Oshodi,DEP008,JR062,2021-09-04,Referral,Applied
CAN000298,Deborah,Abiola,DEP001,JR004,2019-12-06,Company Website,Shortlisted
CAN000299,Joseph,Oyekan,DEP010,JR072,2021-05-07,LinkedIn,Shortlisted
CAN000300,Peter,Nnamani,DEP004,JR025,2025-12-19,Referral,Hired
CAN000301,Esther,Adeyemi,DEP009,JR066,2020-06-21,Job Portal,Rejected
CAN000302,Stephen,Balogun,DEP009,JR068,2023-07-25,Campus Recruitment,Hired
CAN000303,Comfort,Adeyemi,DEP015,JR102,2020-02-17,LinkedIn,Hired
CAN000304,Blessing,Oyekan,DEP014,JR099,2020-05-15,Referral,Rejected
CAN000305,Angela,Balogun,DEP010,JR070,2023-03-04,Referral,Applied
CAN000306,Joy,Balogun,DEP014,JR096,2020-08-27,Job Portal,Shortlisted
CAN000307,John,Ibrahim,DEP014,JR096,2019-11-28,Company Website,Hired
CAN000308,Ruth,,DEP003,JR018,2023-07-25,Job Portal,Shortlisted
CAN000309,John,Ojo,DEP011,JR079,2025-06-20,Campus Recruitment,Hired
CAN000310,Paul,Olawale,DEP004,JR027,2021-11-23,Company Website,Interviewed
CAN000311,David,Obi,DEP004,JR031,2021-06-21,Company Website,Applied
CAN000312,Peace,Oshodi,DEP007,JR053,2025-05-26,LinkedIn,Shortlisted
CAN000313,Andrew,Eze,DEP008,JR060,2025-06-27,Referral,Offered
CAN000314,Victoria,Okafor,DEP001,JR006,2019-12-08,LinkedIn,Rejected
CAN000315,Angela,Obi,DEP014,JR098,2021-07-23,Company Website,Offered
CAN000316,Blessing,Ojo,DEP004,JR033,2024-04-20,Company Website,Hired
CAN000317,Benjamin,Chukwu,DEP015,JR102,2019-09-04,Campus Recruitment,Interviewed
CAN000318,Samuel,Adeyemi,DEP014,JR100,2024-03-21,Campus Recruitment,Hired
CAN000319,Elizabeth,Akinwale,DEP007,JR051,2019-03-26,Campus Recruitment,Shortlisted
CAN000320,Angela,Chukwu,DEP002,JR010,2023-03-17,Job Portal,Applied
CAN000321,Nathaniel,Nnamani,DEP002,JR013,2019-04-25,Company Website,Rejected
CAN000322,Nathaniel,Ojo,DEP004,JR031,2024-03-20,LinkedIn,Applied
CAN000323,Andrew,Ibrahim,DEP003,JR022,2023-07-17,Referral,Interviewed
CAN000324,Victoria,Oshodi,DEP012,JR082,2025-08-02,Company Website,Applied
CAN000325,Daniel,Ekwueme,DEP012,JR082,2023-07-17,Job Portal,Applied
CAN000326,Peter,Adetokunbo,DEP004,JR032,2023-02-24,Referral,Applied
CAN000327,,Eze,DEP003,JR018,2023-11-24,Company Website,Hired
CAN000328,Victoria,Okafor,DEP012,JR085,2019-06-14,Company Website,Hired
CAN000329,Victoria,Oyekan,DEP005,JR035,2019-09-02,Job Portal,Offered
CAN000330,Mark,Obasanjo,DEP008,JR063,2022-04-05,LinkedIn,Interviewed
CAN000331,Simon,Oyekan,DEP002,JR014,2021-09-24,Campus Recruitment,Applied
CAN000332,Daniel,Eze,DEP003,JR018,2021-05-17,Company Website,Rejected
CAN000333,David,Abiola,DEP002,JR016,2021-02-12,Job Portal,Interviewed
CAN000334,Faith,Akinwale,DEP004,JR033,2024-12-18,Referral,Shortlisted
CAN000335,Nathaniel,Oyekan,DEP004,JR032,2019-09-18,LinkedIn,Shortlisted
CAN000336,Stephen,Ekwueme,DEP014,JR095,2023-02-12,Campus Recruitment,Rejected
CAN000337,Gloria,Ogunleye,DEP009,JR066,2024-01-08,LinkedIn,Interviewed
CAN000338,Joshua,Uche,DEP010,JR072,2023-11-04,LinkedIn,Applied
CAN000339,Sarah,Akinwale,DEP014,JR099,2025-12-25,Referral,Applied
CAN000340,Peace,Adetokunbo,DEP006,JR045,2022-10-24,Referral,Shortlisted
CAN000341,Peter,Adetokunbo,DEP007,JR051,2020-04-22,LinkedIn,Offered
CAN000342,Esther,Adeyemi,DEP004,JR032,2023-09-01,Company Website,Applied
CAN000343,Gabriel,Okonkwo,DEP007,JR056,2021-12-26,Company Website,Applied
CAN000344,Elizabeth,Okafor,DEP004,JR028,2020-06-25,Referral,Rejected
CAN000345,Sarah,Obasanjo,DEP011,JR078,2025-12-01,Indeed,Interviewed
CAN000346,Mary,Chukwu,DEP014,JR096,2023-04-18,LinkedIn,Interviewed
CAN000347,Gabriel,Abiola,DEP001,JR006,2019-09-07,Referral,Accepted
CAN000348,Cornelius,Ogunleye,DEP009,JR065,2021-01-21,Referral,Rejected
CAN000349,Paul,Adetokunbo,DEP003,JR019,2019-01-16,Campus Recruitment,Applied
CAN000350,Sarah,Ibrahim,DEP006,JR046,2023-11-06,Referral,Applied
CAN000351,Mary,Eze,DEP010,JR073,2023-09-17,Campus Recruitment,Shortlisted
CAN000352,David,Ekwueme,DEP001,JR004,2022-01-03,Campus Recruitment,Interviewed
CAN000353,Mark,Ibrahim,DEP013,JR092,2020-08-19,LinkedIn,Shortlisted
CAN000354,Blessing,Olawale,DEP006,JR049,2022-12-22,Job Portal,Shortlisted
CAN000355,Angela,Chukwu,DEP003,JR024,2024-02-15,Company Website,Hired
CAN000356,Michael,Ogunleye,DEP007,JR057,2025-03-27,Company Website,Hired
CAN000357,Angela,Akinwale,DEP015,JR104,2023-06-17,Company Website,Offered
CAN000358,Gloria,Chukwu,DEP004,JR032,2020-02-10,Referral,Applied
CAN000359,Mark,Adeyemi,DEP005,JR039,2024-03-03,Referral ,Hired
CAN000360,Simon,Uche,DEP006,JR049,2024-09-24,LinkedIn,Shortlisted
CAN000361,,Oyekan,DEP010,JR073,2019-05-04,Job Portal,Hired
CAN000362,John,Ekwueme,DEP012,JR087,2022-12-24,LinkedIn,Applied
CAN000363,Faith,Adetokunbo,DEP006,JR048,2019-08-12,Job Portal,Applied
CAN000364,Charity,Obi,DEP003,JR020,2021-12-26,Referral,Hired
CAN000365,Benjamin,Nnamani,DEP003,JR019,2023-04-10,Campus Recruitment,Shortlisted
CAN000366,John,Okonkwo,DEP007,JR051,2022-02-15,LinkedIn,Offered
CAN000367,Peter,Ekwueme,DEP013,JR093,2022-12-25,Campus Recruitment,Offered
CAN000368,,Adetokunbo,DEP010,JR072,2019-10-26,Job Portal,Applied
CAN000369,Simon,Ogunleye,DEP006,JR046,2022-05-18,Campus Recruitment,Shortlisted
CAN000370,James,Okafor,DEP007,JR054,2025-04-24,Campus Recruitment,Shortlisted
CAN000371,Victoria,Okafor,DEP007,JR054,2019-02-18,LinkedIn,Offered
CAN000372,Emmanuel,Ekwueme,DEP001,JR001,2019-01-08,Campus Recruitment,Shortlisted
CAN000373,John,Balogun,DEP009,JR067,2021-10-05,Campus Recruitment,Rejected
CAN000374,Comfort,Oyekan,DEP004,JR025,2025-10-08,Campus Recruitment,Hired
CAN000375,Gabriel,Oshodi,DEP002,JR013,2023-05-25,Campus Recruitment,Applied
CAN000376,Deborah,Okonkwo,DEP006,JR049,2021-01-10,Company Website,Shortlisted
CAN000377,Stephen,Eze,DEP011,JR076,2024-01-22,Company Website,Interviewed
CAN000378,Juliet,Nnamani,DEP013,JR093,2021-05-08,Referral,Hired
CAN000379,Elizabeth,Akinwale,DEP002,JR016,2020-10-19,Campus Recruitment,Hired
CAN000380,Simon,Uche,DEP010,JR072,2025-11-13,LinkedIn,Hired
CAN000381,Angela,Abiola,DEP003,JR024,2020-01-10,Company Website,Shortlisted
CAN000382,Mark,Oshodi,DEP013,JR090,2025-01-27,Company Website,Shortlisted
CAN000383,Stephen,Adetokunbo,DEP010,JR069,2023-01-24,Job Portal,Appliedd
CAN000384,Ruth,Balogun,DEP006,JR044,2020-10-12,Campus Recruitment,Applied
CAN000385,Andrew,Uche,DEP008,JR058,2024-12-25,LinkedIn,Offered
CAN000386,Charity,Abiola,DEP015,JR103,2025-01-22,Referral,Offered
CAN000387,Comfort,Adetokunbo,DEP014,JR098,2021-09-06,Campus Recruitment,Interviewed
CAN000388,Hope,Eze,DEP014,JR099,2020-03-01,LinkedIn,Hired
CAN000389,Gloria,Nnamani,DEP002,JR013,2024-05-23,Company Website,Applied
CAN000390,Gabriel,Abiola,DEP003,JR018,2022-07-27,Campus Recruitment,Shortlisted
CAN000391,John,Olawale,DEP005,JR037,2023-05-24,Campus Recruitment,Interviewed
CAN000392,Joy,Adeyemi,DEP002,JR009,2020-09-06,LinkedIn,Interviewed
CAN000393,Mary,Obi,DEP015,JR106,2023-12-22,Campus Recruitment,Offered
CAN000394,Daniel,Oshodi,DEP001,JR002,2020-11-23,Campus Recruitment,Hired
CAN000395,Stephen,Ekwueme,DEP015,JR105,2019-09-06,Company Website,Interviewed
CAN000396,John,Eze,DEP015,JR104,2024-05-15,Company Website,Hired
CAN000397,Victoria,Okonkwo,DEP011,JR077,2020-03-21,Referral,Hired
CAN000398,Grace,Oshodi,DEP003,JR020,2024-06-24,Job Portal,Offered
CAN000399,Paul,Chukwu,DEP006,JR048,2021-10-17,Referral,Applied
CAN000400,Gabriel,Oyekan,DEP015,JR104,2023-03-27,LinkedIn,Applied
CAN000401,Paul,Ibrahim,DEP002,JR009,2020-09-02,Company Website,Interviewed
CAN000402,Esther,Ojo,DEP001,JR006,2022-11-11,Referral,Applied
CAN000403,Stephen,Okonkwo,DEP001,JR008,2024-04-23,Company Website,Applied
CAN000404,Andrew,Nnamani,DEP010,JR073,2023-01-01,Company Website,Offered
CAN000405,Charity,Uche,DEP001,JR002,2020-04-19,Referral,Interviewed
CAN000406,Daniel,Okonkwo,DEP002,JR013,2021-02-23,Company Website,Appliedd
CAN000407,John,Ojo,DEP010,JR073,2022-10-20,Campus Recruitment,Applied
CAN000408,Michael,Obi,DEP001,JR006,2025-04-03,Job Portal,Offered
CAN000409,Deborah,Ibrahim,DEP006,JR045,2023-10-03,Company Website,Applied
CAN000410,Blessing,Chukwu,DEP005,JR039,2022-05-17,Job Portal,Hired
CAN000411,Deborah,Obasanjo,DEP004,JR026,2020-06-20,Company Website,Hired
CAN000412,John,Olawale,DEP013,JR094,2021-11-20,Referral,Interviewed
CAN000413,Faith,Oyekan,DEP004,JR032,2021-06-08,Referral,Hired
CAN000414,Elizabeth,Eze,DEP008,JR059,2022-08-03,Campus Recruitment,Applied
CAN000415,Benjamin,Okonkwo,DEP011,JR077,2022-06-26,Job Portal,Applied
CAN000416,Deborah,Adetokunbo,DEP012,JR086,2024-05-13,LinkedIn,Interviewed
CAN000417,Charity,Ojo,DEP003,JR021,2024-06-06,Campus Recruitment,Offer
CAN000418,Deborah,Ekwueme,DEP011,JR081,2019-12-04,Referral,Applied
CAN000419,Mark,Ekwueme,DEP011,JR081,2023-06-26,Job Portal,Offered
CAN000420,Joy,Oyekan,DEP006,JR045,2020-06-10,Campus Recruitment,Applied
CAN000421,Peter,Chukwu,DEP006,JR045,2020-01-22,Company Website,Offered
CAN000422,Ruth,Nnamani,DEP004,JR030,2021-08-13,Campus Recruitment,Applied
CAN000423,Hope,Adetokunbo,DEP010,JR072,2022-08-04,Campus Recruitment,Shortlisted
CAN000424,Joshua,Eze,DEP010,JR071,2021-05-25,Campus Recruitment,Rejected
CAN000425,Peace,Okafor,DEP012,JR084,2024-12-25,Job Portal,Interviewed
CAN000426,John,Abiola,DEP011,JR079,2019-03-13,LinkedIn,Offered
CAN000427,David,Okonkwo,DEP006,JR044,2022-09-04,Company Website,Hired
CAN000428,Esther,Adeyemi,DEP001,JR007,2022-02-13,Job Portal,Hired
CAN000429,Hope,Akinwale,DEP003,JR021,2025-10-12,Job Portal,Hired
CAN000430,Victoria,Ogunleye,DEP011,JR080,2023-11-10,Campus Recruitment,Interviewed
CAN000431,Michael,Adetokunbo,DEP004,JR032,2021-11-25,Company Website,Rejected
CAN000432,Samuel,Obasanjo,DEP001,JR002,2022-08-10,LinkedIn,Hired
CAN000433,Sarah,Obi,DEP013,JR093,2025-10-11,Company Website,Interviewed
CAN000434,Esther,Abiola,DEP009,JR067,2025-09-20,Campus Recruitment,Hired
CAN000435,Emmanuel,Abiola,DEP008,JR062,2023-01-19,Referral,Rejected
CAN000436,Angela,Balogun,DEP001,JR004,2021-06-21,Indeed,Interviewed
CAN000437,Peace,Okafor,DEP010,JR073,2025-10-05,LinkedIn,Applied
CAN000438,Patience,Ojo,DEP008,JR059,2024-10-16,LinkedIn,Offered
CAN000439,John,Ibrahim,DEP008,JR058,2020-11-07,LinkedIn,Hired
CAN000440,Daniel,Ojo,DEP005,JR039,2021-08-25,Campus Recruitment,Interviewed
CAN000441,John,Nnamani,DEP007,JR053,2021-06-07,Company Website,Rejected
CAN000442,Agnes,Adeyemi,DEP008,JR061,2023-07-12,Job Portal,Applied
CAN000443,Gabriel,Abiola,DEP004,JR034,2023-10-20,Referral,Offer
CAN000444,David,Ojo,DEP014,JR096,2024-05-13,LinkedIn,Shortlisted
CAN000445,Victoria,Adeyemi,DEP007,JR057,2021-07-16,Company Website,Hired
CAN000446,Faith,Ibrahim,DEP008,JR061,2022-04-08,Company Website,Rejected
CAN000447,Deborah,Ekwueme,DEP005,JR037,2024-10-12,Referral,Rejected
CAN000448,Gloria,Adetokunbo,DEP004,JR034,2023-06-15,Campus Recruitment,Offered
CAN000449,Joy,Obi,DEP008,JR059,2019-06-22,Campus Recruitment,Applied
CAN000450,Peter,Oshodi,DEP015,JR105,2022-10-02,LinkedIn,Applied
CAN000451,Gabriel,Nnamani,DEP004,JR025,2022-10-13,LinkedIn,Rejected
CAN000452,Comfort,Adeyemi,DEP004,JR028,2022-04-27,LinkedIn,Interviewed
CAN000453,Angela,Oshodi,DEP008,JR059,2024-11-05,Job Portal,Rejected
CAN000454,Patience,Olawale,DEP013,JR090,2019-06-17,Company Website,Shortlisted
CAN000455,Joseph,Adetokunbo,DEP007,JR057,2019-05-17,LinkedIn,Offered
CAN000456,Comfort,Adeyemi,DEP001,JR006,2024-10-22,Company Website,Interviewed
CAN000457,Cornelius,Eze,DEP003,JR023,2022-04-12,Company Website,Offered
CAN000458,Victoria,Okafor,DEP001,JR004,2021-09-03,LinkedIn,Offered
CAN000459,Peace,Akinwale,DEP015,JR103,2023-12-22,Job Portal,Interviewed
CAN000460,Samuel,Adetokunbo,DEP005,JR041,2020-05-25,Indeed,Offered
CAN000461,,Ogunleye,DEP014,JR095,2020-11-15,Company Website,Shortlisted
CAN000462,Peter,Balogun,DEP007,JR053,2020-10-27,Company Website,Hired
CAN000463,David,Ogunleye,DEP005,JR038,2021-07-24,Campus Recruitment,Hired
CAN000464,Charity,Adeyemi,DEP007,JR054,2024-01-22,Referral,Rejected
CAN000465,Agnes,Eze,DEP003,JR017,2020-01-17,Job Portal,Shortlisted
CAN000466,Nathaniel,Ogunleye,DEP012,JR087,2020-06-25,Referral,Rejected
CAN000467,Simon,Oyekan,DEP004,JR033,2022-06-04,Company Website,Interviewed
CAN000468,Sarah,Abiola,DEP015,JR105,2020-03-05,Company Website,Shortlisted
CAN000469,Mary,Adeyemi,DEP010,JR072,2020-06-07,Company Website,Hired
CAN000470,Cornelius,Oyekan,DEP004,JR033,2021-04-27,Company Website,Interviewed
CAN000471,Blessing,Olawale,DEP014,JR095,2022-05-26,Referral,Offered
CAN000472,Peace,Ekwueme,DEP006,JR048,2021-01-23,LinkedIn,Interviewed
CAN000473,Gloria,Akinwale,DEP001,JR002,2019-02-08,LinkedIn,Hired
CAN000474,Nathaniel,Abiola,DEP015,JR103,2019-11-10,LinkedIn,Applied
CAN000475,Deborah,,DEP008,JR062,2019-01-04,Job Portal,Interviewed
CAN000476,James,Oyekan,DEP014,JR096,2024-11-05,LinkedIn,Interviewed
CAN000477,Blessing,Okafor,DEP008,JR061,2020-03-09,Company Website,Applied
CAN000478,Charity,Chukwu,DEP004,JR033,2023-06-18,Company Website,Shortlisted
CAN000479,Comfort,Nnamani,DEP012,JR088,2019-11-01,LinkedIn,Offered
CAN000480,Daniel,Obasanjo,DEP010,JR070,2024-12-18,LinkedIn,Interviewed
CAN000481,Mary,Adeyemi,DEP015,JR103,2024-05-18,LinkedIn,Hired
CAN000482,Comfort,Adeyemi,DEP007,JR056,2025-05-21,Company Website,Interviewed
CAN000483,Philip,Olawale,DEP002,JR011,2023-04-20,Referral,Offered
CAN000484,Faith,Ogunleye,DEP011,JR075,2023-03-03,Campus Recruitment,Offered
CAN000485,Philip,,DEP002,JR011,2019-12-27,LinkedIn,Offered
CAN000486,Sarah,Chukwu,DEP014,JR095,2022-09-06,Campus Recruitment,Shortlisted
CAN000487,Mary,Eze,DEP003,JR023,2023-09-15,Job Portal,Hired
CAN000488,Blessing,Eze,DEP004,JR025,2024-07-06,Job Portal,Shortlisted
CAN000489,Charity,Obi,DEP007,JR050,2025-08-19,LinkedIn,Interviewed
CAN000490,Benjamin,Nnamani,DEP013,JR091,2019-11-18,LinkedIn,Offered
CAN000491,Patience,Ekwueme,DEP009,JR065,2024-06-10,Campus Recruitment,Interviewed
CAN000492,Michael,Chukwu,DEP005,JR036,2022-03-15,Referral,Applied
CAN000493,Deborah,Obasanjo,DEP009,JR068,2024-07-03,Company Website,Applied
CAN000494,Comfort,Obi,DEP013,JR094,2019-02-27,LinkedIn,Rejected
CAN000495,Peace,Akinwale,DEP010,JR069,2024-07-05,Job Portal,Interviewed
CAN000496,Ruth,Ojo,DEP010,JR072,2025-03-02,Company Website,Offered
CAN000497,Paul,Obi,DEP006,JR045,2019-06-17,Company Website,Rejected
CAN000498,Patience,Ibrahim,DEP015,JR102,2020-12-02,Referral,Offered
CAN000499,,Okafor,DEP006,JR048,2022-02-03,Referral,Hired
CAN000500,Samuel,Eze,DEP011,JR078,2025-02-01,LinkedIn,Rejected
CAN000501,Patience,Obasanjo,DEP004,JR030,2024-05-18,Referral,Applied
CAN000502,Esther,Olawale,DEP011,JR080,2024-11-16,Referral,Applied
CAN000503,Juliet,Okonkwo,DEP008,JR061,2021-09-09,Referral,Hired
CAN000504,Nathaniel,Chukwu,DEP001,JR006,2024-12-25,Referral,Rejected
CAN000505,Ruth,Olawale,DEP004,JR034,2021-02-06,LinkedIn,Applied
CAN000506,Cornelius,Akinwale,DEP001,JR006,2025-01-02,Referral,Applied
CAN000507,,Balogun,DEP015,JR101,2021-08-11,Referral,Shortlisted
CAN000508,Gabriel,Oyekan,DEP002,JR010,2019-09-02,Campus Recruitment,Offered
CAN000509,Gabriel,Akinwale,DEP004,JR032,2024-02-23,Referral,Hired
CAN000510,Paul,Ekwueme,DEP004,JR028,2025-02-26,Company Website,Shortlisted
CAN000511,Comfort,Abiola,DEP007,JR053,2022-09-14,Campus Recruitment,Shortlisted
CAN000512,Paul,Ibrahim,DEP001,JR004,2021-03-13,Referral,Shortlisted
CAN000513,Emmanuel,Akinwale,DEP007,JR053,2025-10-28,Referral,Shortlisted
CAN000514,Ruth,Ogunleye,DEP002,JR016,2024-01-17,Campus Recruitment,Rejected
CAN000515,Joy,Ojo,DEP005,JR040,2024-10-25,Campus Recruitment,Offered
CAN000516,Daniel,Uche,DEP008,JR061,2019-04-04,Company Website,Hired
CAN000517,Patience,Abiola,DEP014,JR096,2023-03-26,Job Portal,Shortlisted
CAN000518,Paul,Balogun,DEP013,JR089,2025-08-25,Referral,Shortlisted
CAN000519,Grace,Abiola,DEP005,JR036,2025-06-19,LinkedIn,Offered
CAN000520,Joy,Olawale,DEP006,JR049,2025-04-01,Job Portal,Rejected
CAN000521,Simon,Adetokunbo,DEP006,JR046,2021-08-17,Company Website,Rejected
CAN000522,David,Ekwueme,DEP001,JR008,2021-11-12,Referral,Offered
CAN000523,Blessing,Chukwu,DEP004,JR025,2019-01-19,Job Portal,Applied
CAN000524,Philip,Oyekan,DEP004,JR032,2024-07-12,Company Website,Hired
CAN000525,Deborah,Eze,DEP002,JR013,2020-07-24,Company Website,Hired
CAN000526,Joshua,Nnamani,DEP003,JR018,2024-07-16,Campus Recruitment,Hired
CAN000527,Joseph,Obasanjo,DEP002,JR015,2025-08-15,Campus Recruitment,Hired
CAN000528,,Okonkwo,DEP005,JR041,2021-11-28,Job Portal,Offered
CAN000529,,Oshodi,DEP002,JR010,2019-11-05,Company Website,Rejected
CAN000530,Esther,Adeyemi,DEP013,JR091,2023-09-20,Job Portal,Offered
CAN000531,Joy,Obi,DEP005,JR035,2022-04-19,Job Portal,Rejected
CAN000532,Comfort,Akinwale,DEP002,JR015,2023-01-04,Campus Recruitment,Applied
CAN000533,Cornelius,Nnamani,DEP006,JR049,2025-09-07,Campus Recruitment,Hired
CAN000534,Benjamin,Olawale,DEP011,JR077,2022-12-26,Referral,Interviewed
CAN000535,James,Okafor,DEP004,JR034,2020-11-08,Job Portal,Interviewed
CAN000536,Daniel,Ogunleye,DEP008,JR060,2025-10-16,Job Portal,Applied
CAN000537,David,Okafor,DEP006,JR047,2025-04-16,Campus Recruitment,Hired
CAN000538,Elizabeth,Okafor,DEP015,JR101,2023-12-21,Referral,Hired
CAN000539,Philip,Ekwueme,DEP014,JR099,2019-12-03,Campus Recruitment,Interviewed
CAN000540,Agnes,Eze,DEP014,JR098,2020-04-28,Referral,Offered
CAN000541,Deborah,Obi,DEP003,JR024,2025-01-24,Campus Recruitment,Interviewed
CAN000542,John,Okonkwo,DEP008,JR061,2024-12-28,Referral,Interviewed
CAN000543,David,Okafor,DEP009,JR068,2023-05-08,LinkedIn,Interviewed
CAN000544,Paul,Nnamani,DEP009,JR065,2025-04-22,Company Website,Offered
CAN000545,Peter,Abiola,DEP003,JR023,2020-02-21,Company Website,Applied
CAN000546,Mark,Obi,DEP012,JR088,2022-01-05,Campus Recruitment,Rejected
CAN000547,Mark,Ojo,DEP003,JR021,2020-01-19,LinkedIn,Hired
CAN000548,Hope,Ibrahim,DEP001,JR008,2020-04-02,Job Portal,Hired
CAN000549,Stephen,Olawale,DEP012,JR083,2020-04-21,Referral,Hired
CAN000550,Peace,Abiola,DEP009,JR066,2020-07-05,LinkedIn,Hired
CAN000551,Deborah,Chukwu,DEP004,JR028,2019-05-17,Company Website,Offered
CAN000552,,Adeyemi,DEP003,JR018,2020-08-26,Company Website,Applied
CAN000553,Ruth,Ibrahim,DEP005,JR038,2023-04-09,Company Website,Shortlisted
CAN000554,Faith,Ekwueme,DEP012,JR088,2021-03-02,Referral,Hired
CAN000555,Emmanuel,Akinwale,DEP007,JR052,2019-09-07,Company Website,Offered
CAN000556,Sarah,Balogun,DEP004,JR034,2025-02-08,Company Website,Offered
CAN000557,Joshua,Ogunleye,DEP003,JR020,2022-02-18,Campus Recruitment,Shortlisted
CAN000558,Blessing,Adeyemi,DEP011,JR078,2022-06-09,LinkedIn,Interviewed
CAN000559,Juliet,Akinwale,DEP008,JR060,2020-03-13,Referral,Interviewed
CAN000560,Philip,Adeyemi,DEP002,JR016,2021-02-12,LinkedIn,Applied
CAN000561,Gloria,Okafor,DEP007,JR055,2023-05-13,Job Portal,Interviewed
CAN000562,Elizabeth,Ogunleye,DEP008,JR060,2022-08-05,Campus Recruitment,Applied
CAN000563,Simon,Ojo,DEP008,JR060,2022-08-06,Referral,Shortlisted
CAN000564,Deborah,Olawale,DEP004,JR033,2024-09-04,Referral,Rejected
CAN000565,Cornelius,Oshodi,DEP008,JR060,2019-10-13,Company Website,Rejected
CAN000566,Joseph,Ogunleye,DEP006,JR047,2020-06-01,Referral,Interview
CAN000567,Philip,Nnamani,DEP005,JR039,2024-08-09,Job Portal,Rejected
CAN000568,David,Obi,DEP001,JR001,2019-08-13,LinkedIn,Rejected
CAN000569,Daniel,Okonkwo,DEP003,JR024,2019-05-28,Job Portal,Offered
CAN000570,Gloria,Nnamani,DEP003,JR017,2024-05-15,Campus Recruitment,Shortlisted
CAN000571,David,Balogun,DEP004,JR025,2023-02-08,Company Website,Interviewed
CAN000572,Stephen,Ibrahim,DEP013,JR094,2024-03-14,Company Website,Rejected
CAN000573,Nathaniel,Okafor,DEP015,JR103,2024-08-18,LinkedIn,Shortlisted
CAN000574,Patience,Akinwale,DEP010,JR069,2023-08-05,Campus Recruitment,Rejected
CAN000575,Simon,Adeyemi,DEP012,JR085,2022-11-15,Campus Recruitment,Shortlisted
CAN000576,Peace,Akinwale,DEP004,JR025,2020-06-12,Company Website,Offered
CAN000577,Grace,Adeyemi,DEP005,JR039,2022-12-20,Referral,Applied
CAN000578,Juliet,Oyekan,DEP011,JR080,2025-12-12,LinkedIn,Rejected
CAN000579,Stephen,Obasanjo,DEP007,JR055,2019-11-26,Campus Recruitment,Offered
CAN000580,Gloria,Uche,DEP007,JR052,2019-08-03,Campus Recruitment,Offered
CAN000581,Cornelius,Ojo,DEP007,JR053,2025-10-08,Job Portal,Applied
CAN000582,Sarah,Akinwale,DEP009,JR065,2020-01-07,Campus Recruitment,Offered
CAN000583,Patience,Uche,DEP006,JR042,2019-07-25,Job Portal,Rejected
CAN000584,Angela,Uche,DEP005,JR041,2025-09-02,Job Portal,Shortlisted
CAN000585,Emmanuel,Okonkwo,DEP014,JR099,2024-04-10,Campus Recruitment,Offered
CAN000586,,Oshodi,DEP014,JR095,2021-03-27,LinkedIn,Hired
CAN000587,Michael,Abiola,DEP009,JR066,2021-04-21,LinkedIn,Applied
CAN000588,Gabriel,Ibrahim,DEP007,JR050,2021-11-02,Job Portal,Shortlisted
CAN000589,Samuel,Okonkwo,DEP014,JR098,2022-08-10,Referral,Applied
CAN000590,Joseph,Obi,DEP002,JR012,2021-04-24,LinkedIn,Shortlisted
CAN000591,Sarah,Adeyemi,DEP012,JR085,2025-09-25,Job Portal,Accepted
CAN000592,John,Chukwu,DEP005,JR040,2024-04-12,Job Portal,Rejected
CAN000593,Peace,Ekwueme,DEP010,JR070,2023-07-15,Campus Recruitment,Hired
CAN000594,Comfort,,DEP011,JR081,2021-06-15,Company Website,Rejected
CAN000595,Juliet,Ekwueme,DEP009,JR066,2021-07-12,Campus Recruitment,Rejected
CAN000596,David,,DEP014,JR099,2024-09-06,LinkedIn,Applied
CAN000597,Andrew,Uche,DEP004,JR029,2025-05-18,Referral,Rejected
CAN000598,Angela,Okafor,DEP006,JR047,2021-05-15,Referral,Hired
CAN000599,Peace,,DEP013,JR093,2023-11-05,Referral,Offered
CAN000600,Joshua,Ogunleye,DEP006,JR046,2023-01-24,LinkedIn,Offered
CAN000601,Daniel,Ekwueme,DEP011,JR074,2019-04-14,Campus Recruitment,Hired
CAN000602,Charity,Ibrahim,DEP003,JR021,2019-03-25,Job Portal,Rejected
CAN000603,Peter,Ekwueme,DEP003,JR020,2023-10-08,Company Website,Hired
CAN000604,Grace,,DEP008,JR059,2022-01-05,Job Portal,Offered
CAN000605,Gabriel,Uche,DEP006,JR049,2019-06-01,Company Website,Offered
CAN000606,Mary,Abiola,DEP011,JR080,2021-05-21,LinkedIn,Rejected
CAN000607,Michael,Balogun,DEP013,JR090,2025-01-17,Campus Recruitment,Applied
CAN000608,Michael,Ojo,DEP014,JR100,2019-10-16,Company Website,Applied
CAN000609,Blessing,Okafor,DEP012,JR085,2022-09-03,Company Website,Shortlisted
CAN000610,,Okonkwo,DEP010,JR069,2024-02-01,Campus Recruitment,Interviewed
CAN000611,Faith,Ogunleye,DEP015,JR106,2019-10-24,LinkedIn,Applied
CAN000612,Stephen,Nnamani,DEP003,JR022,2023-02-02,Company Website,Shortlisted
CAN000613,Charity,Adetokunbo,DEP013,JR090,2023-05-05,LinkedIn,Offered
CAN000614,Grace,Adetokunbo,DEP011,JR079,2025-05-25,Referral,Offered
CAN000615,Grace,Ibrahim,DEP014,JR098,2019-03-18,Referral,Rejected
CAN000616,,Obi,DEP007,JR052,2019-01-03,Company Website,Applied
CAN000617,Stephen,Ibrahim,DEP004,JR025,2020-02-02,Campus Recruitment,Offered
CAN000618,Esther,Ekwueme,DEP011,JR080,2020-06-15,Company Website,Offered
CAN000619,Esther,Akinwale,DEP007,JR053,2021-05-05,Referral,Offered
CAN000620,Joy,Akinwale,DEP007,JR056,2024-05-26,Campus Recruitment,Rejected
CAN000621,Blessing,Nnamani,DEP002,JR009,2019-08-05,Referral ,Shortlisted
CAN000622,Grace,Ekwueme,DEP002,JR012,2020-06-26,LinkedIn,Rejected
CAN000623,John,Okafor,DEP004,JR027,2023-09-01,Job Portal,Hired
CAN000624,Paul,Obasanjo,DEP002,JR016,2019-09-11,Campus Recruitment,Hired
CAN000625,Paul,Ibrahim,DEP014,JR097,2021-07-04,Company Website,Applied
CAN000626,John,Ogunleye,DEP007,JR054,2022-05-12,Referral,Interviewed
CAN000627,Simon,Nnamani,DEP012,JR083,2024-11-09,Campus Recruitment,Offered
CAN000628,Peace,Balogun,DEP001,JR007,2022-07-01,Company Website,Rejected
CAN000629,Patience,Okonkwo,DEP013,JR089,2021-02-20,Campus Recruitment,Shortlisted
CAN000630,Peace,Akinwale,DEP015,JR106,2024-09-23,Job Portal,Applied
CAN000631,Daniel,Abiola,DEP003,JR024,2025-11-13,Job Portal,Applied
CAN000632,,Obasanjo,DEP004,JR028,2023-02-06,Campus Recruitment,Hired
CAN000633,Paul,Ibrahim,DEP015,JR101,2021-03-14,LinkedIn,Interviewed
CAN000634,Faith,Uche,DEP009,JR065,2024-01-24,Campus Recruitment,Interviewed
CAN000635,,Nnamani,DEP011,JR076,2024-01-05,LinkedIn,Hired
CAN000636,Agnes,Obi,DEP006,JR046,2023-12-01,Company Website,Shortlisted
CAN000637,Mark,Eze,DEP013,JR094,2022-02-09,Job Portal,Applied
CAN000638,Samuel,Uche,DEP005,JR037,2021-09-05,Referral,Applied
CAN000639,Andrew,Obi,DEP013,JR092,2022-09-16,Company Website,Offered
CAN000640,Gabriel,Oyekan,DEP004,JR030,2020-12-10,Job Portal,Applied
CAN000641,Mary,Okonkwo,DEP011,JR076,2022-08-22,Referral,Hired
CAN000642,James,Ekwueme,DEP009,JR067,2025-06-15,Campus Recruitment,Applied
CAN000643,Victoria,Okafor,DEP006,JR048,2021-07-15,Campus Recruitment,Hired
CAN000644,,Okonkwo,DEP004,JR029,2020-07-08,Referral,Interviewed
CAN000645,Hope,Nnamani,DEP002,JR010,2019-09-03,Referral,Rejected
CAN000646,Angela,Balogun,DEP004,JR034,2023-10-28,Job Portal,Applied
CAN000647,Mary,Ibrahim,DEP004,JR028,2019-12-02,Campus Recruitment,Rejected
CAN000648,David,Oyekan,DEP006,JR045,2021-07-21,LinkedIn,Applied
CAN000649,Gloria,Oyekan,DEP006,JR045,2019-11-08,Job Portal,Rejected
CAN000650,Angela,Oyekan,DEP004,JR027,2025-11-17,LinkedIn,Shortlisted
CAN000651,Comfort,Akinwale,DEP008,JR059,2020-03-04,Job Portal,Rejected
CAN000652,Gloria,Abiola,DEP001,JR008,2019-07-15,Referral,Interviewed
CAN000653,Elizabeth,Akinwale,DEP007,JR055,2022-03-14,Job Portal,Rejected
CAN000654,Faith,Nnamani,DEP012,JR088,2023-07-17,Company Website,Hired
CAN000655,Charity,Ojo,DEP006,JR045,2023-12-26,Referral,Hired
CAN000656,Victoria,Oshodi,DEP004,JR033,2023-01-19,LinkedIn,Offered
CAN000657,Victoria,Nnamani,DEP009,JR067,2023-10-10,Campus Recruitment,Hired
CAN000658,Peter,Obasanjo,DEP014,JR100,2022-12-28,NIL,Hired
CAN000659,Andrew,Obi,DEP010,JR070,2019-10-04,Company Website,Shortlisted
CAN000660,Benjamin,Oshodi,DEP003,JR021,2025-12-23,Company Website,Shortlisted
CAN000661,Philip,Obi,DEP011,JR077,2019-11-26,Referral,Rejected
CAN000662,Mark,Chukwu,DEP014,JR097,2021-05-08,Campus Recruitment,Applied
CAN000663,Simon,Uche,DEP001,JR007,2024-01-15,Job Portal,Rejected
CAN000664,Mark,Akinwale,DEP005,JR035,2021-02-03,Referral,Offered
CAN000665,Nathaniel,Adeyemi,DEP003,JR022,2025-09-16,Job Portal,Rejected
CAN000666,Samuel,Nnamani,DEP001,JR001,2020-02-14,Job Portal,Interviewed
CAN000667,Joshua,Abiola,DEP012,JR085,2024-04-21,Referral,Interviewed
CAN000668,Joy,Abiola,DEP012,JR088,2022-02-28,LinkedIn,Hired
CAN000669,Faith,Balogun,DEP012,JR087,2023-08-23,Referral,Rejected
CAN000670,Emmanuel,Obasanjo,DEP013,JR091,2020-06-14,Job Portal,Offered
CAN000671,Andrew,Ojo,DEP001,JR008,2022-12-01,Company Website,Rejected
CAN000672,Andrew,Adetokunbo,DEP004,JR030,2025-08-12,Company Website,Offered
CAN000673,Andrew,Nnamani,DEP014,JR099,2023-08-19,LinkedIn,Interviewed
CAN000674,Samuel,Okonkwo,DEP003,JR019,2019-08-23,Job Portal,Rejected
CAN000675,Faith,Okafor,DEP001,JR005,2021-06-02,LinkedIn,Offered
CAN000676,Peace,Uche,DEP014,JR097,2020-03-12,Job Portal,Offered
CAN000677,Victoria,Okonkwo,DEP005,JR037,2024-06-18,Campus Recruitment,Offered
CAN000678,Blessing,Okonkwo,DEP006,JR046,2025-11-18,Referral,Offered
CAN000679,Blessing,Obi,DEP003,JR021,2019-06-22,Referral,Rejected
CAN000680,Joseph,Oyekan,DEP007,JR057,2020-04-17,Company Website,Shortlisted
CAN000681,Grace,Obasanjo,DEP014,JR099,2019-02-17,Referral,Interviewed
CAN000682,Elizabeth,Okonkwo,DEP002,JR014,2019-05-06,Job Portal,Rejected
CAN000683,Peace,Uche,DEP002,JR010,2020-11-06,LinkedIn,Applied
CAN000684,Sarah,Ibrahim,DEP002,JR011,2020-03-04,Company Website,Offered
CAN000685,Joseph,Obi,DEP013,JR094,2024-05-14,Job Portal,Shortlisted
CAN000686,Emmanuel,Eze,DEP012,JR086,2024-11-26,Referral,Rejected
CAN000687,Emmanuel,Ibrahim,DEP010,JR070,2024-05-12,Company Website,Applied
CAN000688,Emmanuel,Akinwale,DEP001,JR001,2023-06-06,Job Portal,Shortlisted
CAN000689,Samuel,Balogun,DEP004,JR025,2025-07-28,Job Portal,Interviewed
CAN000690,Gloria,Ojo,DEP005,JR041,2020-07-12,Referral,Rejected
CAN000691,Stephen,,DEP014,JR096,2021-01-07,Company Website,Hired
CAN000692,Peter,Olawale,DEP001,JR002,2023-03-16,Campus Recruitment,Rejected
CAN000693,Emmanuel,Nnamani,DEP002,JR010,2020-04-15,Referral,Offered
CAN000694,Paul,Nnamani,DEP013,JR090,2024-06-21,Company Website,Rejected
CAN000695,Comfort,Adetokunbo,DEP012,JR082,2019-03-26,Referral,Rejected
CAN000696,Grace,Ogunleye,DEP010,JR070,2019-02-06,Job Portal,Shortlisted
CAN000697,Victoria,Okafor,DEP003,JR022,2023-02-14,Campus Recruitment,Applied
CAN000698,Michael,Oyekan,DEP001,JR002,2021-04-19,Campus Recruitment,Hired
CAN000699,Grace,,DEP004,JR033,2022-03-01,Campus Recruitment,Hired
CAN000700,Deborah,Olawale,DEP002,JR009,2019-04-21,Campus Recruitment,Rejected
CAN000701,Nathaniel,Oshodi,DEP006,JR048,2019-05-24,Referral,Hired
CAN000702,Joseph,Balogun,DEP012,JR083,2023-07-16,Referral,Offered
CAN000703,Mark,Balogun,DEP008,JR059,2025-03-02,Referral,Rejected
CAN000704,Faith,Olawale,DEP004,JR031,2025-01-04,Referral,Offered
CAN000705,Paul,Oyekan,DEP009,JR067,2024-08-16,Company Website,Hired
CAN000706,Charity,Adeyemi,DEP007,JR057,2025-06-18,Referral,Rejected
CAN000707,James,Balogun,DEP012,JR082,2025-05-26,Referral,Applied
CAN000708,Peter,Okonkwo,DEP015,JR106,2020-12-23,Job Portal,Hired
CAN000709,Samuel,Akinwale,DEP011,JR074,2024-11-27,Job Portal,Offered
CAN000710,Mary,Olawale,DEP009,JR068,2025-03-24,LinkedIn,Interviewed
CAN000711,Joy,Adetokunbo,DEP005,JR037,2020-02-05,LinkedIn,Rejected
CAN000712,Peace,Okonkwo,DEP011,JR075,2020-07-21,Campus Recruitment,Hired
CAN000713,Gabriel,Akinwale,DEP007,JR051,2025-03-28,Campus Recruitment,Hired
CAN000714,Faith,Balogun,DEP006,JR047,2025-05-15,Job Portal,Interviewed
CAN000715,Emmanuel,Obi,DEP011,JR077,2024-04-16,Company Website,Rejected
CAN000716,Hope,Eze,DEP004,JR031,2022-08-14,Campus Recruitment,Interviewed
CAN000717,Victoria,Ojo,DEP014,JR098,2020-03-04,Referral,Interviewed
CAN000718,Hope,Adetokunbo,DEP004,JR029,2020-10-21,Referral,Rejected
CAN000719,Grace,Abiola,DEP002,JR014,2025-11-12,Referral,Rejected
CAN000720,Agnes,Oyekan,DEP007,JR054,2021-06-09,LinkedIn,Applied
CAN000721,John,Eze,DEP006,JR043,2021-12-01,LinkedIn,Interviewed
CAN000722,Peter,Obi,DEP003,JR017,2020-09-04,Referral,Applied
CAN000723,Joshua,Olawale,DEP011,JR081,2022-11-10,LinkedIn,Hired
CAN000724,Elizabeth,Abiola,DEP011,JR075,2020-07-01,Company Website,Offered
CAN000725,Peter,Okafor,DEP006,JR048,2022-10-10,LinkedIn,Shortlisted
CAN000726,Hope,Balogun,DEP014,JR095,2020-02-16,Job Portal,Interviewed
CAN000727,Emmanuel,Uche,DEP012,JR082,2020-04-20,Job Portal,Applied
CAN000728,Sarah,Obasanjo,DEP007,JR053,2023-09-25,Company Website,Offered
CAN000729,Juliet,Ogunleye,DEP002,JR015,2021-01-02,Job Portal,Shortlisted
CAN000730,Agnes,Akinwale,DEP009,JR068,2021-06-01,Job Portal,Hired
CAN000731,Gabriel,Obasanjo,DEP002,JR010,2021-02-07,LinkedIn,Applied
CAN000732,Andrew,Okafor,DEP001,JR007,2023-05-24,Walk In,Offered
CAN000733,Blessing,Akinwale,DEP004,JR032,2024-07-04,Referral,Rejected
CAN000734,Joy,Nnamani,DEP009,JR068,2022-04-17,Job Portal,Interviewed
CAN000735,Grace,Ekwueme,DEP002,JR015,2021-02-07,Job Portal,Shortlisted
CAN000736,Grace,Abiola,DEP005,JR039,2022-10-17,Company Website,Rejected
CAN000737,Peter,Balogun,DEP012,JR082,2019-11-24,Company Website,Applied
CAN000738,Samuel,Ibrahim,DEP011,JR081,2025-08-03,LinkedIn,Rejected
CAN000739,Nathaniel,Balogun,DEP003,JR021,2024-08-28,Campus Recruitment,Applied
CAN000740,Paul,Oshodi,DEP004,JR032,2022-07-03,Campus Recruitment,Shortlisted
CAN000741,Victoria,Balogun,DEP011,JR077,2023-04-15,Company Website,Hired
CAN000742,Angela,Okonkwo,DEP011,JR078,2023-04-02,Company Website,Hired
CAN000743,Emmanuel,Obasanjo,DEP009,JR067,2025-01-02,Referral,Applied
CAN000744,Ruth,Okonkwo,DEP012,JR085,2022-01-19,Campus Recruitment,Interviewed
CAN000745,James,Ojo,DEP007,JR050,2025-02-24,Campus Recruitment,Interviewed
CAN000746,Simon,Uche,DEP001,JR004,2021-01-06,Job Portal,Shortlisted
CAN000747,Peter,Uche,DEP003,JR021,2022-02-25,LinkedIn,Applied
CAN000748,Mark,Ekwueme,DEP005,JR035,2020-03-23,Referral,Offered
CAN000749,Blessing,Olawale,DEP012,JR082,2020-09-02,LinkedIn,Rejected
CAN000750,Peter,Okonkwo,DEP013,JR090,2024-12-15,Job Portal,Rejected
CAN000751,Deborah,Oyekan,DEP001,JR007,2022-03-06,Campus Recruitment,Applied
CAN000752,Agnes,Abiola,DEP005,JR038,2024-03-28,Job Portal,Hired
CAN000753,Peter,Obasanjo,DEP004,JR032,2025-05-28,Company Website,Interviewed
CAN000754,Hope,Oyekan,DEP009,JR067,2019-05-19,Referral,Shortlisted
CAN000755,Victoria,Adeyemi,DEP005,JR038,2021-12-06,LinkedIn,Shortlisted
CAN000756,James,Oshodi,DEP013,JR094,2021-11-04,LinkedIn,Offered
CAN000757,Mary,Ogunleye,DEP003,JR022,2019-05-06,Campus Recruitment,Shortlisted
CAN000758,Elizabeth,Obi,DEP012,JR085,2021-01-03,Company Website,Hired
CAN000759,Angela,Ibrahim,DEP004,JR033,2020-12-19,LinkedIn,Offered
CAN000760,Angela,Ogunleye,DEP013,JR094,2023-07-21,Referral,Hired
CAN000761,Grace,Adetokunbo,DEP012,JR088,2019-10-08,Job Portal,Interviewed
CAN000762,Benjamin,Olawale,DEP001,JR007,2020-09-07,Campus Recruitment,Offered
CAN000763,Simon,Oyekan,DEP001,JR002,2019-03-07,LinkedIn,Rejected
CAN000764,Joshua,Nnamani,DEP003,JR020,2024-09-14,Campus Recruitment,Rejected
CAN000765,Peace,Nnamani,DEP009,JR067,2021-05-26,Company Website,Rejected
CAN000766,,Oyekan,DEP007,JR052,2025-04-07,Campus Recruitment,Shortlisted
CAN000767,Gloria,Balogun,DEP009,JR066,2023-07-17,Referral,Rejected
CAN000768,Philip,Okafor,DEP014,JR095,2025-02-07,Company Website,Hired
CAN000769,Benjamin,Chukwu,DEP003,JR024,2025-03-22,Job Portal,Hired
CAN000770,John,,DEP001,JR006,2021-01-17,Campus Recruitment,Rejected
CAN000771,Sarah,Uche,DEP005,JR038,2019-11-01,Job Portal,Applied
CAN000772,Joseph,Oshodi,DEP003,JR018,2019-01-15,Job Portal,Hired
CAN000773,Daniel,Obasanjo,DEP004,JR033,2023-04-06,Job Portal,Interviewed
CAN000774,Stephen,Uche,DEP015,JR105,2020-09-19,Campus Recruitment,Applied
CAN000775,Hope,Adeyemi,DEP004,JR026,2020-09-15,Campus Recruitment,Hired
CAN000776,,Ogunleye,DEP015,JR106,2024-09-16,Company Website,Offered
CAN000777,Peace,Uche,DEP004,JR034,2019-05-28,Job Portal,Interviewed
CAN000778,Mark,Oyekan,DEP013,JR089,2023-11-06,Campus Recruitment,Shortlisted
CAN000779,Simon,Balogun,DEP001,JR005,2025-02-13,LinkedIn,Shortlisted
CAN000780,Joshua,Oshodi,DEP007,JR054,2020-08-02,Company Website,Interviewed
CAN000781,Cornelius,Ogunleye,DEP011,JR080,2022-09-26,Campus Recruitment,Offered
CAN000782,Angela,Ekwueme,DEP005,JR035,2022-05-27,Referral,Hired
CAN000783,Victoria,Chukwu,DEP015,JR104,2021-11-24,LinkedIn,Offered
CAN000784,Comfort,Oshodi,DEP012,JR087,2020-07-03,Referral,Interviewed
CAN000785,Patience,Balogun,DEP003,JR022,2021-01-28,LinkedIn,Rejected
CAN000786,Nathaniel,Eze,DEP010,JR072,2021-05-22,Job Portal,Interviewed
CAN000787,Peace,Obi,DEP006,JR048,2023-02-19,Job Portal,Applied
CAN000788,Charity,Balogun,DEP001,JR005,2025-04-19,Job Portal,Shortlisted
CAN000789,Victoria,Ibrahim,DEP004,JR030,2025-10-22,Company Website,Applied
CAN000790,Benjamin,Obi,DEP009,JR064,2021-10-04,Job Portal,Shortlisted
CAN000791,David,Adeyemi,DEP008,JR062,2020-05-02,Referral ,Hired
CAN000792,Joseph,Ojo,DEP014,JR099,2019-11-23,LinkedIn,Offered
CAN000793,Gabriel,Adetokunbo,DEP010,JR072,2019-01-24,Campus Recruitment,Applied
CAN000794,Samuel,Ekwueme,DEP011,JR076,2025-04-02,Campus Recruitment,Shortlisted
CAN000795,Stephen,Adeyemi,DEP003,JR023,2019-02-14,Job Portal,Applied
CAN000796,Mark,Ibrahim,DEP003,JR023,2023-02-21,Campus Recruitment,Unknown
CAN000797,David,Ojo,DEP005,JR037,2021-04-18,Referral,Rejected
CAN000798,Charity,Nnamani,DEP003,JR021,2021-10-03,Company Website,Shortlisted
CAN000799,Comfort,Eze,DEP015,JR105,2024-07-08,Campus Recruitment,Hired
CAN000800,Nathaniel,Oshodi,DEP011,JR074,2024-01-26,LinkedIn,Applied
CAN000801,Paul,Obi,DEP008,JR062,2022-01-20,Referral,Applied
CAN000802,Nathaniel,Ekwueme,DEP002,JR014,2020-02-28,Campus Recruitment,Rejected
CAN000803,Deborah,Balogun,DEP005,JR040,2023-12-20,Campus Recruitment,Offered
CAN000804,Hope,Akinwale,DEP004,JR031,2023-06-02,Referral,Offered
CAN000805,Gloria,Oshodi,DEP015,JR101,2019-03-25,Company Website,Offered
CAN000806,Charity,Balogun,DEP001,JR002,2023-10-22,Referral,Offered
CAN000807,Mary,Balogun,DEP014,JR098,2019-07-26,Campus Recruitment,Offered
CAN000808,Faith,Okafor,DEP014,JR096,2019-07-08,Company Website,Rejected
CAN000809,Ruth,Nnamani,DEP014,JR096,2023-04-13,Referral,Hired
CAN000810,Joseph,Ojo,DEP002,JR013,2024-07-12,Campus Recruitment,Hired
CAN000811,Gabriel,Obasanjo,DEP004,JR027,2023-07-19,Job Portal,Shortlisted
CAN000812,Peace,Nnamani,DEP005,JR035,2024-01-28,Job Portal,Offered
CAN000813,Esther,Ogunleye,DEP014,JR100,2019-05-08,Referral,Offered
CAN000814,Faith,Okonkwo,DEP010,JR071,2019-10-24,NIL,Shortlisted
CAN000815,Mark,Okafor,DEP005,JR040,2019-04-22,Referral,Shortlisted
CAN000816,Joshua,Abiola,DEP004,JR033,2021-09-07,LinkedIn,Applied
CAN000817,Juliet,Eze,DEP001,JR003,2023-08-11,Referral,Offered
CAN000818,Joseph,Akinwale,DEP007,JR053,2020-02-04,Job Portal,Offered
CAN000819,Andrew,Adetokunbo,DEP001,JR008,2025-01-05,Campus Recruitment,Interviewed
CAN000820,Ruth,Obasanjo,DEP012,JR087,2024-05-18,LinkedIn,Interviewed
CAN000821,Victoria,Balogun,DEP002,JR013,2024-06-24,Company Website,Offered
CAN000822,Juliet,Chukwu,DEP011,JR081,2023-01-20,LinkedIn,Applied
CAN000823,Ruth,Okafor,DEP011,JR081,2021-05-24,Campus Recruitment,Rejected
CAN000824,Paul,Olawale,DEP002,JR011,2020-08-10,Company Website,Hired
CAN000825,Simon,Chukwu,DEP005,JR037,2019-02-20,Company Website,Applied
CAN000826,Juliet,Ojo,DEP008,JR059,2024-07-21,Referral,Shortlisted
CAN000827,Gloria,Okafor,DEP012,JR087,2023-07-18,Referral,Shortlisted
CAN000828,,Abiola,DEP010,JR069,2020-01-25,Company Website,Interviewed
CAN000829,,Ekwueme,DEP006,JR042,2022-11-07,Job Portal,Offered
CAN000830,Faith,Abiola,DEP012,JR083,2025-11-22,Company Website,Applied
CAN000831,Esther,Akinwale,DEP009,JR066,2020-12-24,Job Portal,Offered
CAN000832,Esther,Oshodi,DEP004,JR025,2020-08-25,LinkedIn,Shortlisted
CAN000833,Paul,Adeyemi,DEP008,JR058,2024-02-22,Job Portal,Rejected
CAN000834,Nathaniel,Okafor,DEP007,JR051,2022-06-15,Referral,Shortlisted
CAN000835,Gabriel,Obasanjo,DEP004,JR032,2022-08-17,Company Website,Hired
CAN000836,Deborah,Abiola,DEP014,JR099,2019-02-10,LinkedIn,Hired
CAN000837,Andrew,Balogun,DEP006,JR043,2020-08-08,Company Website,Shortlisted
CAN000838,Faith,Okonkwo,DEP011,JR075,2020-12-15,Job Portal,Interviewed
CAN000839,John,Okonkwo,DEP014,JR099,2024-09-17,Campus Recruitment,Offered
CAN000840,Patience,Oyekan,DEP012,JR088,2024-11-13,Referral,Offered
CAN000841,Joseph,Oyekan,DEP010,JR069,2022-12-09,Job Portal,Shortlisted
CAN000842,Hope,Ibrahim,DEP001,JR004,2023-03-24,Company Website,Shortlisted
CAN000843,Gabriel,Chukwu,DEP006,JR049,2025-10-16,Job Portal,Interview
CAN000844,Peace,Akinwale,DEP004,JR034,2021-05-28,LinkedIn,Offered
CAN000845,Sarah,Ojo,DEP009,JR068,2022-04-02,Referral ,Offered
CAN000846,Joy,Adeyemi,DEP006,JR048,2025-10-05,Company Website,Interviewed
CAN000847,Andrew,Okonkwo,DEP006,JR046,2023-03-04,Campus Recruitment,Shortlisted
CAN000848,Elizabeth,Ekwueme,DEP003,JR021,2020-09-25,Job Portal,Offered
CAN000849,,Eze,DEP006,JR045,2023-12-25,LinkedIn,Offered
CAN000850,Elizabeth,Oshodi,DEP002,JR013,2023-09-05,Job Portal,Interviewed
CAN000851,David,Ekwueme,DEP006,JR044,2023-05-09,LinkedIn,Interviewed
CAN000852,Blessing,Oshodi,DEP001,JR003,2023-09-13,Company Website,Interviewed
CAN000853,Charity,Balogun,DEP004,JR026,2020-03-02,Referral,Shortlisted
CAN000854,David,Ojo,DEP007,JR054,2023-04-03,Job Portal,Rejected
CAN000855,Patience,Okonkwo,DEP002,JR010,2025-12-16,Job Portal,Shortlisted
CAN000856,Nathaniel,Adetokunbo,DEP003,JR024,2020-11-07,Job Portal,Rejected
CAN000857,Emmanuel,Abiola,DEP008,JR058,2023-09-11,Campus Recruitment,Rejected
CAN000858,Gloria,Ekwueme,DEP004,JR034,2023-10-18,Campus Recruitment,Shortlisted
CAN000859,Philip,Ibrahim,DEP006,JR046,2021-01-03,LinkedIn,Hired
CAN000860,Benjamin,Akinwale,DEP006,JR048,2025-11-08,Campus Recruitment,Interviewed
CAN000861,Samuel,Okonkwo,DEP012,JR083,2023-02-05,Job Portal,Applied
CAN000862,Blessing,Adeyemi,DEP008,JR060,2025-01-06,Campus Recruitment,Applied
CAN000863,Ruth,Oyekan,DEP004,JR025,2019-08-05,Campus Recruitment,Interviewed
CAN000864,Faith,Obi,DEP008,JR058,2019-12-19,Referral,Rejected
CAN000865,Peace,Eze,DEP010,JR072,2019-10-09,Job Portal,Hired
CAN000866,Andrew,Chukwu,DEP005,JR036,2019-12-07,Campus Recruitment,Shortlisted
CAN000867,Comfort,Eze,DEP005,JR035,2024-11-05,Referral,Shortlisted
CAN000868,Mary,Akinwale,DEP001,JR008,2022-10-10,Campus Recruitment,Hired
CAN000869,Grace,Adetokunbo,DEP004,JR031,2019-07-17,Company Website,Interviewed
CAN000870,Michael,Ibrahim,DEP006,JR044,2025-02-15,Referral,Hired
CAN000871,Benjamin,Olawale,DEP013,JR091,2022-12-15,Referral,Applied
CAN000872,Grace,Obi,DEP007,JR054,2022-08-18,Referral,Offered
CAN000873,Daniel,Ekwueme,DEP009,JR064,2025-11-04,Job Portal,Hired
CAN000874,Grace,Abiola,DEP005,JR035,2021-03-20,Referral,Offered
CAN000875,Paul,Adetokunbo,DEP005,JR035,2024-10-21,Campus Recruitment,Applied
CAN000876,Patience,Adeyemi,DEP015,JR106,2023-06-01,Campus Recruitment,Interviewed
CAN000877,Emmanuel,Uche,DEP002,JR010,2024-07-26,Campus Recruitment,Rejected
CAN000878,Victoria,,DEP007,JR050,2021-06-21,Job Portal,Hired
CAN000879,,Obi,DEP004,JR034,2020-10-14,Referral,Applied
CAN000880,Emmanuel,Olawale,DEP006,JR043,2024-11-20,Company Website,Rejected
CAN000881,Mary,Obasanjo,DEP005,JR041,2022-09-06,Job Portal,Offered
CAN000882,Juliet,Oyekan,DEP015,JR104,2025-01-07,Job Portal,Offered
CAN000883,Deborah,Oshodi,DEP014,JR098,2020-06-03,LinkedIn,Shortlisted
CAN000884,Peter,Adetokunbo,DEP005,JR035,2019-10-19,Company Website,Interviewed
CAN000885,,Oshodi,DEP004,JR026,2025-01-14,Referral,Applied
CAN000886,Daniel,Ibrahim,DEP007,JR050,2021-04-20,Company Website,Applied
CAN000887,Grace,,DEP010,JR069,2022-08-07,Job Portal,Interviewed
CAN000888,Emmanuel,Ekwueme,DEP002,JR015,2025-08-20,Referral,Shortlisted
CAN000889,Mary,Ibrahim,DEP012,JR086,2021-05-13,Company Website,Hired
CAN000890,Blessing,Oshodi,DEP011,JR080,2023-07-04,Campus Recruitment,Shortlisted
CAN000891,Agnes,Eze,DEP014,JR096,2020-01-11,Company Website,Interview
CAN000892,Patience,Ogunleye,DEP014,JR098,2019-12-19,LinkedIn,Applied
CAN000893,Simon,Obasanjo,DEP003,JR019,2021-04-05,Company Website,Rejected
CAN000894,Emmanuel,Okafor,DEP008,JR063,2025-05-26,LinkedIn,Interviewed
CAN000895,Comfort,Ogunleye,DEP014,JR097,2023-04-09,Campus Recruitment,Hired
CAN000896,Gloria,Ogunleye,DEP006,JR042,2020-10-27,Company Website,Offered
CAN000897,David,Balogun,DEP011,JR081,2021-10-06,Company Website,Interviewed
CAN000898,Peace,Oshodi,DEP011,JR079,2023-09-27,Campus Recruitment,Interviewed
CAN000899,Peace,Ibrahim,DEP013,JR090,2024-04-19,Job Portal,Hired
CAN000900,Deborah,Ojo,DEP011,JR074,2019-03-22,Campus Recruitment,Shortlisted
CAN000901,Joy,Ibrahim,DEP003,JR022,2021-10-06,Campus Recruitment,Rejected
CAN000902,Esther,Oyekan,DEP001,JR004,2023-09-05,Campus Recruitment,Interviewed
CAN000903,Joseph,Obi,DEP008,JR061,2024-10-21,LinkedIn,Interviewed
CAN000904,Cornelius,Okafor,DEP001,JR007,2025-09-06,Campus Recruitment,Applied
CAN000905,Gloria,Chukwu,DEP003,JR022,2025-01-17,Job Portal,Rejected
CAN000906,Stephen,Ojo,DEP013,JR094,2022-08-07,Referral,Rejected
CAN000907,Andrew,Ojo,DEP011,JR074,2025-01-11,Job Portal,Rejected
CAN000908,Faith,Oyekan,DEP015,JR103,2020-11-09,Campus Recruitment,Hired
CAN000909,Esther,Ogunleye,DEP004,JR029,2024-12-06,Referral,Offered
CAN000910,Simon,Uche,DEP007,JR056,2020-03-22,Job Portal,Offer
CAN000911,Benjamin,Balogun,DEP003,JR020,2019-12-07,Company Website,Offered
CAN000912,Elizabeth,Chukwu,DEP001,JR008,2021-09-12,Referral,Rejected
CAN000913,John,Chukwu,DEP015,JR105,2020-12-09,Referral,Offered
CAN000914,Deborah,Ekwueme,DEP011,JR081,2025-08-02,Referral,Applied
CAN000915,Cornelius,Oyekan,DEP007,JR056,2022-11-15,Campus Recruitment,Interviewed
CAN000916,John,Ojo,DEP012,JR083,2022-02-26,Job Portal,Applied
CAN000917,Faith,Ojo,DEP004,JR026,2019-12-23,Referral,Interviewed
CAN000918,Gabriel,Abiola,DEP009,JR064,2021-05-16,Referral,Rejected
CAN000919,Blessing,Akinwale,DEP004,JR025,2022-11-27,Campus Recruitment,Offered
CAN000920,Benjamin,,DEP002,JR012,2024-06-01,Campus Recruitment,Interviewed
CAN000921,Philip,Ogunleye,DEP005,JR035,2022-06-17,Campus Recruitment,Offered
CAN000922,Cornelius,Olawale,DEP007,JR051,2019-04-21,Company Website,Shortlisted
CAN000923,Angela,Oshodi,DEP002,JR009,2023-02-01,Referral,Offered
CAN000924,Grace,Nnamani,DEP009,JR064,2024-10-21,LinkedIn,Interviewed
CAN000925,Nathaniel,Oshodi,DEP001,JR006,2022-10-01,Referral,Offered
CAN000926,Ruth,Nnamani,DEP005,JR041,2020-12-18,Company Website,Applied
CAN000927,Deborah,,DEP007,JR050,2025-08-03,Job Portal,Shortlisted
CAN000928,Andrew,Uche,DEP007,JR052,2021-06-19,Job Portal,Offered
CAN000929,Simon,Olawale,DEP007,JR057,2019-07-16,LinkedIn,Offered
CAN000930,Joshua,Ekwueme,DEP009,JR065,2025-08-21,Walk In,Applied
CAN000931,Nathaniel,Ogunleye,DEP014,JR095,2019-10-02,Company Website,Rejected
CAN000932,Mark,Obi,DEP003,JR021,2025-03-13,Referral,Offered
CAN000933,Sarah,Oshodi,DEP011,JR078,2020-11-25,Company Website,Hired
CAN000934,Stephen,Ekwueme,DEP005,JR039,2019-08-08,Referral ,Rejected
CAN000935,Samuel,Adeyemi,DEP007,JR052,2019-02-26,LinkedIn,Interviewed
CAN000936,Paul,Oshodi,DEP011,JR074,2019-03-11,LinkedIn,Applied
CAN000937,Simon,Okafor,DEP002,JR012,2025-01-15,Referral,Hired
CAN000938,Faith,Oshodi,DEP003,JR020,2021-03-18,Company Website,Shortlisted
CAN000939,James,Okafor,DEP002,JR015,2019-11-11,Campus Recruitment,Rejected
CAN000940,Juliet,Ibrahim,DEP004,JR029,2024-05-13,LinkedIn,Offered
CAN000941,Ruth,Olawale,DEP015,JR105,2019-05-16,LinkedIn,Interviewed
CAN000942,Simon,Okonkwo,DEP010,JR070,2020-06-27,Job Portal,Shortlisted
CAN000943,Samuel,Ojo,DEP012,JR088,2023-05-22,Campus Recruitment,Interviewed
CAN000944,Samuel,Abiola,DEP001,JR004,2022-01-16,Campus Recruitment,Offered
CAN000945,Samuel,Oshodi,DEP010,JR069,2025-11-27,Campus Recruitment,Offered
CAN000946,Peter,Okafor,DEP008,JR063,2025-05-26,Job Portal,Applied
CAN000947,Elizabeth,Obi,DEP015,JR104,2024-12-06,LinkedIn,Interviewed
CAN000948,Comfort,Balogun,DEP001,JR001,2019-12-13,Job Portal,Rejected
CAN000949,David,Adetokunbo,DEP007,JR053,2019-02-19,Company Website,Shortlisted
CAN000950,Andrew,Oshodi,DEP007,JR057,2024-02-18,Job Portal,Shortlisted
CAN000951,Emmanuel,Abiola,DEP006,JR049,2019-09-08,Company Website,Shortlisted
CAN000952,Comfort,Ekwueme,DEP012,JR084,2021-08-11,Campus Recruitment,Hired
CAN000953,Nathaniel,Balogun,DEP003,JR024,2022-05-16,LinkedIn,Shortlisted
CAN000954,Nathaniel,Eze,DEP007,JR051,2025-07-28,Company Website,Rejected
CAN000955,Elizabeth,Okafor,DEP011,JR074,2019-08-06,Campus Recruitment,Hired
CAN000956,Mary,Obi,DEP009,JR068,2020-10-09,Walk In,Interviewed
CAN000957,Juliet,Okafor,DEP008,JR059,2022-02-28,Company Website,Applied
CAN000958,Sarah,Obi,DEP004,JR027,2021-05-19,Job Portal,Interviewed
CAN000959,James,Balogun,DEP005,JR039,2019-07-07,Company Website,Hired
CAN000960,Agnes,Adetokunbo,DEP002,JR009,2019-11-12,Campus Recruitment,Rejected
CAN000961,Joy,Chukwu,DEP008,JR060,2025-03-19,Job Portal,Interviewed
CAN000962,Juliet,Ogunleye,DEP006,JR042,2025-02-02,Campus Recruitment,Rejected
CAN000963,Hope,Uche,DEP008,JR060,2024-01-26,Job Portal,Rejected
CAN000964,Hope,Okonkwo,DEP012,JR083,2025-11-17,LinkedIn,Applied
CAN000965,Paul,Obasanjo,DEP002,JR014,2020-03-16,Job Portal,Hired
CAN000966,Blessing,Nnamani,DEP002,JR015,2025-06-01,Referral,Applied
CAN000967,Patience,Oshodi,DEP010,JR073,2019-12-15,Company Website,Interviewed
CAN000968,Esther,Chukwu,DEP003,JR023,2024-02-26,LinkedIn,Applied
CAN000969,Peace,Ibrahim,DEP002,JR015,2019-02-13,Job Portal,Rejected
CAN000970,John,Okafor,DEP003,JR024,2022-12-08,Referral,Shortlisted
CAN000971,James,Obi,DEP002,JR015,2025-03-26,Walk In,Hired
CAN000972,Deborah,Oyekan,DEP001,JR003,2022-01-16,Job Portal,Offered
CAN000973,Paul,Olawale,DEP011,JR080,2022-02-20,Referral,Interviewed
CAN000974,Gloria,Eze,DEP009,JR068,2020-05-26,Referral,Interviewed
CAN000975,Simon,Oshodi,DEP001,JR006,2022-10-10,LinkedIn,Interview
CAN000976,Stephen,Uche,DEP005,JR037,2025-09-27,Company Website,Applied
CAN000977,James,Oyekan,DEP011,JR079,2023-09-11,Campus Recruitment,Offered
CAN000978,David,Abiola,DEP003,JR018,2022-11-21,Company Website,Hired
CAN000979,Hope,Ekwueme,DEP015,JR101,2024-07-07,Referral,Shortlisted
CAN000980,Emmanuel,Okonkwo,DEP015,JR102,2025-07-07,Company Website,Offered
CAN000981,Emmanuel,Obasanjo,DEP006,JR043,2020-03-04,Job Portal,Applied
CAN000982,Joseph,Ekwueme,DEP009,JR066,2022-05-23,Referral,Interviewed
CAN000983,Benjamin,Obasanjo,DEP001,JR006,2021-03-26,Campus Recruitment,Hired
CAN000984,Gloria,Okafor,DEP014,JR098,2023-12-18,Job Portal,Offered
CAN000985,Samuel,Akinwale,DEP006,JR043,2022-04-09,Campus Recruitment,Hired
CAN000986,David,Ogunleye,DEP009,JR064,2023-11-26,Job Portal,Shortlisted
CAN000987,Agnes,Okonkwo,DEP004,JR031,2024-04-02,Job Portal,Applied
CAN000988,Peace,Eze,DEP005,JR039,2021-02-05,Referral,Hired
CAN000989,Esther,Balogun,DEP006,JR048,2021-07-10,LinkedIn,Interviewed
CAN000990,Esther,Uche,DEP007,JR051,2020-09-24,Job Portal,Applied
CAN000991,Joseph,Eze,DEP014,JR095,2019-12-14,Company Website,Rejected
CAN000992,Patience,Okonkwo,DEP007,JR052,2022-11-04,Job Portal,Offered
CAN000993,John,Ibrahim,DEP002,JR012,2023-11-26,Indeed,Interviewed
CAN000994,Michael,Ekwueme,DEP010,JR073,2025-09-17,Referral,Hired
CAN000995,Simon,,DEP013,JR092,2019-08-27,Company Website,Interviewed
CAN000996,Ruth,Adetokunbo,DEP001,JR005,2025-09-08,Job Portal,Offered
CAN000997,Andrew,Nnamani,DEP015,JR102,2019-02-02,Referral,Shortlisted
CAN000998,James,Balogun,DEP004,JR034,2019-09-15,Company Website,Hired
CAN000999,Simon,Akinwale,DEP011,JR075,2025-08-14,Referral,Interviewed
CAN001000,Michael,Uche,DEP002,JR009,2025-02-20,Job Portal,Hired
CAN001001,Andrew,Uche,DEP004,JR030,2025-08-01,Campus Recruitment,Offered
CAN001002,Gloria,Obasanjo,DEP013,JR089,2021-12-19,Company Website,Offered
CAN001003,Joseph,Olawale,DEP007,JR056,2020-06-23,Campus Recruitment,Applied
CAN001004,Patience,Ogunleye,DEP011,JR081,2022-08-02,Referral,Shortlisted
CAN001005,Cornelius,Uche,DEP011,JR081,2022-08-03,LinkedIn,Hired
CAN001006,Paul,Oyekan,DEP007,JR051,2022-10-14,Campus Recruitment,Hired
CAN001007,Blessing,Chukwu,DEP003,JR024,2025-03-27,LinkedIn,Interviewed
CAN001008,Peace,Oyekan,DEP004,JR025,2023-05-25,LinkedIn,Rejected
CAN001009,Benjamin,Obi,DEP004,JR033,2019-05-20,Campus Recruitment,Rejected
CAN001010,Nathaniel,Ogunleye,DEP007,JR052,2022-05-10,Company Website,Hired
CAN001011,Patience,Okafor,DEP012,JR085,2022-02-06,Referral,Hired
CAN001012,Stephen,Obasanjo,DEP014,JR097,2025-05-05,Campus Recruitment,Interviewed
CAN001013,Cornelius,Ogunleye,DEP013,JR089,2024-02-19,Campus Recruitment,Rejected
CAN001014,Hope,Obasanjo,DEP015,JR103,2020-07-24,Campus Recruitment,Interviewed
CAN001015,Joseph,Adeyemi,DEP010,JR070,2023-02-11,LinkedIn,Offered
CAN001016,Peace,Adeyemi,DEP012,JR084,2019-03-15,Job Portal,Accepted
CAN001017,Esther,Eze,DEP002,JR009,2023-03-04,Company Website,Hired
CAN001018,Daniel,Ogunleye,DEP002,JR010,2024-08-17,Company Website,Interviewed
CAN001019,Andrew,Adetokunbo,DEP001,JR008,2025-12-15,Job Portal,Shortlisted
CAN001020,Mary,Olawale,DEP001,JR004,2023-05-20,Job Portal,Interviewed
CAN001021,Andrew,Oshodi,DEP009,JR064,2020-05-24,Campus Recruitment,Hired
CAN001022,Victoria,Abiola,DEP008,JR058,2022-11-27,LinkedIn,Applied
CAN001023,John,Obi,DEP002,JR010,2020-04-07,Referral,Applied
CAN001024,Patience,Eze,DEP004,JR026,2025-02-05,LinkedIn,Hired
CAN001025,Mark,Akinwale,DEP011,JR081,2025-02-18,Campus Recruitment,Shortlisted
CAN001026,Elizabeth,Ekwueme,DEP004,JR030,2023-06-10,Referral,Rejected
CAN001027,Deborah,Akinwale,DEP003,JR019,2019-01-24,Job Portal,Offered
CAN001028,Charity,Okonkwo,DEP015,JR103,2025-01-02,Referral,Offered
CAN001029,Paul,Obasanjo,DEP013,JR092,2022-12-04,Company Website,Shortlisted
CAN001030,,Obi,DEP006,JR048,2022-11-23,LinkedIn,Offered
CAN001031,Agnes,Akinwale,DEP006,JR045,2022-02-18,Company Website,Shortlisted
CAN001032,Mary,Okonkwo,DEP005,JR041,2021-02-20,Job Portal,Offered
CAN001033,Mark,Obi,DEP014,JR098,2020-03-04,Company Website,Interviewed
CAN001034,Elizabeth,,DEP014,JR098,2022-11-21,Job Portal,Applied
CAN001035,Esther,Obasanjo,DEP011,JR080,2021-08-14,Job Portal,Interviewed
CAN001036,Deborah,Oshodi,DEP002,JR011,2025-01-16,LinkedIn,Interviewed
CAN001037,Benjamin,Adeyemi,DEP003,JR021,2025-07-09,Job Portal,Applied
CAN001038,Gloria,Oyekan,DEP007,JR054,2025-07-23,Company Website,Applied
CAN001039,Charity,Okafor,DEP006,JR047,2019-07-06,Job Portal,Hired
CAN001040,Joseph,Nnamani,DEP004,JR031,2022-04-06,LinkedIn,Applied
CAN001041,Faith,Balogun,DEP005,JR035,2024-04-11,Job Portal,Interviewed
CAN001042,Hope,Olawale,DEP004,JR033,2025-08-17,LinkedIn,Shortlisted
CAN001043,Emmanuel,Ekwueme,DEP012,JR085,2023-11-04,Campus Recruitment,Applied
CAN001044,Victoria,Olawale,DEP013,JR092,2025-08-20,Campus Recruitment,Rejected
CAN001045,Faith,Balogun,DEP004,JR032,2021-08-08,Referral,Shortlisted
CAN001046,John,Uche,DEP001,JR005,2022-11-08,LinkedIn,Applied
CAN001047,Nathaniel,Uche,DEP010,JR071,2022-07-18,Company Website,Offered
CAN001048,Juliet,Obi,DEP004,JR029,2025-03-04,Job Portal,Hired
CAN001049,Elizabeth,Adetokunbo,DEP004,JR027,2022-06-01,Campus Recruitment,Hired
CAN001050,Joseph,Oyekan,DEP006,JR044,2025-03-26,Job Portal,Interviewed
CAN001051,Simon,Uche,DEP010,JR070,2025-05-03,Job Portal,Rejected
CAN001052,Esther,Ogunleye,DEP013,JR089,2021-05-12,Campus Recruitment,Applied
CAN001053,Charity,Adeyemi,DEP007,JR051,2022-04-06,Company Website,Hired
CAN001054,Mary,Ibrahim,DEP012,JR085,2020-10-02,Referral,Offered
CAN001055,Joy,Ekwueme,DEP010,JR073,2024-09-13,Job Portal,Interviewed
CAN001056,Simon,Nnamani,DEP012,JR085,2024-03-26,Job Portal,Hired
CAN001057,Gabriel,Chukwu,DEP011,JR078,2019-08-06,Referral,Shortlisted
CAN001058,Paul,Ojo,DEP010,JR069,2024-08-23,Company Website,Rejected
CAN001059,Joseph,Okonkwo,DEP003,JR018,2023-03-19,Referral,Interviewed
CAN001060,Sarah,Oyekan,DEP014,JR097,2023-07-13,Referral ,Offered
CAN001061,Gabriel,Obasanjo,DEP012,JR087,2019-06-03,Job Portal,Rejected
CAN001062,Deborah,Obi,DEP003,JR023,2025-10-19,Company Website,Applied
CAN001063,Joseph,Adeyemi,DEP012,JR085,2023-03-21,Job Portal,Applied
CAN001064,Juliet,Eze,DEP008,JR060,2024-02-08,Referral,Interviewed
CAN001065,Paul,Akinwale,DEP004,JR027,2024-10-15,Company Website,Applied
CAN001066,Cornelius,Obasanjo,DEP011,JR081,2023-03-01,Job Portal,Unknown
CAN001067,Deborah,Nnamani,DEP013,JR091,2025-09-05,Company Website,Applied
CAN001068,Peace,Okonkwo,DEP008,JR063,2022-03-08,Job Portal,Shortlisted
CAN001069,Andrew,Oshodi,DEP004,JR028,2024-08-13,Campus Recruitment,Hired
CAN001070,Paul,Oshodi,DEP011,JR075,2023-04-21,LinkedIn,Applied
CAN001071,Grace,Ojo,DEP009,JR066,2025-01-23,LinkedIn,Offered
CAN001072,Angela,Adeyemi,DEP011,JR074,2025-07-24,Job Portal,Hired
CAN001073,Daniel,Eze,DEP010,JR070,2021-08-24,LinkedIn,Hired
CAN001074,Gabriel,Ojo,DEP002,JR009,2023-04-24,LinkedIn,Rejected
CAN001075,Patience,Okonkwo,DEP014,JR095,2021-02-24,Referral,Applied
CAN001076,Michael,Ojo,DEP011,JR081,2019-07-20,Job Portal,Hired
CAN001077,James,Oyekan,DEP005,JR041,2024-09-25,Company Website,Shortlisted
CAN001078,Patience,Ibrahim,DEP003,JR021,2023-08-01,LinkedIn,Applied
CAN001079,Paul,Okonkwo,DEP008,JR061,2021-12-04,Campus Recruitment,Rejected
CAN001080,Victoria,Eze,DEP012,JR083,2021-09-07,Campus Recruitment,Shortlisted
CAN001081,Juliet,Ekwueme,DEP007,JR057,2020-09-01,Company Website,Hired
CAN001082,Simon,Ibrahim,DEP010,JR071,2021-09-13,Referral,Interviewed
CAN001083,Stephen,Balogun,DEP010,JR072,2020-04-25,LinkedIn,Offered
CAN001084,Michael,Adetokunbo,DEP010,JR071,2021-05-01,Referral,Rejected
CAN001085,Andrew,Okafor,DEP012,JR086,2025-02-16,Referral,Rejected
CAN001086,Elizabeth,Oshodi,DEP003,JR018,2022-02-24,Job Portal,Applied
CAN001087,Charity,Adeyemi,DEP004,JR033,2019-07-13,Company Website,Rejected
CAN001088,Faith,Oyekan,DEP004,JR025,2023-03-10,Campus Recruitment,Interviewed
CAN001089,David,Ibrahim,DEP010,JR069,2021-04-24,Campus Recruitment,Shortlisted
CAN001090,Mark,Eze,DEP012,JR083,2022-07-22,Campus Recruitment,Applied
CAN001091,Faith,Ibrahim,DEP004,JR032,2025-09-15,NIL,Interviewed
CAN001092,Juliet,Balogun,DEP002,JR013,2019-08-25,Referral,Interview
CAN001093,Elizabeth,Adetokunbo,DEP003,JR021,2022-06-22,Referral,Interviewed
CAN001094,Joseph,Adetokunbo,DEP004,JR034,2021-05-14,Company Website,Hired
CAN001095,Stephen,Adetokunbo,DEP004,JR028,2020-03-22,Campus Recruitment,Rejected
CAN001096,Agnes,Akinwale,DEP003,JR023,2020-09-12,Campus Recruitment,Interviewed
CAN001097,Joseph,Eze,DEP006,JR045,2021-09-08,Job Portal,Hired
CAN001098,Comfort,Oshodi,DEP013,JR091,2024-12-27,LinkedIn,Interviewed
CAN001099,,Abiola,DEP013,JR094,2024-03-21,Referral,Rejected
CAN001100,Victoria,Ekwueme,DEP004,JR026,2022-04-22,Campus Recruitment,Rejected
CAN001101,Andrew,Adeyemi,DEP003,JR021,2024-06-19,Referral,Hired
CAN001102,Daniel,,DEP009,JR068,2022-01-11,Campus Recruitment,Offered
CAN001103,Sarah,Balogun,DEP005,JR039,2023-12-25,Job Portal,Interviewed
CAN001104,Gabriel,Balogun,DEP005,JR037,2021-02-14,Referral,Rejected
CAN001105,Peter,Okonkwo,DEP004,JR030,2020-01-14,Campus Recruitment,Interviewed
CAN001106,Stephen,,DEP006,JR043,2025-03-10,Referral,Interviewed
CAN001107,Gabriel,Ogunleye,DEP009,JR067,2023-03-21,Company Website,Applied
CAN001108,Angela,Oyekan,DEP007,JR056,2021-05-04,LinkedIn,Applied
CAN001109,Juliet,Uche,DEP010,JR071,2021-03-09,Referral,Hired
CAN001110,Faith,Abiola,DEP001,JR008,2022-01-24,Job Portal,Interviewed
CAN001111,Elizabeth,Uche,DEP009,JR065,2023-04-13,Campus Recruitment,Offered
CAN001112,Nathaniel,Chukwu,DEP007,JR054,2023-02-10,Company Website,Offered
CAN001113,Michael,Oyekan,DEP006,JR048,2021-03-22,Referral,Interviewed
CAN001114,Elizabeth,Balogun,DEP006,JR049,2024-07-14,Campus Recruitment,Shortlisted
CAN001115,Ruth,Ibrahim,DEP002,JR015,2019-01-19,Company Website,Rejected
CAN001116,Andrew,Akinwale,DEP006,JR046,2022-02-15,Referral,Applied
CAN001117,Victoria,Okafor,DEP007,JR050,2025-07-02,LinkedIn,Rejected
CAN001118,David,Eze,DEP007,JR050,2024-08-24,Company Website,Rejected
CAN001119,Peace,Balogun,DEP003,JR023,2019-01-25,Referral,Applied
CAN001120,Grace,Ogunleye,DEP007,JR057,2022-06-18,Company Website,Rejected
CAN001121,Peter,Obi,DEP004,JR034,2021-04-20,Job Portal,Interviewed
CAN001122,Deborah,Oyekan,DEP002,JR013,2020-09-14,Company Website,Rejected
CAN001123,Peter,Ojo,DEP002,JR014,2020-04-21,Company Website,Rejected
CAN001124,David,Balogun,DEP015,JR103,2019-12-11,LinkedIn,Hired
CAN001125,Cornelius,Okonkwo,DEP004,JR030,2022-07-26,Campus Recruitment,Rejected
CAN001126,Peace,Okafor,DEP007,JR057,2022-03-21,LinkedIn,Offered
CAN001127,Mark,Akinwale,DEP004,JR030,2024-03-25,Company Website,Applied
CAN001128,John,Chukwu,DEP008,JR059,2022-04-06,Company Website,Shortlisted
CAN001129,,Okonkwo,DEP013,JR089,2023-05-05,Job Portal,Offered
CAN001130,Hope,Balogun,DEP001,JR006,2019-11-10,Referral,Shortlisted
CAN001131,Patience,Obasanjo,DEP015,JR106,2025-05-16,LinkedIn,Rejected
CAN001132,Stephen,Akinwale,DEP014,JR100,2021-05-25,Job Portal,Rejected
CAN001133,Gloria,Abiola,DEP004,JR026,2024-05-28,Campus Recruitment,Rejected
CAN001134,Nathaniel,Obi,DEP003,JR022,2023-11-25,Company Website,Applied
CAN001135,Hope,Ibrahim,DEP007,JR054,2019-03-22,Company Website,Offered
CAN001136,Paul,Oshodi,DEP002,JR009,2025-02-22,Job Portal,Offered
CAN001137,Gloria,Obi,DEP012,JR087,2021-01-20,Company Website,Appliedd
CAN001138,Hope,Akinwale,DEP015,JR103,2024-08-19,Campus Recruitment,Shortlisted
CAN001139,Faith,Chukwu,DEP006,JR049,2019-08-12,Campus Recruitment,Rejected
CAN001140,Joseph,Obasanjo,DEP014,JR098,2019-06-27,Company Website,Offered
CAN001141,Peace,Ibrahim,DEP004,JR028,2021-07-21,LinkedIn,Applied
CAN001142,Sarah,Ibrahim,DEP013,JR090,2020-06-25,LinkedIn,Interview
CAN001143,Angela,Uche,DEP008,JR059,2020-08-11,Company Website,Applied
CAN001144,Michael,Eze,DEP012,JR085,2020-04-19,Campus Recruitment,Hired
CAN001145,Michael,Adeyemi,DEP010,JR071,2022-08-14,LinkedIn,Rejected
CAN001146,Victoria,Nnamani,DEP007,JR055,2020-02-28,Campus Recruitment,Applied
CAN001147,Simon,Okonkwo,DEP014,JR100,2023-05-22,Referral,Interviewed
CAN001148,Charity,Ibrahim,DEP004,JR030,2023-05-18,Company Website,Shortlisted
CAN001149,Esther,Olawale,DEP007,JR056,2019-09-25,Job Portal,Rejected
CAN001150,Daniel,Oyekan,DEP014,JR097,2025-12-25,Job Portal,Applied
CAN001151,Comfort,Adetokunbo,DEP008,JR062,2025-05-11,Company Website,Applied
CAN001152,Sarah,Obi,DEP008,JR060,2020-06-03,LinkedIn,Rejected
CAN001153,Joseph,Nnamani,DEP009,JR067,2021-11-23,Company Website,Accepted
CAN001154,David,Ogunleye,DEP001,JR008,2023-08-20,Campus Recruitment,Rejected
CAN001155,Peter,Eze,DEP009,JR065,2024-11-12,Job Portal,Shortlisted
CAN001156,Mary,Adetokunbo,DEP011,JR079,2025-11-11,Campus Recruitment,Applied
CAN001157,Stephen,Olawale,DEP015,JR102,2019-10-21,Company Website,Interviewed
CAN001158,Elizabeth,Oshodi,DEP015,JR106,2020-02-23,Campus Recruitment,Shortlisted
CAN001159,Patience,Ekwueme,DEP015,JR103,2019-02-24,Referral,Offered
CAN001160,Esther,Obasanjo,DEP006,JR043,2020-02-17,Job Portal,Interviewed
CAN001161,Peace,Oyekan,DEP012,JR087,2024-01-18,LinkedIn,Interviewed
CAN001162,Comfort,Adetokunbo,DEP006,JR048,2025-11-27,Job Portal,Rejected
CAN001163,Benjamin,Ogunleye,DEP003,JR018,2024-01-16,Job Portal,Shortlisted
CAN001164,David,Adetokunbo,DEP013,JR091,2020-09-14,Campus Recruitment,Rejected
CAN001165,Esther,Olawale,DEP012,JR086,2024-03-03,Job Portal,Offered
CAN001166,Elizabeth,Ojo,DEP006,JR047,2025-10-09,Campus Recruitment,Hired
CAN001167,Victoria,Obasanjo,DEP011,JR081,2023-07-03,Job Portal,Shortlisted
CAN001168,Joshua,Ogunleye,DEP008,JR059,2025-07-05,Campus Recruitment,Applied
CAN001169,Mark,Okonkwo,DEP014,JR097,2024-04-03,Referral,Applied
CAN001170,John,Eze,DEP004,JR033,2023-04-07,Campus Recruitment,Rejected
CAN001171,Grace,Nnamani,DEP011,JR074,2025-08-23,Job Portal,Shortlisted
CAN001172,John,Oyekan,DEP001,JR007,2019-01-26,Campus Recruitment,Hired
CAN001173,Sarah,Ogunleye,DEP013,JR094,2025-03-06,LinkedIn,Shortlisted
CAN001174,Emmanuel,Olawale,DEP003,JR021,2022-08-21,Referral,Rejected
CAN001175,,Okonkwo,DEP003,JR021,2022-01-26,Campus Recruitment,Interviewed
CAN001176,David,Nnamani,DEP011,JR076,2023-01-25,Campus Recruitment,Rejected
CAN001177,Emmanuel,Okonkwo,DEP005,JR041,2020-04-16,Job Portal,Hired
CAN001178,Andrew,Eze,DEP013,JR092,2019-08-17,Job Portal,Offered
CAN001179,Paul,Ekwueme,DEP003,JR024,2019-01-24,Job Portal,Interviewed
CAN001180,Elizabeth,Ogunleye,DEP015,JR101,2021-03-10,Job Portal,Hired
CAN001181,Charity,Adetokunbo,DEP011,JR074,2025-05-14,LinkedIn,Rejected
CAN001182,Michael,Obi,DEP006,JR042,2024-12-13,LinkedIn,Shortlisted
CAN001183,Daniel,Chukwu,DEP012,JR083,2020-05-25,Walk In,Hired
CAN001184,Blessing,Oshodi,DEP003,JR017,2019-10-15,Campus Recruitment,Shortlisted
CAN001185,Sarah,Oyekan,DEP014,JR096,2022-05-04,Job Portal,Applied
CAN001186,Paul,Ogunleye,DEP005,JR039,2022-09-26,Campus Recruitment,Interview
CAN001187,Cornelius,Ojo,DEP009,JR066,2025-04-25,Company Website,Shortlisted
CAN001188,Benjamin,Olawale,DEP011,JR074,2022-10-10,Indeed,Hired
CAN001189,Joy,Olawale,DEP005,JR041,2020-10-23,Campus Recruitment,Shortlisted
CAN001190,Samuel,Ojo,DEP005,JR036,2019-05-22,LinkedIn,Applied
CAN001191,Benjamin,Ekwueme,DEP003,JR019,2025-08-10,Campus Recruitment,Hired
CAN001192,Joy,Ogunleye,DEP001,JR005,2024-08-19,Job Portal,Unknown
CAN001193,Samuel,Oshodi,DEP015,JR104,2019-02-16,Referral,Rejected
CAN001194,Elizabeth,Ibrahim,DEP002,JR016,2019-09-21,Referral,Shortlisted
CAN001195,Charity,Abiola,DEP014,JR100,2022-01-20,LinkedIn,Rejected
CAN001196,Hope,Eze,DEP003,JR017,2024-05-19,Company Website,Hired
CAN001197,Victoria,Ogunleye,DEP010,JR072,2020-10-08,Company Website,Shortlisted
CAN001198,Joshua,Balogun,DEP001,JR001,2021-02-12,LinkedIn,Rejected
CAN001199,Hope,Oshodi,DEP001,JR002,2019-01-18,Referral,Shortlisted
CAN001200,Cornelius,Oyekan,DEP003,JR018,2021-01-17,Referral,Rejected
CAN001201,Samuel,Nnamani,DEP004,JR034,2021-06-07,Campus Recruitment,Offered
CAN001202,Stephen,Nnamani,DEP014,JR098,2020-03-21,Referral,Interviewed
CAN001203,Sarah,Olawale,DEP007,JR056,2021-01-15,Company Website,Applied
CAN001204,Deborah,Adetokunbo,DEP006,JR043,2023-08-06,Referral,Offered
CAN001205,Emmanuel,Ibrahim,DEP006,JR048,2019-12-07,Company Website,Interviewed
CAN001206,Agnes,Eze,DEP002,JR009,2023-01-09,Company Website,Hired
CAN001207,Andrew,Ekwueme,DEP012,JR086,2021-07-24,Campus Recruitment,Offered
CAN001208,Ruth,Eze,DEP008,JR063,2023-02-20,Job Portal,Hired
CAN001209,Michael,Okafor,DEP006,JR049,2023-06-07,Job Portal,Interviewed
CAN001210,Mary,Obasanjo,DEP010,JR072,2019-07-25,Referral,Offered
CAN001211,David,Ekwueme,DEP008,JR062,2020-11-14,Company Website,Hired
CAN001212,Gloria,Adetokunbo,DEP004,JR034,2021-11-04,Campus Recruitment,Hired
CAN001213,Comfort,Uche,DEP015,JR102,2021-03-24,Job Portal,Shortlisted
CAN001214,Angela,Okafor,DEP004,JR025,2025-12-21,Referral,Rejected
CAN001215,Benjamin,Okonkwo,DEP010,JR070,2022-06-08,Campus Recruitment,Offered
CAN001216,Comfort,Oshodi,DEP015,JR105,2025-10-01,Campus Recruitment,Interviewed
CAN001217,Andrew,Ibrahim,DEP015,JR104,2019-06-13,Referral,Hired
CAN001218,John,Okafor,DEP008,JR059,2023-11-12,Company Website,Offered
CAN001219,Philip,Adetokunbo,DEP003,JR017,2025-11-13,Company Website,Hired
CAN001220,Stephen,Chukwu,DEP002,JR011,2025-06-01,Company Website,Hired
CAN001221,Mary,Ibrahim,DEP006,JR047,2024-02-12,Referral,Rejected
CAN001222,Faith,Akinwale,DEP012,JR084,2025-11-27,Referral,Hired
CAN001223,Faith,Nnamani,DEP011,JR078,2022-12-12,Referral,Interviewed
CAN001224,Cornelius,Ogunleye,DEP011,JR078,2021-06-20,Company Website,Appliedd
CAN001225,David,Ekwueme,DEP006,JR047,2022-06-19,Company Website,Applied
CAN001226,Deborah,Eze,DEP003,JR020,2023-06-16,Job Portal,Shortlisted
CAN001227,Benjamin,Akinwale,DEP014,JR096,2023-01-11,Referral,Rejected
CAN001228,Philip,,DEP001,JR002,2019-05-19,Job Portal,Offered
CAN001229,Samuel,Uche,DEP014,JR098,2021-03-10,Company Website,Applied
CAN001230,John,Akinwale,DEP003,JR021,2022-01-04,Campus Recruitment,Applied
CAN001231,Esther,Ekwueme,DEP002,JR012,2019-07-11,Company Website,Shortlisted
CAN001232,Sarah,Obi,DEP012,JR083,2022-11-10,Referral,Rejected
CAN001233,David,Obi,DEP001,JR001,2025-09-06,Job Portal,Applied
CAN001234,Hope,,DEP002,JR015,2020-03-06,linkedin,Interviewed
CAN001235,Sarah,,DEP005,JR038,2021-04-18,Campus Recruitment,Shortlisted
CAN001236,Michael,Oshodi,DEP015,JR105,2025-07-26,LinkedIn,Shortlisted
CAN001237,James,Adeyemi,DEP006,JR049,2023-07-05,Job Portal,Offered
CAN001238,Faith,Abiola,DEP013,JR090,2024-04-09,Referral,Hired
CAN001239,Hope,Ekwueme,DEP001,JR007,2024-06-23,LinkedIn,Interviewed
CAN001240,Deborah,Okafor,DEP007,JR051,2020-02-18,Company Website,Offered
CAN001241,Peace,Chukwu,DEP009,JR065,2020-06-19,Campus Recruitment,Interviewed
CAN001242,Gloria,Nnamani,DEP013,JR092,2023-08-12,Referral,Shortlisted
CAN001243,Patience,Oshodi,DEP008,JR062,2021-08-25,LinkedIn,Offered
CAN001244,Esther,Olawale,DEP008,JR063,2025-04-02,Company Website,Offered
CAN001245,Victoria,Oyekan,DEP014,JR100,2024-09-21,Referral,Rejected
CAN001246,Gabriel,Nnamani,DEP012,JR088,2020-07-21,Referral,Applied
CAN001247,Samuel,Akinwale,DEP001,JR007,2024-10-05,Job Portal,Shortlisted
CAN001248,Grace,Nnamani,DEP011,JR079,2023-07-10,Indeed,Offered
CAN001249,Esther,Uche,DEP004,JR027,2024-12-23,Campus Recruitment,Applied
CAN001250,James,Akinwale,DEP009,JR065,2025-11-23,LinkedIn,Applied
CAN001251,Victoria,Adetokunbo,DEP001,JR003,2021-12-03,Campus Recruitment,Offered
CAN001252,Michael,Abiola,DEP005,JR039,2023-02-22,LinkedIn,Applied
CAN001253,Esther,Akinwale,DEP011,JR081,2021-04-11,LinkedIn,Offered
CAN001254,Angela,Uche,DEP006,JR048,2022-05-05,Referral,Hired
CAN001255,Comfort,Eze,DEP011,JR079,2019-10-22,LinkedIn,Interview
CAN001256,Juliet,Balogun,DEP005,JR041,2024-03-16,LinkedIn,Rejected
CAN001257,Juliet,Ekwueme,DEP003,JR018,2023-06-13,Referral,Offered
CAN001258,Angela,Ibrahim,DEP011,JR079,2022-05-11,Company Website,Interviewed
CAN001259,Gloria,Ojo,DEP004,JR029,2019-08-12,Job Portal,Applied
CAN001260,Mary,Oshodi,DEP007,JR055,2024-06-18,Campus Recruitment,Hired
CAN001261,Grace,Olawale,DEP006,JR049,2021-01-28,Company Website,Hired
CAN001262,Gloria,Eze,DEP002,JR014,2023-02-21,Referral,Rejected
CAN001263,Michael,Obasanjo,DEP014,JR100,2020-01-28,Job Portal,Shortlisted
CAN001264,Mark,Akinwale,DEP001,JR008,2025-09-04,Referral,Interviewed
CAN001265,John,Oyekan,DEP014,JR097,2019-11-11,Company Website,Interviewed
CAN001266,Joy,Oyekan,DEP015,JR102,2022-10-15,Job Portal,Shortlisted
CAN001267,Philip,Obasanjo,DEP003,JR020,2022-03-06,Company Website,Offered
CAN001268,Mark,Okonkwo,DEP006,JR043,2020-02-10,Referral,Interviewed
CAN001269,Victoria,Nnamani,DEP004,JR025,2024-10-18,Referral,Rejected
CAN001270,Simon,Oyekan,DEP013,JR092,2025-06-11,LinkedIn,Hired
CAN001271,Daniel,Ibrahim,DEP014,JR098,2024-04-18,Job Portal,Applied
CAN001272,Faith,,DEP012,JR086,2022-03-26,LinkedIn,Applied
CAN001273,Joseph,Chukwu,DEP003,JR020,2021-04-21,Company Website,Offered
CAN001274,Cornelius,Oyekan,DEP003,JR017,2020-02-12,Referral,Interviewed
CAN001275,Simon,Ekwueme,DEP003,JR019,2024-05-27,LinkedIn,Hired
CAN001276,Andrew,Olawale,DEP009,JR065,2021-06-23,Campus Recruitment,Offered
CAN001277,Daniel,Adeyemi,DEP003,JR022,2022-03-23,Job Portal,Rejected
CAN001278,Mark,Obasanjo,DEP013,JR092,2023-11-04,Campus Recruitment,Offered
CAN001279,Samuel,Ekwueme,DEP014,JR097,2020-04-24,Company Website,Shortlisted
CAN001280,,Abiola,DEP002,JR009,2020-05-01,Job Portal,Hired
CAN001281,Comfort,Chukwu,DEP013,JR093,2025-10-09,Campus Recruitment,Offered
CAN001282,Daniel,Okonkwo,DEP001,JR005,2021-02-12,Company Website,Unknown
CAN001283,Ruth,Oyekan,DEP004,JR027,2022-04-15,Campus Recruitment,Offered
CAN001284,Grace,Balogun,DEP006,JR046,2025-09-14,Job Portal,Applied
CAN001285,James,Balogun,DEP005,JR038,2021-10-01,LinkedIn,Rejected
CAN001286,Simon,Oshodi,DEP011,JR079,2024-01-04,Job Portal,Rejected
CAN001287,Deborah,Oyekan,DEP007,JR055,2025-01-26,NIL,Applied
CAN001288,Philip,Oshodi,DEP005,JR037,2025-10-07,Campus Recruitment,Applied
CAN001289,Samuel,Balogun,DEP006,JR042,2021-01-10,Job Portal,Rejected
CAN001290,Andrew,Obasanjo,DEP015,JR104,2023-01-03,Company Website,Hired
CAN001291,Benjamin,Chukwu,DEP005,JR036,2021-12-15,Campus Recruitment,Shortlisted
CAN001292,Peter,Chukwu,DEP012,JR082,2025-04-06,Company Website,Interviewed
CAN001293,Patience,Obi,DEP001,JR007,2020-01-12,Job Portal,Interviewed
CAN001294,Mark,Ogunleye,DEP010,JR070,2025-08-14,Job Portal,Rejected
CAN001295,James,Adeyemi,DEP010,JR072,2022-10-01,LinkedIn,Applied
CAN001296,Agnes,Uche,DEP002,JR009,2020-03-11,Job Portal,Interviewed
CAN001297,Sarah,Ekwueme,DEP008,JR062,2022-03-24,Company Website,Rejected
CAN001298,Peace,Akinwale,DEP006,JR044,2022-03-14,LinkedIn,Applied
CAN001299,Philip,Akinwale,DEP013,JR093,2024-10-18,Job Portal,Hired
CAN001300,Hope,Abiola,DEP006,JR049,2023-04-10,Campus Recruitment,Shortlisted
CAN001301,Nathaniel,Ogunleye,DEP003,JR020,2025-02-27,LinkedIn,Shortlisted
CAN001302,Ruth,,DEP011,JR076,2025-06-14,Referral,Applied
CAN001303,Nathaniel,Ekwueme,DEP004,JR032,2025-12-04,Job Portal,Shortlisted
CAN001304,Simon,Abiola,DEP014,JR098,2020-09-20,Job Portal,Applied
CAN001305,Patience,Ogunleye,DEP008,JR058,2019-04-10,Referral,Interviewed
CAN001306,Simon,Okafor,DEP010,JR072,2025-09-08,Job Portal,Offered
CAN001307,Charity,Eze,DEP004,JR033,2021-02-21,LinkedIn,Applied
CAN001308,Joseph,Adetokunbo,DEP001,JR007,2021-09-14,LinkedIn,Interviewed
CAN001309,Joseph,Adeyemi,DEP001,JR002,2024-11-07,Campus Recruitment,Shortlisted
CAN001310,Sarah,Obi,DEP012,JR087,2020-11-27,Campus Recruitment,Applied
CAN001311,Blessing,Uche,DEP002,JR010,2023-12-21,Campus Recruitment,Rejected
CAN001312,Samuel,Abiola,DEP014,JR096,2022-12-02,Company Website,Applied
CAN001313,Mark,Uche,DEP012,JR088,2020-08-25,Campus Recruitment,Interviewed
CAN001314,David,Okonkwo,DEP012,JR085,2024-05-20,Company Website,Shortlisted
CAN001315,Stephen,Okafor,DEP002,JR013,2022-09-23,Campus Recruitment,Rejected
CAN001316,Hope,Ogunleye,DEP005,JR040,2024-03-08,Job Portal,Rejected
CAN001317,James,Adeyemi,DEP009,JR068,2024-11-27,Job Portal,Shortlisted
CAN001318,Peter,Obi,DEP001,JR008,2022-07-03,LinkedIn,Applied
CAN001319,Blessing,Okonkwo,DEP010,JR069,2019-07-16,Referral,Rejected
CAN001320,Peace,Abiola,DEP013,JR089,2019-08-15,Company Website,Offered
CAN001321,,Okafor,DEP008,JR058,2025-07-17,Job Portal,Hired
CAN001322,Gloria,Ogunleye,DEP008,JR063,2025-10-14,Referral,Appliedd
CAN001323,James,Ojo,DEP015,JR101,2020-12-19,Job Portal,Shortlisted
CAN001324,Ruth,Abiola,DEP011,JR074,2021-08-13,Campus Recruitment,Offered
CAN001325,Paul,Okafor,DEP004,JR028,2025-03-10,NIL,Rejected
CAN001326,Peace,Ibrahim,DEP001,JR008,2022-03-08,Job Portal,Interviewed
CAN001327,,Oyekan,DEP011,JR074,2021-08-12,LinkedIn,Shortlisted
CAN001328,Benjamin,Oshodi,DEP004,JR033,2022-03-13,Referral,Applied
CAN001329,Deborah,Olawale,DEP001,JR008,2025-01-11,LinkedIn,Rejected
CAN001330,Juliet,Ojo,DEP003,JR020,2023-08-08,Campus Recruitment,Hired
CAN001331,Mark,Obi,DEP007,JR056,2019-11-05,NIL,Interviewed
CAN001332,Gabriel,Akinwale,DEP010,JR070,2021-03-20,Referral,Applied
CAN001333,Elizabeth,Ojo,DEP007,JR055,2020-09-14,Company Website,Rejected
CAN001334,Emmanuel,Okafor,DEP013,JR093,2021-04-06,LinkedIn,Interview
CAN001335,James,Chukwu,DEP014,JR099,2019-10-01,Job Portal,Rejected
CAN001336,Peace,Abiola,DEP002,JR013,2025-06-10,Company Website,Applied
CAN001337,James,,DEP002,JR016,2019-03-23,Company Website,Applied
CAN001338,Joy,Abiola,DEP011,JR076,2024-11-03,LinkedIn,Rejected
CAN001339,Peace,Nnamani,DEP010,JR069,2019-07-09,Campus Recruitment,Offered
CAN001340,Joy,Ogunleye,DEP001,JR007,2024-11-21,Job Portal,Shortlisted
CAN001341,Simon,Okafor,DEP013,JR091,2023-12-14,Job Portal,Rejected
CAN001342,Gabriel,Balogun,DEP013,JR092,2022-09-03,LinkedIn,Interviewed
CAN001343,Esther,Ogunleye,DEP009,JR068,2020-08-13,Job Portal,Hired
CAN001344,Stephen,Ekwueme,DEP007,JR057,2021-05-11,Referral,Interviewed
CAN001345,Blessing,Eze,DEP007,JR052,2020-05-07,Referral,Interviewed
CAN001346,David,Oyekan,DEP015,JR104,2025-02-20,Job Portal,Applied
CAN001347,Joy,Obi,DEP004,JR028,2019-10-22,Company Website,Hired
CAN001348,Faith,Adetokunbo,DEP005,JR040,2025-04-06,Referral,Rejected
CAN001349,Juliet,Olawale,DEP007,JR052,2022-02-25,Job Portal,Applied
CAN001350,Joshua,Abiola,DEP004,JR028,2025-05-02,Referral,Offered
CAN001351,David,Olawale,DEP012,JR082,2022-04-12,LinkedIn,Rejected
CAN001352,Agnes,Adetokunbo,DEP006,JR048,2022-10-14,Job Portal,Shortlisted
CAN001353,Sarah,Adetokunbo,DEP006,JR048,2019-02-18,LinkedIn,Hired
CAN001354,Daniel,,DEP014,JR097,2019-09-27,LinkedIn,Offered
CAN001355,Gloria,Oshodi,DEP001,JR007,2021-11-19,Campus Recruitment,Offered
CAN001356,Gloria,Balogun,DEP011,JR078,2019-05-14,LinkedIn,Interviewed
CAN001357,Gloria,Abiola,DEP001,JR004,2020-05-12,LinkedIn,Shortlisted
CAN001358,Joseph,Obi,DEP002,JR010,2022-02-18,Referral,Applied
CAN001359,Grace,Adeyemi,DEP015,JR106,2025-07-08,Referral,Shortlisted
CAN001360,Joy,Adetokunbo,DEP006,JR046,2024-03-20,Job Portal,Rejected
CAN001361,Philip,Balogun,DEP006,JR045,2024-12-02,Job Portal,Rejected
CAN001362,Mary,Nnamani,DEP003,JR019,2024-08-02,Campus Recruitment,Applied
CAN001363,Patience,Akinwale,DEP011,JR081,2025-05-10,Campus Recruitment,Rejected
CAN001364,Mary,Balogun,DEP007,JR052,2022-05-09,Job Portal,Rejected
CAN001365,Joseph,Abiola,DEP005,JR038,2022-08-01,Company Website,Hired
CAN001366,Sarah,Akinwale,DEP007,JR051,2022-09-14,Job Portal,Hired
CAN001367,Paul,Obasanjo,DEP005,JR039,2023-05-01,Job Portal,Interviewed
CAN001368,Agnes,Okafor,DEP014,JR095,2019-02-27,Campus Recruitment,Hired
CAN001369,Daniel,Ogunleye,DEP006,JR045,2020-08-07,LinkedIn,Hired
CAN001370,Gabriel,Abiola,DEP006,JR049,2022-07-10,Campus Recruitment,Interviewed
CAN001371,Simon,Nnamani,DEP002,JR012,2021-01-14,Referral,Rejected
CAN001372,,Ekwueme,DEP009,JR068,2020-10-25,Campus Recruitment,Hired
CAN001373,Michael,Abiola,DEP008,JR058,2024-03-20,Company Website,Offered
CAN001374,Blessing,Chukwu,DEP003,JR022,2025-03-05,LinkedIn,Offered
CAN001375,Joshua,Adetokunbo,DEP014,JR100,2019-12-12,Referral,Shortlisted
CAN001376,Michael,Obasanjo,DEP003,JR021,2019-12-01,Company Website,Hired
CAN001377,Juliet,Ogunleye,DEP011,JR074,2019-02-20,Referral,Applied
CAN001378,Agnes,Okonkwo,DEP009,JR065,2021-02-26,Job Portal,Rejected
CAN001379,Nathaniel,Ekwueme,DEP015,JR105,2024-08-26,Campus Recruitment,Shortlisted
CAN001380,Juliet,Adetokunbo,DEP009,JR065,2019-09-18,Campus Recruitment,Applied
CAN001381,Comfort,Eze,DEP012,JR088,2025-08-22,Job Portal,Shortlisted
CAN001382,Paul,Akinwale,DEP015,JR105,2019-02-14,Campus Recruitment,Applied
CAN001383,Sarah,Balogun,DEP006,JR049,2024-01-19,LinkedIn,Applied
CAN001384,Comfort,Adeyemi,DEP005,JR035,2021-07-01,LinkedIn,Interviewed
CAN001385,Joseph,Eze,DEP014,JR095,2020-01-17,Referral,Hired
CAN001386,Simon,Okafor,DEP003,JR021,2019-10-18,Company Website,Hired
CAN001387,Esther,Oyekan,DEP010,JR070,2020-11-21,Referral,Hired
CAN001388,Stephen,Okafor,DEP003,JR020,2021-12-15,Campus Recruitment,Applied
CAN001389,Philip,Oyekan,DEP012,JR088,2021-11-16,LinkedIn,Shortlisted
CAN001390,Joseph,Adetokunbo,DEP013,JR094,2024-09-26,Job Portal,Offered
CAN001391,Emmanuel,Chukwu,DEP015,JR104,2020-05-27,Campus Recruitment,Hired
CAN001392,Nathaniel,Balogun,DEP003,JR017,2022-10-25,Company Website,Offered
CAN001393,Sarah,Obasanjo,DEP012,JR083,2019-05-27,Job Portal,Interviewed
CAN001394,Grace,Balogun,DEP009,JR065,2024-05-06,Campus Recruitment,Rejected
CAN001395,Blessing,Obi,DEP011,JR078,2023-10-05,LinkedIn,Offered
CAN001396,John,Eze,DEP005,JR039,2020-02-12,Referral,Offered
CAN001397,Comfort,Ibrahim,DEP015,JR105,2022-03-12,Job Portal,Rejected
CAN001398,Mary,Abiola,DEP002,JR011,2020-12-09,Referral,Shortlisted
CAN001399,Mary,Obasanjo,DEP013,JR091,2021-06-16,LinkedIn,Applied
CAN001400,Simon,Ekwueme,DEP001,JR005,2024-06-09,LinkedIn,Applied
CAN001401,Blessing,Ibrahim,DEP012,JR084,2025-05-07,Job Portal,Rejected
CAN001402,Daniel,Ojo,DEP001,JR005,2020-12-10,Job Portal,Applied
CAN001403,Blessing,Oyekan,DEP012,JR082,2022-12-01,Referral,Hired
CAN001404,Paul,Balogun,DEP003,JR018,2024-11-17,Referral,Applied
CAN001405,Joy,Oshodi,DEP011,JR081,2020-10-07,Campus Recruitment,Applied
CAN001406,Joy,Oshodi,DEP011,JR079,2022-06-14,Job Portal,Shortlisted
CAN001407,Michael,Akinwale,DEP004,JR028,2019-01-02,Referral,Applied
CAN001408,Stephen,Okafor,DEP015,JR101,2024-01-03,Job Portal,Hired
CAN001409,Ruth,Akinwale,DEP012,JR084,2019-01-02,LinkedIn,Rejected
CAN001410,Paul,Ekwueme,DEP012,JR087,2023-03-24,Referral,Shortlisted
CAN001411,Agnes,Olawale,DEP014,JR100,2023-07-15,Job Portal,Applied
CAN001412,Mark,Eze,DEP005,JR040,2022-07-04,Campus Recruitment,Interviewed
CAN001413,Samuel,Okonkwo,DEP009,JR066,2022-07-01,Referral,Applied
CAN001414,Comfort,Ibrahim,DEP013,JR093,2019-08-26,Referral,Shortlisted
CAN001415,Ruth,Ojo,DEP009,JR066,2022-05-14,LinkedIn,Interviewed
CAN001416,Benjamin,Ekwueme,DEP009,JR064,2021-03-05,Company Website,Shortlisted
CAN001417,Blessing,Abiola,DEP006,JR044,2024-12-18,Referral,Applied
CAN001418,Andrew,Oyekan,DEP015,JR106,2020-08-03,Job Portal,Shortlisted
CAN001419,Paul,Adeyemi,DEP001,JR001,2020-02-14,LinkedIn,Rejected
CAN001420,Grace,Ibrahim,DEP002,JR014,2024-07-06,Company Website,Applied
CAN001421,Hope,Okafor,DEP010,JR070,2020-10-23,Company Website,Offered
CAN001422,Sarah,Obi,DEP002,JR014,2021-07-03,Job Portal,Offered
CAN001423,Nathaniel,Obasanjo,DEP001,JR001,2025-08-10,Job Portal,Shortlisted
CAN001424,Mark,,DEP008,JR063,2019-02-17,Company Website,Hired
CAN001425,Elizabeth,Olawale,DEP011,JR078,2025-10-03,Job Portal,Hired
CAN001426,Sarah,Adetokunbo,DEP001,JR003,2021-07-12,Referral,Hired
CAN001427,James,Adetokunbo,DEP001,JR001,2022-09-17,LinkedIn,Rejected
CAN001428,,Chukwu,DEP013,JR091,2020-05-27,Campus Recruitment,Rejected
CAN001429,Nathaniel,Akinwale,DEP003,JR018,2020-07-28,LinkedIn,Interviewed
CAN001430,Sarah,Chukwu,DEP008,JR058,2023-09-23,Referral,Hired
CAN001431,Patience,Okonkwo,DEP007,JR056,2023-03-01,Job Portal,Rejected
CAN001432,Philip,Ibrahim,DEP004,JR025,2023-05-06,LinkedIn,Interviewed
CAN001433,Blessing,Ibrahim,DEP001,JR002,2021-08-19,LinkedIn,Interviewed
CAN001434,Patience,Obasanjo,DEP009,JR066,2020-05-18,Job Portal,Hired
CAN001435,Michael,Obasanjo,DEP014,JR097,2025-01-15,Campus Recruitment,Hired
CAN001436,Stephen,Adeyemi,DEP004,JR029,2025-10-04,LinkedIn,Offered
CAN001437,Blessing,,DEP002,JR014,2021-08-02,LinkedIn,Rejected
CAN001438,David,Uche,DEP012,JR085,2024-01-03,LinkedIn,Rejected
CAN001439,Joshua,Ekwueme,DEP013,JR092,2019-09-15,Job Portal,Interviewed
CAN001440,Mark,Chukwu,DEP002,JR015,2023-01-26,LinkedIn,Rejected
CAN001441,Deborah,Adeyemi,DEP002,JR012,2020-05-12,Company Website,Interviewed
CAN001442,Deborah,Okonkwo,DEP003,JR023,2022-10-19,Company Website,Shortlisted
CAN001443,Charity,Obasanjo,DEP006,JR045,2025-12-04,Campus Recruitment,Interviewed
CAN001444,Comfort,Ibrahim,DEP001,JR006,2023-10-08,Company Website,Interviewed
CAN001445,Agnes,Nnamani,DEP003,JR022,2021-07-10,Indeed,Rejected
CAN001446,Peter,Okafor,DEP004,JR030,2021-03-11,Campus Recruitment,Applied
CAN001447,Angela,Nnamani,DEP002,JR016,2025-04-02,Referral,Shortlisted
CAN001448,Comfort,Uche,DEP005,JR035,2023-03-24,LinkedIn,Shortlisted
CAN001449,Agnes,Ojo,DEP010,JR073,2024-12-20,Job Portal,Interviewed
CAN001450,Angela,Obasanjo,DEP001,JR007,2025-07-23,LinkedIn,Offered
CAN001451,Agnes,Ibrahim,DEP013,JR093,2024-05-13,Referral,Hired
CAN001452,Benjamin,Eze,DEP009,JR064,2022-05-07,Job Portal,Applied
CAN001453,Comfort,Okafor,DEP007,JR056,2019-12-20,Job Portal,Offered
CAN001454,Emmanuel,Olawale,DEP009,JR065,2023-06-12,Referral,Shortlisted
CAN001455,Samuel,Olawale,DEP004,JR031,2019-12-25,Referral,Offered
CAN001456,James,Okafor,DEP002,JR011,2021-06-13,LinkedIn,Hired
CAN001457,Daniel,Uche,DEP004,JR026,2021-04-22,Company Website,Shortlisted
CAN001458,Samuel,Nnamani,DEP001,JR005,2025-02-08,Referral ,Applied
CAN001459,Hope,Oyekan,DEP014,JR096,2025-03-19,Campus Recruitment,Hired
CAN001460,Hope,,DEP010,JR070,2021-06-12,Company Website,Shortlisted
CAN001461,Philip,Balogun,DEP008,JR059,2023-06-24,Referral,Offered
CAN001462,Mary,Adeyemi,DEP004,JR029,2021-08-14,Campus Recruitment,Applied
CAN001463,Andrew,Okafor,DEP008,JR058,2023-07-16,LinkedIn,Offered
CAN001464,Hope,Uche,DEP006,JR047,2024-02-17,LinkedIn,Interviewed
CAN001465,Simon,Obi,DEP015,JR105,2019-01-08,LinkedIn,Hired
CAN001466,Elizabeth,Abiola,DEP003,JR022,2019-05-17,Company Website,Hired
CAN001467,Samuel,Okafor,DEP006,JR044,2023-05-01,Campus Recruitment,Rejected
CAN001468,Deborah,Oshodi,DEP008,JR063,2019-05-13,Campus Recruitment,Applied
CAN001469,Andrew,Ogunleye,DEP005,JR037,2020-09-26,Referral,Rejected
CAN001470,John,Ibrahim,DEP013,JR089,2019-02-14,LinkedIn,Shortlisted
CAN001471,Sarah,Oyekan,DEP012,JR085,2025-07-19,LinkedIn,Applied
CAN001472,Daniel,Olawale,DEP006,JR049,2025-04-08,LinkedIn,Offer
CAN001473,Peace,Balogun,DEP002,JR010,2020-11-27,Company Website,Offered
CAN001474,Gabriel,Oyekan,DEP003,JR020,2024-02-17,Company Website,Applied
CAN001475,Mary,Obi,DEP011,JR075,2022-03-22,Job Portal,Rejected
CAN001476,Daniel,Abiola,DEP001,JR002,2022-11-20,LinkedIn,Hired
CAN001477,Charity,Oyekan,DEP001,JR007,2024-01-23,Job Portal,Shortlisted
CAN001478,Samuel,Ojo,DEP001,JR002,2022-02-02,Campus Recruitment,Offered
CAN001479,Charity,Oyekan,DEP002,JR013,2022-03-17,Company Website,Hired
CAN001480,Peace,Obasanjo,DEP005,JR038,2022-12-07,Company Website,Interviewed
CAN001481,Peter,Akinwale,DEP004,JR026,2024-10-27,LinkedIn,Offered
CAN001482,Esther,Okafor,DEP002,JR011,2021-10-01,Referral,Offered
CAN001483,Faith,Ekwueme,DEP005,JR036,2021-12-11,Referral,Rejected
CAN001484,Mary,Oyekan,DEP005,JR040,2021-08-28,Campus Recruitment,Hired
CAN001485,,Olawale,DEP013,JR091,2024-07-24,Job Portal,Offered
CAN001486,Patience,Ekwueme,DEP003,JR020,2022-11-18,Job Portal,Interviewed
CAN001487,Victoria,Okonkwo,DEP008,JR061,2025-11-05,LinkedIn,Hired
CAN001488,Esther,Akinwale,DEP014,JR096,2019-06-21,Job Portal,Applied
CAN001489,Gloria,Abiola,DEP013,JR090,2020-02-14,Campus Recruitment,Interviewed
CAN001490,Emmanuel,Oyekan,DEP003,JR018,2019-03-24,Referral,Rejected
CAN001491,Hope,Eze,DEP007,JR050,2021-05-04,Company Website,Rejected
CAN001492,Michael,Oshodi,DEP003,JR022,2025-07-25,Company Website,Rejected
CAN001493,Benjamin,Adetokunbo,DEP004,JR034,2024-03-13,Campus Recruitment,Shortlisted
CAN001494,Charity,Adeyemi,DEP006,JR046,2019-11-12,Campus Recruitment,Applied
CAN001495,Paul,Olawale,DEP008,JR060,2025-03-28,Job Portal,Interviewed
CAN001496,Benjamin,Okonkwo,DEP014,JR097,2022-10-07,LinkedIn,Offer
CAN001497,Faith,Adetokunbo,DEP006,JR049,2021-09-07,Walk In,Hired
CAN001498,Agnes,Adeyemi,DEP003,JR020,2019-08-08,Job Portal,Interviewed
CAN001499,Faith,Adeyemi,DEP011,JR078,2024-06-21,Job Portal,Applied
CAN001500,Elizabeth,Akinwale,DEP014,JR097,2023-06-16,Company Website,Hired
CAN001501,David,Adeyemi,DEP013,JR092,2024-02-15,LinkedIn,Applied
CAN001502,Deborah,Okonkwo,DEP014,JR095,2021-11-26,Company Website,Offered
CAN001503,Daniel,Eze,DEP013,JR094,2021-10-10,LinkedIn,Applied
CAN001504,Esther,Okonkwo,DEP006,JR047,2021-04-06,Job Portal,Applied
CAN001505,Stephen,Nnamani,DEP001,JR001,2025-05-15,LinkedIn,Hired
CAN001506,Patience,Abiola,DEP008,JR060,2022-01-08,Company Website,Shortlisted
CAN001507,Mark,Ekwueme,DEP008,JR062,2020-08-22,LinkedIn,Offered
CAN001508,Paul,Okafor,DEP002,JR012,2021-02-26,Company Website,Rejected
CAN001509,Comfort,Obi,DEP004,JR025,2020-01-16,Referral,Interviewed
CAN001510,Peter,Akinwale,DEP008,JR059,2025-06-07,LinkedIn,Offered
CAN001511,Michael,Abiola,DEP008,JR059,2023-03-14,Campus Recruitment,Rejected
CAN001512,Joseph,Okonkwo,DEP005,JR037,2019-08-14,Referral,Hired
CAN001513,Mark,Oyekan,DEP008,JR063,2023-10-27,Job Portal,Shortlisted
CAN001514,Stephen,Balogun,DEP006,JR045,2023-11-02,Job Portal,Applied
CAN001515,Mark,Okafor,DEP012,JR086,2020-08-24,Campus Recruitment,Shortlisted
CAN001516,James,Abiola,DEP011,JR074,2022-11-24,Referral,Rejected
CAN001517,Blessing,Akinwale,DEP011,JR076,2019-06-28,LinkedIn,Hired
CAN001518,Comfort,Adeyemi,DEP004,JR032,2022-09-21,Referral,Offered
CAN001519,Angela,Akinwale,DEP004,JR025,2023-08-05,Referral,Shortlisted
CAN001520,John,Adeyemi,DEP007,JR057,2025-03-13,Campus Recruitment,Hired
CAN001521,Patience,Obasanjo,DEP015,JR102,2019-06-01,LinkedIn,Offered
CAN001522,Mark,Ojo,DEP008,JR058,2019-08-21,Company Website,Rejected
CAN001523,Stephen,Chukwu,DEP008,JR063,2024-06-01,Campus Recruitment,Offered
CAN001524,Joy,Adeyemi,DEP005,JR038,2019-07-09,Campus Recruitment,Rejected
CAN001525,Simon,Chukwu,DEP006,JR046,2022-02-27,Company Website,Hired
CAN001526,Deborah,,DEP005,JR038,2023-04-09,Campus Recruitment,Shortlisted
CAN001527,Stephen,Obasanjo,DEP002,JR013,2025-10-15,LinkedIn,Hired
CAN001528,Mark,Uche,DEP012,JR087,2020-10-15,Referral,Rejected
CAN001529,Samuel,Akinwale,DEP005,JR035,2023-06-20,Referral,Applied
CAN001530,Simon,Ojo,DEP003,JR020,2020-10-17,Referral,Shortlisted
CAN001531,Emmanuel,Oyekan,DEP007,JR055,2020-05-01,Referral,Rejected
CAN001532,Victoria,Adetokunbo,DEP007,JR051,2020-10-11,Company Website,Applied
CAN001533,Daniel,Olawale,DEP004,JR026,2022-04-08,Campus Recruitment,Offered
CAN001534,Sarah,Ibrahim,DEP004,JR029,2024-05-11,Referral,Offered
CAN001535,Victoria,Eze,DEP008,JR059,2020-06-18,LinkedIn,Offered
CAN001536,Sarah,Ojo,DEP001,JR003,2020-08-05,Campus Recruitment,Rejected
CAN001537,Benjamin,Okonkwo,DEP003,JR020,2024-06-04,Referral,Applied
CAN001538,James,Olawale,DEP013,JR090,2020-04-09,Campus Recruitment,Offered
CAN001539,Simon,Eze,DEP011,JR079,2021-12-12,Company Website,Shortlisted
CAN001540,Emmanuel,Chukwu,DEP013,JR094,2025-12-03,Company Website,Interviewed
CAN001541,Deborah,,DEP002,JR012,2023-06-08,Campus Recruitment,Applied
CAN001542,Nathaniel,Uche,DEP010,JR073,2019-03-03,Company Website,Interviewed
CAN001543,Faith,Obasanjo,DEP014,JR100,2020-07-04,Campus Recruitment,Hired
CAN001544,Ruth,Olawale,DEP010,JR069,2019-02-14,Referral,Shortlisted
CAN001545,Stephen,Ibrahim,DEP002,JR011,2021-03-25,Job Portal,Unknown
CAN001546,Esther,Adeyemi,DEP005,JR039,2025-01-01,Company Website,Offered
CAN001547,Joseph,Oshodi,DEP010,JR069,2022-09-13,LinkedIn,Shortlisted
CAN001548,Deborah,Ekwueme,DEP012,JR082,2022-02-19,Campus Recruitment,Applied
CAN001549,Samuel,Chukwu,DEP009,JR066,2025-01-16,Job Portal,Rejected
CAN001550,Grace,Obasanjo,DEP003,JR017,2023-03-28,Company Website,Interviewed
CAN001551,Joshua,Ojo,DEP006,JR043,2020-05-23,LinkedIn,Accepted
CAN001552,Stephen,Akinwale,DEP008,JR063,2021-02-11,Job Portal,Applied
CAN001553,Emmanuel,Balogun,DEP011,JR080,2019-08-07,Job Portal,Interviewed
CAN001554,Nathaniel,Olawale,DEP002,JR012,2022-07-20,Job Portal,Rejected
CAN001555,Stephen,Ogunleye,DEP007,JR053,2025-12-15,Referral,Offered
CAN001556,Grace,Oyekan,DEP002,JR010,2021-07-06,Job Portal,Offered
CAN001557,David,Ojo,DEP004,JR029,2024-02-02,Campus Recruitment,Rejected
CAN001558,Andrew,Obi,DEP004,JR030,2024-10-20,Company Website,Hired
CAN001559,Blessing,Okonkwo,DEP012,JR087,2021-06-23,Campus Recruitment,Shortlisted
CAN001560,David,Obi,DEP014,JR097,2021-12-22,Referral,Applied
CAN001561,,Okonkwo,DEP013,JR092,2019-08-02,Campus Recruitment,Shortlisted
CAN001562,Joy,Uche,DEP006,JR044,2022-01-11,Job Portal,Hired
CAN001563,Philip,Uche,DEP002,JR012,2023-06-25,LinkedIn,Hired
CAN001564,Mark,Olawale,DEP010,JR073,2023-06-26,Job Portal,Hired
CAN001565,Peace,Ogunleye,DEP006,JR049,2019-02-25,Company Website,Interviewed
CAN001566,Agnes,Oshodi,DEP015,JR102,2024-10-27,Referral,Shortlisted
CAN001567,Sarah,Nnamani,DEP010,JR072,2024-05-27,LinkedIn,Applied
CAN001568,Mark,Adeyemi,DEP006,JR046,2020-09-23,LinkedIn,Shortlisted
CAN001569,Andrew,Uche,DEP004,JR033,2019-04-20,LinkedIn,Rejected
CAN001570,Grace,Oshodi,DEP004,JR031,2024-03-09,Campus Recruitment,Offered
CAN001571,Deborah,Adeyemi,DEP004,JR033,2022-03-16,LinkedIn,Interviewed
CAN001572,Comfort,Oyekan,DEP009,JR067,2021-02-13,LinkedIn,Applied
CAN001573,James,Ekwueme,DEP014,JR100,2022-06-26,LinkedIn,Offered
CAN001574,John,Okafor,DEP013,JR090,2025-06-19,LinkedIn,Applied
CAN001575,Angela,Adetokunbo,DEP002,JR016,2022-09-25,Company Website,Interviewed
CAN001576,Deborah,Obasanjo,DEP010,JR072,2025-05-24,Job Portal,Offered
CAN001577,Blessing,Ibrahim,DEP011,JR079,2020-07-24,Company Website,Interviewed
CAN001578,Stephen,Uche,DEP013,JR091,2022-10-15,LinkedIn,Shortlisted
CAN001579,Nathaniel,Uche,DEP004,JR029,2019-09-11,Referral,Shortlisted
CAN001580,Joshua,Ojo,DEP012,JR086,2022-12-28,Company Website,Offered
CAN001581,Gabriel,Ojo,DEP008,JR058,2023-03-11,Campus Recruitment,Shortlisted
CAN001582,Blessing,Akinwale,DEP013,JR089,2021-09-28,Company Website,Hired
CAN001583,Stephen,Akinwale,DEP002,JR013,2021-05-11,Job Portal,Rejected
CAN001584,Philip,Adetokunbo,DEP012,JR085,2024-01-03,Campus Recruitment,Rejected
CAN001585,Patience,,DEP005,JR041,2022-06-13,LinkedIn,Hired
CAN001586,Comfort,Adeyemi,DEP002,JR013,2021-11-20,Company Website,Hired
CAN001587,Simon,Oyekan,DEP010,JR070,2020-11-10,Campus Recruitment,Shortlisted
CAN001588,Paul,Obi,DEP014,JR095,2021-08-11,Referral,Shortlisted
CAN001589,Grace,Obasanjo,DEP014,JR097,2023-05-01,Campus Recruitment,Offered
CAN001590,Blessing,Olawale,DEP014,JR098,2022-02-04,Referral,Interviewed
CAN001591,James,Ekwueme,DEP009,JR066,2025-01-13,Campus Recruitment,Hired
CAN001592,Michael,Chukwu,DEP006,JR045,2024-05-18,Referral,Interviewed
CAN001593,Andrew,Ogunleye,DEP004,JR031,2022-08-09,Company Website,Applied
CAN001594,Samuel,Oshodi,DEP007,JR056,2024-09-21,Job Portal,Shortlisted
CAN001595,Elizabeth,Oshodi,DEP011,JR079,2021-07-13,LinkedIn,Applied
CAN001596,Deborah,Okafor,DEP008,JR062,2019-12-07,Campus Recruitment,Shortlisted
CAN001597,Agnes,Oyekan,DEP004,JR033,2025-05-15,Job Portal,Shortlisted
CAN001598,Peter,Akinwale,DEP006,JR046,2021-01-01,Referral,Hired
CAN001599,Emmanuel,Ibrahim,DEP013,JR091,2020-12-22,Company Website,Rejected
CAN001600,Sarah,Okonkwo,DEP007,JR057,2021-02-01,Company Website,Rejected
CAN001601,Emmanuel,Oshodi,DEP009,JR068,2020-06-20,Referral,Hired
CAN001602,Comfort,Ogunleye,DEP004,JR028,2024-01-20,LinkedIn,Rejected
CAN001603,Agnes,Oshodi,DEP012,JR083,2021-05-04,LinkedIn,Hired
CAN001604,Peace,Okonkwo,DEP002,JR013,2025-03-12,Company Website,Offered
CAN001605,Charity,Okonkwo,DEP013,JR090,2023-10-01,Company Website,Offered
CAN001606,Faith,Oyekan,DEP009,JR065,2021-06-21,Campus Recruitment,Applied
CAN001607,Joshua,Ibrahim,DEP007,JR050,2023-04-06,Job Portal,Interviewed
CAN001608,Stephen,Eze,DEP008,JR059,2019-06-26,Job Portal,Interviewed
CAN001609,Deborah,Ekwueme,DEP011,JR075,2019-05-03,Job Portal,Offered
CAN001610,Grace,Nnamani,DEP006,JR043,2019-01-24,Company Website,Offered
CAN001611,Deborah,Balogun,DEP001,JR004,2019-04-21,Job Portal,Interviewed
CAN001612,Peter,Okonkwo,DEP001,JR006,2024-11-16,Company Website,Hired
CAN001613,Comfort,Olawale,DEP003,JR019,2025-12-25,Job Portal,Applied
CAN001614,Paul,Ekwueme,DEP015,JR102,2022-01-28,LinkedIn,Applied
CAN001615,Joseph,Okafor,DEP006,JR042,2019-08-13,Referral,Offered
CAN001616,Grace,Nnamani,DEP004,JR026,2023-09-15,Referral,Rejected
CAN001617,Mark,Oyekan,DEP012,JR087,2021-03-06,Referral,Offered
CAN001618,Joshua,Ojo,DEP014,JR096,2025-07-03,Job Portal,Hired
CAN001619,Deborah,Abiola,DEP007,JR053,2022-09-07,Job Portal,Hired
CAN001620,Victoria,Obi,DEP007,JR053,2020-06-21,Job Portal,Shortlisted
CAN001621,Faith,Ekwueme,DEP001,JR004,2019-09-18,Campus Recruitment,Hired
CAN001622,Mark,Ogunleye,DEP006,JR045,2024-01-17,Referral,Shortlisted
CAN001623,David,Ogunleye,DEP009,JR066,2022-03-08,Company Website,Rejected
CAN001624,Philip,Adeyemi,DEP004,JR030,2022-07-28,LinkedIn,Offered
CAN001625,Peace,Adetokunbo,DEP013,JR093,2023-05-26,Campus Recruitment,Applied
CAN001626,Gloria,Ekwueme,DEP001,JR004,2025-02-23,Referral,Interviewed
CAN001627,Agnes,Oshodi,DEP005,JR040,2019-10-22,LinkedIn,Offered
CAN001628,Stephen,Ibrahim,DEP004,JR030,2020-11-07,Job Portal,Hired
CAN001629,Grace,Nnamani,DEP013,JR091,2025-05-06,Campus Recruitment,Interviewed
CAN001630,Peace,Chukwu,DEP013,JR092,2022-04-10,LinkedIn,Applied
CAN001631,Comfort,Chukwu,DEP007,JR050,2025-02-22,Company Website,Rejected
CAN001632,Sarah,Nnamani,DEP011,JR079,2025-06-28,Referral,Shortlisted
CAN001633,Samuel,Oshodi,DEP015,JR104,2024-10-24,Referral,Shortlisted
CAN001634,Mary,Chukwu,DEP006,JR044,2021-05-22,Campus Recruitment,Offered
CAN001635,Ruth,Abiola,DEP008,JR063,2021-07-20,Referral,Hired
CAN001636,Faith,Ogunleye,DEP005,JR037,2020-03-23,Job Portal,Offered
CAN001637,Joy,Nnamani,DEP004,JR033,2020-05-04,Campus Recruitment,Interviewed
CAN001638,Paul,Obasanjo,DEP011,JR074,2025-09-27,Job Portal,Hired
CAN001639,Daniel,Ibrahim,DEP005,JR039,2020-09-19,LinkedIn,Offered
CAN001640,Deborah,Nnamani,DEP004,JR034,2022-02-26,Company Website,Hired
CAN001641,Victoria,Uche,DEP008,JR063,2022-12-20,Referral,Applied
CAN001642,Comfort,Adetokunbo,DEP013,JR090,2025-02-11,LinkedIn,Shortlisted
CAN001643,Hope,Obi,DEP001,JR004,2020-04-05,Campus Recruitment,Applied
CAN001644,Victoria,Adetokunbo,DEP007,JR056,2025-08-26,Job Portal,Offered
CAN001645,Simon,Ogunleye,DEP004,JR029,2022-08-24,LinkedIn,Offered
CAN001646,Benjamin,Obasanjo,DEP007,JR050,2024-11-10,Job Portal,Offered
CAN001647,James,Adetokunbo,DEP011,JR080,2021-11-16,Job Portal,Applied
CAN001648,Hope,Obasanjo,DEP015,JR103,2021-09-02,LinkedIn,Interviewed
CAN001649,Deborah,Adetokunbo,DEP006,JR046,2023-08-20,Job Portal,Interviewed
CAN001650,Ruth,Ogunleye,DEP014,JR099,2021-05-08,Job Portal,Offered
CAN001651,Joy,Ojo,DEP006,JR046,2025-06-20,Referral,Accepted
CAN001652,Simon,Uche,DEP012,JR088,2024-06-16,Referral,Rejected
CAN001653,Grace,Akinwale,DEP012,JR084,2020-11-26,LinkedIn,Applied
CAN001654,Patience,Ekwueme,DEP014,JR099,2025-04-13,Referral,Hired
CAN001655,Peter,Akinwale,DEP005,JR035,2022-06-24,Referral,Offered
CAN001656,Comfort,Eze,DEP012,JR083,2022-11-10,Campus Recruitment,Offered
CAN001657,Philip,Ekwueme,DEP009,JR066,2024-04-28,Company Website,Shortlisted
CAN001658,Samuel,Obasanjo,DEP001,JR008,2022-08-06,Campus Recruitment,Offered
CAN001659,John,Okafor,DEP009,JR067,2021-06-03,Company Website,Offered
CAN001660,Mary,Adeyemi,DEP015,JR105,2024-04-15,Company Website,Offered
CAN001661,Paul,Oshodi,DEP013,JR090,2023-11-01,Indeed,Shortlisted
CAN001662,Cornelius,Adeyemi,DEP005,JR041,2022-10-16,LinkedIn,Shortlisted
CAN001663,Peter,Okonkwo,DEP005,JR035,2021-10-13,Referral,Unknown
CAN001664,Nathaniel,Eze,DEP013,JR092,2020-05-21,LinkedIn,Applied
CAN001665,Benjamin,Abiola,DEP012,JR082,2020-03-10,Campus Recruitment,Offered
CAN001666,Peter,Okafor,DEP003,JR022,2025-11-08,Referral,Shortlisted
CAN001667,Philip,Chukwu,DEP004,JR033,2019-01-20,Job Portal,Shortlisted
CAN001668,Philip,Balogun,DEP013,JR093,2020-01-02,Job Portal,Shortlisted
CAN001669,Patience,Akinwale,DEP012,JR085,2024-05-21,Campus Recruitment,Shortlisted
CAN001670,Elizabeth,Nnamani,DEP001,JR004,2022-05-08,Company Website,Interviewed
CAN001671,James,Obi,DEP005,JR037,2024-10-05,Job Portal,Hired
CAN001672,Ruth,Obi,DEP012,JR083,2019-08-19,Referral,Rejected
CAN001673,James,Obi,DEP007,JR054,2024-04-16,Campus Recruitment,Hired
CAN001674,Blessing,Eze,DEP005,JR039,2024-02-15,Referral,Shortlisted
CAN001675,Angela,Balogun,DEP002,JR011,2023-12-05,Referral ,Hired
CAN001676,Michael,Okonkwo,DEP004,JR032,2021-09-26,Campus Recruitment,Rejected
CAN001677,Grace,Balogun,DEP010,JR070,2025-03-19,Job Portal,Hired
CAN001678,Cornelius,Adetokunbo,DEP003,JR021,2024-04-24,Referral,Interviewed
CAN001679,,Oshodi,DEP008,JR062,2021-11-24,Job Portal,Offered
CAN001680,Patience,Oshodi,DEP004,JR025,2019-03-03,Referral,Interviewed
CAN001681,Paul,Adetokunbo,DEP011,JR074,2024-01-27,Referral,Offered
CAN001682,Esther,Ibrahim,DEP006,JR047,2024-04-20,Job Portal,Interviewed
CAN001683,Comfort,Ogunleye,DEP002,JR009,2024-06-20,Job Portal,Interviewed
CAN001684,Grace,Adeyemi,DEP015,JR104,2025-02-15,Job Portal,Offered
CAN001685,Simon,Adetokunbo,DEP014,JR096,2025-02-18,Campus Recruitment,Shortlisted
CAN001686,Mark,Ekwueme,DEP007,JR056,2019-02-18,Job Portal,Hired
CAN001687,Joy,Chukwu,DEP012,JR087,2020-09-24,Company Website,Applied
CAN001688,Elizabeth,Olawale,DEP001,JR007,2025-12-02,LinkedIn,Interviewed
CAN001689,Elizabeth,Ogunleye,DEP015,JR103,2019-02-04,Campus Recruitment,Shortlisted
CAN001690,John,Eze,DEP014,JR100,2021-05-02,LinkedIn,Applied
CAN001691,Joshua,Chukwu,DEP011,JR077,2024-05-11,Job Portal,Applied
CAN001692,Daniel,Okafor,DEP014,JR097,2022-12-20,Company Website,Shortlisted
CAN001693,Paul,Olawale,DEP007,JR053,2020-05-17,Company Website,Applied
CAN001694,Simon,Uche,DEP009,JR064,2024-05-07,Referral,Shortlisted
CAN001695,Deborah,Chukwu,DEP006,JR048,2025-10-08,Company Website,Shortlisted
CAN001696,Victoria,Okonkwo,DEP008,JR062,2023-07-09,Company Website,Hired
CAN001697,Gloria,Ekwueme,DEP008,JR058,2024-12-26,Campus Recruitment,Offered
CAN001698,Michael,Akinwale,DEP002,JR009,2023-02-15,LinkedIn,Interviewed
CAN001699,Gabriel,Chukwu,DEP015,JR102,2022-10-21,LinkedIn,Rejected
CAN001700,Peace,Okonkwo,DEP011,JR080,2020-06-22,Referral,Offered
CAN001701,Blessing,Uche,DEP001,JR003,2021-02-14,Referral,Shortlisted
CAN001702,Deborah,Abiola,DEP011,JR077,2019-11-06,Job Portal,Interviewed
CAN001703,Agnes,Chukwu,DEP003,JR023,2025-02-20,Job Portal,Rejected
CAN001704,Gloria,Eze,DEP008,JR063,2024-04-05,Job Portal,Shortlisted
CAN001705,Deborah,Ibrahim,DEP012,JR085,2021-10-19,Job Portal,Hired
CAN001706,Elizabeth,Ekwueme,DEP008,JR058,2022-01-12,Job Portal,Offered
CAN001707,Victoria,Nnamani,DEP001,JR006,2022-01-14,Campus Recruitment,Rejected
CAN001708,Sarah,Adeyemi,DEP006,JR043,2024-02-09,LinkedIn,Rejected
CAN001709,Stephen,Obasanjo,DEP002,JR015,2025-11-04,Company Website,Offered
CAN001710,Faith,Akinwale,DEP008,JR061,2023-04-24,Company Website,Applied
CAN001711,Mark,Oshodi,DEP007,JR056,2021-12-27,LinkedIn,Hired
CAN001712,Andrew,Chukwu,DEP010,JR071,2020-10-10,Company Website,Shortlisted
CAN001713,Daniel,Nnamani,DEP006,JR043,2020-06-25,LinkedIn,Offered
CAN001714,Peace,Adetokunbo,DEP011,JR078,2020-09-24,Job Portal,Rejected
CAN001715,Cornelius,,DEP013,JR093,2025-03-12,LinkedIn,Interviewed
CAN001716,Mark,Okafor,DEP002,JR016,2021-03-21,Campus Recruitment,Interviewed
CAN001717,Peter,Olawale,DEP002,JR014,2021-02-08,Company Website,Applied
CAN001718,Angela,Olawale,DEP003,JR021,2024-04-27,linkedin,Offered
CAN001719,Hope,Ibrahim,DEP013,JR093,2023-05-03,Job Portal,Shortlisted
CAN001720,Charity,Akinwale,DEP010,JR072,2022-04-07,Campus Recruitment,Rejected
CAN001721,Simon,Akinwale,DEP006,JR047,2021-10-23,Referral,Interviewed
CAN001722,Faith,Adetokunbo,DEP002,JR013,2025-07-13,Job Portal,Applied
CAN001723,Paul,Nnamani,DEP010,JR072,2023-02-24,Referral,Offered
CAN001724,Blessing,Olawale,DEP004,JR027,2024-03-03,Campus Recruitment,Interviewed
CAN001725,Charity,Ojo,DEP004,JR033,2021-10-03,Company Website,Interviewed
CAN001726,Blessing,Balogun,DEP005,JR040,2021-05-04,Job Portal,Interviewed
CAN001727,Grace,Akinwale,DEP012,JR086,2021-09-10,Company Website,Offered
CAN001728,Andrew,Okonkwo,DEP003,JR022,2019-10-16,Referral,Interviewed
CAN001729,John,Okafor,DEP010,JR070,2023-07-17,Campus Recruitment,Applied
CAN001730,Agnes,Okonkwo,DEP004,JR031,2021-01-13,LinkedIn,Accepted
CAN001731,Simon,Balogun,DEP001,JR004,2020-11-11,Company Website,Shortlisted
CAN001732,Faith,Okafor,DEP008,JR063,2019-05-22,Campus Recruitment,Hired
CAN001733,Cornelius,Oyekan,DEP008,JR058,2024-01-04,Referral,Interviewed
CAN001734,Daniel,Uche,DEP011,JR076,2022-06-17,Company Website,Rejected
CAN001735,Peter,Olawale,DEP004,JR027,2019-01-01,Referral,Shortlisted
CAN001736,Juliet,Abiola,DEP002,JR011,2021-09-06,Referral,Applied
CAN001737,Agnes,Balogun,DEP015,JR106,2023-10-12,LinkedIn,Rejected
CAN001738,Emmanuel,Oshodi,DEP004,JR032,2021-07-14,Referral,Applied
CAN001739,Emmanuel,Adeyemi,DEP004,JR032,2021-12-19,Referral,Rejected
CAN001740,Blessing,Adetokunbo,DEP013,JR089,2022-05-19,Company Website,Offered
CAN001741,Benjamin,Ekwueme,DEP011,JR074,2022-07-18,Job Portal,Applied
CAN001742,Michael,Oshodi,DEP012,JR082,2023-08-04,Referral,Offered
CAN001743,Comfort,Okafor,DEP009,JR068,2024-08-18,LinkedIn,Applied
CAN001744,Charity,Balogun,DEP002,JR010,2020-09-02,Company Website,Shortlisted
CAN001745,Victoria,Balogun,DEP006,JR044,2020-08-03,Job Portal,Rejected
CAN001746,Gabriel,Ibrahim,DEP015,JR101,2019-02-16,Referral,Rejected
CAN001747,Joseph,Ekwueme,DEP001,JR006,2025-08-25,Company Website,Offered
CAN001748,Ruth,Nnamani,DEP003,JR017,2022-03-10,Company Website,Offered
CAN001749,Comfort,Adetokunbo,DEP004,JR027,2021-02-04,Campus Recruitment,Hired
CAN001750,James,Ojo,DEP002,JR016,2024-03-27,Referral,Applied
CAN001751,Stephen,Olawale,DEP004,JR025,2023-05-10,Company Website,Applied
CAN001752,Gloria,Ojo,DEP013,JR090,2025-03-05,NIL,Interviewed
CAN001753,Gloria,Ekwueme,DEP004,JR028,2024-02-13,Company Website,Offered
CAN001754,Emmanuel,Nnamani,DEP004,JR027,2025-05-16,Company Website,Hired
CAN001755,Mark,Eze,DEP003,JR019,2024-01-14,Job Portal,Offered
CAN001756,Victoria,Uche,DEP005,JR035,2021-03-10,Company Website,Interviewed
CAN001757,Hope,Akinwale,DEP003,JR021,2024-07-17,Campus Recruitment,Offered
CAN001758,Gabriel,Obi,DEP015,JR104,2023-02-01,Campus Recruitment,Interviewed
CAN001759,,Nnamani,DEP015,JR104,2025-07-21,Referral,Hired
CAN001760,Blessing,Balogun,DEP009,JR067,2021-02-18,Job Portal,Applied
CAN001761,Joshua,Okafor,DEP004,JR032,2020-05-28,Job Portal,Offered
CAN001762,Mark,Adetokunbo,DEP002,JR015,2020-03-27,NIL,Interviewed
CAN001763,Juliet,Uche,DEP002,JR009,2025-03-19,Referral,Interviewed
CAN001764,Simon,Akinwale,DEP012,JR087,2025-05-15,LinkedIn,Shortlisted
CAN001765,Esther,Balogun,DEP003,JR024,2023-05-04,Company Website,Shortlisted
CAN001766,Cornelius,Oyekan,DEP014,JR096,2019-03-03,Job Portal,Interviewed
CAN001767,Peter,Olawale,DEP006,JR047,2023-04-26,Campus Recruitment,Accepted
CAN001768,Comfort,Oshodi,DEP015,JR103,2020-02-26,Campus Recruitment,Rejected
CAN001769,Nathaniel,Nnamani,DEP006,JR046,2020-06-28,Campus Recruitment,Interview
CAN001770,Simon,Chukwu,DEP014,JR098,2022-12-02,Company Website,Rejected
CAN001771,Andrew,Obasanjo,DEP001,JR001,2023-08-22,LinkedIn,Shortlisted
CAN001772,Benjamin,Okafor,DEP001,JR005,2022-11-18,Company Website,Hired
CAN001773,John,Ibrahim,DEP001,JR007,2025-10-09,Job Portal,Rejected
CAN001774,Faith,Adeyemi,DEP003,JR023,2024-04-11,Job Portal,Offered
CAN001775,Simon,Balogun,DEP008,JR058,2019-08-24,Job Portal,Interviewed
CAN001776,Esther,Ojo,DEP011,JR077,2025-03-07,Campus Recruitment,Applied
CAN001777,Joy,,DEP005,JR035,2022-06-25,Job Portal,Hired
CAN001778,Simon,Obi,DEP008,JR062,2021-12-01,Company Website,Appliedd
CAN001779,Angela,Adeyemi,DEP002,JR009,2023-11-25,Company Website,Offered
CAN001780,Faith,Akinwale,DEP002,JR009,2024-04-23,Job Portal,Shortlisted
CAN001781,Gabriel,Ogunleye,DEP007,JR052,2019-11-21,Job Portal,Offered
CAN001782,Charity,Akinwale,DEP011,JR077,2022-03-19,Referral,Rejected
CAN001783,Andrew,Olawale,DEP006,JR045,2022-04-08,Company Website,Hired
CAN001784,Hope,Obasanjo,DEP004,JR031,2020-12-17,LinkedIn,Applied
CAN001785,Joshua,Obasanjo,DEP014,JR098,2023-06-24,Referral,Rejected
CAN001786,,Nnamani,DEP013,JR089,2022-12-12,Campus Recruitment,Hired
CAN001787,Mark,Ekwueme,DEP007,JR055,2021-10-03,Campus Recruitment,Hired
CAN001788,Victoria,Obasanjo,DEP008,JR060,2023-04-07,Campus Recruitment,Hired
CAN001789,Cornelius,Eze,DEP001,JR002,2023-03-12,Company Website,Hired
CAN001790,Philip,Nnamani,DEP001,JR006,2022-01-08,Company Website,Interviewed
CAN001791,Stephen,Oyekan,DEP014,JR095,2025-02-19,Campus Recruitment,Offered
CAN001792,Simon,Chukwu,DEP015,JR101,2020-01-13,Job Portal,Offered
CAN001793,Hope,Ogunleye,DEP005,JR041,2019-05-06,Campus Recruitment,Hired
CAN001794,Mary,Ogunleye,DEP001,JR006,2020-12-24,Referral,Interviewed
CAN001795,Comfort,Nnamani,DEP002,JR011,2024-11-10,Company Website,Offered
CAN001796,Gabriel,Ekwueme,DEP007,JR051,2020-01-03,Company Website,Hired
CAN001797,Peter,Adetokunbo,DEP014,JR098,2024-09-02,Referral,Shortlisted
CAN001798,Angela,Nnamani,DEP003,JR021,2023-05-12,Referral,Rejected
CAN001799,David,Ogunleye,DEP009,JR064,2022-03-08,Referral,Shortlisted
CAN001800,Samuel,Adeyemi,DEP009,JR065,2019-05-20,Company Website,Shortlisted
CAN001801,Charity,Chukwu,DEP006,JR044,2025-07-22,Campus Recruitment,Rejected
CAN001802,Simon,Olawale,DEP006,JR047,2020-09-06,Company Website,Applied
CAN001803,Simon,Eze,DEP013,JR092,2021-09-09,LinkedIn,Shortlisted
CAN001804,Joseph,Nnamani,DEP001,JR007,2019-07-15,Campus Recruitment,Offered
CAN001805,Joy,Okonkwo,DEP006,JR047,2020-10-04,Referral,Interviewed
CAN001806,Angela,Ekwueme,DEP006,JR049,2019-12-22,Referral,Applied
CAN001807,Agnes,Obi,DEP015,JR106,2020-06-09,Company Website,Hired
CAN001808,Joy,,DEP009,JR068,2024-11-15,Referral ,Applied
CAN001809,Patience,Oyekan,DEP012,JR082,2024-05-07,Campus Recruitment,Offered
CAN001810,Hope,Eze,DEP011,JR075,2021-12-26,Campus Recruitment,Shortlisted
CAN001811,Grace,Nnamani,DEP005,JR041,2022-02-12,LinkedIn,Rejected
CAN001812,Peter,Chukwu,DEP001,JR004,2023-05-12,Campus Recruitment,Applied
CAN001813,Nathaniel,Nnamani,DEP002,JR012,2019-07-13,LinkedIn,Interviewed
CAN001814,Elizabeth,Oyekan,DEP007,JR056,2019-11-19,Referral,Applied
CAN001815,David,Ogunleye,DEP010,JR071,2023-01-13,Campus Recruitment,Applied
CAN001816,Faith,Ekwueme,DEP011,JR080,2024-01-13,Job Portal,Rejected
CAN001817,Comfort,Obasanjo,DEP006,JR048,2023-10-27,Referral,Rejected
CAN001818,Comfort,Balogun,DEP009,JR064,2023-04-15,Job Portal,Rejected
CAN001819,Faith,Okonkwo,DEP015,JR102,2025-03-16,Company Website,Rejected
CAN001820,Gabriel,,DEP014,JR098,2020-01-03,Job Portal,Offered
CAN001821,Benjamin,Oshodi,DEP006,JR044,2023-07-25,Job Portal,Interviewed
CAN001822,Paul,Ogunleye,DEP005,JR035,2023-09-09,Company Website,Offered
CAN001823,Mark,Adetokunbo,DEP008,JR063,2019-05-22,Company Website,Rejected
CAN001824,Benjamin,Ibrahim,DEP002,JR016,2021-03-27,Campus Recruitment,Offered
CAN001825,Hope,Adetokunbo,DEP004,JR026,2021-12-02,LinkedIn,Rejected
CAN001826,Faith,Akinwale,DEP011,JR081,2021-05-05,LinkedIn,Interviewed
CAN001827,Nathaniel,Nnamani,DEP011,JR078,2025-09-06,Campus Recruitment,Offered
CAN001828,Deborah,Ekwueme,DEP008,JR061,2024-08-13,Job Portal,Offered
CAN001829,Elizabeth,Akinwale,DEP014,JR097,2022-07-01,LinkedIn,Rejected
CAN001830,Samuel,Akinwale,DEP013,JR090,2019-12-25,Company Website,Offered
CAN001831,Mark,Obi,DEP005,JR035,2021-01-01,Campus Recruitment,Hired
CAN001832,Blessing,Adeyemi,DEP015,JR102,2024-07-13,Job Portal,Offered
CAN001833,Deborah,Adetokunbo,DEP015,JR104,2020-07-17,Company Website,Rejected
CAN001834,Michael,Ogunleye,DEP008,JR061,2022-11-15,Referral,Offered
CAN001835,Esther,Ibrahim,DEP011,JR076,2023-09-28,Job Portal,Applied
CAN001836,Esther,Balogun,DEP008,JR061,2019-05-02,LinkedIn,Hired
CAN001837,Agnes,Adeyemi,DEP001,JR005,2020-04-22,Referral,Interviewed
CAN001838,Michael,Abiola,DEP003,JR018,2022-04-01,Company Website,Hired
CAN001839,Angela,Olawale,DEP007,JR055,2024-09-20,LinkedIn,Hired
CAN001840,David,Ojo,DEP002,JR014,2024-11-10,Referral,Interviewed
CAN001841,Hope,Chukwu,DEP001,JR003,2024-03-27,Company Website,Offered
CAN001842,Victoria,Nnamani,DEP001,JR003,2022-09-18,Referral,Rejected
CAN001843,Cornelius,Ojo,DEP012,JR085,2024-10-17,Job Portal,Offered
CAN001844,,Okonkwo,DEP003,JR017,2020-03-28,Job Portal,Rejected
CAN001845,Peter,Adeyemi,DEP007,JR055,2023-04-08,LinkedIn,Hired
CAN001846,Cornelius,Balogun,DEP002,JR014,2023-11-12,Job Portal,Interviewed
CAN001847,James,Obasanjo,DEP010,JR073,2025-12-10,Referral,Rejected
CAN001848,Hope,Akinwale,DEP015,JR101,2019-07-25,Company Website,Rejected
CAN001849,Sarah,Oshodi,DEP001,JR002,2023-03-26,Campus Recruitment,Shortlisted
CAN001850,Elizabeth,Chukwu,DEP005,JR040,2019-04-21,Campus Recruitment,Rejected
CAN001851,Grace,Olawale,DEP001,JR002,2022-12-03,Referral ,Interviewed
CAN001852,Mary,Okafor,DEP006,JR048,2025-09-24,LinkedIn,Offered
CAN001853,Elizabeth,Obi,DEP012,JR082,2019-01-26,Campus Recruitment,Shortlisted
CAN001854,Esther,Okafor,DEP011,JR077,2021-11-24,LinkedIn,Shortlisted
CAN001855,Deborah,Adeyemi,DEP004,JR025,2022-04-08,Referral,Applied
CAN001856,Deborah,Obi,DEP004,JR031,2024-12-20,Job Portal,Rejected
CAN001857,Emmanuel,Adetokunbo,DEP005,JR035,2021-01-14,LinkedIn,Offered
CAN001858,Ruth,Adetokunbo,DEP006,JR043,2022-06-21,Company Website,Offered
CAN001859,Simon,Uche,DEP003,JR020,2022-09-28,Campus Recruitment,Hired
CAN001860,David,Ibrahim,DEP012,JR082,2019-06-03,Campus Recruitment,Applied
CAN001861,Peace,Ibrahim,DEP004,JR031,2024-09-16,LinkedIn,Shortlisted
CAN001862,Joseph,Chukwu,DEP005,JR039,2025-07-01,Job Portal,Hired
CAN001863,Nathaniel,Adetokunbo,DEP001,JR004,2024-08-03,Job Portal,Hired
CAN001864,Stephen,Ogunleye,DEP012,JR086,2024-02-17,Referral,Interviewed
CAN001865,Gloria,Obi,DEP002,JR010,2025-02-07,Referral,Shortlisted
CAN001866,Faith,Ekwueme,DEP010,JR072,2023-07-02,Company Website,Rejected
CAN001867,Patience,Adeyemi,DEP004,JR034,2025-12-02,LinkedIn,Hired
CAN001868,Mark,Ogunleye,DEP012,JR082,2019-06-04,Campus Recruitment,Applied
CAN001869,Stephen,Obasanjo,DEP002,JR016,2019-05-15,Job Portal,Offered
CAN001870,John,Obasanjo,DEP001,JR006,2024-02-01,Referral,Rejected
CAN001871,Faith,Okonkwo,DEP014,JR095,2025-09-26,Referral,Shortlisted
CAN001872,Emmanuel,Ibrahim,DEP010,JR072,2025-02-04,LinkedIn,Shortlisted
CAN001873,Gloria,Oyekan,DEP015,JR106,2019-12-02,Company Website,Applied
CAN001874,Gloria,Ekwueme,DEP003,JR024,2022-05-27,Campus Recruitment,Interviewed
CAN001875,Benjamin,Okafor,DEP002,JR014,2022-03-13,LinkedIn,Rejected
CAN001876,Mary,Ogunleye,DEP009,JR064,2019-09-14,Company Website,Hired
CAN001877,Samuel,,DEP007,JR054,2024-08-06,LinkedIn,Rejected
CAN001878,Philip,Obasanjo,DEP003,JR017,2019-11-20,LinkedIn,Interviewed
CAN001879,Mark,Ogunleye,DEP014,JR098,2024-05-08,LinkedIn,Offered
CAN001880,Elizabeth,Ekwueme,DEP011,JR076,2019-05-21,Referral,Rejected
CAN001881,Faith,Adeyemi,DEP010,JR072,2022-12-22,Company Website,Hired
CAN001882,David,Okonkwo,DEP014,JR096,2024-08-12,LinkedIn,Shortlisted
CAN001883,Peace,Nnamani,DEP008,JR058,2020-01-10,Campus Recruitment,Applied
CAN001884,John,Oyekan,DEP009,JR067,2024-10-22,Campus Recruitment,Applied
CAN001885,Simon,Balogun,DEP012,JR084,2023-03-13,Job Portal,Hired
CAN001886,Peace,Okafor,DEP007,JR051,2019-05-15,Campus Recruitment,Shortlisted
CAN001887,Emmanuel,,DEP010,JR072,2020-03-25,Job Portal,Applied
CAN001888,Juliet,Ibrahim,DEP001,JR006,2024-06-15,Campus Recruitment,Shortlisted
CAN001889,Peace,Balogun,DEP010,JR070,2024-07-08,Company Website,Offered
CAN001890,Andrew,Chukwu,DEP002,JR012,2019-03-14,Campus Recruitment,Hired
CAN001891,Grace,Ojo,DEP011,JR078,2019-04-04,LinkedIn,Applied
CAN001892,Benjamin,Okonkwo,DEP005,JR041,2020-10-14,Company Website,Interviewed
CAN001893,Juliet,Okonkwo,DEP006,JR044,2023-10-10,Company Website,Shortlisted
CAN001894,Deborah,Ekwueme,DEP004,JR031,2024-01-23,Company Website,Interviewed
CAN001895,Ruth,Obasanjo,DEP009,JR066,2024-05-25,Referral,Interviewed
CAN001896,Gabriel,Nnamani,DEP001,JR001,2020-03-13,Company Website,Hired
CAN001897,Hope,Chukwu,DEP001,JR004,2019-07-01,Company Website,Applied
CAN001898,Blessing,Olawale,DEP011,JR077,2022-11-19,Campus Recruitment,Offered
CAN001899,Elizabeth,Obi,DEP001,JR006,2020-11-12,Referral,Applied
CAN001900,Faith,Obasanjo,DEP008,JR058,2021-11-08,Referral,Shortlisted
CAN001901,Gloria,Uche,DEP009,JR066,2021-06-04,Company Website,Shortlisted
CAN001902,Grace,Abiola,DEP004,JR027,2022-09-26,Job Portal,Offered
CAN001903,Simon,Uche,DEP001,JR001,2023-03-01,LinkedIn,Rejected
CAN001904,Victoria,Ekwueme,DEP005,JR040,2019-12-26,LinkedIn,Rejected
CAN001905,Gloria,Uche,DEP003,JR017,2023-05-13,LinkedIn,Hired
CAN001906,Peace,Akinwale,DEP003,JR023,2020-01-28,Job Portal,Shortlisted
CAN001907,Elizabeth,Okafor,DEP007,JR050,2025-03-07,Campus Recruitment,Offered
CAN001908,Juliet,Adeyemi,DEP006,JR046,2020-05-25,LinkedIn,Interviewed
CAN001909,Victoria,Obi,DEP004,JR033,2022-12-08,Job Portal,Offered
CAN001910,Gloria,Uche,DEP002,JR010,2023-08-01,Referral,Interviewed
CAN001911,,Obi,DEP011,JR074,2019-04-28,LinkedIn,Hired
CAN001912,Emmanuel,Oshodi,DEP010,JR069,2024-09-11,LinkedIn,Hired
CAN001913,Andrew,Abiola,DEP007,JR054,2024-01-25,LinkedIn,Applied
CAN001914,Esther,Obi,DEP012,JR082,2025-12-20,Company Website,Hired
CAN001915,Cornelius,Akinwale,DEP003,JR018,2024-04-27,Company Website,Offered
CAN001916,Mary,Adeyemi,DEP011,JR075,2019-03-07,Referral,Interviewed
CAN001917,Gloria,Oyekan,DEP001,JR006,2023-04-03,Referral,Rejected
CAN001918,David,,DEP004,JR026,2024-09-26,Company Website,Hired
CAN001919,Benjamin,Okafor,DEP002,JR012,2022-10-24,Referral,Offered
CAN001920,Michael,Olawale,DEP015,JR101,2019-04-16,LinkedIn,Rejected
CAN001921,Emmanuel,Okonkwo,DEP003,JR021,2022-08-25,Job Portal,Shortlisted
CAN001922,Nathaniel,Obi,DEP015,JR106,2025-10-23,LinkedIn,Interviewed
CAN001923,Deborah,Ekwueme,DEP002,JR016,2022-07-28,Campus Recruitment,Hired
CAN001924,Comfort,Okafor,DEP007,JR055,2019-01-21,Referral,Shortlisted
CAN001925,Ruth,Oshodi,DEP010,JR070,2025-09-09,LinkedIn,Interviewed
CAN001926,Philip,Abiola,DEP011,JR076,2020-10-01,Job Portal,Rejected
CAN001927,Philip,Abiola,DEP006,JR042,2021-09-26,Job Portal,Shortlisted
CAN001928,Emmanuel,Adetokunbo,DEP004,JR026,2024-10-09,Company Website,Shortlisted
CAN001929,Michael,Balogun,DEP011,JR074,2020-08-27,Campus Recruitment,Offered
CAN001930,Philip,Adeyemi,DEP008,JR058,2025-11-25,Campus Recruitment,Offered
CAN001931,Samuel,Akinwale,DEP006,JR045,2022-03-22,Campus Recruitment,Offered
CAN001932,Andrew,Ibrahim,DEP005,JR039,2020-10-26,Job Portal,Shortlisted
CAN001933,Faith,Ibrahim,DEP004,JR033,2020-09-02,Campus Recruitment,Shortlisted
CAN001934,Benjamin,Chukwu,DEP004,JR025,2020-05-12,LinkedIn,Shortlisted
CAN001935,John,Ekwueme,DEP006,JR047,2022-03-18,Company Website,Applied
CAN001936,Patience,Abiola,DEP008,JR062,2024-01-27,LinkedIn,Applied
CAN001937,Emmanuel,Obi,DEP011,JR076,2022-06-04,Company Website,Offered
CAN001938,Victoria,Uche,DEP010,JR073,2024-01-27,Job Portal,Shortlisted
CAN001939,Stephen,Ibrahim,DEP008,JR059,2022-04-02,Campus Recruitment,Applied
CAN001940,Stephen,Uche,DEP008,JR062,2019-03-12,Campus Recruitment,Hired
CAN001941,John,Nnamani,DEP001,JR003,2021-11-24,Referral,Interviewed
CAN001942,Victoria,Balogun,DEP014,JR100,2021-04-14,Campus Recruitment,Rejected
CAN001943,Deborah,Nnamani,DEP005,JR040,2025-12-18,Job Portal,Offered
CAN001944,Joseph,Okafor,DEP008,JR058,2022-06-07,Campus Recruitment,Offer
CAN001945,Cornelius,Akinwale,DEP005,JR035,2020-07-01,Campus Recruitment,Interviewed
CAN001946,Mark,Oyekan,DEP013,JR093,2019-06-08,Campus Recruitment,Offered
CAN001947,Patience,Eze,DEP008,JR059,2024-02-16,Company Website,Shortlisted
CAN001948,Elizabeth,Okonkwo,DEP014,JR097,2020-09-21,LinkedIn,Interviewed
CAN001949,John,Olawale,DEP006,JR048,2020-12-02,Company Website,Interviewed
CAN001950,Comfort,Ekwueme,DEP006,JR048,2025-12-12,Company Website,Shortlisted
CAN001951,Angela,Eze,DEP009,JR064,2022-02-22,Campus Recruitment,Rejected
CAN001952,Juliet,Obi,DEP008,JR062,2019-08-10,Company Website,Hired
CAN001953,James,Chukwu,DEP013,JR089,2021-11-14,Company Website,Applied
CAN001954,Ruth,Nnamani,DEP010,JR072,2025-04-19,Job Portal,Hired
CAN001955,,Olawale,DEP002,JR013,2021-09-01,LinkedIn,Hired
CAN001956,Comfort,Ekwueme,DEP003,JR024,2020-12-11,Referral,Applied
CAN001957,Deborah,Akinwale,DEP006,JR044,2022-12-07,Campus Recruitment,Offered
CAN001958,Blessing,Ibrahim,DEP007,JR053,2025-01-20,LinkedIn,Interviewed
CAN001959,Daniel,Okonkwo,DEP001,JR001,2022-01-05,Campus Recruitment,Applied
CAN001960,Nathaniel,Oyekan,DEP007,JR055,2020-12-15,Company Website,Interviewed
CAN001961,Mary,Chukwu,DEP013,JR094,2025-03-20,Job Portal,Shortlisted
CAN001962,Emmanuel,Obi,DEP015,JR103,2022-12-21,Company Website,Applied
CAN001963,Deborah,Adeyemi,DEP014,JR099,2019-08-20,Referral,Hired
CAN001964,Paul,Obasanjo,DEP012,JR087,2024-04-02,Job Portal,Applied
CAN001965,Blessing,Eze,DEP011,JR081,2022-08-15,Company Website,Rejected
CAN001966,Michael,Obi,DEP002,JR015,2021-05-05,Referral,Rejected
CAN001967,Angela,Abiola,DEP013,JR091,2021-06-05,Job Portal,Rejected
CAN001968,Victoria,Balogun,DEP011,JR079,2025-06-21,Campus Recruitment,Offered
CAN001969,Grace,Ojo,DEP005,JR041,2019-07-11,Company Website,Applied
CAN001970,Sarah,Oyekan,DEP015,JR103,2021-11-28,linkedin,Shortlisted
CAN001971,James,Abiola,DEP002,JR014,2022-03-19,Job Portal,Hired
CAN001972,Philip,Ekwueme,DEP013,JR089,2019-10-22,Campus Recruitment,Applied
CAN001973,Grace,Oshodi,DEP015,JR103,2022-12-23,Referral,Offered
CAN001974,Comfort,Ekwueme,DEP003,JR022,2024-12-22,Referral,Offered
CAN001975,Peter,Obi,DEP013,JR089,2022-01-23,Referral,Offered
CAN001976,Grace,Uche,DEP004,JR029,2023-07-23,LinkedIn,Interviewed
CAN001977,Elizabeth,Obasanjo,DEP006,JR043,2025-09-07,Job Portal,Applied
CAN001978,Sarah,Obasanjo,DEP002,JR013,2022-10-19,LinkedIn,Offered
CAN001979,Patience,Adeyemi,DEP003,JR017,2019-07-17,LinkedIn,Shortlisted
CAN001980,Sarah,Balogun,DEP006,JR045,2024-08-22,Referral,Shortlisted
CAN001981,Hope,Nnamani,DEP007,JR055,2021-10-04,Indeed,Shortlisted
CAN001982,Grace,Ojo,DEP015,JR104,2024-09-06,Referral,Applied
CAN001983,Juliet,Obi,DEP008,JR060,2023-10-26,Job Portal,Interviewed
CAN001984,Mark,Obi,DEP005,JR040,2025-04-19,Referral,Interviewed
CAN001985,Gabriel,Ekwueme,DEP007,JR051,2021-01-13,LinkedIn,Interviewed
CAN001986,Samuel,Akinwale,DEP002,JR015,2019-06-18,Campus Recruitment,Interviewed
CAN001987,Cornelius,Obi,DEP008,JR062,2022-02-10,Company Website,Hired
CAN001988,Mary,Oyekan,DEP004,JR034,2025-09-08,Campus Recruitment,Hired
CAN001989,Nathaniel,Obi,DEP013,JR091,2023-09-17,LinkedIn,Applied
CAN001990,Daniel,Eze,DEP008,JR059,2020-03-22,Campus Recruitment,Offered
CAN001991,Daniel,Ekwueme,DEP003,JR022,2020-05-02,Company Website,Shortlisted
CAN001992,Benjamin,Balogun,DEP010,JR069,2023-10-25,Campus Recruitment,Interviewed
CAN001993,Nathaniel,Ekwueme,DEP006,JR047,2021-06-19,Job Portal,Hired
CAN001994,Angela,Uche,DEP006,JR044,2022-12-20,Referral,Rejected
CAN001995,John,Nnamani,DEP014,JR100,2022-05-26,Job Portal,Applied
CAN001996,Peter,Eze,DEP011,JR078,2019-09-12,Referral,Rejected
CAN001997,Charity,Ojo,DEP013,JR091,2020-05-01,Campus Recruitment,Appliedd
CAN001998,,Abiola,DEP001,JR003,2023-01-14,Job Portal,Applied
CAN001999,Hope,Adeyemi,DEP010,JR070,2025-08-20,Campus Recruitment,Applied
CAN002000,Joshua,Ibrahim,DEP008,JR058,2022-02-22,Referral,Offered
CAN002001,Emmanuel,Ibrahim,DEP010,JR070,2024-02-07,Referral,Offered
CAN002002,Benjamin,Ibrahim,DEP008,JR060,2022-11-03,Job Portal,Rejected
CAN002003,Paul,,DEP011,JR076,2025-11-23,Campus Recruitment,Hired
CAN002004,Daniel,Akinwale,DEP015,JR104,2021-09-01,Company Website,Rejected
CAN002005,Joy,Oyekan,DEP012,JR087,2025-07-21,Referral,Rejected
CAN002006,Philip,Ojo,DEP005,JR038,2021-10-09,LinkedIn,Hired
CAN002007,Joseph,Obi,DEP008,JR060,2025-06-08,Job Portal,Shortlisted
CAN002008,,Obasanjo,DEP002,JR011,2025-01-15,Company Website,Shortlisted
CAN002009,Agnes,Obasanjo,DEP001,JR004,2023-04-22,Referral,Applied
CAN002010,Blessing,Chukwu,DEP013,JR089,2025-07-10,Job Portal,Offered
CAN002011,Charity,Obasanjo,DEP014,JR100,2019-12-17,Job Portal,Shortlisted
CAN002012,Joshua,Adetokunbo,DEP011,JR078,2025-06-15,LinkedIn,Hired
CAN002013,Samuel,Oshodi,DEP008,JR063,2025-08-01,Referral,Hired
CAN002014,Ruth,Akinwale,DEP001,JR008,2022-01-02,Referral,Shortlisted
CAN002015,Mary,Obasanjo,DEP003,JR019,2025-05-07,Referral,Hired
CAN002016,Benjamin,Akinwale,DEP003,JR019,2021-10-17,Campus Recruitment,Rejected
CAN002017,Samuel,Adeyemi,DEP012,JR083,2024-07-23,Referral,Shortlisted
CAN002018,Joy,Olawale,DEP002,JR014,2023-11-23,LinkedIn,Hired
CAN002019,Faith,Balogun,DEP001,JR002,2020-11-22,Campus Recruitment,Hired
CAN002020,Juliet,Balogun,DEP010,JR073,2022-04-09,Referral,Interviewed
CAN002021,Emmanuel,Olawale,DEP008,JR060,2023-11-18,LinkedIn,Interviewed
CAN002022,Joseph,Ojo,DEP013,JR092,2019-11-04,Referral,Offered
CAN002023,Ruth,Okonkwo,DEP012,JR083,2020-05-25,Referral,Hired
CAN002024,Cornelius,Ekwueme,DEP008,JR062,2020-09-19,Referral,Hired
CAN002025,Faith,Okonkwo,DEP004,JR030,2023-02-19,LinkedIn,Rejected
CAN002026,Blessing,Uche,DEP014,JR100,2024-10-04,LinkedIn,Rejected
CAN002027,Joseph,Abiola,DEP011,JR077,2025-09-28,Company Website,Hired
CAN002028,Esther,Olawale,DEP007,JR057,2022-02-25,LinkedIn,Rejected
CAN002029,Juliet,Balogun,DEP006,JR043,2020-11-04,LinkedIn,Hired
CAN002030,Patience,Okafor,DEP001,JR004,2024-10-21,Job Portal,Shortlisted
CAN002031,Grace,Ekwueme,DEP009,JR065,2020-12-21,linkedin,Rejected
CAN002032,Cornelius,Adetokunbo,DEP007,JR055,2021-04-23,Indeed,Rejected
CAN002033,Samuel,Balogun,DEP007,JR056,2022-08-07,Campus Recruitment,Hired
CAN002034,Gloria,Oshodi,DEP004,JR033,2024-06-09,Campus Recruitment,Offered
CAN002035,Nathaniel,Oshodi,DEP003,JR023,2021-06-21,Job Portal,Offered
CAN002036,Patience,Adetokunbo,DEP009,JR068,2020-02-04,Campus Recruitment,Hired
CAN002037,Grace,Oshodi,DEP008,JR061,2025-09-18,Company Website,Applied
CAN002038,Andrew,Oshodi,DEP003,JR018,2023-01-04,LinkedIn,Shortlisted
CAN002039,Peace,Okonkwo,DEP009,JR068,2020-02-08,Job Portal,Interviewed
CAN002040,Deborah,Adeyemi,DEP013,JR089,2023-06-09,LinkedIn,Shortlisted
CAN002041,Victoria,Obi,DEP015,JR105,2021-07-15,Referral,Rejected
CAN002042,Elizabeth,Nnamani,DEP013,JR090,2023-06-20,LinkedIn,Offered
CAN002043,Michael,Obasanjo,DEP002,JR013,2023-07-20,Job Portal,Hired
CAN002044,Andrew,Ibrahim,DEP001,JR001,2024-04-22,Campus Recruitment,Rejected
CAN002045,Comfort,Uche,DEP010,JR070,2025-12-25,LinkedIn,Hired
CAN002046,Andrew,Obasanjo,DEP006,JR047,2022-04-27,Referral,Interviewed
CAN002047,Joseph,Abiola,DEP012,JR084,2021-08-26,Job Portal,Shortlisted
CAN002048,Angela,Akinwale,DEP011,JR075,2024-11-20,Referral,Rejected
CAN002049,Gabriel,Akinwale,DEP001,JR004,2019-03-27,Company Website,Interviewed
CAN002050,Cornelius,Obi,DEP014,JR098,2023-10-03,Campus Recruitment,Applied
CAN002051,Agnes,Eze,DEP006,JR049,2022-02-22,Campus Recruitment,Offered
CAN002052,Ruth,Obasanjo,DEP005,JR038,2022-05-20,Job Portal,Offered
CAN002053,Joseph,Adeyemi,DEP003,JR023,2022-09-08,Job Portal,Shortlisted
CAN002054,Patience,Ibrahim,DEP002,JR012,2022-02-05,Campus Recruitment,Shortlisted
CAN002055,Deborah,Olawale,DEP012,JR085,2024-06-07,Campus Recruitment,Shortlisted
CAN002056,Charity,Obasanjo,DEP007,JR054,2022-01-11,LinkedIn,Applied
CAN002057,Andrew,Abiola,DEP010,JR073,2021-12-15,Campus Recruitment,Hired
CAN002058,Ruth,Okonkwo,DEP007,JR057,2025-07-09,Job Portal,Interviewed
CAN002059,Victoria,Obasanjo,DEP007,JR055,2020-07-26,Company Website,Offered
CAN002060,Charity,Ojo,DEP013,JR090,2023-06-16,Company Website,Interviewed
CAN002061,Mary,Okafor,DEP006,JR048,2020-01-17,Company Website,Interviewed
CAN002062,Angela,Balogun,DEP015,JR104,2023-03-19,Job Portal,Applied
CAN002063,Faith,Oshodi,DEP006,JR045,2019-11-15,Referral,Shortlisted
CAN002064,Deborah,Obi,DEP014,JR100,2025-10-25,Company Website,Applied
CAN002065,Paul,Okonkwo,DEP003,JR020,2021-06-21,Referral,Interviewed
CAN002066,Joshua,Olawale,DEP005,JR041,2024-08-07,Campus Recruitment,Interviewed
CAN002067,Elizabeth,Ogunleye,DEP008,JR062,2025-02-18,Campus Recruitment,Interviewed
CAN002068,James,Eze,DEP015,JR103,2023-10-04,Job Portal,Interviewed
CAN002069,John,Balogun,DEP006,JR042,2020-09-27,Job Portal,Interviewed
CAN002070,Gloria,Akinwale,DEP014,JR100,2024-06-23,Campus Recruitment,Interviewed
CAN002071,Esther,Ekwueme,DEP005,JR040,2020-03-03,Company Website,Rejected
CAN002072,Esther,Akinwale,DEP007,JR055,2024-12-03,Referral,Hired
CAN002073,Patience,Ogunleye,DEP003,JR023,2024-08-28,Referral,Shortlisted
CAN002074,Peter,Obasanjo,DEP003,JR020,2025-07-01,Job Portal,Shortlisted
CAN002075,Emmanuel,Obi,DEP013,JR094,2023-12-16,Job Portal,Rejected
CAN002076,Michael,Okonkwo,DEP007,JR052,2020-11-17,Company Website,Interviewed
CAN002077,Mary,Oyekan,DEP002,JR009,2024-01-18,Referral,Hired
CAN002078,Juliet,Uche,DEP014,JR100,2022-09-02,LinkedIn,Applied
CAN002079,Michael,Nnamani,DEP015,JR102,2023-10-08,LinkedIn,Applied
CAN002080,Deborah,Obi,DEP011,JR079,2025-08-20,Campus Recruitment,Hired
CAN002081,Samuel,,DEP011,JR078,2021-11-26,LinkedIn,Offered
CAN002082,Paul,Chukwu,DEP006,JR043,2020-10-09,Referral,Hired
CAN002083,Mary,Oyekan,DEP004,JR031,2022-04-19,Referral,Hired
CAN002084,Comfort,Ogunleye,DEP014,JR096,2020-03-26,Campus Recruitment,Hired
CAN002085,Agnes,Akinwale,DEP004,JR030,2019-05-14,Campus Recruitment,Hired
CAN002086,Benjamin,Ibrahim,DEP004,JR031,2020-10-14,Campus Recruitment,Hired
CAN002087,Daniel,Eze,DEP008,JR062,2024-03-26,LinkedIn,Offered
CAN002088,,Olawale,DEP013,JR091,2020-07-13,LinkedIn,Hired
CAN002089,Cornelius,Oshodi,DEP009,JR064,2024-10-03,Referral,Applied
CAN002090,Esther,Eze,DEP013,JR092,2019-07-19,Campus Recruitment,Rejected
CAN002091,Blessing,Adeyemi,DEP008,JR059,2019-09-18,Company Website,Applied
CAN002092,Joshua,Nnamani,DEP002,JR010,2019-12-23,Company Website,Rejected
CAN002093,James,Olawale,DEP007,JR055,2019-09-02,LinkedIn,Applied
CAN002094,Paul,Obi,DEP005,JR041,2023-11-26,Job Portal,Applied
CAN002095,Mark,Ojo,DEP011,JR076,2023-08-07,Company Website,Shortlisted
CAN002096,Agnes,Ekwueme,DEP008,JR063,2024-02-13,Company Website,Offered
CAN002097,Mark,Okonkwo,DEP001,JR008,2024-05-27,Referral,Shortlisted
CAN002098,Stephen,Akinwale,DEP012,JR086,2022-09-13,Campus Recruitment,Applied
CAN002099,Joy,Ibrahim,DEP001,JR002,2020-11-01,Campus Recruitment,Interviewed
CAN002100,Joy,Ogunleye,DEP011,JR080,2020-07-11,Referral,Hired
CAN002101,Andrew,Ibrahim,DEP001,JR005,2019-04-11,Job Portal,Rejected
CAN002102,Angela,Ojo,DEP004,JR033,2021-07-02,Job Portal,Unknown
CAN002103,Angela,Adeyemi,DEP005,JR035,2019-01-01,Job Portal,Offered
CAN002104,Gabriel,Ojo,DEP012,JR086,2022-11-17,Campus Recruitment,Hired
CAN002105,James,Eze,DEP009,JR067,2020-05-26,LinkedIn,Shortlisted
CAN002106,Gloria,,DEP007,JR057,2021-09-03,Referral,Rejected
CAN002107,James,Oyekan,DEP009,JR065,2020-01-04,Referral,Rejected
CAN002108,Comfort,Ekwueme,DEP001,JR003,2019-12-23,Company Website,Hired
CAN002109,Paul,Uche,DEP011,JR076,2021-01-12,Campus Recruitment,Rejected
CAN002110,Gloria,Nnamani,DEP002,JR011,2022-01-17,LinkedIn,Hired
CAN002111,Grace,Nnamani,DEP008,JR059,2025-09-22,Job Portal,Shortlisted
CAN002112,Victoria,Olawale,DEP002,JR014,2022-07-25,LinkedIn,Rejected
CAN002113,Faith,Adetokunbo,DEP004,JR025,2021-05-27,Campus Recruitment,Hired
CAN002114,,Okafor,DEP006,JR042,2024-12-12,Company Website,Offered
CAN002115,Esther,Adetokunbo,DEP001,JR003,2025-11-20,Job Portal,Offered
CAN002116,Sarah,Obi,DEP010,JR072,2021-04-12,Referral,Hired
CAN002117,Joshua,Oyekan,DEP011,JR079,2022-02-18,Campus Recruitment,Interviewed
CAN002118,Gabriel,Adeyemi,DEP002,JR014,2020-10-16,Campus Recruitment,Hired
CAN002119,Esther,Adeyemi,DEP014,JR100,2021-11-02,Job Portal,Applied
CAN002120,John,Adeyemi,DEP014,JR096,2022-01-25,LinkedIn,Interviewed
CAN002121,Elizabeth,Okafor,DEP009,JR067,2022-03-08,Referral,Rejected
CAN002122,Emmanuel,Balogun,DEP014,JR096,2024-07-25,Referral,Offered
CAN002123,Angela,Adetokunbo,DEP013,JR090,2024-08-06,Company Website,Shortlisted
CAN002124,,Ekwueme,DEP004,JR030,2023-03-08,Company Website,Rejected
CAN002125,Samuel,Oshodi,DEP009,JR065,2021-08-01,Job Portal,Applied
CAN002126,Patience,Ogunleye,DEP010,JR069,2023-08-03,Campus Recruitment,Applied
CAN002127,Stephen,Oyekan,DEP009,JR067,2022-12-16,Referral,Applied
CAN002128,Stephen,,DEP003,JR023,2019-01-12,LinkedIn,Shortlisted
CAN002129,Comfort,Okafor,DEP002,JR011,2023-01-20,Company Website,Offered
CAN002130,Mary,Ibrahim,DEP003,JR023,2021-01-13,Job Portal,Applied
CAN002131,Andrew,Oshodi,DEP011,JR075,2020-11-02,Referral,Offered
CAN002132,Mark,Chukwu,DEP013,JR089,2022-11-13,LinkedIn,Interviewed
CAN002133,Sarah,Obasanjo,DEP001,JR002,2022-02-22,Company Website,Rejected
CAN002134,Daniel,Ibrahim,DEP014,JR098,2021-12-14,Job Portal,Interviewed
CAN002135,Gabriel,Obi,DEP007,JR055,2019-09-13,Referral,Hired
CAN002136,Mary,Balogun,DEP007,JR057,2020-01-09,Company Website,Appliedd
CAN002137,Patience,Balogun,DEP013,JR094,2020-01-21,LinkedIn,Interviewed
CAN002138,Gloria,Chukwu,DEP012,JR086,2023-05-03,Company Website,Interviewed
CAN002139,Deborah,Abiola,DEP007,JR055,2022-04-07,Company Website,Offered
CAN002140,Nathaniel,Ekwueme,DEP013,JR089,2024-08-21,Campus Recruitment,Interviewed
CAN002141,Daniel,Akinwale,DEP011,JR077,2021-02-26,Job Portal,Offered
CAN002142,Esther,Akinwale,DEP001,JR002,2024-10-08,LinkedIn,Shortlisted
CAN002143,Gabriel,Oyekan,DEP008,JR061,2019-04-25,LinkedIn,Shortlisted
CAN002144,Joseph,Akinwale,DEP008,JR063,2023-01-20,Company Website,Applied
CAN002145,Michael,Abiola,DEP007,JR053,2024-05-13,Indeed,Hired
CAN002146,Mary,Adetokunbo,DEP012,JR084,2019-07-27,LinkedIn,Hired
CAN002147,Hope,Okafor,DEP011,JR080,2023-02-19,Referral,Applied
CAN002148,Stephen,Ibrahim,DEP001,JR003,2020-05-28,Referral,Shortlisted
CAN002149,Deborah,Ojo,DEP003,JR024,2021-04-28,LinkedIn,Offered
CAN002150,Deborah,Oyekan,DEP014,JR098,2024-08-09,Referral,Interviewed
CAN002151,John,Olawale,DEP014,JR098,2024-09-24,LinkedIn,Rejected
CAN002152,Comfort,Okafor,DEP012,JR083,2024-02-12,Company Website,Hired
CAN002153,Comfort,Adeyemi,DEP001,JR003,2021-06-28,Company Website,Shortlisted
CAN002154,Charity,Ogunleye,DEP010,JR072,2025-06-13,Company Website,Rejected
CAN002155,Paul,Olawale,DEP012,JR082,2019-05-20,LinkedIn,Hired
CAN002156,Esther,Obi,DEP013,JR092,2020-01-05,Campus Recruitment,Interviewed
CAN002157,Philip,Okafor,DEP001,JR002,2020-10-26,Job Portal,Interviewed
CAN002158,Andrew,Olawale,DEP001,JR003,2022-01-14,Job Portal,Hired
CAN002159,Angela,Oshodi,DEP008,JR063,2023-06-22,Referral,Rejected
CAN002160,Blessing,Ogunleye,DEP006,JR049,2023-07-03,Company Website,Applied
CAN002161,Cornelius,Ibrahim,DEP004,JR033,2025-03-18,Campus Recruitment,Applied
CAN002162,Emmanuel,Adeyemi,DEP006,JR045,2025-10-18,Company Website,Shortlisted
CAN002163,Paul,Obi,DEP003,JR019,2021-07-14,Referral,Applied
CAN002164,Michael,Eze,DEP008,JR060,2020-11-15,Company Website,Applied
CAN002165,Mark,Ojo,DEP004,JR034,2021-09-21,Referral,Rejected
CAN002166,Nathaniel,Uche,DEP007,JR055,2025-01-14,Company Website,Shortlisted
CAN002167,Michael,Akinwale,DEP005,JR040,2021-05-08,LinkedIn,Hired
CAN002168,Benjamin,Oyekan,DEP015,JR101,2025-09-12,LinkedIn,Offered
CAN002169,Joy,Adeyemi,DEP002,JR009,2020-08-11,Job Portal,Rejected
CAN002170,Stephen,Uche,DEP003,JR022,2022-08-12,Job Portal,Offered
CAN002171,Peter,Ekwueme,DEP013,JR089,2025-04-01,LinkedIn,Interviewed
CAN002172,Peter,Chukwu,DEP011,JR078,2023-01-19,Company Website,Rejected
CAN002173,Michael,Abiola,DEP008,JR059,2025-10-24,Job Portal,Shortlisted
CAN002174,Gloria,Nnamani,DEP002,JR016,2024-05-27,Referral,Offered
CAN002175,Faith,Adeyemi,DEP007,JR050,2024-01-10,Job Portal,Applied
CAN002176,Joshua,Adetokunbo,DEP002,JR014,2024-11-04,Campus Recruitment,Hired
CAN002177,,Oshodi,DEP007,JR055,2020-09-06,Campus Recruitment,Hired
CAN002178,Joy,Ekwueme,DEP011,JR075,2022-10-10,Company Website,Interviewed
CAN002179,Paul,Uche,DEP012,JR082,2024-01-15,Campus Recruitment,Applied
CAN002180,Samuel,Okonkwo,DEP012,JR082,2021-05-18,Indeed,Rejected
CAN002181,Gabriel,Olawale,DEP010,JR073,2020-03-18,Campus Recruitment,Interviewed
CAN002182,Faith,Obasanjo,DEP006,JR045,2022-04-08,Referral,Interviewed
CAN002183,Mary,Akinwale,DEP015,JR101,2021-10-03,Referral,Offered
CAN002184,Daniel,Okonkwo,DEP007,JR051,2025-09-14,Company Website,Interviewed
CAN002185,Elizabeth,Abiola,DEP006,JR046,2024-04-03,Job Portal,Shortlisted
CAN002186,Faith,Ogunleye,DEP006,JR048,2020-01-06,Referral ,Shortlisted
CAN002187,Peace,Ekwueme,DEP011,JR077,2022-03-06,Walk In,Unknown
CAN002188,Mary,Oshodi,DEP004,JR030,2024-01-20,Company Website,Applied
CAN002189,Grace,Adetokunbo,DEP011,JR077,2021-03-22,Referral,Applied
CAN002190,Michael,Uche,DEP002,JR012,2024-01-12,Company Website,Shortlisted
CAN002191,Deborah,Chukwu,DEP008,JR063,2022-10-25,Campus Recruitment,Hired
CAN002192,Philip,,DEP011,JR079,2021-11-19,Job Portal,Applied
CAN002193,James,Ibrahim,DEP009,JR065,2022-03-12,Company Website,Shortlisted
CAN002194,Emmanuel,Nnamani,DEP003,JR017,2024-02-01,Company Website,Rejected
CAN002195,Agnes,Akinwale,DEP002,JR009,2024-01-15,Company Website,Hired
CAN002196,Comfort,Obasanjo,DEP008,JR060,2025-08-28,Company Website,Offered
CAN002197,Deborah,Adeyemi,DEP013,JR094,2021-02-06,Company Website,Interviewed
CAN002198,Cornelius,Obi,DEP002,JR014,2022-06-01,Job Portal,Interviewed
CAN002199,Grace,Ogunleye,DEP012,JR087,2020-02-08,Company Website,Interviewed
CAN002200,Gabriel,Olawale,DEP003,JR022,2024-01-21,Campus Recruitment,Interviewed
CAN002201,Blessing,Okafor,DEP013,JR089,2024-04-18,Company Website,Shortlisted
CAN002202,Agnes,Olawale,DEP006,JR045,2021-08-17,LinkedIn,Offered
CAN002203,Gloria,Adetokunbo,DEP005,JR035,2025-01-13,Referral,Rejected
CAN002204,,Olawale,DEP012,JR086,2022-08-09,LinkedIn,Hired
CAN002205,Cornelius,Olawale,DEP002,JR011,2020-12-11,Job Portal,Offered
CAN002206,Mark,,DEP009,JR066,2023-06-09,Referral,Rejected
CAN002207,Blessing,Okonkwo,DEP012,JR087,2022-12-05,Job Portal,Interviewed
CAN002208,Sarah,Obi,DEP008,JR061,2021-06-24,Company Website,Rejected
CAN002209,,Adetokunbo,DEP003,JR022,2020-06-15,LinkedIn,Applied
CAN002210,Philip,Oyekan,DEP002,JR011,2025-10-10,Job Portal,Interviewed
CAN002211,Elizabeth,Oshodi,DEP001,JR003,2025-11-07,Company Website,Interviewed
CAN002212,Gabriel,Eze,DEP015,JR103,2025-08-01,Campus Recruitment,Applied
CAN002213,Faith,Uche,DEP007,JR056,2023-01-25,Referral,Rejected
CAN002214,Joseph,Okafor,DEP002,JR013,2021-07-25,Job Portal,Unknown
CAN002215,Peace,Oyekan,DEP005,JR041,2022-05-27,Job Portal,Shortlisted
CAN002216,Blessing,Oyekan,DEP001,JR002,2021-04-24,Campus Recruitment,Hired
CAN002217,Michael,Balogun,DEP013,JR091,2019-12-11,Referral,Shortlisted
CAN002218,Juliet,Adetokunbo,DEP009,JR065,2020-04-07,Job Portal,Hired
CAN002219,Daniel,Uche,DEP008,JR061,2021-02-09,Company Website,Shortlisted
CAN002220,Gabriel,Adeyemi,DEP015,JR104,2025-08-14,LinkedIn,Offered
CAN002221,Agnes,Oshodi,DEP004,JR031,2023-12-17,Campus Recruitment,Hired
CAN002222,Peace,Ogunleye,DEP003,JR024,2024-06-13,LinkedIn,Shortlisted
CAN002223,Andrew,Oyekan,DEP013,JR090,2024-12-13,Campus Recruitment,Hired
CAN002224,Joy,Uche,DEP001,JR005,2021-04-24,Referral,Offered
CAN002225,Patience,Okafor,DEP015,JR102,2022-03-17,Referral,Accepted
CAN002226,Emmanuel,Okonkwo,DEP004,JR030,2023-12-19,Company Website,Rejected
CAN002227,Elizabeth,Akinwale,DEP005,JR036,2024-10-23,Company Website,Interviewed
CAN002228,Stephen,Obi,DEP008,JR061,2019-09-10,Job Portal,Applied
CAN002229,Patience,Ojo,DEP006,JR044,2019-06-24,LinkedIn,Applied
CAN002230,Hope,Nnamani,DEP004,JR033,2025-02-18,Referral,Shortlisted
CAN002231,Samuel,Ojo,DEP012,JR087,2023-03-04,Job Portal,Shortlisted
CAN002232,Grace,Ekwueme,DEP011,JR078,2023-12-28,Job Portal,Offered
CAN002233,Joy,Obi,DEP015,JR102,2020-03-20,Campus Recruitment,Applied
CAN002234,Michael,Oyekan,DEP004,JR033,2022-03-23,Job Portal,Applied
CAN002235,Juliet,Okafor,DEP003,JR019,2019-03-17,Job Portal,Offer
CAN002236,Charity,Ekwueme,DEP012,JR085,2019-02-03,Referral,Interviewed
CAN002237,Emmanuel,Balogun,DEP013,JR092,2022-01-10,Company Website,Offered
CAN002238,Mary,Eze,DEP005,JR040,2024-03-24,Company Website,Interviewed
CAN002239,Agnes,Obasanjo,DEP001,JR006,2022-08-25,Job Portal,Offered
CAN002240,Peter,Obi,DEP006,JR046,2023-10-04,LinkedIn,Offered
CAN002241,Sarah,Okafor,DEP004,JR026,2019-05-07,Referral ,Offered
CAN002242,Michael,Eze,DEP006,JR049,2025-11-11,Referral,Offered
CAN002243,Nathaniel,Balogun,DEP010,JR073,2023-04-11,Company Website,Shortlisted
CAN002244,Victoria,Okafor,DEP006,JR045,2020-06-23,Campus Recruitment,Rejected
CAN002245,Ruth,Akinwale,DEP010,JR071,2021-11-26,Referral,Rejected
CAN002246,Sarah,Okonkwo,DEP005,JR038,2021-08-24,LinkedIn,Applied
CAN002247,Joy,Adetokunbo,DEP005,JR040,2023-02-11,Company Website,Rejected
CAN002248,Stephen,Okafor,DEP015,JR103,2020-09-02,Company Website,Shortlisted
CAN002249,Andrew,Ogunleye,DEP015,JR105,2020-02-28,Job Portal,Applied
CAN002250,Angela,Obasanjo,DEP005,JR038,2025-06-12,Job Portal,Interviewed
CAN002251,Nathaniel,Abiola,DEP001,JR008,2023-01-19,LinkedIn,Shortlisted
CAN002252,James,Balogun,DEP001,JR004,2024-09-02,Company Website,Interviewed
CAN002253,Victoria,Oyekan,DEP005,JR037,2025-04-24,Company Website,Rejected
CAN002254,Joshua,Abiola,DEP014,JR098,2025-11-23,LinkedIn,Offered
CAN002255,Esther,Ojo,DEP010,JR069,2019-09-11,Campus Recruitment,Rejected
CAN002256,Comfort,Adetokunbo,DEP003,JR024,2022-09-10,Campus Recruitment,Applied
CAN002257,Ruth,Adetokunbo,DEP004,JR026,2022-06-09,Campus Recruitment,Hired
CAN002258,Gloria,Adetokunbo,DEP003,JR024,2023-08-14,Referral,Hired
CAN002259,Patience,Obi,DEP006,JR043,2025-10-22,Campus Recruitment,Rejected
CAN002260,Elizabeth,Ibrahim,DEP001,JR005,2023-11-26,LinkedIn,Shortlisted
CAN002261,Ruth,Ibrahim,DEP005,JR039,2022-02-22,Company Website,Offered
CAN002262,Joshua,Obasanjo,DEP003,JR021,2025-04-27,Company Website,Applied
CAN002263,Juliet,Okonkwo,DEP008,JR059,2025-03-17,Campus Recruitment,Rejected
CAN002264,Benjamin,Chukwu,DEP004,JR027,2022-09-04,Campus Recruitment,Applied
CAN002265,Cornelius,,DEP010,JR071,2019-09-09,LinkedIn,Offered
CAN002266,,Balogun,DEP001,JR003,2025-03-26,Campus Recruitment,Shortlisted
CAN002267,David,Nnamani,DEP012,JR085,2021-09-11,Campus Recruitment,Offered
CAN002268,Philip,Okonkwo,DEP007,JR053,2022-11-21,Company Website,Interviewed
CAN002269,Grace,Adetokunbo,DEP001,JR008,2020-02-04,Job Portal,Offered
CAN002270,John,Olawale,DEP007,JR051,2019-08-16,Campus Recruitment,Hired
CAN002271,Charity,Obi,DEP012,JR082,2021-09-12,Job Portal,Applied
CAN002272,Samuel,Okafor,DEP003,JR024,2023-11-22,Job Portal,Shortlisted
CAN002273,David,Oyekan,DEP001,JR002,2020-08-23,Job Portal,Interviewed
CAN002274,Michael,Adeyemi,DEP006,JR044,2025-04-28,Job Portal,Offered
CAN002275,Daniel,Uche,DEP005,JR039,2025-02-11,Referral,Interviewed
CAN002276,James,Ojo,DEP011,JR074,2022-08-15,Company Website,Rejected
CAN002277,Patience,Ekwueme,DEP005,JR041,2023-05-08,Campus Recruitment,Hired
CAN002278,Cornelius,Oyekan,DEP003,JR017,2021-01-26,Campus Recruitment,Hired
CAN002279,Comfort,Chukwu,DEP002,JR011,2020-06-27,LinkedIn,Offered
CAN002280,Faith,Nnamani,DEP004,JR029,2024-10-03,Job Portal,Offered
CAN002281,,Ojo,DEP004,JR030,2022-06-15,Job Portal,Shortlisted
CAN002282,Patience,Obasanjo,DEP007,JR050,2021-08-14,Company Website,Hired
CAN002283,James,Ekwueme,DEP002,JR015,2019-06-21,Campus Recruitment,Offered
CAN002284,Gabriel,Uche,DEP006,JR049,2023-08-14,Referral,Rejected
CAN002285,Grace,Oyekan,DEP004,JR031,2020-12-10,Campus Recruitment,Offered
CAN002286,Stephen,Akinwale,DEP006,JR044,2022-07-25,Referral,Hired
CAN002287,Peace,Obi,DEP003,JR019,2019-10-08,Campus Recruitment,Shortlisted
CAN002288,Victoria,Chukwu,DEP003,JR021,2022-12-03,Company Website,Hired
CAN002289,John,Oshodi,DEP011,JR078,2021-08-19,Company Website,Shortlisted
CAN002290,,Okafor,DEP005,JR037,2025-01-10,Referral,Rejected
CAN002291,John,Ibrahim,DEP012,JR083,2024-09-12,Campus Recruitment,Hired
CAN002292,David,Adeyemi,DEP001,JR004,2020-12-21,Walk In,Interviewed
CAN002293,Peter,Ekwueme,DEP002,JR015,2025-05-14,Company Website,Applied
CAN002294,Gabriel,Ogunleye,DEP008,JR058,2025-07-02,LinkedIn,Shortlisted
CAN002295,Deborah,Ekwueme,DEP005,JR040,2020-03-13,Indeed,Applied
CAN002296,Angela,Ibrahim,DEP004,JR027,2021-12-24,Job Portal,Rejected
CAN002297,John,Okafor,DEP004,JR031,2025-04-16,Company Website,Offered
CAN002298,Victoria,Nnamani,DEP013,JR089,2022-02-24,linkedin,Applied
CAN002299,Peter,,DEP007,JR057,2019-07-16,Job Portal,Unknown
CAN002300,Gloria,Abiola,DEP014,JR099,2022-08-25,Referral,Offered
CAN002301,Emmanuel,Ojo,DEP011,JR074,2022-07-10,Company Website,Interviewed
CAN002302,Ruth,Balogun,DEP007,JR052,2020-10-14,LinkedIn,Shortlisted
CAN002303,James,Olawale,DEP015,JR101,2022-03-23,Job Portal,Applied
CAN002304,Emmanuel,Obasanjo,DEP014,JR098,2023-05-21,Job Portal,Shortlisted
CAN002305,Mark,Ogunleye,DEP013,JR092,2024-12-03,Referral,Offered
CAN002306,Gabriel,Abiola,DEP012,JR087,2025-08-19,Company Website,Appliedd
CAN002307,Patience,Ogunleye,DEP004,JR027,2023-09-03,Referral,Hired
CAN002308,Esther,Abiola,DEP004,JR029,2023-10-10,LinkedIn,Hired
CAN002309,Sarah,Akinwale,DEP007,JR057,2019-08-04,Campus Recruitment,Interviewed
CAN002310,Benjamin,Adeyemi,DEP010,JR069,2023-11-12,Campus Recruitment,Rejected
CAN002311,Emmanuel,Adeyemi,DEP011,JR081,2020-01-11,Job Portal,Offered
CAN002312,Gabriel,Oyekan,DEP015,JR106,2021-10-23,Campus Recruitment,Hired
CAN002313,Deborah,Ojo,DEP003,JR023,2021-11-09,Campus Recruitment,Applied
CAN002314,Joshua,Okafor,DEP007,JR055,2019-03-13,Referral,Hired
CAN002315,Mark,Ekwueme,DEP011,JR076,2025-08-21,Referral,Hired
CAN002316,Victoria,Uche,DEP014,JR100,2020-09-16,Campus Recruitment,Shortlisted
CAN002317,Agnes,Abiola,DEP014,JR095,2020-04-14,Referral,Offered
CAN002318,Juliet,Ekwueme,DEP002,JR015,2021-01-15,Company Website,Applied
CAN002319,David,Oyekan,DEP002,JR010,2024-05-18,Job Portal,Interviewed
CAN002320,Peace,Ojo,DEP001,JR006,2024-05-10,Company Website,Hired
CAN002321,Samuel,Akinwale,DEP013,JR092,2020-03-23,LinkedIn,Shortlisted
CAN002322,Mark,Eze,DEP003,JR023,2023-12-09,Campus Recruitment,Rejected
CAN002323,Joshua,Eze,DEP009,JR064,2024-07-10,Company Website,Interviewed
CAN002324,Cornelius,Ibrahim,DEP012,JR087,2019-12-11,Indeed,Offered
CAN002325,Joseph,Akinwale,DEP011,JR074,2023-04-02,Job Portal,Rejected
CAN002326,James,Akinwale,DEP004,JR034,2025-10-01,Campus Recruitment,Rejected
CAN002327,Mary,Adeyemi,DEP015,JR106,2019-09-14,LinkedIn,Rejected
CAN002328,James,Oyekan,DEP004,JR033,2025-05-18,Job Portal,Offered
CAN002329,Blessing,Uche,DEP012,JR082,2025-05-15,Referral,Offered
CAN002330,Simon,Oshodi,DEP004,JR031,2021-10-02,Referral,Hired
CAN002331,Michael,Chukwu,DEP012,JR085,2022-07-03,Company Website,Offered
CAN002332,Ruth,Olawale,DEP011,JR081,2022-01-12,Referral,Rejected
CAN002333,Andrew,Abiola,DEP014,JR099,2020-06-22,Referral,Rejected
CAN002334,Patience,Ogunleye,DEP014,JR095,2019-05-15,LinkedIn,Interviewed
CAN002335,Mark,Obasanjo,DEP001,JR003,2021-12-28,LinkedIn,Rejected
CAN002336,Gabriel,Olawale,DEP003,JR020,2021-10-07,Job Portal,Offered
CAN002337,Andrew,Olawale,DEP005,JR035,2020-01-24,Job Portal,Applied
CAN002338,Esther,Uche,DEP005,JR037,2020-11-11,LinkedIn,Rejected
CAN002339,Blessing,Ekwueme,DEP009,JR066,2025-05-13,Referral,Shortlisted
CAN002340,Gloria,Okafor,DEP008,JR061,2024-02-17,LinkedIn,Offer
CAN002341,Esther,Olawale,DEP003,JR019,2020-10-21,Referral,Offer
CAN002342,Mark,Ekwueme,DEP002,JR016,2023-12-23,Company Website,Offered
CAN002343,Blessing,Abiola,DEP005,JR035,2021-12-06,Referral,Offered
CAN002344,Emmanuel,Oyekan,DEP004,JR030,2025-11-23,Campus Recruitment,Applied
CAN002345,Cornelius,Ogunleye,DEP010,JR073,2024-10-19,LinkedIn,Applied
CAN002346,David,Akinwale,DEP008,JR061,2022-10-04,Job Portal,Applied
CAN002347,Ruth,Obasanjo,DEP008,JR063,2021-12-07,Campus Recruitment,Hired
CAN002348,James,Abiola,DEP007,JR056,2019-08-21,LinkedIn,Hired
CAN002349,Daniel,Ojo,DEP011,JR075,2023-06-25,LinkedIn,Rejected
CAN002350,Benjamin,Ogunleye,DEP008,JR059,2025-05-27,Campus Recruitment,Applied
CAN002351,Daniel,Uche,DEP004,JR025,2025-06-11,LinkedIn,Interviewed
CAN002352,Grace,Nnamani,DEP010,JR069,2024-10-07,Referral,Rejected
CAN002353,Peter,Olawale,DEP010,JR072,2023-01-18,LinkedIn,Hired
CAN002354,Philip,Okonkwo,DEP010,JR070,2019-06-05,Job Portal,Offered
CAN002355,Gabriel,Oyekan,DEP009,JR067,2023-09-05,Referral,Shortlisted
CAN002356,Ruth,Balogun,DEP007,JR054,2021-08-18,Company Website,Shortlisted
CAN002357,Blessing,Uche,DEP015,JR104,2021-10-21,Referral,Rejected
CAN002358,Cornelius,Ogunleye,DEP012,JR087,2023-08-13,LinkedIn,Hired
CAN002359,Joy,Olawale,DEP002,JR016,2020-10-25,Referral,Shortlisted
CAN002360,Peter,Oshodi,DEP004,JR034,2019-03-02,Referral,Interviewed
CAN002361,Mark,Obi,DEP013,JR094,2022-01-09,Company Website,Offered
CAN002362,Paul,Balogun,DEP011,JR079,2019-02-14,Job Portal,Hired
CAN002363,Emmanuel,Oyekan,DEP002,JR014,2022-12-28,Job Portal,Interviewed
CAN002364,Agnes,Oshodi,DEP007,JR051,2023-09-17,Referral,Rejected
CAN002365,Juliet,Abiola,DEP008,JR058,2019-08-13,Campus Recruitment,Interviewed
CAN002366,Agnes,Okafor,DEP011,JR077,2024-10-18,Referral,Offered
CAN002367,Mary,Ekwueme,DEP003,JR020,2023-07-21,LinkedIn,Offered
CAN002368,Faith,Ogunleye,DEP008,JR060,2019-10-13,Referral,Interviewed
CAN002369,Daniel,Ibrahim,DEP012,JR085,2023-01-15,Company Website,Rejected
CAN002370,Comfort,Ekwueme,DEP006,JR048,2021-07-05,LinkedIn,Shortlisted
CAN002371,Gabriel,Okonkwo,DEP004,JR029,2020-11-22,Company Website,Shortlisted
CAN002372,Elizabeth,Ojo,DEP008,JR061,2025-12-17,LinkedIn,Interviewed
CAN002373,Mary,Balogun,DEP011,JR076,2023-08-10,Campus Recruitment,Applied
CAN002374,Stephen,Chukwu,DEP004,JR032,2021-06-09,Company Website,Shortlisted
CAN002375,,Obasanjo,DEP002,JR009,2024-04-09,Job Portal,Shortlisted
CAN002376,Peter,Okonkwo,DEP015,JR105,2019-09-19,Job Portal,Shortlisted
CAN002377,James,Adetokunbo,DEP005,JR038,2024-01-28,Company Website,Unknown
CAN002378,Victoria,,DEP007,JR054,2022-07-04,Campus Recruitment,Offered
CAN002379,Benjamin,Oyekan,DEP007,JR052,2024-08-28,LinkedIn,Offered
CAN002380,,Olawale,DEP002,JR010,2023-12-20,LinkedIn,Rejected
CAN002381,Sarah,Chukwu,DEP003,JR022,2020-07-22,Referral,Interviewed
CAN002382,Simon,Okafor,DEP004,JR027,2024-04-22,Campus Recruitment,Interviewed
CAN002383,Mary,Adeyemi,DEP008,JR060,2020-09-10,Campus Recruitment,Shortlisted
CAN002384,Nathaniel,Obasanjo,DEP008,JR059,2019-05-02,Company Website,Rejected
CAN002385,Patience,Ogunleye,DEP007,JR057,2019-04-16,Campus Recruitment,Offered
CAN002386,Charity,Adetokunbo,DEP011,JR081,2022-06-17,Referral,Rejected
CAN002387,Charity,Adeyemi,DEP002,JR012,2021-08-07,Company Website,Interviewed
CAN002388,David,Ogunleye,DEP002,JR013,2019-02-11,Job Portal,Rejected
CAN002389,Mark,Ibrahim,DEP004,JR033,2021-03-21,Campus Recruitment,Applied
CAN002390,Philip,Olawale,DEP001,JR003,2024-03-15,Campus Recruitment,Rejected
CAN002391,James,Ekwueme,DEP003,JR020,2021-08-01,Campus Recruitment,Interviewed
CAN002392,Paul,Obasanjo,DEP010,JR072,2020-09-23,Campus Recruitment,Interviewed
CAN002393,Sarah,Adeyemi,DEP002,JR011,2021-11-07,Referral,Offered
CAN002394,Peter,Oyekan,DEP007,JR056,2024-04-14,Company Website,Applied
CAN002395,Victoria,Olawale,DEP006,JR044,2022-10-07,Referral,Interviewed
CAN002396,Cornelius,Adeyemi,DEP003,JR017,2019-10-24,Job Portal,Shortlisted
CAN002397,James,Chukwu,DEP006,JR043,2019-12-14,Campus Recruitment,Offered
CAN002398,Andrew,Uche,DEP005,JR036,2023-04-01,Job Portal,Applied
CAN002399,Cornelius,Akinwale,DEP006,JR044,2025-03-19,LinkedIn,Shortlisted
CAN002400,Comfort,Obi,DEP002,JR015,2023-08-17,Referral,Appliedd
CAN002401,Cornelius,Ojo,DEP003,JR018,2025-10-07,Referral,Interviewed
CAN002402,James,Oyekan,DEP009,JR064,2021-01-20,Campus Recruitment,Shortlisted
CAN002403,Juliet,Akinwale,DEP001,JR005,2021-03-13,Company Website,Applied
CAN002404,Mary,Ojo,DEP002,JR013,2021-03-21,Referral,Hired
CAN002405,Stephen,Akinwale,DEP001,JR004,2021-08-06,Job Portal,Rejected
CAN002406,Mark,Okonkwo,DEP012,JR084,2019-07-16,Job Portal,Shortlisted
CAN002407,Grace,Akinwale,DEP012,JR084,2019-10-10,Job Portal,Offered
CAN002408,Nathaniel,Nnamani,DEP012,JR084,2019-03-22,Company Website,Rejected
CAN002409,Benjamin,Chukwu,DEP012,JR087,2022-06-18,LinkedIn,Applied
CAN002410,Faith,Balogun,DEP005,JR037,2025-12-24,Job Portal,Rejected
CAN002411,Patience,Oyekan,DEP001,JR002,2020-07-25,Job Portal,Interviewed
CAN002412,Philip,Oshodi,DEP012,JR082,2020-12-11,Job Portal,Applied
CAN002413,Juliet,Obasanjo,DEP011,JR078,2023-06-20,LinkedIn,Offered
CAN002414,Peace,Abiola,DEP015,JR104,2020-05-13,LinkedIn,Offered
CAN002415,Emmanuel,Obasanjo,DEP008,JR062,2024-05-19,Job Portal,Applied
CAN002416,Peace,Uche,DEP007,JR056,2019-03-10,LinkedIn,Rejected
CAN002417,Philip,Abiola,DEP010,JR072,2023-09-14,LinkedIn,Offered
CAN002418,Gabriel,Obasanjo,DEP003,JR021,2022-11-20,Campus Recruitment,Interviewed
CAN002419,Gabriel,Balogun,DEP001,JR004,2024-04-05,LinkedIn,Hired
CAN002420,Blessing,Balogun,DEP014,JR096,2024-09-04,LinkedIn,Interviewed
CAN002421,Joy,Oshodi,DEP002,JR010,2020-03-28,Campus Recruitment,Interviewed
CAN002422,,Abiola,DEP012,JR088,2021-09-20,LinkedIn,Appliedd
CAN002423,Joy,Adeyemi,DEP006,JR044,2025-04-12,Campus Recruitment,Offered
CAN002424,Blessing,Adeyemi,DEP009,JR068,2021-11-14,Campus Recruitment,Offered
CAN002425,Peter,Ojo,DEP010,JR070,2023-09-27,Referral,Rejected
CAN002426,Benjamin,Ekwueme,DEP004,JR031,2019-02-01,Job Portal,Offered
CAN002427,Peace,Ojo,DEP007,JR056,2024-11-12,Campus Recruitment,Interviewed
CAN002428,Elizabeth,Oyekan,DEP008,JR058,2025-10-19,Campus Recruitment,Interviewed
CAN002429,Juliet,Eze,DEP004,JR033,2022-08-07,Job Portal,Interviewed
CAN002430,Mary,Uche,DEP012,JR085,2020-02-24,Campus Recruitment,Applied
CAN002431,Ruth,,DEP015,JR101,2022-02-09,Referral,Interviewed
CAN002432,Joseph,Nnamani,DEP007,JR053,2021-12-24,Referral,Hired
CAN002433,Sarah,Ibrahim,DEP014,JR096,2024-01-13,Company Website,Offered
CAN002434,Victoria,Adeyemi,DEP008,JR061,2023-05-16,Campus Recruitment,Rejected
CAN002435,Cornelius,Eze,DEP015,JR102,2025-11-26,Campus Recruitment,Interviewed
CAN002436,Angela,Ojo,DEP014,JR097,2023-03-26,LinkedIn,Rejected
CAN002437,Peace,Ekwueme,DEP014,JR096,2024-09-05,Company Website,Interviewed
CAN002438,Blessing,Abiola,DEP012,JR086,2024-08-22,Company Website,Rejected
CAN002439,Faith,Oshodi,DEP013,JR091,2019-10-09,LinkedIn,Rejected
CAN002440,Patience,Oshodi,DEP003,JR020,2021-12-26,Job Portal,Interviewed
CAN002441,Ruth,Chukwu,DEP002,JR009,2020-11-12,Campus Recruitment,Rejected
CAN002442,Agnes,Adeyemi,DEP003,JR018,2024-01-24,Company Website,Shortlisted
CAN002443,Faith,Ibrahim,DEP002,JR015,2021-12-20,Company Website,Applied
CAN002444,Philip,Eze,DEP009,JR067,2020-10-12,LinkedIn,Hired
CAN002445,Joshua,Ojo,DEP004,JR027,2022-04-09,Job Portal,Shortlisted
CAN002446,Faith,Ibrahim,DEP006,JR049,2022-12-01,LinkedIn,Hired
CAN002447,Victoria,Adetokunbo,DEP005,JR037,2023-01-11,Campus Recruitment,Offered
CAN002448,John,Balogun,DEP013,JR094,2022-06-27,Campus Recruitment,Interviewed
CAN002449,Sarah,Okafor,DEP008,JR059,2025-12-02,Campus Recruitment,Hired
CAN002450,Joy,Ibrahim,DEP011,JR079,2020-04-12,Campus Recruitment,Hired
CAN002451,Joshua,Ojo,DEP014,JR095,2019-02-10,Campus Recruitment,Offered
CAN002452,Philip,Balogun,DEP006,JR045,2020-08-21,LinkedIn,Offered
CAN002453,Benjamin,Adeyemi,DEP014,JR095,2025-06-11,Referral,Offered
CAN002454,Blessing,Obasanjo,DEP010,JR070,2024-08-19,LinkedIn,Offered
CAN002455,Agnes,Okonkwo,DEP015,JR104,2023-09-02,Job Portal,Rejected
CAN002456,Patience,Eze,DEP001,JR008,2022-12-15,Referral,Rejected
CAN002457,Sarah,Chukwu,DEP002,JR015,2025-08-08,Job Portal,Offered
CAN002458,Mark,Ekwueme,DEP011,JR080,2023-02-15,Campus Recruitment,Applied
CAN002459,Gloria,Chukwu,DEP003,JR022,2022-07-08,Company Website,Hired
CAN002460,Samuel,Oyekan,DEP013,JR089,2019-04-13,Campus Recruitment,Hired
CAN002461,Daniel,Ibrahim,DEP012,JR085,2022-05-08,LinkedIn,Interviewed
CAN002462,Daniel,Uche,DEP012,JR085,2025-09-11,Referral,Shortlisted
CAN002463,Cornelius,Ojo,DEP015,JR106,2024-12-03,LinkedIn,Rejected
CAN002464,James,Nnamani,DEP010,JR073,2022-05-11,LinkedIn,Offered
CAN002465,Simon,Adetokunbo,DEP001,JR007,2019-12-15,Job Portal,Hired
CAN002466,Esther,Ibrahim,DEP003,JR023,2023-07-05,Company Website,Interviewed
CAN002467,Sarah,Ekwueme,DEP004,JR030,2022-12-11,Job Portal,Offered
CAN002468,Blessing,Okonkwo,DEP013,JR091,2020-07-06,Referral,Hired
CAN002469,Sarah,Uche,DEP010,JR072,2025-01-22,Referral,Hired
CAN002470,Ruth,Akinwale,DEP008,JR061,2019-07-25,LinkedIn,Rejected
CAN002471,Andrew,Oyekan,DEP001,JR001,2019-04-13,Job Portal,Hired
CAN002472,Victoria,Abiola,DEP014,JR100,2020-01-11,LinkedIn,Hired
CAN002473,Benjamin,Obi,DEP006,JR048,2020-04-08,Referral,Rejected
CAN002474,John,Adeyemi,DEP012,JR087,2025-01-13,Job Portal,Shortlisted
CAN002475,Philip,Obi,DEP013,JR093,2020-08-10,Referral,Hired
CAN002476,Grace,Adeyemi,DEP002,JR014,2024-03-08,Campus Recruitment,Shortlisted
CAN002477,Mark,Okonkwo,DEP013,JR089,2023-09-16,Referral,Rejected
CAN002478,Samuel,Obi,DEP012,JR085,2023-03-09,LinkedIn,Shortlisted
CAN002479,Mark,Uche,DEP002,JR012,2024-11-19,Job Portal,Interviewed
CAN002480,Joshua,Eze,DEP001,JR008,2024-12-10,Referral,Hired
CAN002481,Mary,Obi,DEP003,JR021,2024-03-02,Campus Recruitment,Rejected
CAN002482,Esther,Chukwu,DEP012,JR083,2019-02-19,Campus Recruitment,Applied
CAN002483,Esther,Chukwu,DEP011,JR077,2022-08-16,Referral,Applied
CAN002484,Paul,Olawale,DEP003,JR023,2022-05-17,Job Portal,Applied
CAN002485,Benjamin,Balogun,DEP005,JR041,2024-12-15,Company Website,Applied
CAN002486,James,Akinwale,DEP012,JR085,2023-09-21,Company Website,Applied
CAN002487,Nathaniel,Ibrahim,DEP013,JR094,2020-12-20,Company Website,Interviewed
CAN002488,Comfort,Ojo,DEP004,JR034,2019-01-24,Company Website,Rejected
CAN002489,Michael,Olawale,DEP012,JR085,2020-12-27,Company Website,Interviewed
CAN002490,Elizabeth,Uche,DEP008,JR058,2020-01-05,Company Website,Rejected
CAN002491,Peace,Adeyemi,DEP015,JR102,2019-03-12,Referral,Shortlisted
CAN002492,,Uche,DEP009,JR065,2019-04-16,Referral,Offered
CAN002493,Mary,Okafor,DEP002,JR010,2019-05-03,LinkedIn,Rejected
CAN002494,Joshua,Akinwale,DEP001,JR002,2021-07-20,Job Portal,Applied
CAN002495,Simon,Uche,DEP003,JR024,2020-08-12,Campus Recruitment,Offered
CAN002496,Hope,Okonkwo,DEP003,JR024,2019-07-07,Company Website,Hired
CAN002497,Comfort,Adeyemi,DEP001,JR005,2020-07-05,Company Website,Applied
CAN002498,James,Akinwale,DEP013,JR093,2024-11-25,Company Website,Hired
CAN002499,Emmanuel,Oshodi,DEP006,JR045,2025-03-06,LinkedIn,Offered
CAN002500,Elizabeth,Obasanjo,DEP003,JR018,2020-08-13,Campus Recruitment,Shortlisted
CAN002501,Comfort,Obasanjo,DEP001,JR001,2025-11-09,Company Website,Interviewed
CAN002502,Comfort,Oshodi,DEP001,JR007,2023-09-02,Job Portal,Hired
CAN002503,Deborah,Chukwu,DEP001,JR007,2023-08-02,Job Portal,Rejected
CAN002504,Grace,Akinwale,DEP014,JR096,2024-12-15,Campus Recruitment,Offered
CAN002505,Comfort,Okafor,DEP008,JR062,2020-08-10,Campus Recruitment,Interviewed
CAN002506,Peace,Ekwueme,DEP013,JR093,2023-12-15,LinkedIn,Interviewed
CAN002507,Blessing,Obi,DEP013,JR094,2025-07-28,Company Website,Hired
CAN002508,Gabriel,Akinwale,DEP012,JR085,2025-12-16,Referral,Shortlisted
CAN002509,Benjamin,Oyekan,DEP007,JR055,2024-06-20,LinkedIn,Rejected
CAN002510,Gabriel,Balogun,DEP011,JR077,2021-12-19,Campus Recruitment,Offered
CAN002511,Peter,Abiola,DEP005,JR038,2019-12-21,Company Website,Applied
CAN002512,Patience,Balogun,DEP015,JR102,2024-06-17,Indeed,Hired
CAN002513,Simon,Eze,DEP006,JR049,2021-03-03,Campus Recruitment,Applied
CAN002514,Emmanuel,Oyekan,DEP006,JR047,2022-02-19,Referral,Interviewed
CAN002515,Andrew,Abiola,DEP004,JR027,2022-06-27,Company Website,Rejected
CAN002516,Deborah,Oshodi,DEP004,JR025,2019-04-27,LinkedIn,Interviewed
CAN002517,Gloria,Obi,DEP010,JR072,2023-02-25,Referral,Interviewed
CAN002518,Mark,Abiola,DEP002,JR012,2024-03-18,LinkedIn,Rejected
CAN002519,,Akinwale,DEP002,JR012,2024-10-21,Referral,Offered
CAN002520,Peace,Ogunleye,DEP001,JR006,2025-03-12,Referral,Shortlisted
CAN002521,Mary,Nnamani,DEP009,JR064,2019-01-15,Campus Recruitment,Offered
CAN002522,Grace,Obasanjo,DEP002,JR015,2025-12-24,Referral,Shortlisted
CAN002523,Faith,Okonkwo,DEP001,JR005,2019-04-02,Company Website,Interviewed
CAN002524,Victoria,Eze,DEP014,JR095,2020-05-07,Job Portal,Offered
CAN002525,Gabriel,Uche,DEP013,JR090,2022-12-23,LinkedIn,Interviewed
CAN002526,Emmanuel,Uche,DEP012,JR087,2025-08-11,Walk In,Hired
CAN002527,Benjamin,Nnamani,DEP014,JR099,2021-11-08,LinkedIn,Rejected
CAN002528,Daniel,Uche,DEP003,JR021,2023-01-13,Referral,Offered
CAN002529,David,,DEP003,JR018,2025-05-23,Campus Recruitment,Hired
CAN002530,Benjamin,Oyekan,DEP007,JR055,2022-09-24,Referral,Applied
CAN002531,Victoria,Abiola,DEP007,JR052,2022-02-19,Referral,Applied
CAN002532,Angela,Nnamani,DEP001,JR008,2021-10-02,LinkedIn,Rejected
CAN002533,Mary,Ogunleye,DEP007,JR055,2020-10-07,Campus Recruitment,Applied
CAN002534,Cornelius,Uche,DEP005,JR036,2023-09-18,Job Portal,Interviewed
CAN002535,Nathaniel,Obasanjo,DEP012,JR085,2024-07-01,Referral,Offered
CAN002536,Philip,Nnamani,DEP011,JR074,2020-10-10,LinkedIn,Applied
CAN002537,Joshua,Oyekan,DEP013,JR090,2022-10-02,Company Website,Hired
CAN002538,Daniel,Olawale,DEP006,JR043,2020-12-16,Job Portal,Interviewed
CAN002539,Hope,Oshodi,DEP008,JR060,2019-12-26,Referral,Applied
CAN002540,Peter,Ojo,DEP003,JR017,2024-05-24,Company Website,Interviewed
CAN002541,Agnes,Balogun,DEP007,JR055,2020-02-22,Referral,Interviewed
CAN002542,Paul,Adeyemi,DEP007,JR055,2020-08-05,LinkedIn,Interviewed
CAN002543,Agnes,Adeyemi,DEP009,JR065,2020-11-09,Job Portal,Applied
CAN002544,Emmanuel,Nnamani,DEP005,JR038,2023-05-24,Company Website,Offered
CAN002545,Paul,Akinwale,DEP012,JR086,2023-04-28,Job Portal,Shortlisted
CAN002546,Grace,Okonkwo,DEP007,JR052,2022-08-13,Job Portal,Hired
CAN002547,Patience,Obasanjo,DEP005,JR041,2022-07-09,Campus Recruitment,Hired
CAN002548,Hope,Ekwueme,DEP001,JR008,2019-08-20,Campus Recruitment,Offered
CAN002549,Paul,Oshodi,DEP007,JR052,2019-04-26,Job Portal,Rejected
CAN002550,Philip,Ibrahim,DEP002,JR011,2022-12-11,LinkedIn,Offered
CAN002551,,Ibrahim,DEP010,JR073,2023-05-23,Job Portal,Offered
CAN002552,Hope,Akinwale,DEP005,JR038,2019-01-10,Referral,Rejected
CAN002553,Elizabeth,Eze,DEP003,JR022,2022-02-24,Company Website,Appliedd
CAN002554,Angela,Ekwueme,DEP004,JR034,2023-07-25,Referral,Applied
CAN002555,Gloria,Ogunleye,DEP013,JR091,2025-02-04,LinkedIn,Shortlisted
CAN002556,,Obasanjo,DEP004,JR031,2025-01-21,Indeed,Shortlisted
CAN002557,James,Eze,DEP008,JR059,2023-03-01,Job Portal,Shortlisted
CAN002558,Mary,Eze,DEP013,JR091,2020-01-15,Campus Recruitment,Applied
CAN002559,Joshua,Ibrahim,DEP006,JR044,2024-06-10,Campus Recruitment,Shortlisted
CAN002560,Charity,Adeyemi,DEP007,JR050,2019-10-08,LinkedIn,Shortlisted
CAN002561,Elizabeth,Ekwueme,DEP008,JR062,2021-09-26,Job Portal,Hired
CAN002562,Stephen,Ibrahim,DEP011,JR076,2023-05-23,Campus Recruitment,Shortlisted
CAN002563,Simon,,DEP011,JR080,2020-08-25,LinkedIn,Shortlisted
CAN002564,Angela,Eze,DEP002,JR015,2019-07-28,Referral,Rejected
CAN002565,Philip,Adetokunbo,DEP003,JR021,2025-09-21,Referral ,Applied
CAN002566,Victoria,Ibrahim,DEP002,JR016,2024-03-11,LinkedIn,Rejected
CAN002567,Mary,Uche,DEP014,JR097,2021-01-10,LinkedIn,Shortlisted
CAN002568,Blessing,Ogunleye,DEP002,JR016,2023-05-05,Company Website,Rejected
CAN002569,Angela,Ogunleye,DEP015,JR105,2025-03-16,Referral,Applied
CAN002570,Angela,Abiola,DEP004,JR030,2022-09-25,Campus Recruitment,Rejected
CAN002571,Hope,Chukwu,DEP012,JR085,2021-03-09,LinkedIn,Rejected
CAN002572,Esther,,DEP009,JR066,2021-09-02,Referral,Shortlisted
CAN002573,Stephen,Ogunleye,DEP003,JR020,2024-04-15,Campus Recruitment,Offered
CAN002574,Nathaniel,Balogun,DEP002,JR015,2024-01-16,LinkedIn,Hired
CAN002575,Samuel,Ibrahim,DEP014,JR100,2022-04-10,Company Website,Interviewed
CAN002576,Andrew,Okonkwo,DEP006,JR047,2021-12-26,Job Portal,Interviewed
CAN002577,Agnes,Okafor,DEP004,JR030,2021-08-01,Referral,Interviewed
CAN002578,Sarah,Olawale,DEP002,JR010,2025-05-07,LinkedIn,Shortlisted
CAN002579,Emmanuel,Adeyemi,DEP013,JR093,2022-07-09,Referral,Offered
CAN002580,Samuel,Uche,DEP001,JR002,2025-07-11,LinkedIn,Rejected
CAN002581,Mark,Akinwale,DEP011,JR077,2025-11-25,Campus Recruitment,Applied
CAN002582,Andrew,Obi,DEP014,JR095,2023-09-05,LinkedIn,Rejected
CAN002583,Philip,Adetokunbo,DEP005,JR041,2024-04-12,Company Website,Interviewed
CAN002584,Ruth,Ekwueme,DEP015,JR103,2019-08-21,Campus Recruitment,Rejected
CAN002585,Cornelius,Oshodi,DEP002,JR009,2020-12-28,Job Portal,Hired
CAN002586,Gloria,Obi,DEP003,JR023,2025-01-19,LinkedIn,Offered
CAN002587,Faith,Uche,DEP011,JR074,2020-02-03,LinkedIn,Interviewed
CAN002588,Hope,,DEP004,JR026,2023-12-03,LinkedIn,Interviewed
CAN002589,Peace,Adetokunbo,DEP004,JR028,2022-09-03,Company Website,Applied
CAN002590,Faith,Chukwu,DEP010,JR069,2021-05-20,LinkedIn,Offered
CAN002591,Blessing,Nnamani,DEP009,JR064,2025-06-11,Company Website,Offered
CAN002592,Benjamin,Abiola,DEP007,JR050,2024-08-10,LinkedIn,Rejected
CAN002593,Nathaniel,Adeyemi,DEP015,JR103,2019-03-04,LinkedIn,Offered
CAN002594,Gabriel,Okafor,DEP003,JR022,2024-01-08,Company Website,Offered
CAN002595,Benjamin,Ojo,DEP009,JR067,2020-04-06,Company Website,Rejected
CAN002596,Joseph,Adetokunbo,DEP004,JR034,2021-04-21,Company Website,Hired
CAN002597,Benjamin,Uche,DEP008,JR063,2019-09-22,LinkedIn,Interviewed
CAN002598,Simon,Chukwu,DEP013,JR089,2024-08-05,Company Website,Interviewed
CAN002599,Peace,Chukwu,DEP013,JR090,2020-08-18,Referral,Applied
CAN002600,Philip,,DEP010,JR073,2025-02-17,Company Website,Shortlisted
CAN002601,Hope,Ibrahim,DEP003,JR019,2021-09-15,LinkedIn,Offered
CAN002602,Peace,Obasanjo,DEP004,JR031,2019-08-11,Job Portal,Shortlisted
CAN002603,Emmanuel,Okonkwo,DEP013,JR092,2021-01-12,Job Portal,Shortlisted
CAN002604,Philip,Olawale,DEP006,JR046,2024-12-07,Referral,Shortlisted
CAN002605,James,Oyekan,DEP002,JR010,2024-02-08,Campus Recruitment,Rejected
CAN002606,Victoria,Eze,DEP007,JR057,2022-07-06,Campus Recruitment,Interviewed
CAN002607,David,Abiola,DEP002,JR015,2024-06-19,Indeed,Applied
CAN002608,Simon,Adeyemi,DEP013,JR094,2019-10-28,Job Portal,Shortlisted
CAN002609,Peter,Balogun,DEP006,JR046,2022-07-22,Campus Recruitment,Hired
CAN002610,Mark,Ibrahim,DEP004,JR029,2022-06-05,LinkedIn,Applied
CAN002611,John,Okafor,DEP009,JR066,2023-01-23,Job Portal,Rejected
CAN002612,Victoria,Chukwu,DEP014,JR097,2021-11-04,Company Website,Hired
CAN002613,Angela,Okonkwo,DEP012,JR088,2020-12-12,LinkedIn,Rejected
CAN002614,Emmanuel,Nnamani,DEP003,JR018,2025-12-25,Company Website,Shortlisted
CAN002615,Esther,Obasanjo,DEP001,JR002,2021-10-11,LinkedIn,Shortlisted
CAN002616,Stephen,Eze,DEP011,JR077,2023-02-28,Company Website,Offered
CAN002617,Comfort,Okonkwo,DEP011,JR077,2024-11-02,Referral,Rejected
CAN002618,Michael,Akinwale,DEP013,JR094,2020-11-04,LinkedIn,Interviewed
CAN002619,Agnes,,DEP011,JR081,2022-10-12,Job Portal,Applied
CAN002620,Samuel,Chukwu,DEP013,JR093,2024-04-17,Referral,Applied
CAN002621,Stephen,Chukwu,DEP004,JR033,2022-03-25,Campus Recruitment,Applied
CAN002622,Nathaniel,Obi,DEP012,JR084,2025-08-01,Company Website,Rejected
CAN002623,Esther,Olawale,DEP007,JR057,2022-10-03,Job Portal,Shortlisted
CAN002624,Cornelius,,DEP002,JR011,2019-05-05,Campus Recruitment,Rejected
CAN002625,Gloria,Nnamani,DEP009,JR068,2025-04-27,Referral,Offered
CAN002626,Ruth,Abiola,DEP012,JR088,2022-05-07,Campus Recruitment,Interviewed
CAN002627,David,Adeyemi,DEP014,JR095,2020-04-23,Job Portal,Applied
CAN002628,Joy,Balogun,DEP012,JR086,2023-06-23,Job Portal,Hired
CAN002629,Simon,,DEP001,JR008,2024-07-11,Job Portal,Hired
CAN002630,Deborah,Adetokunbo,DEP014,JR100,2022-12-02,Job Portal,Applied
CAN002631,Hope,Ibrahim,DEP002,JR015,2022-06-15,Job Portal,Shortlisted
CAN002632,Joy,Adetokunbo,DEP006,JR045,2025-03-02,Job Portal,Rejected
CAN002633,Simon,Oshodi,DEP005,JR040,2019-11-05,Campus Recruitment,Offered
CAN002634,Peace,Ogunleye,DEP014,JR098,2023-07-16,Company Website,Hired
CAN002635,Peace,Chukwu,DEP013,JR092,2019-01-09,Company Website,Rejected
CAN002636,Paul,Nnamani,DEP012,JR082,2024-10-19,Campus Recruitment,Interviewed
CAN002637,Charity,Balogun,DEP002,JR016,2020-11-26,LinkedIn,Offered
CAN002638,Sarah,Ekwueme,DEP013,JR089,2024-03-24,Job Portal,Applied
CAN002639,Blessing,Okafor,DEP003,JR022,2019-04-25,Referral,Shortlisted
CAN002640,James,Chukwu,DEP011,JR075,2020-07-16,Campus Recruitment,Hired
CAN002641,Agnes,Abiola,DEP011,JR075,2019-09-23,Referral,Interviewed
CAN002642,Hope,Okafor,DEP013,JR089,2024-09-06,LinkedIn,Interviewed
CAN002643,David,Uche,DEP011,JR077,2025-04-03,Referral,Shortlisted
CAN002644,Joy,Okonkwo,DEP006,JR043,2025-05-15,Job Portal,Offered
CAN002645,Michael,Olawale,DEP013,JR090,2024-04-25,Campus Recruitment,Shortlisted
CAN002646,Benjamin,Ogunleye,DEP007,JR050,2020-03-23,Company Website,Applied
CAN002647,Peace,Abiola,DEP004,JR027,2019-01-21,Company Website,Applied
CAN002648,James,Olawale,DEP007,JR051,2023-04-10,Referral,Offered
CAN002649,Grace,Okonkwo,DEP006,JR042,2021-03-12,Referral,Offered
CAN002650,Mary,Abiola,DEP012,JR084,2023-03-15,Referral,Hired
CAN002651,Cornelius,Oyekan,DEP011,JR081,2024-10-27,Campus Recruitment,Offered
CAN002652,Patience,Ogunleye,DEP015,JR104,2022-08-17,Referral,Hired
CAN002653,Samuel,Obi,DEP010,JR069,2023-01-02,Company Website,Shortlisted
CAN002654,Deborah,Ibrahim,DEP011,JR081,2022-07-25,Company Website,Hired
CAN002655,Gabriel,Ibrahim,DEP010,JR073,2025-12-28,Job Portal,Rejected
CAN002656,Deborah,Olawale,DEP013,JR089,2019-08-22,Company Website,Hired
CAN002657,Esther,Oyekan,DEP005,JR039,2024-03-16,Company Website,Offered
CAN002658,Mary,Obasanjo,DEP006,JR049,2020-12-26,Referral,Offered
CAN002659,Nathaniel,Eze,DEP012,JR085,2024-07-09,Company Website,Shortlisted
CAN002660,David,Obasanjo,DEP007,JR055,2020-02-13,LinkedIn,Offered
CAN002661,Andrew,Okafor,DEP011,JR075,2019-12-06,LinkedIn,Shortlisted
CAN002662,Agnes,Balogun,DEP004,JR033,2019-07-13,Referral,Shortlisted
CAN002663,Elizabeth,Akinwale,DEP004,JR031,2021-06-06,Job Portal,Rejected
CAN002664,Gloria,Ogunleye,DEP009,JR064,2023-09-24,Referral,Interviewed
CAN002665,David,Eze,DEP015,JR106,2024-04-09,Campus Recruitment,Interview
CAN002666,,Obasanjo,DEP004,JR033,2024-05-09,Campus Recruitment,Applied
CAN002667,Victoria,Adetokunbo,DEP003,JR023,2022-12-01,LinkedIn,Applied
CAN002668,Mark,Oshodi,DEP009,JR064,2024-09-07,Job Portal,Offered
CAN002669,Joy,Okafor,DEP003,JR018,2020-06-24,Job Portal,Shortlisted
CAN002670,Elizabeth,Obasanjo,DEP007,JR057,2019-05-07,Referral,Rejected
CAN002671,John,,DEP001,JR006,2021-02-07,Campus Recruitment,Shortlisted
CAN002672,Joshua,Nnamani,DEP003,JR021,2025-12-11,Campus Recruitment,Rejected
CAN002673,Mary,Oyekan,DEP004,JR029,2025-02-16,Referral,Interviewed
CAN002674,Peter,Uche,DEP014,JR095,2021-06-11,Company Website,Interviewed
CAN002675,Emmanuel,Oyekan,DEP002,JR014,2022-09-11,Referral,Offered
CAN002676,Ruth,Abiola,DEP014,JR098,2022-01-06,LinkedIn,Offered
CAN002677,James,Obasanjo,DEP001,JR004,2021-09-22,Company Website,Hired
CAN002678,Juliet,Adetokunbo,DEP014,JR100,2019-06-01,LinkedIn,Applied
CAN002679,Patience,Ekwueme,DEP002,JR015,2019-12-21,Job Portal,Interviewed
CAN002680,Joy,Ogunleye,DEP003,JR017,2023-08-06,Campus Recruitment,Applied
CAN002681,Emmanuel,Oyekan,DEP003,JR017,2021-12-12,Job Portal,Hired
CAN002682,Simon,Ogunleye,DEP010,JR072,2023-03-09,Job Portal,Shortlisted
CAN002683,Stephen,Ogunleye,DEP013,JR092,2025-04-02,Referral,Rejected
CAN002684,Deborah,Abiola,DEP006,JR042,2021-10-09,Campus Recruitment,Applied
CAN002685,Michael,Obasanjo,DEP003,JR017,2023-05-27,Job Portal,Applied
CAN002686,Sarah,Adetokunbo,DEP015,JR103,2021-03-06,LinkedIn,Interviewed
CAN002687,Peter,Uche,DEP013,JR093,2021-11-19,Referral,Applied
CAN002688,Joshua,Oyekan,DEP015,JR104,2025-02-05,Campus Recruitment,Interviewed
CAN002689,Simon,Akinwale,DEP001,JR006,2021-10-25,Job Portal,Interviewed
CAN002690,Hope,Oyekan,DEP005,JR036,2021-09-07,LinkedIn,Rejected
CAN002691,Ruth,Chukwu,DEP007,JR057,2019-01-12,Company Website,Applied
CAN002692,James,Olawale,DEP003,JR024,2022-06-20,Referral,Interviewed
CAN002693,Peace,Ekwueme,DEP004,JR031,2022-12-26,Campus Recruitment,Interviewed
CAN002694,Joshua,Ojo,DEP014,JR096,2019-10-10,Campus Recruitment,Shortlisted
CAN002695,Benjamin,Oyekan,DEP008,JR060,2019-11-25,Job Portal,Shortlisted
CAN002696,Hope,Uche,DEP007,JR051,2019-12-25,Job Portal,Interviewed
CAN002697,Juliet,Ojo,DEP014,JR100,2022-11-13,Campus Recruitment,Hired
CAN002698,Elizabeth,Adetokunbo,DEP009,JR067,2020-01-05,Job Portal,Applied
CAN002699,Elizabeth,Ekwueme,DEP012,JR082,2020-08-05,LinkedIn,Offered
CAN002700,Angela,Oyekan,DEP008,JR058,2023-03-05,Referral,Hired
CAN002701,Joseph,Obi,DEP003,JR019,2023-04-21,Referral,Interviewed
CAN002702,Blessing,Balogun,DEP011,JR079,2023-11-17,linkedin,Interviewed
CAN002703,Michael,Balogun,DEP005,JR038,2022-02-25,LinkedIn,Interviewed
CAN002704,Nathaniel,Oyekan,DEP015,JR103,2020-06-15,Campus Recruitment,Rejected
CAN002705,Gloria,Abiola,DEP006,JR048,2022-07-03,Job Portal,Offered
CAN002706,Joy,Balogun,DEP006,JR043,2024-02-09,linkedin,Applied
CAN002707,Daniel,Olawale,DEP003,JR017,2023-12-19,Company Website,Applied
CAN002708,Philip,Ogunleye,DEP002,JR016,2019-12-14,LinkedIn,Rejected
CAN002709,Peter,Oshodi,DEP004,JR027,2022-02-14,Company Website,Interviewed
CAN002710,Simon,Adeyemi,DEP006,JR047,2025-06-26,Company Website,Offered
CAN002711,Benjamin,Oyekan,DEP006,JR047,2023-12-12,Referral,Shortlisted
CAN002712,James,Chukwu,DEP006,JR049,2023-10-11,LinkedIn,Hired
CAN002713,Angela,Okafor,DEP001,JR001,2020-10-11,Campus Recruitment,Shortlisted
CAN002714,Joshua,Ekwueme,DEP009,JR064,2022-03-16,Referral,Hired
CAN002715,Joshua,Ibrahim,DEP006,JR044,2020-01-03,Campus Recruitment,Offered
CAN002716,Peter,Nnamani,DEP011,JR076,2022-07-25,LinkedIn,Hired
CAN002717,Hope,Eze,DEP001,JR006,2023-05-22,Campus Recruitment,Interviewed
CAN002718,Michael,Okafor,DEP007,JR053,2023-08-03,LinkedIn,Shortlisted
CAN002719,Daniel,Ekwueme,DEP014,JR097,2021-10-09,Company Website,Shortlisted
CAN002720,Joshua,Chukwu,DEP006,JR046,2023-08-25,Campus Recruitment,Rejected
CAN002721,Comfort,Abiola,DEP007,JR055,2022-12-28,Job Portal,Applied
CAN002722,Juliet,Adetokunbo,DEP002,JR009,2022-04-28,Campus Recruitment,Rejected
CAN002723,Juliet,Akinwale,DEP004,JR030,2024-10-10,LinkedIn,Interviewed
CAN002724,Comfort,Okonkwo,DEP007,JR052,2021-03-14,Company Website,Shortlisted
CAN002725,Stephen,Obasanjo,DEP001,JR002,2023-01-06,Company Website,Rejected
CAN002726,Deborah,Obi,DEP011,JR074,2020-01-18,LinkedIn,Hired
CAN002727,Andrew,Akinwale,DEP014,JR100,2025-08-07,Campus Recruitment,Offered
CAN002728,Simon,Ojo,DEP006,JR043,2025-11-17,Company Website,Offered
CAN002729,Peace,Okafor,DEP005,JR037,2025-02-27,Company Website,Shortlisted
CAN002730,Esther,Ibrahim,DEP015,JR106,2019-11-05,LinkedIn,Hired
CAN002731,Mary,Ibrahim,DEP014,JR100,2021-02-24,Referral,Rejected
CAN002732,Grace,Olawale,DEP015,JR106,2024-03-09,Company Website,Rejected
CAN002733,John,Obi,DEP011,JR075,2019-01-01,Company Website,Interviewed
CAN002734,Mary,Oyekan,DEP006,JR048,2020-08-24,Referral,Appliedd
CAN002735,Comfort,Eze,DEP004,JR027,2022-07-12,Job Portal,Rejected
CAN002736,Mary,Akinwale,DEP010,JR070,2019-10-27,Company Website,Applied
CAN002737,Stephen,Okafor,DEP009,JR067,2025-08-04,Company Website,Hired
CAN002738,Philip,Nnamani,DEP010,JR072,2024-08-01,Job Portal,Applied
CAN002739,Angela,,DEP004,JR032,2021-01-15,Campus Recruitment,Appliedd
CAN002740,Andrew,Obasanjo,DEP014,JR096,2021-11-24,LinkedIn,Interviewed
CAN002741,Joshua,Adetokunbo,DEP014,JR098,2023-05-19,Campus Recruitment,Interviewed
CAN002742,John,Ojo,DEP004,JR032,2020-07-25,LinkedIn,Applied
CAN002743,Simon,Adeyemi,DEP002,JR016,2024-04-02,Company Website,Rejected
CAN002744,Gabriel,Adeyemi,DEP004,JR032,2022-10-02,Referral,Interviewed
CAN002745,Joseph,Uche,DEP009,JR067,2022-10-18,Company Website,Hired
CAN002746,,Obi,DEP001,JR005,2021-08-20,Referral,Shortlisted
CAN002747,Grace,Ogunleye,DEP002,JR016,2025-04-02,Campus Recruitment,Applied
CAN002748,Emmanuel,Abiola,DEP001,JR005,2022-12-23,Campus Recruitment,Applied
CAN002749,Peter,Oshodi,DEP012,JR085,2025-05-15,Campus Recruitment,Applied
CAN002750,,Oshodi,DEP003,JR018,2025-07-24,Campus Recruitment,Interviewed
CAN002751,Faith,Chukwu,DEP006,JR048,2023-01-21,Campus Recruitment,Offered
CAN002752,Victoria,Ojo,DEP011,JR077,2019-07-21,LinkedIn,Offered
CAN002753,Gabriel,Akinwale,DEP003,JR024,2025-01-23,LinkedIn,Offered
CAN002754,Andrew,Chukwu,DEP006,JR045,2019-08-06,Campus Recruitment,Offered
CAN002755,Angela,Akinwale,DEP010,JR069,2025-04-08,LinkedIn,Shortlisted
CAN002756,Cornelius,Ojo,DEP001,JR002,2019-08-23,Job Portal,Hired
CAN002757,Andrew,Ogunleye,DEP010,JR072,2022-05-16,Referral,Offered
CAN002758,Joshua,Okonkwo,DEP015,JR106,2024-04-04,Campus Recruitment,Shortlisted
CAN002759,Mary,Abiola,DEP003,JR020,2022-04-15,Campus Recruitment,Applied
CAN002760,Joshua,Oyekan,DEP006,JR049,2020-06-14,Referral,Rejected
CAN002761,,Chukwu,DEP004,JR029,2022-09-01,LinkedIn,Applied
CAN002762,Daniel,Uche,DEP007,JR055,2019-06-23,Job Portal,Applied
CAN002763,Benjamin,Uche,DEP007,JR056,2020-01-15,Campus Recruitment,Hired
CAN002764,Comfort,Adeyemi,DEP015,JR104,2021-06-02,Company Website,Hired
CAN002765,Samuel,Adeyemi,DEP011,JR075,2020-06-15,Job Portal,Rejected
CAN002766,Gabriel,Uche,DEP012,JR083,2025-05-07,Referral,Appliedd
CAN002767,Juliet,Olawale,DEP013,JR093,2019-04-28,Company Website,Interviewed
CAN002768,Simon,Oshodi,DEP008,JR061,2020-04-16,Company Website,Interviewed
CAN002769,Grace,Ogunleye,DEP002,JR009,2025-09-19,Referral,Hired
CAN002770,Joseph,Ojo,DEP011,JR081,2022-07-23,LinkedIn,Shortlisted
CAN002771,Juliet,Okafor,DEP013,JR092,2021-05-11,Company Website,Interviewed
CAN002772,Victoria,Obi,DEP006,JR043,2019-05-25,Job Portal,Offered
CAN002773,Samuel,Adeyemi,DEP002,JR015,2021-06-10,LinkedIn,Shortlisted
CAN002774,Simon,Okonkwo,DEP015,JR105,2024-07-24,Job Portal,Applied
CAN002775,Juliet,Obi,DEP001,JR001,2019-02-24,Campus Recruitment,Offered
CAN002776,Agnes,Balogun,DEP005,JR035,2019-07-01,Campus Recruitment,Offered
CAN002777,,Obi,DEP002,JR012,2020-04-13,Referral,Hired
CAN002778,Sarah,Obasanjo,DEP001,JR008,2024-02-25,Job Portal,Applied
CAN002779,Blessing,Obasanjo,DEP015,JR102,2020-05-12,LinkedIn,Interviewed
CAN002780,Benjamin,Abiola,DEP011,JR076,2020-11-07,LinkedIn,Shortlisted
CAN002781,Gabriel,Adetokunbo,DEP007,JR057,2023-11-24,Referral,Applied
CAN002782,Elizabeth,Abiola,DEP013,JR091,2025-05-27,LinkedIn,Shortlisted
CAN002783,Blessing,Eze,DEP006,JR049,2024-09-21,LinkedIn,Applied
CAN002784,Esther,Olawale,DEP013,JR094,2019-08-12,Company Website,Rejected
CAN002785,Mary,Akinwale,DEP013,JR094,2024-12-06,Job Portal,Offered
CAN002786,Mary,Okonkwo,DEP004,JR031,2025-07-10,Company Website,Interviewed
CAN002787,Sarah,Obasanjo,DEP013,JR092,2024-05-18,Job Portal,Offered
CAN002788,Mark,Abiola,DEP007,JR051,2021-12-11,Company Website,Shortlisted
CAN002789,Patience,Ibrahim,DEP007,JR050,2024-09-01,Referral,Applied
CAN002790,John,Ekwueme,DEP001,JR006,2023-02-01,LinkedIn,Applied
CAN002791,Benjamin,Ekwueme,DEP009,JR064,2024-05-10,Campus Recruitment,Offered
CAN002792,Ruth,Abiola,DEP011,JR076,2025-12-16,LinkedIn,Shortlisted
CAN002793,Gabriel,Oshodi,DEP001,JR001,2023-07-06,LinkedIn,Offered
CAN002794,Gabriel,Okonkwo,DEP008,JR063,2022-11-13,Referral,Shortlisted
CAN002795,Peter,Obi,DEP004,JR029,2021-06-16,Company Website,Hired
CAN002796,Mary,Abiola,DEP007,JR055,2022-12-14,Referral,Applied
CAN002797,Emmanuel,Oyekan,DEP006,JR046,2021-12-27,LinkedIn,Interviewed
CAN002798,Charity,Abiola,DEP013,JR091,2022-02-11,LinkedIn,Shortlisted
CAN002799,Peace,Okafor,DEP008,JR062,2024-03-24,LinkedIn,Interviewed
CAN002800,James,Uche,DEP002,JR009,2020-06-06,Campus Recruitment,Shortlisted
CAN002801,Esther,Adeyemi,DEP002,JR011,2020-04-14,Campus Recruitment,Offered
CAN002802,Comfort,Eze,DEP009,JR067,2022-02-21,Referral,Hired
CAN002803,Patience,Obi,DEP015,JR106,2024-12-23,Campus Recruitment,Interviewed
CAN002804,Gloria,Adeyemi,DEP005,JR036,2023-10-16,Campus Recruitment,Shortlisted
CAN002805,Joseph,Ekwueme,DEP007,JR055,2020-05-28,Job Portal,Applied
CAN002806,Agnes,Balogun,DEP007,JR057,2020-05-24,Company Website,Interviewed
CAN002807,Juliet,Chukwu,DEP012,JR083,2025-09-12,LinkedIn,Hired
CAN002808,Mary,Eze,DEP013,JR089,2024-09-02,Company Website,Rejected
CAN002809,Deborah,Balogun,DEP007,JR054,2023-11-03,Campus Recruitment,Rejected
CAN002810,Stephen,Adeyemi,DEP005,JR037,2025-01-04,Referral,Offered
CAN002811,Ruth,Balogun,DEP007,JR051,2024-08-16,LinkedIn,Hired
CAN002812,Hope,Nnamani,DEP003,JR021,2022-12-05,Campus Recruitment,Hired
CAN002813,Peace,Ekwueme,DEP015,JR105,2022-11-12,LinkedIn,Interviewed
CAN002814,Joy,Chukwu,DEP005,JR035,2023-01-27,Campus Recruitment,Offered
CAN002815,Grace,Abiola,DEP009,JR068,2022-09-16,LinkedIn,Interviewed
CAN002816,Mark,Ogunleye,DEP004,JR029,2020-12-28,LinkedIn,Applied
CAN002817,Mark,Akinwale,DEP009,JR064,2021-06-14,Company Website,Hired
CAN002818,Patience,Nnamani,DEP012,JR082,2023-09-18,Company Website,Applied
CAN002819,David,Obi,DEP013,JR090,2022-10-26,Company Website,Shortlisted
CAN002820,Deborah,Ogunleye,DEP003,JR022,2021-12-11,LinkedIn,Interviewed
CAN002821,David,Eze,DEP002,JR014,2022-09-07,Campus Recruitment,Applied
CAN002822,Joy,Ojo,DEP002,JR016,2022-06-12,Campus Recruitment,Interviewed
CAN002823,Patience,,DEP003,JR022,2024-03-25,Company Website,Shortlisted
CAN002824,Michael,Adetokunbo,DEP008,JR060,2024-08-25,LinkedIn,Shortlisted
CAN002825,Joshua,Ojo,DEP005,JR039,2021-06-13,Referral,Shortlisted
CAN002826,David,Oshodi,DEP001,JR005,2025-03-13,LinkedIn,Interviewed
CAN002827,Joy,Balogun,DEP014,JR096,2023-07-05,Job Portal,Applied
CAN002828,Peter,Okonkwo,DEP007,JR050,2019-12-01,LinkedIn,Rejected
CAN002829,Elizabeth,Akinwale,DEP003,JR019,2021-02-17,LinkedIn,Offered
CAN002830,James,Abiola,DEP010,JR070,2022-11-03,Referral,Interviewed
CAN002831,Joseph,Chukwu,DEP003,JR022,2020-02-27,Referral,Shortlisted
CAN002832,Joshua,Okafor,DEP008,JR061,2023-08-23,LinkedIn,Hired
CAN002833,Esther,Adeyemi,DEP001,JR003,2025-04-16,Company Website,Appliedd
CAN002834,Victoria,Ojo,DEP003,JR019,2019-12-02,Company Website,Rejected
CAN002835,Elizabeth,Ekwueme,DEP002,JR015,2019-10-15,Campus Recruitment,Shortlisted
CAN002836,Mary,Akinwale,DEP011,JR074,2021-02-11,Referral,Applied
CAN002837,James,Eze,DEP001,JR007,2020-11-07,Referral,Hired
CAN002838,Benjamin,Abiola,DEP006,JR045,2020-09-27,Campus Recruitment,Applied
CAN002839,Faith,Ojo,DEP007,JR055,2019-10-20,Referral,Interviewed
CAN002840,Nathaniel,Oshodi,DEP006,JR043,2021-11-28,Referral,Offered
CAN002841,Deborah,Okonkwo,DEP006,JR048,2024-05-26,Referral,Appliedd
CAN002842,David,Chukwu,DEP005,JR040,2019-01-18,LinkedIn,Offered
CAN002843,Comfort,Ojo,DEP003,JR020,2025-08-12,LinkedIn,Rejected
CAN002844,Nathaniel,Nnamani,DEP011,JR074,2024-02-12,Referral,Shortlisted
CAN002845,Deborah,Oshodi,DEP004,JR033,2025-09-06,LinkedIn,Interviewed
CAN002846,Joshua,Olawale,DEP001,JR003,2020-05-10,Referral,Shortlisted
CAN002847,Grace,Adeyemi,DEP003,JR024,2019-04-17,Company Website,Rejected
CAN002848,Mark,Oshodi,DEP003,JR020,2022-01-17,LinkedIn,Interviewed
CAN002849,David,Uche,DEP003,JR021,2021-06-22,Company Website,Shortlisted
CAN002850,Benjamin,Oyekan,DEP004,JR033,2019-03-20,Campus Recruitment,Rejected
CAN002851,Sarah,Oshodi,DEP011,JR080,2022-12-27,Referral,Offered
CAN002852,Hope,Nnamani,DEP005,JR041,2020-09-14,Job Portal,Interviewed
CAN002853,Charity,Chukwu,DEP006,JR044,2019-12-24,Referral,Applied
CAN002854,Benjamin,Okonkwo,DEP011,JR081,2021-01-23,Company Website,Interviewed
CAN002855,Joseph,Oyekan,DEP006,JR048,2021-09-12,Campus Recruitment,Hired
CAN002856,Juliet,Okonkwo,DEP009,JR065,2023-10-14,Company Website,Shortlisted
CAN002857,Paul,Oyekan,DEP002,JR016,2021-06-07,Company Website,Rejected
CAN002858,Paul,Okonkwo,DEP015,JR102,2024-11-15,Campus Recruitment,Shortlisted
CAN002859,,Chukwu,DEP005,JR035,2021-06-10,Referral,Interviewed
CAN002860,John,Abiola,DEP008,JR060,2022-03-26,Referral,Interviewed
CAN002861,Daniel,Ekwueme,DEP011,JR075,2025-09-23,LinkedIn,Shortlisted
CAN002862,Comfort,Obi,DEP015,JR102,2022-07-06,NIL,Hired
CAN002863,Paul,,DEP012,JR086,2023-08-20,Referral,Offered
CAN002864,David,Akinwale,DEP001,JR001,2022-05-04,Referral,Interview
CAN002865,Michael,Ogunleye,DEP006,JR043,2020-12-28,Referral,Applied
CAN002866,Ruth,Okonkwo,DEP007,JR056,2025-02-18,Company Website,Hired
CAN002867,Angela,Obi,DEP004,JR032,2019-08-03,Referral,Offered
CAN002868,Samuel,Okonkwo,DEP011,JR074,2024-08-26,Campus Recruitment,Rejected
CAN002869,Mark,Adetokunbo,DEP014,JR095,2024-11-28,Campus Recruitment,Interviewed
CAN002870,Blessing,Adeyemi,DEP009,JR068,2021-08-14,Referral,Hired
CAN002871,Mark,Oshodi,DEP012,JR084,2024-12-04,Referral,Offered
CAN002872,Faith,Adetokunbo,DEP003,JR017,2019-12-23,Job Portal,Rejected
CAN002873,Comfort,Adetokunbo,DEP006,JR049,2025-11-20,Company Website,Applied
CAN002874,Deborah,Ojo,DEP007,JR055,2019-03-26,Job Portal,Rejected
CAN002875,Esther,Okafor,DEP004,JR030,2023-10-12,Referral,Rejected
CAN002876,Benjamin,Chukwu,DEP004,JR026,2021-05-07,LinkedIn,Shortlisted
CAN002877,Paul,Akinwale,DEP012,JR087,2024-05-18,Company Website,Shortlisted
CAN002878,Comfort,Adeyemi,DEP001,JR008,2024-10-24,Job Portal,Interviewed
CAN002879,Peter,Oyekan,DEP003,JR021,2025-12-13,Campus Recruitment,Applied
CAN002880,Agnes,Oshodi,DEP008,JR062,2022-09-13,Referral,Hired
CAN002881,Peace,Eze,DEP005,JR035,2023-03-24,Job Portal,Hired
CAN002882,Esther,Olawale,DEP012,JR088,2019-05-25,Referral,Rejected
CAN002883,Peace,Ojo,DEP001,JR005,2022-01-07,Referral,Applied
CAN002884,Faith,Okafor,DEP003,JR019,2023-10-15,Campus Recruitment,Interviewed
CAN002885,David,Adetokunbo,DEP013,JR091,2025-01-13,LinkedIn,Shortlisted
CAN002886,James,Obasanjo,DEP010,JR070,2019-02-04,Referral,Shortlisted
CAN002887,Comfort,Ekwueme,DEP007,JR054,2020-02-02,Company Website,Interviewed
CAN002888,Sarah,Balogun,DEP015,JR103,2021-06-02,Referral,Shortlisted
CAN002889,Ruth,Akinwale,DEP003,JR019,2025-10-04,LinkedIn,Applied
CAN002890,Comfort,Abiola,DEP004,JR032,2019-09-14,LinkedIn,Offered
CAN002891,Michael,Adetokunbo,DEP003,JR020,2023-01-22,Campus Recruitment,Offered
CAN002892,Hope,Oshodi,DEP011,JR074,2019-03-03,LinkedIn,Offered
CAN002893,Joy,Adeyemi,DEP010,JR073,2024-11-23,Job Portal,Applied
CAN002894,Michael,Obi,DEP004,JR028,2023-10-18,Job Portal,Shortlisted
CAN002895,Victoria,Abiola,DEP012,JR085,2019-05-17,Campus Recruitment,Hired
CAN002896,Cornelius,Akinwale,DEP002,JR013,2019-01-12,Referral,Interviewed
CAN002897,Charity,Akinwale,DEP011,JR080,2019-02-25,Referral,Applied
CAN002898,Mark,Okafor,DEP002,JR011,2023-07-24,Job Portal,Rejected
CAN002899,Deborah,Uche,DEP007,JR050,2021-09-26,Referral,Offered
CAN002900,Joshua,Balogun,DEP008,JR060,2024-12-15,Campus Recruitment,Hired
CAN002901,Joshua,Olawale,DEP007,JR057,2023-04-13,Job Portal,Applied
CAN002902,Hope,Okafor,DEP009,JR066,2019-08-22,Campus Recruitment,Interviewed
CAN002903,Mark,Obasanjo,DEP002,JR009,2021-09-12,Company Website,Offered
CAN002904,Peace,Ibrahim,DEP007,JR055,2025-09-21,Campus Recruitment,Applied
CAN002905,Agnes,Akinwale,DEP003,JR023,2025-07-17,Referral,Hired
CAN002906,Grace,Olawale,DEP013,JR089,2023-08-18,Campus Recruitment,Applied
CAN002907,Gloria,Okafor,DEP002,JR010,2021-02-22,Campus Recruitment,Hired
CAN002908,Mary,Ibrahim,DEP007,JR055,2023-12-14,Company Website,Rejected
CAN002909,Elizabeth,Obasanjo,DEP004,JR032,2025-02-18,Company Website,Applied
CAN002910,Charity,Ekwueme,DEP012,JR085,2025-10-22,Job Portal,Applied
CAN002911,Juliet,Adeyemi,DEP003,JR019,2023-07-12,Referral ,Interviewed
CAN002912,Grace,Obasanjo,DEP001,JR006,2023-08-16,LinkedIn,Hired
CAN002913,Philip,Oshodi,DEP007,JR050,2025-09-03,Company Website,Applied
CAN002914,,Eze,DEP008,JR061,2019-04-02,LinkedIn,Applied
CAN002915,Grace,Eze,DEP003,JR022,2019-01-13,Company Website,Rejected
CAN002916,Agnes,Oshodi,DEP004,JR033,2023-12-26,LinkedIn,Rejected
CAN002917,Blessing,Obasanjo,DEP009,JR067,2020-01-02,LinkedIn,Appliedd
CAN002918,Samuel,Adetokunbo,DEP010,JR069,2025-10-22,Campus Recruitment,Shortlisted
CAN002919,Comfort,Abiola,DEP001,JR004,2025-08-04,Campus Recruitment,Offered
CAN002920,Philip,Oshodi,DEP015,JR102,2021-03-04,Company Website,Hired
CAN002921,Grace,Olawale,DEP006,JR045,2024-11-10,Job Portal,Offered
CAN002922,Hope,Ekwueme,DEP008,JR061,2022-05-18,Campus Recruitment,Hired
CAN002923,Joshua,Obasanjo,DEP011,JR080,2024-09-02,Company Website,Rejected
CAN002924,Mark,Ojo,DEP006,JR048,2020-09-12,Job Portal,Interviewed
CAN002925,Joy,Abiola,DEP015,JR102,2019-11-07,LinkedIn,Hired
CAN002926,Victoria,Oyekan,DEP003,JR024,2023-12-04,Company Website,Offered
CAN002927,Deborah,Ekwueme,DEP005,JR039,2021-07-01,Company Website,Accepted
CAN002928,Mark,,DEP012,JR088,2019-07-01,Campus Recruitment,Hired
CAN002929,David,Nnamani,DEP014,JR095,2024-03-19,Referral,Offer
CAN002930,Cornelius,Adetokunbo,DEP013,JR092,2025-11-08,Campus Recruitment,Applied
CAN002931,Joshua,Obi,DEP015,JR105,2021-07-28,Campus Recruitment,Offered
CAN002932,Sarah,Balogun,DEP013,JR089,2019-07-16,Referral,Offered
CAN002933,Ruth,,DEP011,JR075,2019-04-08,LinkedIn,Appliedd
CAN002934,Daniel,Obi,DEP007,JR050,2024-05-06,Job Portal,Offered
CAN002935,Esther,Oshodi,DEP011,JR076,2020-05-12,Campus Recruitment,Rejected
CAN002936,Gloria,Adeyemi,DEP007,JR053,2023-06-01,Campus Recruitment,Shortlisted
CAN002937,Peace,Chukwu,DEP012,JR085,2019-08-16,LinkedIn,Unknown
CAN002938,Joy,,DEP011,JR075,2020-05-03,Campus Recruitment,Interviewed
CAN002939,Grace,Eze,DEP010,JR070,2024-04-19,Job Portal,Applied
CAN002940,Mary,Obi,DEP012,JR082,2022-04-27,Campus Recruitment,Interviewed
CAN002941,Blessing,Ogunleye,DEP001,JR005,2025-10-21,Job Portal,Shortlisted
CAN002942,James,Adeyemi,DEP005,JR036,2023-09-24,Company Website,Hired
CAN002943,Sarah,Abiola,DEP003,JR023,2020-04-08,Job Portal,Shortlisted
CAN002944,Victoria,Nnamani,DEP004,JR028,2019-02-04,Company Website,Hired
CAN002945,Daniel,Ogunleye,DEP013,JR089,2022-02-27,Company Website,Interviewed
CAN002946,Paul,Obi,DEP003,JR024,2024-02-14,Company Website,Hired
CAN002947,Simon,,DEP001,JR008,2025-12-12,Company Website,Interviewed
CAN002948,Samuel,Ojo,DEP012,JR082,2021-02-07,Company Website,Shortlisted
CAN002949,Esther,Nnamani,DEP008,JR061,2019-04-26,Campus Recruitment,Offered
CAN002950,Mark,Balogun,DEP014,JR098,2019-02-08,Job Portal,Interviewed
CAN002951,Paul,Nnamani,DEP010,JR073,2024-07-02,Referral,Applied
CAN002952,Philip,Oshodi,DEP008,JR063,2023-11-03,Campus Recruitment,Applied
CAN002953,Agnes,Nnamani,DEP015,JR103,2021-05-20,LinkedIn,Hired
CAN002954,Charity,Obi,DEP013,JR089,2021-08-06,Campus Recruitment,Applied
CAN002955,Angela,Olawale,DEP011,JR078,2024-08-22,Job Portal,Offered
CAN002956,Patience,Ibrahim,DEP002,JR015,2024-04-18,Referral,Rejected
CAN002957,,Ibrahim,DEP005,JR040,2024-05-21,Company Website,Shortlisted
CAN002958,Patience,Adeyemi,DEP014,JR098,2021-02-24,LinkedIn,Interviewed
CAN002959,Grace,Ibrahim,DEP006,JR046,2022-04-07,LinkedIn,Applied
CAN002960,John,Balogun,DEP004,JR028,2019-06-22,Campus Recruitment,Applied
CAN002961,Victoria,Ibrahim,DEP006,JR046,2019-06-01,Referral,Shortlisted
CAN002962,David,Adetokunbo,DEP003,JR018,2024-12-06,Referral,Interviewed
CAN002963,Joy,Ekwueme,DEP004,JR027,2022-05-05,LinkedIn,Rejected
CAN002964,Mark,Okonkwo,DEP008,JR061,2023-12-02,Company Website,Applied
CAN002965,Ruth,Uche,DEP015,JR106,2019-01-16,Referral ,Appliedd
CAN002966,Gabriel,Olawale,DEP010,JR071,2019-12-21,Company Website,Applied
CAN002967,Angela,Obi,DEP005,JR041,2020-04-03,Company Website,Applied
CAN002968,Joy,Obi,DEP005,JR040,2021-05-23,LinkedIn,Interviewed
CAN002969,Deborah,Chukwu,DEP005,JR037,2025-06-26,Campus Recruitment,Hired
CAN002970,Philip,Oshodi,DEP008,JR060,2021-06-10,LinkedIn,Rejected
CAN002971,John,Okonkwo,DEP007,JR050,2021-05-08,Company Website,Offered
CAN002972,Emmanuel,Balogun,DEP011,JR078,2025-03-28,Job Portal,Hired
CAN002973,Esther,Oshodi,DEP015,JR102,2020-05-16,Referral,Rejected
CAN002974,Comfort,Okonkwo,DEP005,JR035,2021-10-23,Company Website,Interviewed
CAN002975,Peace,Balogun,DEP015,JR101,2024-10-12,Referral,Applied
CAN002976,John,Balogun,DEP009,JR065,2024-01-18,Campus Recruitment,Applied
CAN002977,Paul,Ojo,DEP006,JR048,2019-05-20,Campus Recruitment,Offered
CAN002978,Esther,Ekwueme,DEP001,JR004,2024-05-11,Campus Recruitment,Shortlisted
CAN002979,Juliet,Okonkwo,DEP007,JR054,2019-12-18,LinkedIn,Shortlisted
CAN002980,Joy,Oyekan,DEP005,JR036,2024-04-18,NIL,Offered
CAN002981,Comfort,Okafor,DEP012,JR083,2024-11-03,Campus Recruitment,Rejected
CAN002982,Gabriel,Ogunleye,DEP005,JR039,2025-02-20,LinkedIn,Interviewed
CAN002983,Elizabeth,,DEP010,JR073,2025-06-06,Job Portal,Rejected
CAN002984,Joshua,Obasanjo,DEP005,JR041,2024-11-28,Campus Recruitment,Offered
CAN002985,Paul,Obasanjo,DEP006,JR049,2019-10-23,Walk In,Applied
CAN002986,Victoria,Adeyemi,DEP002,JR011,2025-09-19,Job Portal,Applied
CAN002987,Patience,Abiola,DEP002,JR013,2021-06-01,LinkedIn,Hired
CAN002988,Peter,Abiola,DEP003,JR024,2023-01-15,Company Website,Applied
CAN002989,Ruth,,DEP011,JR077,2025-04-02,Referral,Shortlisted
CAN002990,Gloria,Ojo,DEP014,JR100,2022-05-22,LinkedIn,Rejected
CAN002991,Michael,Adeyemi,DEP005,JR038,2019-04-17,LinkedIn,Applied
CAN002992,Hope,Balogun,DEP004,JR034,2023-12-05,LinkedIn,Interviewed
CAN002993,David,Chukwu,DEP011,JR080,2025-09-24,Company Website,Shortlisted
CAN002994,Joshua,Balogun,DEP014,JR096,2021-02-27,Referral,Shortlisted
CAN002995,Faith,Abiola,DEP001,JR007,2025-09-07,Job Portal,Applied
CAN002996,Grace,Oyekan,DEP004,JR033,2022-09-12,Company Website,Hired
CAN002997,John,Oshodi,DEP008,JR059,2024-02-13,Campus Recruitment,Unknown
CAN002998,Faith,Ojo,DEP002,JR013,2025-06-09,Campus Recruitment,Offered
CAN002999,Comfort,Oshodi,DEP011,JR074,2023-08-11,LinkedIn,Hired
CAN003000,Philip,Chukwu,DEP013,JR092,2020-09-27,Campus Recruitment,Applied
CAN003001,Gabriel,Okafor,DEP004,JR034,2024-03-04,Campus Recruitment,Applied
CAN003002,Ruth,Ojo,DEP009,JR066,2022-12-03,Campus Recruitment,Hired
CAN003003,Patience,Ogunleye,DEP014,JR095,2024-06-28,linkedin,Shortlisted
CAN003004,Peter,Obi,DEP007,JR057,2021-11-28,Campus Recruitment,Offered
CAN003005,Daniel,Ogunleye,DEP014,JR098,2021-03-21,Company Website,Applied
CAN003006,James,Uche,DEP004,JR025,2022-04-19,Referral,Applied
CAN003007,Simon,Ibrahim,DEP012,JR087,2021-03-27,Referral,Offered
CAN003008,Ruth,Ojo,DEP002,JR011,2023-08-23,Campus Recruitment,Applied
CAN003009,Samuel,Akinwale,DEP010,JR069,2025-12-06,Company Website,Interviewed
CAN003010,Hope,Ojo,DEP015,JR103,2023-07-02,Company Website,Rejected
CAN003011,Elizabeth,Okafor,DEP002,JR009,2025-12-01,LinkedIn,Hired
CAN003012,Benjamin,Ojo,DEP001,JR007,2020-06-26,Campus Recruitment,Hired
CAN003013,Samuel,Oshodi,DEP003,JR020,2021-01-17,Company Website,Applied
CAN003014,Juliet,Okonkwo,DEP002,JR014,2021-11-09,Job Portal,Hired
CAN003015,Agnes,Okonkwo,DEP001,JR004,2022-02-25,LinkedIn,Shortlisted
CAN003016,Joshua,Obi,DEP013,JR094,2020-12-28,Job Portal,Rejected
CAN003017,Comfort,Obi,DEP005,JR036,2020-08-24,Job Portal,Rejected
CAN003018,John,Okonkwo,DEP009,JR066,2021-05-09,Job Portal,Shortlisted
CAN003019,John,Ogunleye,DEP012,JR088,2022-07-24,Campus Recruitment,Hired
CAN003020,Philip,Adetokunbo,DEP008,JR061,2020-10-02,Company Website,Shortlisted
CAN003021,Victoria,,DEP007,JR052,2021-10-10,Job Portal,Offered
CAN003022,Angela,Okafor,DEP009,JR067,2020-03-05,Company Website,Interview
CAN003023,Victoria,Abiola,DEP002,JR016,2022-04-28,Referral,Rejected
CAN003024,Ruth,Nnamani,DEP001,JR005,2020-08-20,Referral,Interviewed
CAN003025,Gloria,Eze,DEP012,JR084,2020-12-10,Referral,Rejected
CAN003026,Samuel,,DEP009,JR065,2024-02-01,Job Portal,Applied
CAN003027,Blessing,Adetokunbo,DEP010,JR073,2019-03-04,LinkedIn,Hired
CAN003028,Juliet,Ogunleye,DEP006,JR042,2024-04-21,Job Portal,Rejected
CAN003029,Faith,Ekwueme,DEP014,JR096,2024-11-26,Company Website,Offered
CAN003030,Faith,Adeyemi,DEP004,JR032,2024-12-20,Campus Recruitment,Applied
CAN003031,James,Ibrahim,DEP007,JR055,2021-02-20,LinkedIn,Applied
CAN003032,Paul,Oyekan,DEP014,JR099,2021-04-18,LinkedIn,Applied
CAN003033,Stephen,Nnamani,DEP015,JR105,2021-05-14,Referral,Rejected
CAN003034,Stephen,Eze,DEP002,JR009,2020-01-14,Job Portal,Offered
CAN003035,Gloria,Obi,DEP010,JR070,2019-07-09,Company Website,Applied
CAN003036,Elizabeth,Adeyemi,DEP012,JR087,2024-01-18,Company Website,Offered
CAN003037,Angela,Obasanjo,DEP001,JR008,2021-05-02,Campus Recruitment,Applied
CAN003038,Benjamin,Ekwueme,DEP005,JR041,2025-11-15,LinkedIn,Applied
CAN003039,Deborah,Adeyemi,DEP015,JR103,2025-12-08,Campus Recruitment,Rejected
CAN003040,Joy,Okonkwo,DEP003,JR019,2020-07-04,Company Website,Offered
CAN003041,Peter,Ogunleye,DEP004,JR033,2023-09-18,Referral,Interviewed
CAN003042,Mary,Abiola,DEP011,JR081,2024-04-05,Referral,Hired
CAN003043,Comfort,,DEP015,JR104,2020-04-13,Company Website,Rejected
CAN003044,,Abiola,DEP014,JR096,2020-01-02,Job Portal,Hired
CAN003045,Agnes,Olawale,DEP007,JR052,2025-04-22,Company Website,Interviewed
CAN003046,Mark,Okonkwo,DEP003,JR019,2023-10-01,LinkedIn,Offered
CAN003047,Blessing,Olawale,DEP005,JR040,2019-05-09,Campus Recruitment,Rejected
CAN003048,Deborah,Balogun,DEP008,JR062,2021-10-06,Campus Recruitment,Shortlisted
CAN003049,Peter,Adetokunbo,DEP008,JR063,2019-03-12,Campus Recruitment,Applied
CAN003050,Victoria,Abiola,DEP011,JR078,2022-03-12,Referral,Rejected
CAN003051,Joy,Obi,DEP011,JR075,2024-05-20,Job Portal,Interviewed
CAN003052,Victoria,Akinwale,DEP007,JR050,2024-02-20,LinkedIn,Rejected
CAN003053,Paul,Okafor,DEP003,JR021,2021-01-11,Referral,Shortlisted
CAN003054,Mary,Nnamani,DEP012,JR086,2025-04-09,Job Portal,Applied
CAN003055,Daniel,Ibrahim,DEP010,JR072,2019-09-05,Company Website,Rejected
CAN003056,Deborah,Okafor,DEP013,JR091,2019-07-25,Campus Recruitment,Shortlisted
CAN003057,Simon,Adeyemi,DEP005,JR036,2023-04-21,Company Website,Rejected
CAN003058,Sarah,Obi,DEP004,JR034,2024-10-21,Indeed,Rejected
CAN003059,Michael,Akinwale,DEP012,JR088,2024-05-28,Job Portal,Offered
CAN003060,Peter,Oyekan,DEP003,JR019,2024-11-12,LinkedIn,Shortlisted
CAN003061,Cornelius,Olawale,DEP010,JR071,2025-04-24,Campus Recruitment,Unknown
CAN003062,Paul,Olawale,DEP010,JR070,2020-06-26,Referral,Rejected
CAN003063,Gloria,Uche,DEP001,JR003,2025-02-12,Job Portal,Applied
CAN003064,Peter,Ojo,DEP002,JR012,2024-05-01,Job Portal,Applied
CAN003065,Samuel,Okonkwo,DEP015,JR105,2024-12-24,Job Portal,Rejected
CAN003066,Elizabeth,Eze,DEP008,JR062,2019-08-19,Referral,Shortlisted
CAN003067,Joshua,Oyekan,DEP008,JR060,2022-08-02,Referral,Interviewed
CAN003068,Cornelius,Akinwale,DEP001,JR003,2019-10-08,LinkedIn,Interviewed
CAN003069,Hope,Ibrahim,DEP013,JR089,2019-05-20,Job Portal,Rejected
CAN003070,Stephen,Abiola,DEP007,JR051,2019-07-27,Job Portal,Rejected
CAN003071,Andrew,Adeyemi,DEP007,JR054,2021-02-18,Job Portal,Interviewed
CAN003072,Angela,Ibrahim,DEP004,JR027,2022-03-15,Referral,Interviewed
CAN003073,Agnes,,DEP011,JR080,2020-05-01,Campus Recruitment,Applied
CAN003074,Angela,Abiola,DEP013,JR092,2025-11-26,LinkedIn,Interviewed
CAN003075,Victoria,Obi,DEP008,JR063,2020-05-09,Campus Recruitment,Interviewed
CAN003076,Joshua,Chukwu,DEP001,JR007,2025-12-11,LinkedIn,Hired
CAN003077,,Eze,DEP004,JR028,2020-09-02,Campus Recruitment,Rejected
CAN003078,Philip,Oshodi,DEP011,JR080,2024-07-09,LinkedIn,Shortlisted
CAN003079,Joy,Ibrahim,DEP004,JR026,2022-11-03,Campus Recruitment,Offered
CAN003080,Ruth,Oshodi,DEP001,JR004,2023-06-22,Referral,Applied
CAN003081,Esther,Obasanjo,DEP006,JR047,2023-06-26,LinkedIn,Rejected
CAN003082,Faith,Oshodi,DEP006,JR044,2024-11-04,Job Portal,Offered
CAN003083,Samuel,Olawale,DEP014,JR097,2020-11-17,Referral,Applied
CAN003084,Benjamin,Nnamani,DEP001,JR002,2022-05-28,Campus Recruitment,Interviewed
CAN003085,Nathaniel,Ogunleye,DEP004,JR033,2023-04-06,LinkedIn,Rejected
CAN003086,Agnes,Nnamani,DEP012,JR082,2022-01-24,Job Portal,Interviewed
CAN003087,Joseph,,DEP005,JR041,2024-10-23,Campus Recruitment,Rejected
CAN003088,Benjamin,Ogunleye,DEP004,JR025,2023-07-23,Campus Recruitment,Applied
CAN003089,Paul,Oshodi,DEP008,JR058,2022-05-07,Campus Recruitment,Shortlisted
CAN003090,Blessing,Akinwale,DEP013,JR089,2025-11-12,Company Website,Rejected
CAN003091,Faith,Oshodi,DEP011,JR079,2025-06-02,LinkedIn,Shortlisted
CAN003092,Gabriel,Obi,DEP005,JR038,2021-12-19,Company Website,Hired
CAN003093,Emmanuel,Balogun,DEP007,JR057,2024-12-25,LinkedIn,Interviewed
CAN003094,Agnes,Ogunleye,DEP002,JR015,2019-03-09,Campus Recruitment,Interviewed
CAN003095,Joshua,Okonkwo,DEP014,JR095,2024-09-12,Campus Recruitment,Hired
CAN003096,Philip,Abiola,DEP005,JR041,2019-07-24,LinkedIn,Shortlisted
CAN003097,John,Abiola,DEP006,JR045,2024-07-17,Job Portal,Offered
CAN003098,Gabriel,Oshodi,DEP002,JR011,2021-02-10,Referral,Interviewed
CAN003099,Daniel,Oshodi,DEP001,JR007,2023-07-24,LinkedIn,Hired
CAN003100,Paul,Adetokunbo,DEP012,JR084,2020-01-11,Campus Recruitment,Interviewed
CAN003101,Sarah,Olawale,DEP011,JR076,2020-04-24,LinkedIn,Hired
CAN003102,Emmanuel,,DEP009,JR068,2024-03-04,Campus Recruitment,Offered
CAN003103,Mary,Oshodi,DEP001,JR008,2021-01-21,Walk In,Shortlisted
CAN003104,Joseph,Ibrahim,DEP001,JR006,2023-10-19,Company Website,Applied
CAN003105,Grace,,DEP002,JR011,2021-10-17,Job Portal,Offered
CAN003106,Mark,Eze,DEP011,JR075,2022-02-14,Campus Recruitment,Shortlisted
CAN003107,Gloria,Chukwu,DEP001,JR005,2023-02-04,LinkedIn,Interviewed
CAN003108,Patience,Okonkwo,DEP012,JR085,2019-10-19,Referral,Shortlisted
CAN003109,Andrew,Oyekan,DEP015,JR103,2020-08-17,Referral,Applied
CAN003110,Juliet,Ibrahim,DEP003,JR019,2019-03-11,Referral,Applied
CAN003111,Joseph,Obi,DEP006,JR045,2019-10-14,Company Website,Offered
CAN003112,Esther,Obi,DEP014,JR095,2021-04-23,LinkedIn,Interviewed
CAN003113,Andrew,Adetokunbo,DEP002,JR010,2019-05-17,Company Website,Shortlisted
CAN003114,Samuel,Abiola,DEP002,JR011,2023-05-04,Campus Recruitment,Offered
CAN003115,Mark,Obasanjo,DEP003,JR024,2019-11-14,Campus Recruitment,Rejected
CAN003116,Paul,Chukwu,DEP011,JR080,2025-06-16,Campus Recruitment,Rejected
CAN003117,Juliet,Oyekan,DEP002,JR010,2022-10-14,Job Portal,Applied
CAN003118,Deborah,Akinwale,DEP001,JR001,2021-05-10,Campus Recruitment,Offered
CAN003119,Esther,,DEP010,JR069,2022-02-27,LinkedIn,Rejected
CAN003120,Daniel,Adetokunbo,DEP006,JR042,2025-06-21,Job Portal,Hired
CAN003121,Emmanuel,Adetokunbo,DEP013,JR090,2019-04-22,Job Portal,Hired
CAN003122,Faith,Akinwale,DEP011,JR076,2019-06-03,Walk In,Applied
CAN003123,Benjamin,Obi,DEP001,JR005,2024-04-07,Campus Recruitment,Shortlisted
CAN003124,Blessing,Eze,DEP006,JR046,2021-12-23,LinkedIn,Interviewed
CAN003125,Elizabeth,Okonkwo,DEP003,JR018,2022-11-07,Referral,Shortlisted
CAN003126,Charity,Adetokunbo,DEP012,JR084,2022-08-21,Company Website,Interview
CAN003127,Angela,Balogun,DEP010,JR070,2023-10-09,Job Portal,Offered
CAN003128,Samuel,Ekwueme,DEP001,JR007,2024-10-12,Referral,Interviewed
CAN003129,Peter,Okonkwo,DEP012,JR083,2019-03-26,Campus Recruitment,Offered
CAN003130,Blessing,,DEP008,JR063,2019-12-21,Referral,Rejected
CAN003131,Angela,Balogun,DEP013,JR089,2020-08-05,LinkedIn,Rejected
CAN003132,Benjamin,Ibrahim,DEP003,JR021,2025-08-01,Campus Recruitment,Interviewed
CAN003133,Samuel,Abiola,DEP009,JR065,2025-02-28,Company Website,Rejected
CAN003134,James,Obi,DEP001,JR005,2022-09-05,Campus Recruitment,Applied
CAN003135,Mark,Olawale,DEP002,JR011,2022-10-08,Referral,Interviewed
CAN003136,David,Ogunleye,DEP001,JR005,2019-05-12,Job Portal,Hired
CAN003137,Simon,Obasanjo,DEP005,JR040,2022-07-27,LinkedIn,Hired
CAN003138,Peter,Ibrahim,DEP011,JR075,2024-11-05,Company Website,Offered
CAN003139,Blessing,Nnamani,DEP008,JR058,2024-05-12,Campus Recruitment,Applied
CAN003140,Elizabeth,Eze,DEP003,JR019,2023-10-25,LinkedIn,Shortlisted
CAN003141,Agnes,Adeyemi,DEP009,JR064,2021-01-16,Campus Recruitment,Rejected
CAN003142,Joy,Ogunleye,DEP001,JR004,2020-01-28,Campus Recruitment,Applied
CAN003143,Gloria,Okonkwo,DEP012,JR085,2023-09-15,Company Website,Hired
CAN003144,Gabriel,Oshodi,DEP007,JR053,2025-11-12,Job Portal,Interviewed
CAN003145,Nathaniel,Ibrahim,DEP007,JR053,2024-04-03,Campus Recruitment,Rejected
CAN003146,Cornelius,Okonkwo,DEP012,JR085,2025-09-12,Job Portal,Offered
CAN003147,Joshua,Akinwale,DEP002,JR010,2021-09-18,Referral,Applied
CAN003148,Comfort,Oyekan,DEP014,JR095,2024-04-22,LinkedIn,Applied
CAN003149,Daniel,Uche,DEP013,JR094,2020-11-06,Campus Recruitment,Rejected
CAN003150,Gloria,Olawale,DEP008,JR059,2024-07-05,Campus Recruitment,Shortlisted
CAN003151,Benjamin,Ibrahim,DEP010,JR071,2024-03-24,Job Portal,Offered
CAN003152,Hope,Okafor,DEP015,JR102,2019-04-13,Referral,Applied
CAN003153,Grace,Oyekan,DEP008,JR062,2024-09-11,Company Website,Interviewed
CAN003154,Benjamin,Oyekan,DEP004,JR029,2023-04-22,LinkedIn,Rejected
CAN003155,Charity,Abiola,DEP010,JR073,2025-01-02,Job Portal,Applied
CAN003156,Blessing,Ogunleye,DEP012,JR087,2019-02-05,LinkedIn,Offered
CAN003157,Hope,Abiola,DEP003,JR023,2025-06-17,Company Website,Offered
CAN003158,Peace,Adeyemi,DEP002,JR014,2024-07-19,LinkedIn,Hired
CAN003159,Samuel,Obasanjo,DEP002,JR009,2022-07-11,Company Website,Rejected
CAN003160,Benjamin,Nnamani,DEP001,JR004,2024-01-21,Company Website,Shortlisted
CAN003161,James,Nnamani,DEP001,JR004,2020-05-04,Company Website,Applied
CAN003162,Joy,Okafor,DEP011,JR080,2024-12-09,LinkedIn,Interviewed
CAN003163,Faith,Olawale,DEP010,JR073,2024-10-01,Referral,Rejected
CAN003164,Sarah,Chukwu,DEP002,JR012,2019-01-01,LinkedIn,Shortlisted
CAN003165,,Abiola,DEP002,JR012,2024-01-05,Job Portal,Shortlisted
CAN003166,Stephen,Akinwale,DEP001,JR004,2023-03-17,Company Website,Offered
CAN003167,Angela,Ogunleye,DEP014,JR099,2021-01-24,Job Portal,Interviewed
CAN003168,Mary,Akinwale,DEP004,JR030,2025-03-20,LinkedIn,Offered
CAN003169,Hope,Balogun,DEP011,JR081,2021-06-19,LinkedIn,Applied
CAN003170,Joy,Akinwale,DEP012,JR087,2025-05-01,Job Portal,Offered
CAN003171,Blessing,Ogunleye,DEP002,JR009,2022-08-17,Campus Recruitment,Shortlisted
CAN003172,Elizabeth,Okafor,DEP011,JR081,2024-06-15,Job Portal,Interviewed
CAN003173,Elizabeth,Okonkwo,DEP009,JR067,2023-06-01,LinkedIn,Offered
CAN003174,Angela,Uche,DEP002,JR014,2020-08-03,Campus Recruitment,Offered
CAN003175,Grace,Nnamani,DEP004,JR033,2022-07-20,Referral,Hired
CAN003176,Stephen,Olawale,DEP001,JR003,2021-09-11,Company Website,Interview
CAN003177,Blessing,Adeyemi,DEP003,JR019,2025-07-17,Company Website,Rejected
CAN003178,Deborah,Olawale,DEP011,JR081,2023-02-17,Job Portal,Offered
CAN003179,Victoria,Chukwu,DEP006,JR045,2021-01-18,Campus Recruitment,Offered
CAN003180,Hope,Abiola,DEP014,JR096,2025-02-19,Referral,Shortlisted
CAN003181,Grace,Ibrahim,DEP011,JR076,2021-05-12,Company Website,Hired
CAN003182,Elizabeth,Akinwale,DEP013,JR094,2022-03-13,Campus Recruitment,Rejected
CAN003183,Emmanuel,Chukwu,DEP002,JR012,2025-07-15,Referral,Hired
CAN003184,Juliet,Oyekan,DEP005,JR035,2019-04-07,Referral,Applied
CAN003185,Grace,Uche,DEP015,JR103,2019-06-08,Job Portal,Hired
CAN003186,John,Balogun,DEP004,JR032,2024-07-12,Campus Recruitment,Rejected
CAN003187,Ruth,Eze,DEP007,JR057,2021-01-18,LinkedIn,Shortlisted
CAN003188,Stephen,Chukwu,DEP008,JR063,2025-10-15,LinkedIn,Applied
CAN003189,Joshua,Obasanjo,DEP007,JR056,2024-12-27,LinkedIn,Applied
CAN003190,Paul,Okonkwo,DEP004,JR033,2021-10-02,Job Portal,Offered
CAN003191,Michael,Ojo,DEP007,JR053,2025-02-18,Campus Recruitment,Applied
CAN003192,Peter,Olawale,DEP002,JR016,2020-02-25,Job Portal,Hired
CAN003193,Mary,Obi,DEP003,JR019,2025-03-07,Company Website,Hired
CAN003194,Cornelius,Ekwueme,DEP007,JR055,2025-04-15,Campus Recruitment,Offered
CAN003195,Andrew,Okonkwo,DEP003,JR021,2024-11-20,Referral,Hired
CAN003196,Patience,Obi,DEP001,JR003,2020-11-09,LinkedIn,Hired
CAN003197,Grace,Adetokunbo,DEP004,JR029,2022-01-17,LinkedIn,Hired
CAN003198,Cornelius,Obi,DEP007,JR053,2023-08-24,LinkedIn,Shortlisted
CAN003199,Emmanuel,Okonkwo,DEP008,JR060,2019-05-08,LinkedIn,Interviewed
CAN003200,Gloria,Balogun,DEP007,JR051,2025-12-04,Referral,Hired
CAN003201,Juliet,,DEP001,JR005,2020-08-23,Campus Recruitment,Hired
CAN003202,Andrew,Eze,DEP011,JR078,2023-04-01,LinkedIn,Interviewed
CAN003203,Angela,Adetokunbo,DEP004,JR027,2023-11-24,Campus Recruitment,Offered
CAN003204,Agnes,,DEP004,JR030,2024-07-14,Job Portal,Offered
CAN003205,Juliet,Uche,DEP011,JR080,2023-11-01,LinkedIn,Rejected
CAN003206,Agnes,Ojo,DEP004,JR030,2025-06-24,LinkedIn,Shortlisted
CAN003207,Daniel,Adeyemi,DEP005,JR035,2021-10-22,Referral,Offered
CAN003208,Joy,Oyekan,DEP006,JR044,2025-09-16,LinkedIn,Rejected
CAN003209,Michael,Nnamani,DEP015,JR104,2022-03-10,Campus Recruitment,Shortlisted
CAN003210,Faith,Nnamani,DEP010,JR073,2024-04-03,LinkedIn,Shortlisted
CAN003211,Patience,Adeyemi,DEP010,JR071,2024-11-01,LinkedIn,Accepted
CAN003212,Ruth,Obi,DEP012,JR086,2020-02-16,LinkedIn,Shortlisted
CAN003213,Michael,Ogunleye,DEP011,JR074,2023-07-24,LinkedIn,Rejected
CAN003214,Joshua,Obasanjo,DEP005,JR038,2023-11-08,LinkedIn,Hired
CAN003215,Simon,Okafor,DEP009,JR067,2023-01-11,Campus Recruitment,Interviewed
CAN003216,Emmanuel,Nnamani,DEP013,JR092,2020-06-05,Referral,Hired
CAN003217,John,Balogun,DEP011,JR077,2020-05-06,Job Portal,Applied
CAN003218,Samuel,Okafor,DEP010,JR072,2024-04-02,Job Portal,Rejected
CAN003219,Juliet,Obi,DEP012,JR088,2020-01-23,Company Website,Offered
CAN003220,Juliet,Ekwueme,DEP004,JR026,2025-12-13,Referral,Shortlisted
CAN003221,Cornelius,Obasanjo,DEP004,JR029,2025-04-12,Job Portal,Rejected
CAN003222,Joseph,Adetokunbo,DEP012,JR084,2025-01-15,Campus Recruitment,Interviewed
CAN003223,Paul,Obasanjo,DEP010,JR069,2019-05-17,Campus Recruitment,Offered
CAN003224,Michael,Balogun,DEP015,JR101,2021-06-12,Company Website,Offered
CAN003225,Comfort,Okafor,DEP008,JR063,2024-04-20,Referral,Hired
CAN003226,Stephen,Adetokunbo,DEP002,JR014,2023-04-19,Company Website,Rejected
CAN003227,Daniel,Nnamani,DEP003,JR022,2023-11-20,Company Website,Offer
CAN003228,Deborah,Akinwale,DEP009,JR065,2019-07-11,LinkedIn,Offered
CAN003229,Esther,Uche,DEP011,JR079,2022-03-03,Job Portal,Shortlisted
CAN003230,,Obi,DEP012,JR086,2021-05-15,Referral,Rejected
CAN003231,Ruth,Eze,DEP004,JR025,2025-08-26,Company Website,Rejected
CAN003232,Hope,Adetokunbo,DEP001,JR008,2019-02-16,Referral,Interviewed
CAN003233,James,Abiola,DEP015,JR106,2020-11-22,Campus Recruitment,Shortlisted
CAN003234,Esther,Ojo,DEP013,JR092,2023-04-24,Company Website,Hired
CAN003235,Nathaniel,Olawale,DEP011,JR075,2021-06-09,Campus Recruitment,Hired
CAN003236,Gabriel,Okafor,DEP007,JR052,2020-03-08,Company Website,Shortlisted
CAN003237,Juliet,,DEP013,JR092,2023-04-04,Referral,Rejected
CAN003238,Gabriel,Oshodi,DEP006,JR042,2020-04-11,Job Portal,Offered
CAN003239,Simon,Eze,DEP008,JR058,2024-04-24,LinkedIn,Shortlisted
CAN003240,Angela,Chukwu,DEP011,JR074,2020-03-16,Campus Recruitment,Unknown
CAN003241,,Ogunleye,DEP010,JR069,2021-07-27,Job Portal,Shortlisted
CAN003242,Peace,Ibrahim,DEP008,JR058,2025-10-26,LinkedIn,Rejected
CAN003243,,Ojo,DEP015,JR102,2025-08-20,Campus Recruitment,Hired
CAN003244,Grace,Chukwu,DEP004,JR030,2025-12-20,Company Website,Interview
CAN003245,Joy,Eze,DEP006,JR042,2021-05-25,LinkedIn,Rejected
CAN003246,Michael,Ogunleye,DEP002,JR013,2020-02-16,Company Website,Applied
CAN003247,Sarah,Obi,DEP004,JR033,2025-11-24,Company Website,Shortlisted
CAN003248,Mary,Okafor,DEP015,JR105,2020-04-16,Referral,Hired
CAN003249,Cornelius,Olawale,DEP003,JR020,2019-04-26,Company Website,Shortlisted
CAN003250,Andrew,Balogun,DEP001,JR001,2023-06-18,Job Portal,Applied
CAN003251,David,Chukwu,DEP003,JR021,2023-12-09,LinkedIn,Rejected
CAN003252,Michael,Nnamani,DEP002,JR012,2020-09-18,Job Portal,Offered
CAN003253,Agnes,Ojo,DEP001,JR003,2025-06-27,Company Website,Offered
CAN003254,Ruth,Akinwale,DEP008,JR062,2021-07-16,Campus Recruitment,Applied
CAN003255,Patience,,DEP015,JR102,2021-01-22,linkedin,Offered
CAN003256,Deborah,Eze,DEP015,JR105,2022-09-08,Job Portal,Rejected
CAN003257,Victoria,Oshodi,DEP002,JR012,2022-08-12,Job Portal,Applied
CAN003258,Gabriel,Ibrahim,DEP013,JR091,2020-05-06,Job Portal,Hired
CAN003259,Esther,Ogunleye,DEP003,JR018,2021-11-01,Company Website,Shortlisted
CAN003260,Emmanuel,Chukwu,DEP004,JR026,2023-01-24,Company Website,Hired
CAN003261,Grace,Adeyemi,DEP012,JR087,2023-09-12,LinkedIn,Rejected
CAN003262,Grace,Ogunleye,DEP011,JR081,2019-10-22,LinkedIn,Applied
CAN003263,Blessing,Okonkwo,DEP004,JR030,2022-10-16,Company Website,Shortlisted
CAN003264,Ruth,Okonkwo,DEP014,JR099,2025-08-08,LinkedIn,Offered
CAN003265,Michael,Adeyemi,DEP012,JR088,2024-10-27,Referral,Hired
CAN003266,Mark,Oshodi,DEP002,JR013,2021-10-03,Campus Recruitment,Interviewed
CAN003267,Benjamin,Ekwueme,DEP001,JR003,2023-09-14,Job Portal,Shortlisted
CAN003268,Mark,Obasanjo,DEP004,JR029,2022-05-13,Campus Recruitment,Applied
CAN003269,James,Nnamani,DEP005,JR037,2021-10-27,LinkedIn,Shortlisted
CAN003270,Victoria,Oshodi,DEP004,JR026,2019-04-06,LinkedIn,Offered
CAN003271,Juliet,Ogunleye,DEP012,JR083,2025-04-05,Job Portal,Interviewed
CAN003272,Gloria,Ojo,DEP012,JR085,2023-08-16,Referral,Offered
CAN003273,Ruth,Ekwueme,DEP005,JR038,2019-04-09,Job Portal,Shortlisted
CAN003274,Benjamin,Ekwueme,DEP002,JR009,2023-08-02,Company Website,Interviewed
CAN003275,Hope,Eze,DEP003,JR024,2022-11-03,Campus Recruitment,Applied
CAN003276,James,Adetokunbo,DEP007,JR052,2025-05-22,Campus Recruitment,Hired
CAN003277,Nathaniel,Eze,DEP006,JR047,2023-09-27,Company Website,Hired
CAN003278,Grace,Balogun,DEP003,JR021,2025-07-12,Campus Recruitment,Hired
CAN003279,Mary,Eze,DEP002,JR013,2020-08-28,LinkedIn,Shortlisted
CAN003280,Paul,Ojo,DEP007,JR054,2025-10-28,Job Portal,Applied
CAN003281,Gabriel,Okafor,DEP004,JR025,2019-06-17,Campus Recruitment,Offered
CAN003282,Cornelius,Balogun,DEP011,JR077,2019-02-21,Job Portal,Applied
CAN003283,John,Olawale,DEP011,JR078,2024-04-18,Campus Recruitment,Rejected
CAN003284,Hope,Okonkwo,DEP008,JR061,2019-02-18,Company Website,Interviewed
CAN003285,Peace,Uche,DEP013,JR094,2025-02-09,LinkedIn,Offered
CAN003286,Joy,Abiola,DEP013,JR093,2025-05-12,Referral,Interviewed
CAN003287,Angela,Uche,DEP013,JR090,2020-10-08,Job Portal,Unknown
CAN003288,Charity,Eze,DEP002,JR012,2022-05-02,Referral,Shortlisted
CAN003289,Peter,Balogun,DEP002,JR015,2025-10-14,Job Portal,Rejected
CAN003290,Juliet,Ekwueme,DEP003,JR019,2020-06-13,Company Website,Offered
CAN003291,Mark,Obasanjo,DEP006,JR044,2023-08-21,Campus Recruitment,Rejected
CAN003292,David,,DEP005,JR041,2023-03-06,LinkedIn,Interviewed
CAN003293,Daniel,Ojo,DEP001,JR001,2021-07-21,LinkedIn,Offered
CAN003294,Peace,Ekwueme,DEP007,JR051,2019-07-25,Referral,Applied
CAN003295,Grace,Olawale,DEP008,JR060,2020-12-08,Job Portal,Hired
CAN003296,,Eze,DEP007,JR053,2024-08-21,LinkedIn,Interviewed
CAN003297,Blessing,Ojo,DEP010,JR070,2025-05-25,Referral,Offered
CAN003298,Agnes,Nnamani,DEP007,JR052,2022-01-19,Campus Recruitment,Shortlisted
CAN003299,James,Ibrahim,DEP001,JR008,2022-06-08,LinkedIn,Hired
CAN003300,Joy,Chukwu,DEP003,JR019,2021-09-06,Referral,Rejected
CAN003301,Elizabeth,Obi,DEP007,JR055,2023-09-05,Campus Recruitment,Hired
CAN003302,Esther,Oshodi,DEP007,JR054,2019-04-10,Job Portal,Applied
CAN003303,Peter,Obasanjo,DEP013,JR090,2022-09-02,Referral,Shortlisted
CAN003304,Peace,Obasanjo,DEP001,JR004,2024-07-13,Referral,Offered
CAN003305,Michael,Abiola,DEP004,JR031,2021-08-12,Company Website,Shortlisted
CAN003306,Gabriel,Ekwueme,DEP007,JR051,2025-08-17,Campus Recruitment,Interviewed
CAN003307,Philip,Ekwueme,DEP009,JR066,2020-08-12,Company Website,Offered
CAN003308,Patience,Chukwu,DEP010,JR071,2024-02-14,Company Website,Rejected
CAN003309,Mary,Nnamani,DEP010,JR070,2023-03-17,Job Portal,Applied
CAN003310,Blessing,Adetokunbo,DEP015,JR101,2019-05-28,LinkedIn,Hired
CAN003311,Gloria,Ogunleye,DEP001,JR004,2020-07-03,Company Website,Shortlisted
CAN003312,Joshua,Ojo,DEP005,JR038,2020-09-15,Campus Recruitment,Hired
CAN003313,Sarah,Adetokunbo,DEP013,JR094,2024-11-15,Company Website,Interviewed
CAN003314,Benjamin,Adeyemi,DEP002,JR013,2022-01-03,Company Website,Offered
CAN003315,Mary,Okonkwo,DEP014,JR099,2024-08-07,Company Website,Rejected
CAN003316,Mark,Ibrahim,DEP007,JR054,2022-07-21,Job Portal,Applied
CAN003317,Samuel,Ibrahim,DEP014,JR097,2023-04-07,LinkedIn,Applied
CAN003318,Mark,Eze,DEP003,JR022,2023-01-06,Referral,Hired
CAN003319,Philip,Akinwale,DEP013,JR092,2019-06-08,Job Portal,Offered
CAN003320,Patience,Uche,DEP012,JR082,2023-10-23,LinkedIn,Offer
CAN003321,Elizabeth,Chukwu,DEP010,JR073,2023-11-22,LinkedIn,Shortlisted
CAN003322,Mary,Olawale,DEP011,JR080,2025-04-02,Campus Recruitment,Rejected
CAN003323,,Adetokunbo,DEP014,JR099,2025-10-02,Job Portal,Shortlisted
CAN003324,Gabriel,Balogun,DEP002,JR012,2021-09-06,LinkedIn,Rejected
CAN003325,Daniel,Ogunleye,DEP012,JR087,2022-08-25,Company Website,Interviewed
CAN003326,Peter,Uche,DEP008,JR060,2021-03-23,LinkedIn,Interviewed
CAN003327,Simon,Adetokunbo,DEP011,JR079,2023-04-19,LinkedIn,Interview
CAN003328,Joseph,Chukwu,DEP004,JR029,2019-11-07,Job Portal,Applied
CAN003329,Daniel,Adetokunbo,DEP006,JR048,2020-01-12,Campus Recruitment,Shortlisted
CAN003330,Patience,Adetokunbo,DEP007,JR052,2024-08-02,Company Website,Interview
CAN003331,Samuel,Obasanjo,DEP014,JR098,2024-04-10,LinkedIn,Rejected
CAN003332,Peter,Ojo,DEP007,JR057,2021-09-17,LinkedIn,Hired
CAN003333,Nathaniel,Oshodi,DEP003,JR017,2023-07-02,LinkedIn,Shortlisted
CAN003334,Samuel,Chukwu,DEP003,JR022,2020-04-25,Referral,Interviewed
CAN003335,Michael,Eze,DEP004,JR028,2023-01-24,Campus Recruitment,Shortlisted
CAN003336,Victoria,Akinwale,DEP006,JR048,2023-09-09,Company Website,Shortlisted
CAN003337,Samuel,Obi,DEP004,JR033,2024-11-19,Job Portal,Shortlisted
CAN003338,Faith,Oshodi,DEP008,JR062,2022-06-05,Company Website,Rejected
CAN003339,Deborah,Okafor,DEP002,JR015,2025-02-19,Job Portal,Offered
CAN003340,Sarah,Ibrahim,DEP005,JR041,2020-12-11,Job Portal,Hired
CAN003341,Mark,Adetokunbo,DEP010,JR073,2021-07-24,Campus Recruitment,Rejected
CAN003342,Emmanuel,Okafor,DEP012,JR086,2021-03-21,Campus Recruitment,Offered
CAN003343,Simon,Uche,DEP005,JR041,2020-01-25,Job Portal,Interviewed
CAN003344,Sarah,Balogun,DEP005,JR035,2025-07-13,Referral,Hired
CAN003345,Esther,Oyekan,DEP010,JR069,2025-09-16,Campus Recruitment,Shortlisted
CAN003346,Hope,Obasanjo,DEP013,JR092,2020-05-20,Campus Recruitment,Rejected
CAN003347,Faith,Olawale,DEP006,JR045,2022-03-16,Job Portal,Interviewed
CAN003348,Daniel,Oyekan,DEP002,JR011,2019-07-27,Company Website,Hired
CAN003349,Victoria,Okafor,DEP013,JR091,2022-06-26,Company Website,Shortlisted
CAN003350,Joshua,Ekwueme,DEP008,JR061,2022-09-25,Company Website,Shortlisted
CAN003351,Philip,Ekwueme,DEP015,JR105,2022-08-06,Job Portal,Applied
CAN003352,Esther,Oyekan,DEP005,JR035,2023-01-28,Job Portal,Hired
CAN003353,Peace,Olawale,DEP004,JR032,2019-06-08,Campus Recruitment,Offered
CAN003354,Mark,Obi,DEP009,JR067,2020-06-09,Referral,Interviewed
CAN003355,Paul,Uche,DEP012,JR087,2020-04-28,Referral,Hired
CAN003356,Hope,Ibrahim,DEP007,JR055,2019-03-02,LinkedIn,Hired
CAN003357,Mary,Oshodi,DEP003,JR018,2023-12-17,Referral,Interviewed
CAN003358,Benjamin,Oyekan,DEP007,JR051,2021-06-06,Referral,Accepted
CAN003359,Simon,Abiola,DEP011,JR075,2023-12-17,Referral,Applied
CAN003360,Mark,Abiola,DEP001,JR007,2020-10-14,Job Portal,Offered
CAN003361,Esther,Akinwale,DEP001,JR007,2025-11-28,Job Portal,Rejected
CAN003362,David,Adetokunbo,DEP008,JR058,2024-03-11,LinkedIn,Hired
CAN003363,Daniel,Chukwu,DEP002,JR014,2020-09-16,LinkedIn,Shortlisted
CAN003364,,Ojo,DEP006,JR044,2025-07-22,Job Portal,Interviewed
CAN003365,Elizabeth,Obi,DEP010,JR072,2019-08-03,Company Website,Hired
CAN003366,Hope,Obi,DEP005,JR035,2025-07-06,LinkedIn,Interviewed
CAN003367,Samuel,Eze,DEP006,JR042,2025-06-27,Company Website,Shortlisted
CAN003368,Cornelius,Obasanjo,DEP003,JR018,2020-06-08,Referral,Hired
CAN003369,Mark,Uche,DEP011,JR080,2020-11-27,Job Portal,Offered
CAN003370,Victoria,Obasanjo,DEP009,JR065,2020-10-27,Company Website,Rejected
CAN003371,Comfort,Nnamani,DEP003,JR020,2023-03-27,Referral,Rejected
CAN003372,Joy,Ojo,DEP006,JR042,2023-11-13,Referral,Applied
CAN003373,Blessing,Balogun,DEP012,JR084,2019-01-16,Campus Recruitment,Offered
CAN003374,Nathaniel,Obasanjo,DEP009,JR065,2023-07-17,Company Website,Shortlisted
CAN003375,Andrew,Uche,DEP007,JR053,2020-10-09,Campus Recruitment,Offered
CAN003376,Gloria,Olawale,DEP012,JR084,2025-11-23,Company Website,Offered
CAN003377,Angela,Obasanjo,DEP011,JR076,2022-02-11,LinkedIn,Applied
CAN003378,Comfort,Olawale,DEP006,JR042,2022-10-01,Campus Recruitment,Rejected
CAN003379,Cornelius,Balogun,DEP007,JR057,2023-02-06,Referral,Shortlisted
CAN003380,Blessing,Oshodi,DEP009,JR064,2024-06-24,Campus Recruitment,Interviewed
CAN003381,Faith,Abiola,DEP008,JR062,2022-06-15,Company Website,Interviewed
CAN003382,Peter,Okafor,DEP003,JR018,2020-11-17,Job Portal,Rejected
CAN003383,Charity,Uche,DEP007,JR051,2023-02-28,Company Website,Hired
CAN003384,Stephen,Ogunleye,DEP002,JR009,2023-05-19,Job Portal,Interviewed
CAN003385,Juliet,Adetokunbo,DEP012,JR082,2020-05-27,LinkedIn,Interviewed
CAN003386,Joseph,Okonkwo,DEP004,JR025,2023-11-24,Walk In,Offered
CAN003387,Ruth,Ogunleye,DEP013,JR092,2024-02-15,Company Website,Hired
CAN003388,Gloria,Chukwu,DEP007,JR051,2019-09-03,Referral,Applied
CAN003389,Peace,Okafor,DEP014,JR097,2019-01-12,Company Website,Hired
CAN003390,Joshua,Okafor,DEP001,JR004,2022-12-12,LinkedIn,Rejected
CAN003391,Peter,Ogunleye,DEP002,JR009,2019-08-03,Campus Recruitment,Interviewed
CAN003392,Mary,Obasanjo,DEP003,JR018,2021-05-15,Campus Recruitment,Offered
CAN003393,Benjamin,Nnamani,DEP013,JR089,2025-11-21,LinkedIn,Applied
CAN003394,Charity,Okonkwo,DEP011,JR080,2023-02-18,LinkedIn,Interviewed
CAN003395,Joy,Oyekan,DEP006,JR045,2020-06-17,Referral,Interviewed
CAN003396,Samuel,Ekwueme,DEP005,JR039,2023-04-25,Campus Recruitment,Rejected
CAN003397,Joy,Ojo,DEP011,JR077,2025-02-08,Job Portal,Offered
CAN003398,Simon,Olawale,DEP003,JR024,2023-01-07,Referral,Hired
CAN003399,Charity,Ogunleye,DEP009,JR068,2020-09-27,Campus Recruitment,Hired
CAN003400,Peter,Ekwueme,DEP006,JR043,2024-04-09,Job Portal,Interviewed
CAN003401,Paul,Adetokunbo,DEP012,JR082,2019-10-19,LinkedIn,Applied
CAN003402,Nathaniel,Chukwu,DEP006,JR043,2024-09-01,Campus Recruitment,Applied
CAN003403,Gabriel,,DEP015,JR104,2023-06-22,Campus Recruitment,Hired
CAN003404,Victoria,Eze,DEP013,JR093,2020-06-18,LinkedIn,Offered
CAN003405,Faith,Uche,DEP007,JR057,2022-09-13,Company Website,Interviewed
CAN003406,Peter,Chukwu,DEP003,JR017,2023-08-04,Company Website,Interviewed
CAN003407,Joseph,Obasanjo,DEP005,JR041,2020-07-24,Job Portal,Applied
CAN003408,Michael,Ojo,DEP015,JR103,2019-03-26,Campus Recruitment,Applied
CAN003409,Nathaniel,Obi,DEP004,JR028,2024-08-23,Company Website,Interviewed
CAN003410,Faith,Oshodi,DEP015,JR103,2019-06-07,Company Website,Applied
CAN003411,Samuel,,DEP013,JR090,2025-06-23,Campus Recruitment,Interviewed
CAN003412,Elizabeth,Akinwale,DEP001,JR004,2024-03-07,Referral,Shortlisted
CAN003413,David,Akinwale,DEP012,JR085,2020-07-09,Referral,Hired
CAN003414,Grace,Ogunleye,DEP001,JR005,2025-12-07,Company Website,Offered
CAN003415,Joseph,Nnamani,DEP004,JR032,2024-09-26,LinkedIn,Hired
CAN003416,Simon,Ogunleye,DEP006,JR049,2020-10-10,Company Website,Rejected
CAN003417,Elizabeth,Adeyemi,DEP004,JR029,2020-01-07,Referral,Applied
CAN003418,Esther,Obasanjo,DEP008,JR063,2025-05-19,Job Portal,Offered
CAN003419,Esther,Olawale,DEP002,JR012,2020-08-04,Job Portal,Hired
CAN003420,John,Ekwueme,DEP011,JR074,2025-05-13,Job Portal,Applied
CAN003421,Joshua,Olawale,DEP008,JR060,2025-09-05,LinkedIn,Shortlisted
CAN003422,Hope,Okonkwo,DEP011,JR078,2025-09-04,Campus Recruitment,Rejected
CAN003423,Michael,Akinwale,DEP005,JR040,2023-03-15,LinkedIn,Offered
CAN003424,Benjamin,Ogunleye,DEP002,JR013,2025-04-15,Company Website,Shortlisted
CAN003425,Emmanuel,Ekwueme,DEP003,JR023,2021-09-08,Referral,Applied
CAN003426,Joshua,,DEP011,JR077,2025-09-05,Campus Recruitment,Offered
CAN003427,Samuel,Nnamani,DEP005,JR038,2023-04-27,Company Website,Shortlisted
CAN003428,Blessing,Okafor,DEP012,JR084,2024-11-22,Company Website,Rejected
CAN003429,Mary,Adetokunbo,DEP002,JR012,2024-09-07,LinkedIn,Rejected
CAN003430,Philip,Ibrahim,DEP004,JR032,2020-07-20,Job Portal,Shortlisted
CAN003431,Paul,Balogun,DEP003,JR023,2021-05-13,Company Website,Rejected
CAN003432,James,Nnamani,DEP001,JR007,2021-05-28,Campus Recruitment,Interviewed
CAN003433,John,Balogun,DEP010,JR073,2022-12-25,Job Portal,Shortlisted
CAN003434,Peter,Uche,DEP003,JR018,2021-09-20,Company Website,Shortlisted
CAN003435,Elizabeth,Obi,DEP013,JR094,2021-04-15,Company Website,Rejected
CAN003436,Comfort,Obasanjo,DEP004,JR025,2021-04-18,Job Portal,Applied
CAN003437,Ruth,Ogunleye,DEP007,JR050,2022-02-09,LinkedIn,Hired
CAN003438,Daniel,Ogunleye,DEP005,JR039,2023-03-16,LinkedIn,Applied
CAN003439,Charity,,DEP006,JR046,2020-07-23,Referral,Hired
CAN003440,Sarah,Akinwale,DEP006,JR046,2021-12-24,Referral,Rejected
CAN003441,Victoria,Oshodi,DEP013,JR094,2019-10-23,LinkedIn,Applied
CAN003442,Victoria,Obasanjo,DEP009,JR067,2019-07-09,Campus Recruitment,Offered
CAN003443,Ruth,Chukwu,DEP003,JR024,2024-09-11,Referral,Interviewed
CAN003444,Angela,Balogun,DEP008,JR062,2020-08-07,Campus Recruitment,Offered
CAN003445,Esther,Olawale,DEP015,JR104,2019-08-21,Company Website,Rejected
CAN003446,Peace,Ogunleye,DEP001,JR008,2020-04-10,Company Website,Interviewed
CAN003447,Elizabeth,Abiola,DEP007,JR055,2022-08-26,Company Website,Shortlisted
CAN003448,Simon,Obi,DEP003,JR024,2025-02-04,Campus Recruitment,Interviewed
CAN003449,Gabriel,Olawale,DEP011,JR075,2022-01-17,Company Website,Applied
CAN003450,Hope,Balogun,DEP008,JR060,2019-09-26,Company Website,Hired
CAN003451,Faith,Uche,DEP001,JR003,2023-11-26,Referral,Applied
CAN003452,Peace,Ojo,DEP007,JR057,2023-07-24,Referral,Rejected
CAN003453,Esther,Nnamani,DEP001,JR003,2025-11-04,LinkedIn,Rejected
CAN003454,Benjamin,Adetokunbo,DEP004,JR027,2024-02-01,LinkedIn,Offered
CAN003455,Paul,Obasanjo,DEP003,JR024,2021-11-19,LinkedIn,Hired
CAN003456,Mary,Abiola,DEP007,JR054,2020-11-06,Company Website,Applied
CAN003457,Hope,Oshodi,DEP005,JR037,2024-06-23,Campus Recruitment,Applied
CAN003458,Ruth,Oshodi,DEP010,JR071,2023-12-25,LinkedIn,Applied
CAN003459,Angela,Ojo,DEP002,JR010,2024-08-15,Indeed,Offered
CAN003460,Joshua,Abiola,DEP006,JR045,2023-11-27,Company Website,Applied
CAN003461,Peter,Balogun,DEP009,JR066,2023-06-03,Job Portal,Rejected
CAN003462,Agnes,Eze,DEP013,JR090,2024-03-26,LinkedIn,Shortlisted
CAN003463,Esther,Olawale,DEP014,JR095,2021-04-19,Company Website,Rejected
CAN003464,Hope,Obasanjo,DEP002,JR014,2022-03-14,Referral,Hired
CAN003465,Angela,Eze,DEP002,JR015,2019-03-10,Company Website,Interview
CAN003466,Joshua,Oshodi,DEP007,JR051,2023-07-16,Job Portal,Hired
CAN003467,Gloria,Adeyemi,DEP015,JR105,2019-07-08,Campus Recruitment,Applied
CAN003468,Agnes,Akinwale,DEP001,JR001,2024-09-17,LinkedIn,Rejected
CAN003469,Stephen,Nnamani,DEP001,JR001,2023-01-18,Job Portal,Applied
CAN003470,Paul,Balogun,DEP008,JR058,2025-12-02,LinkedIn,Hired
CAN003471,Peter,Ojo,DEP012,JR084,2019-11-02,LinkedIn,Shortlisted
CAN003472,Elizabeth,Ibrahim,DEP002,JR012,2022-06-10,Company Website,Applied
CAN003473,Grace,Ojo,DEP001,JR004,2024-06-21,Indeed,Rejected
CAN003474,Ruth,Adeyemi,DEP008,JR062,2025-10-22,Referral,Applied
CAN003475,Andrew,Okafor,DEP004,JR026,2023-09-26,LinkedIn,Offered
CAN003476,,Ogunleye,DEP005,JR035,2020-07-16,Company Website,Rejected
CAN003477,Hope,Uche,DEP008,JR063,2023-04-15,LinkedIn,Rejected
CAN003478,Daniel,Abiola,DEP006,JR043,2023-10-13,Job Portal,Offered
CAN003479,Hope,Uche,DEP004,JR033,2021-05-06,Campus Recruitment,Applied
CAN003480,James,Adetokunbo,DEP010,JR073,2022-12-23,LinkedIn,Offered
CAN003481,David,Olawale,DEP013,JR091,2019-10-24,Company Website,Offered
CAN003482,Hope,Adetokunbo,DEP002,JR013,2022-12-05,Company Website,Applied
CAN003483,Ruth,Obi,DEP004,JR028,2021-05-11,Job Portal,Applied
CAN003484,James,Adeyemi,DEP004,JR034,2024-03-02,LinkedIn,Hired
CAN003485,Comfort,Obi,DEP015,JR105,2019-04-09,LinkedIn,Interviewed
CAN003486,John,Ibrahim,DEP015,JR104,2022-05-10,Job Portal,Applied
CAN003487,John,Okonkwo,DEP003,JR017,2022-08-11,Job Portal,Interviewed
CAN003488,Peace,Balogun,DEP008,JR059,2019-07-20,Referral,Interviewed
CAN003489,Daniel,Ekwueme,DEP011,JR074,2020-12-19,Referral,Hired
CAN003490,Simon,Obasanjo,DEP014,JR100,2023-09-11,LinkedIn,Offered
CAN003491,Andrew,Eze,DEP001,JR001,2025-10-01,Company Website,Hired
CAN003492,Ruth,Oshodi,DEP009,JR068,2019-03-05,Campus Recruitment,Rejected
CAN003493,Charity,Oshodi,DEP006,JR049,2023-04-17,Company Website,Rejected
CAN003494,Ruth,Chukwu,DEP009,JR066,2023-11-11,LinkedIn,Applied
CAN003495,Cornelius,Ojo,DEP013,JR090,2022-02-09,Company Website,Rejected
CAN003496,Gabriel,Akinwale,DEP005,JR041,2023-05-22,Company Website,Interviewed
CAN003497,Joseph,Balogun,DEP010,JR070,2020-03-03,Campus Recruitment,Rejected
CAN003498,Joy,Balogun,DEP004,JR026,2025-06-24,Campus Recruitment,Shortlisted
CAN003499,Deborah,Olawale,DEP001,JR005,2021-03-14,Company Website,Hired
CAN003500,Blessing,Balogun,DEP002,JR009,2020-05-10,Job Portal,Hired
CAN003501,Paul,Akinwale,DEP001,JR002,2024-07-05,Company Website,Applied
CAN003502,James,Oyekan,DEP003,JR017,2021-04-04,Referral ,Offered
CAN003503,Joy,Uche,DEP008,JR061,2025-02-26,LinkedIn,Interviewed
CAN003504,Gabriel,Adetokunbo,DEP004,JR032,2020-11-24,Company Website,Interviewed
CAN003505,Esther,Ojo,DEP014,JR099,2019-05-04,LinkedIn,Shortlisted
CAN003506,Cornelius,Ekwueme,DEP013,JR090,2024-05-11,Company Website,Shortlisted
CAN003507,Michael,Chukwu,DEP012,JR088,2022-11-28,LinkedIn,Hired
CAN003508,Faith,Abiola,DEP008,JR059,2019-09-16,Campus Recruitment,Hired
CAN003509,Joshua,Adetokunbo,DEP013,JR089,2025-07-24,Campus Recruitment,Rejected
CAN003510,,Oyekan,DEP005,JR037,2022-05-28,Company Website,Applied
CAN003511,Agnes,Okonkwo,DEP012,JR082,2019-05-05,Referral,Applied
CAN003512,Gabriel,Okafor,DEP012,JR088,2020-06-15,Company Website,Shortlisted
CAN003513,Samuel,Eze,DEP002,JR011,2019-10-20,Job Portal,Offered
CAN003514,Deborah,Abiola,DEP004,JR033,2025-09-22,LinkedIn,Interviewed
CAN003515,Philip,Oshodi,DEP003,JR019,2019-07-15,Company Website,Rejected
CAN003516,Philip,Obasanjo,DEP001,JR004,2019-01-21,Referral,Offered
CAN003517,Joy,Olawale,DEP007,JR053,2021-08-17,Company Website,Interviewed
CAN003518,Peace,Adeyemi,DEP001,JR002,2022-05-23,Campus Recruitment,Shortlisted
CAN003519,Gloria,Oyekan,DEP006,JR044,2024-01-09,Referral,Rejected
CAN003520,David,Ekwueme,DEP006,JR043,2022-11-28,LinkedIn,Rejected
CAN003521,Comfort,Oyekan,DEP012,JR082,2021-09-09,LinkedIn,Offered
CAN003522,Blessing,,DEP002,JR015,2019-05-12,Job Portal,Interviewed
CAN003523,Joseph,Okonkwo,DEP007,JR052,2023-03-28,Referral,Shortlisted
CAN003524,James,Ibrahim,DEP002,JR012,2023-06-06,Referral,Applied
CAN003525,Ruth,Ibrahim,DEP012,JR083,2020-12-12,LinkedIn,Hired
CAN003526,Peter,Chukwu,DEP015,JR102,2021-07-14,Job Portal,Shortlisted
CAN003527,Mark,Eze,DEP010,JR072,2022-08-24,LinkedIn,Interviewed
CAN003528,Ruth,Oyekan,DEP004,JR033,2024-06-24,Campus Recruitment,Shortlisted
CAN003529,Nathaniel,Adetokunbo,DEP004,JR032,2024-11-08,Company Website,Rejected
CAN003530,Grace,Nnamani,DEP007,JR052,2025-12-08,Company Website,Rejected
CAN003531,Joy,Oyekan,DEP008,JR063,2023-03-13,LinkedIn,Rejected
CAN003532,Charity,Chukwu,DEP004,JR030,2025-08-24,LinkedIn,Interviewed
CAN003533,Cornelius,Adeyemi,DEP006,JR049,2024-03-21,Company Website,Accepted
CAN003534,Gabriel,Okonkwo,DEP007,JR050,2022-04-11,Referral ,Accepted
CAN003535,Gabriel,Olawale,DEP013,JR094,2021-10-17,LinkedIn,Offered
CAN003536,Faith,Akinwale,DEP005,JR035,2021-03-14,Job Portal,Interviewed
CAN003537,,Okafor,DEP010,JR072,2023-01-17,Company Website,Unknown
CAN003538,Angela,,DEP003,JR018,2025-01-09,LinkedIn,Shortlisted
CAN003539,Peter,Ogunleye,DEP006,JR049,2023-03-21,Campus Recruitment,Interviewed
CAN003540,Ruth,Obasanjo,DEP010,JR072,2022-03-20,LinkedIn,Rejected
CAN003541,Andrew,Olawale,DEP004,JR026,2020-04-22,Job Portal,Applied
CAN003542,Juliet,Ekwueme,DEP009,JR065,2025-12-20,Campus Recruitment,Hired
CAN003543,Joseph,,DEP001,JR004,2025-12-06,Job Portal,Rejected
CAN003544,Hope,Balogun,DEP006,JR045,2021-06-24,Job Portal,Offered
CAN003545,Nathaniel,Okafor,DEP012,JR087,2019-07-09,Campus Recruitment,Offered
CAN003546,John,Abiola,DEP002,JR014,2020-07-22,Job Portal,Interviewed
CAN003547,Grace,Akinwale,DEP006,JR048,2019-04-21,Referral,Hired
CAN003548,Victoria,Akinwale,DEP011,JR075,2019-06-06,LinkedIn,Offered
CAN003549,Mark,Obasanjo,DEP014,JR100,2024-02-25,LinkedIn,Interviewed
CAN003550,Simon,Olawale,DEP008,JR063,2023-01-13,Campus Recruitment,Offered
CAN003551,Ruth,Okafor,DEP006,JR046,2022-12-24,Company Website,Applied
CAN003552,Peace,Akinwale,DEP001,JR002,2023-05-10,Referral,Hired
CAN003553,Angela,Balogun,DEP003,JR021,2023-03-25,Campus Recruitment,Applied
CAN003554,Patience,Obasanjo,DEP015,JR106,2022-08-17,Job Portal,Interviewed
CAN003555,Sarah,Eze,DEP005,JR037,2023-03-07,LinkedIn,Applied
CAN003556,Juliet,Ibrahim,DEP006,JR043,2024-08-03,Campus Recruitment,Interviewed
CAN003557,Sarah,Balogun,DEP007,JR056,2022-01-20,LinkedIn,Hired
CAN003558,,Adeyemi,DEP012,JR084,2021-02-07,Campus Recruitment,Applied
CAN003559,Elizabeth,Oyekan,DEP008,JR063,2019-04-07,Company Website,Shortlisted
CAN003560,Daniel,Obasanjo,DEP006,JR043,2024-10-10,Campus Recruitment,Hired
CAN003561,Michael,Eze,DEP001,JR003,2022-05-22,Job Portal,Interviewed
CAN003562,Angela,Obi,DEP010,JR072,2022-06-18,LinkedIn,Rejected
CAN003563,Comfort,Olawale,DEP013,JR093,2020-04-07,Referral,Interviewed
CAN003564,Gabriel,Ekwueme,DEP012,JR087,2024-05-10,Referral,Applied
CAN003565,David,Balogun,DEP005,JR041,2019-06-20,Referral,Shortlisted
CAN003566,Daniel,Balogun,DEP011,JR074,2019-11-03,Campus Recruitment,Rejected
CAN003567,John,Chukwu,DEP001,JR007,2022-10-15,Job Portal,Interviewed
CAN003568,Faith,Uche,DEP005,JR041,2022-08-01,Referral,Shortlisted
CAN003569,Mary,Oyekan,DEP007,JR053,2021-10-23,Job Portal,Interviewed
CAN003570,Peace,Ojo,DEP003,JR024,2020-08-28,Referral,Rejected
CAN003571,Juliet,Olawale,DEP013,JR093,2020-03-20,Job Portal,Applied
CAN003572,Ruth,Balogun,DEP001,JR006,2021-05-18,Job Portal,Hired
CAN003573,Esther,Akinwale,DEP006,JR043,2020-03-13,Job Portal,Shortlisted
CAN003574,Stephen,Ogunleye,DEP004,JR025,2022-02-13,Company Website,Hired
CAN003575,Benjamin,Ekwueme,DEP003,JR021,2024-02-14,LinkedIn,Offered
CAN003576,Ruth,Uche,DEP004,JR034,2022-08-19,LinkedIn,Shortlisted
CAN003577,Peace,Uche,DEP013,JR092,2020-06-04,Walk In,Interviewed
CAN003578,Benjamin,Ogunleye,DEP001,JR008,2022-02-09,Company Website,Rejected
CAN003579,Deborah,Oshodi,DEP014,JR095,2021-09-02,Campus Recruitment,Applied
CAN003580,Emmanuel,Oyekan,DEP015,JR101,2020-04-01,Job Portal,Interviewed
CAN003581,Stephen,Adeyemi,DEP011,JR079,2021-02-01,Referral,Rejected
CAN003582,John,Uche,DEP009,JR068,2019-11-04,Referral,Shortlisted
CAN003583,Deborah,Ojo,DEP010,JR070,2020-02-23,Company Website,Interviewed
CAN003584,Faith,Abiola,DEP001,JR001,2020-06-08,Job Portal,Shortlisted
CAN003585,Charity,Uche,DEP002,JR009,2021-03-11,Referral,Hired
CAN003586,Deborah,Olawale,DEP004,JR033,2021-03-20,Company Website,Offered
CAN003587,Stephen,Obasanjo,DEP005,JR036,2019-01-25,Campus Recruitment,Interviewed
CAN003588,Peter,Uche,DEP009,JR064,2023-11-13,Referral,Rejected
CAN003589,Charity,Akinwale,DEP014,JR097,2022-05-11,Job Portal,Interviewed
CAN003590,Joseph,Oyekan,DEP004,JR027,2021-06-05,Campus Recruitment,Offered
CAN003591,Hope,Adeyemi,DEP001,JR006,2019-01-12,Company Website,Hired
CAN003592,Philip,Adetokunbo,DEP007,JR057,2023-01-08,Campus Recruitment,Interviewed
CAN003593,Gloria,Nnamani,DEP014,JR098,2020-11-17,Campus Recruitment,Rejected
CAN003594,Grace,Ogunleye,DEP015,JR104,2023-08-20,Campus Recruitment,Shortlisted
CAN003595,Joy,Ekwueme,DEP003,JR020,2021-02-04,Campus Recruitment,Shortlisted
CAN003596,Mark,Adeyemi,DEP015,JR101,2022-12-07,Job Portal,Shortlisted
CAN003597,Gabriel,Obasanjo,DEP007,JR055,2024-07-06,LinkedIn,Interviewed
CAN003598,Charity,Eze,DEP003,JR020,2019-11-27,Referral,Interviewed
CAN003599,Joshua,Obasanjo,DEP015,JR101,2025-05-21,Job Portal,Rejected
CAN003600,,Oshodi,DEP015,JR103,2025-06-02,Job Portal,Applied
CAN003601,Grace,Adeyemi,DEP006,JR048,2021-03-25,Company Website,Rejected
CAN003602,Gloria,Adetokunbo,DEP007,JR057,2025-10-01,Job Portal,Applied
CAN003603,Andrew,Abiola,DEP002,JR013,2019-02-25,Referral,Interviewed
CAN003604,Benjamin,Okonkwo,DEP004,JR025,2019-05-22,Referral,Shortlisted
CAN003605,Samuel,Okonkwo,DEP015,JR104,2024-08-17,Campus Recruitment,Hired
CAN003606,Cornelius,Balogun,DEP007,JR052,2024-02-19,LinkedIn,Hired
CAN003607,John,Nnamani,DEP008,JR058,2020-07-14,Campus Recruitment,Rejected
CAN003608,Joy,Adeyemi,DEP013,JR090,2024-11-07,Job Portal,Shortlisted
CAN003609,Joy,Obi,DEP010,JR071,2022-06-08,Job Portal,Offered
CAN003610,Gloria,Obi,DEP003,JR020,2024-10-26,Campus Recruitment,Rejected
CAN003611,Ruth,Okafor,DEP006,JR043,2020-05-21,LinkedIn,Interviewed
CAN003612,Mark,Oyekan,DEP002,JR016,2024-12-11,Company Website,Hired
CAN003613,Joy,Eze,DEP005,JR041,2021-04-24,Campus Recruitment,Rejected
CAN003614,Peace,Eze,DEP004,JR029,2020-08-03,Company Website,Shortlisted
CAN003615,Juliet,Okonkwo,DEP004,JR031,2025-12-02,Company Website,Shortlisted
CAN003616,Charity,Olawale,DEP005,JR039,2020-03-05,LinkedIn,Shortlisted
CAN003617,Comfort,Oyekan,DEP003,JR019,2023-02-15,Campus Recruitment,Accepted
CAN003618,Samuel,Adetokunbo,DEP003,JR017,2019-10-21,Company Website,Offered
CAN003619,Charity,Adetokunbo,DEP004,JR025,2023-05-06,Referral,Offer
CAN003620,Comfort,Nnamani,DEP006,JR047,2024-12-09,Referral,Rejected
CAN003621,Sarah,,DEP009,JR066,2020-03-15,Referral,Rejected
CAN003622,Joy,Obi,DEP002,JR009,2025-02-14,LinkedIn,Hired
CAN003623,Comfort,Uche,DEP011,JR079,2022-06-11,LinkedIn,Rejected
CAN003624,Deborah,Ogunleye,DEP008,JR062,2021-09-01,Company Website,Rejected
CAN003625,Samuel,Ojo,DEP010,JR073,2022-08-14,Campus Recruitment,Offered
CAN003626,Peace,Chukwu,DEP011,JR075,2023-11-09,Job Portal,Shortlisted
CAN003627,Gabriel,Olawale,DEP007,JR056,2024-05-01,Company Website,Hired
CAN003628,Faith,Oyekan,DEP009,JR064,2022-12-08,Company Website,Rejected
CAN003629,Patience,Akinwale,DEP001,JR006,2024-03-21,LinkedIn,Shortlisted
CAN003630,Gabriel,Olawale,DEP007,JR057,2025-11-20,Job Portal,Shortlisted
CAN003631,Comfort,Obi,DEP005,JR039,2024-07-08,Job Portal,Offered
CAN003632,Patience,Uche,DEP001,JR004,2024-10-16,Campus Recruitment,Hired
CAN003633,Stephen,Obi,DEP013,JR093,2025-01-10,Referral,Applied
CAN003634,Philip,Ojo,DEP001,JR006,2019-10-01,LinkedIn,Shortlisted
CAN003635,Andrew,Obi,DEP012,JR087,2025-11-03,Job Portal,Hired
CAN003636,Joseph,Ojo,DEP005,JR041,2022-02-06,Company Website,Applied
CAN003637,Joseph,Eze,DEP005,JR039,2025-05-11,Campus Recruitment,Applied
CAN003638,David,Olawale,DEP007,JR056,2023-10-25,Campus Recruitment,Hired
CAN003639,David,Balogun,DEP004,JR034,2025-12-08,Referral,Applied
CAN003640,Daniel,,DEP006,JR042,2021-06-18,Referral,Applied
CAN003641,Grace,Oyekan,DEP011,JR078,2025-04-12,LinkedIn,Rejected
CAN003642,Juliet,Ekwueme,DEP003,JR017,2021-07-08,Campus Recruitment,Applied
CAN003643,Agnes,Olawale,DEP003,JR020,2022-08-09,LinkedIn,Rejected
CAN003644,Emmanuel,Akinwale,DEP010,JR070,2022-12-11,Campus Recruitment,Rejected
CAN003645,Esther,Olawale,DEP006,JR043,2019-02-25,LinkedIn,Rejected
CAN003646,Daniel,Ekwueme,DEP015,JR104,2025-09-02,LinkedIn,Interviewed
CAN003647,Hope,Adeyemi,DEP001,JR005,2020-08-01,Campus Recruitment,Shortlisted
CAN003648,Sarah,Eze,DEP013,JR093,2025-09-12,LinkedIn,Interviewed
CAN003649,Comfort,Ekwueme,DEP006,JR042,2021-02-07,LinkedIn,Hired
CAN003650,Joshua,Obi,DEP007,JR054,2023-11-17,Campus Recruitment,Hired
CAN003651,Cornelius,Eze,DEP006,JR049,2022-10-18,Company Website,Offered
CAN003652,David,Abiola,DEP001,JR005,2025-09-27,Campus Recruitment,Applied
CAN003653,David,Ogunleye,DEP004,JR033,2022-12-16,LinkedIn,Offered
CAN003654,Joseph,Adeyemi,DEP014,JR096,2023-02-17,LinkedIn,Interviewed
CAN003655,Philip,Obasanjo,DEP014,JR098,2022-04-02,NIL,Offered
CAN003656,Gloria,Obasanjo,DEP001,JR006,2023-10-26,Company Website,Shortlisted
CAN003657,Esther,Balogun,DEP011,JR075,2025-12-10,Job Portal,Offered
CAN003658,Samuel,Oshodi,DEP006,JR048,2023-05-22,Campus Recruitment,Shortlisted
CAN003659,Mark,Uche,DEP004,JR034,2020-04-04,Company Website,Appliedd
CAN003660,Deborah,Obasanjo,DEP006,JR042,2021-09-15,LinkedIn,Shortlisted
CAN003661,Samuel,Oyekan,DEP012,JR084,2022-07-17,Campus Recruitment,Applied
CAN003662,Patience,Balogun,DEP001,JR004,2021-04-03,Job Portal,Hired
CAN003663,Patience,Obasanjo,DEP006,JR048,2023-01-05,Job Portal,Interviewed
CAN003664,Joseph,Adetokunbo,DEP004,JR034,2025-06-21,LinkedIn,Rejected
CAN003665,Philip,Ekwueme,DEP002,JR011,2021-12-07,Referral,Offer
CAN003666,Patience,Olawale,DEP013,JR089,2019-06-26,Referral,Interviewed
CAN003667,Mark,Balogun,DEP007,JR050,2024-06-05,LinkedIn,Rejected
CAN003668,Joshua,Eze,DEP001,JR005,2022-05-21,Job Portal,Offered
CAN003669,Charity,Eze,DEP010,JR071,2022-02-10,Referral,Offered
CAN003670,Elizabeth,Ekwueme,DEP012,JR084,2019-06-25,Company Website,Offered
CAN003671,Samuel,Oyekan,DEP005,JR041,2019-05-27,Referral,Interviewed
CAN003672,,Abiola,DEP008,JR060,2025-10-21,LinkedIn,Hired
CAN003673,Nathaniel,Ojo,DEP014,JR099,2019-02-17,Campus Recruitment,Offered
CAN003674,Agnes,,DEP001,JR006,2023-09-19,Campus Recruitment,Rejected
CAN003675,Gloria,Oyekan,DEP009,JR068,2020-09-24,Job Portal,Applied
CAN003676,Mark,Ogunleye,DEP012,JR085,2020-06-11,Campus Recruitment,Appliedd
CAN003677,Comfort,Ojo,DEP005,JR039,2021-05-17,LinkedIn,Applied
CAN003678,Sarah,Obasanjo,DEP004,JR026,2024-03-15,LinkedIn,Offered
CAN003679,Angela,Obi,DEP004,JR030,2024-06-08,Job Portal,Shortlisted
CAN003680,Samuel,Ogunleye,DEP004,JR033,2021-03-07,Company Website,Rejected
CAN003681,Agnes,Chukwu,DEP003,JR017,2020-07-02,Referral,Rejected
CAN003682,Victoria,Olawale,DEP001,JR005,2019-05-04,Company Website,Offered
CAN003683,Peace,Adeyemi,DEP005,JR038,2019-11-28,Job Portal,Rejected
CAN003684,Peter,Oyekan,DEP013,JR092,2022-10-24,Company Website,Shortlisted
CAN003685,Simon,Uche,DEP004,JR027,2022-02-22,Referral,Shortlisted
CAN003686,James,Abiola,DEP001,JR001,2021-06-04,Company Website,Offered
CAN003687,Stephen,Obi,DEP005,JR036,2020-11-06,LinkedIn,Interviewed
CAN003688,Joy,Eze,DEP007,JR054,2024-06-05,Referral,Hired
CAN003689,Joshua,Okonkwo,DEP001,JR006,2024-02-27,Campus Recruitment,Shortlisted
CAN003690,Cornelius,,DEP007,JR050,2025-12-18,Campus Recruitment,Applied
CAN003691,Angela,Akinwale,DEP008,JR062,2024-03-28,Job Portal,Offered
CAN003692,Peter,Oshodi,DEP002,JR010,2023-08-24,Campus Recruitment,Interviewed
CAN003693,Simon,Abiola,DEP007,JR051,2025-03-28,LinkedIn,Shortlisted
CAN003694,Nathaniel,Adeyemi,DEP006,JR049,2019-04-05,Campus Recruitment,Rejected
CAN003695,Deborah,Obasanjo,DEP012,JR085,2024-10-08,Referral,Applied
CAN003696,Emmanuel,Obi,DEP006,JR048,2024-05-06,LinkedIn,Shortlisted
CAN003697,Emmanuel,Ekwueme,DEP013,JR092,2023-01-27,LinkedIn,Shortlisted
CAN003698,,,DEP001,JR002,2022-09-15,Job Portal,Interviewed
CAN003699,Juliet,Ekwueme,DEP002,JR016,2020-02-02,Referral,Shortlisted
CAN003700,Ruth,Balogun,DEP004,JR027,2022-06-18,Referral,Interviewed
CAN003701,Gabriel,Nnamani,DEP002,JR012,2024-12-18,Referral,Offered
CAN003702,Juliet,,DEP009,JR064,2021-06-22,Referral,Hired
CAN003703,Joy,Abiola,DEP015,JR104,2021-07-21,LinkedIn,Hired
CAN003704,Elizabeth,Eze,DEP010,JR069,2020-07-01,Campus Recruitment,Hired
CAN003705,John,Chukwu,DEP005,JR035,2021-12-10,LinkedIn,Hired
CAN003706,John,Ibrahim,DEP004,JR034,2024-08-27,Job Portal,Hired
CAN003707,Elizabeth,Uche,DEP005,JR037,2019-07-01,LinkedIn,Hired
CAN003708,Elizabeth,Ojo,DEP014,JR095,2024-07-20,Referral,Interviewed
CAN003709,Benjamin,Okafor,DEP004,JR027,2021-01-26,LinkedIn,Offered
CAN003710,,Oyekan,DEP008,JR059,2025-03-18,Campus Recruitment,Offered
CAN003711,Mark,Okonkwo,DEP001,JR002,2023-11-14,Walk In,Shortlisted
CAN003712,Patience,Balogun,DEP002,JR013,2020-07-12,Campus Recruitment,Offered
CAN003713,Gloria,Okonkwo,DEP004,JR033,2025-06-24,LinkedIn,Rejected
CAN003714,Deborah,Balogun,DEP013,JR091,2022-10-06,LinkedIn,Applied
CAN003715,Comfort,Balogun,DEP007,JR052,2024-02-10,Job Portal,Applied
CAN003716,Michael,Okafor,DEP007,JR052,2023-04-07,LinkedIn,Shortlisted
CAN003717,Esther,Ojo,DEP015,JR104,2025-12-04,LinkedIn,Shortlisted
CAN003718,Mary,Okonkwo,DEP008,JR058,2020-11-15,LinkedIn,Applied
CAN003719,Nathaniel,Akinwale,DEP003,JR018,2020-04-27,Campus Recruitment,Rejected
CAN003720,Blessing,Ogunleye,DEP003,JR023,2023-09-03,Job Portal,Applied
CAN003721,Comfort,Ekwueme,DEP008,JR058,2024-06-06,Company Website,Interviewed
CAN003722,Sarah,Abiola,DEP004,JR030,2020-03-16,Campus Recruitment,Rejected
CAN003723,Faith,Obasanjo,DEP001,JR001,2019-01-25,Company Website,Rejected
CAN003724,Comfort,Okonkwo,DEP012,JR088,2020-09-15,LinkedIn,Hired
CAN003725,Grace,Akinwale,DEP007,JR056,2020-08-01,LinkedIn,Offered
CAN003726,Deborah,Ogunleye,DEP002,JR010,2019-12-15,Campus Recruitment,Shortlisted
CAN003727,Victoria,Ibrahim,DEP007,JR050,2025-08-10,Campus Recruitment,Offered
CAN003728,Sarah,Balogun,DEP011,JR074,2019-03-06,LinkedIn,Rejected
CAN003729,Benjamin,Oyekan,DEP007,JR054,2023-07-18,Campus Recruitment,Applied
CAN003730,Juliet,Olawale,DEP011,JR080,2025-03-09,Campus Recruitment,Rejected
CAN003731,Daniel,Eze,DEP012,JR086,2020-10-10,LinkedIn,Shortlisted
CAN003732,Peter,Ogunleye,DEP003,JR017,2024-09-16,Campus Recruitment,Interviewed
CAN003733,Faith,Balogun,DEP003,JR019,2024-09-04,Referral,Applied
CAN003734,Elizabeth,Akinwale,DEP013,JR091,2020-10-25,Campus Recruitment,Shortlisted
CAN003735,Peace,Olawale,DEP012,JR087,2025-01-12,LinkedIn,Interviewed
CAN003736,Comfort,Okafor,DEP007,JR053,2023-11-12,Referral,Interviewed
CAN003737,Juliet,Nnamani,DEP003,JR017,2019-11-23,Job Portal,Interviewed
CAN003738,Gabriel,Okafor,DEP007,JR050,2021-06-21,Referral,Hired
CAN003739,James,Olawale,DEP003,JR017,2021-06-15,Job Portal,Interviewed
CAN003740,Mark,Okonkwo,DEP007,JR057,2022-08-20,LinkedIn,Shortlisted
CAN003741,Joshua,Ibrahim,DEP004,JR027,2021-03-19,LinkedIn,Interviewed
CAN003742,Angela,Abiola,DEP012,JR084,2019-03-25,LinkedIn,Applied
CAN003743,Patience,Oyekan,DEP001,JR002,2024-06-13,Company Website,Offered
CAN003744,Daniel,Oyekan,DEP008,JR059,2020-02-01,LinkedIn,Offered
CAN003745,Gabriel,Balogun,DEP010,JR072,2019-11-28,Indeed,Shortlisted
CAN003746,James,Obasanjo,DEP015,JR105,2022-01-25,Company Website,Accepted
CAN003747,Paul,Ibrahim,DEP014,JR097,2021-01-13,Referral,Hired
CAN003748,Comfort,Adeyemi,DEP004,JR030,2022-09-17,Company Website,Interviewed
CAN003749,Daniel,Balogun,DEP004,JR029,2021-12-06,Campus Recruitment,Shortlisted
CAN003750,Stephen,Oyekan,DEP014,JR097,2023-07-05,Company Website,Shortlisted
CAN003751,Andrew,Ekwueme,DEP003,JR018,2025-02-17,Walk In,Applied
CAN003752,Sarah,Obi,DEP004,JR034,2020-12-24,Referral,Shortlisted
CAN003753,Cornelius,Oshodi,DEP009,JR065,2019-07-06,Company Website,Interviewed
CAN003754,Juliet,Adetokunbo,DEP012,JR086,2022-09-02,Job Portal,Interviewed
CAN003755,Daniel,Ogunleye,DEP009,JR064,2021-08-13,Company Website,Offered
CAN003756,Patience,Akinwale,DEP012,JR085,2020-05-12,Company Website,Hired
CAN003757,Patience,Oshodi,DEP013,JR091,2021-10-23,Company Website,Offered
CAN003758,Gabriel,Abiola,DEP001,JR005,2020-03-01,Job Portal,Applied
CAN003759,Elizabeth,Uche,DEP003,JR021,2023-07-05,Job Portal,Interviewed
CAN003760,Samuel,,DEP006,JR047,2024-05-20,Company Website,Interviewed
CAN003761,Joy,Okonkwo,DEP007,JR057,2023-09-12,Referral,Rejected
CAN003762,Blessing,Oyekan,DEP003,JR019,2021-04-24,LinkedIn,Applied
CAN003763,Joseph,Ibrahim,DEP007,JR053,2022-06-13,Job Portal,Hired
CAN003764,Benjamin,Olawale,DEP014,JR098,2024-09-04,Campus Recruitment,Rejected
CAN003765,Blessing,,DEP009,JR067,2021-03-19,LinkedIn,Applied
CAN003766,Angela,Ibrahim,DEP001,JR005,2024-06-01,LinkedIn,Shortlisted
CAN003767,Daniel,Adeyemi,DEP015,JR104,2025-04-20,Referral,Rejected
CAN003768,Emmanuel,Ekwueme,DEP007,JR052,2023-01-16,Referral,Hired
CAN003769,Ruth,Okonkwo,DEP001,JR004,2022-07-08,Job Portal,Shortlisted
CAN003770,Faith,Eze,DEP001,JR005,2025-09-07,Job Portal,Shortlisted
CAN003771,Esther,Adetokunbo,DEP006,JR049,2022-09-28,Company Website,Shortlisted
CAN003772,Benjamin,Ekwueme,DEP013,JR090,2025-09-16,Referral ,Applied
CAN003773,Stephen,Ekwueme,DEP012,JR088,2021-07-11,Referral,Offered
CAN003774,Charity,Oshodi,DEP011,JR076,2025-05-14,LinkedIn,Rejected
CAN003775,Peace,Eze,DEP006,JR048,2023-03-19,Campus Recruitment,Hired
CAN003776,Ruth,Akinwale,DEP010,JR071,2019-09-04,Referral,Interviewed
CAN003777,Benjamin,Olawale,DEP003,JR019,2023-09-16,Company Website,Shortlisted
CAN003778,Philip,Okafor,DEP004,JR031,2024-10-21,Company Website,Interview
CAN003779,Simon,Adeyemi,DEP015,JR105,2024-04-04,Referral,Offered
CAN003780,Blessing,Akinwale,DEP005,JR036,2022-11-02,Campus Recruitment,Applied
CAN003781,Peter,Uche,DEP012,JR085,2019-08-08,LinkedIn,Shortlisted
CAN003782,Blessing,Okonkwo,DEP002,JR016,2021-11-28,Campus Recruitment,Shortlisted
CAN003783,Paul,Nnamani,DEP001,JR002,2019-07-08,Referral,Offer
CAN003784,Joy,Ibrahim,DEP009,JR064,2025-07-21,LinkedIn,Rejected
CAN003785,Deborah,Okafor,DEP013,JR091,2021-12-10,LinkedIn,Shortlisted
CAN003786,Benjamin,Uche,DEP003,JR020,2020-08-21,Company Website,Shortlisted
CAN003787,Agnes,Okafor,DEP011,JR081,2019-09-18,LinkedIn,Interviewed
CAN003788,Deborah,Chukwu,DEP015,JR102,2022-11-13,Company Website,Offered
CAN003789,Grace,Ekwueme,DEP014,JR097,2020-02-17,LinkedIn,Rejected
CAN003790,Juliet,Uche,DEP003,JR020,2024-02-04,Referral,Interviewed
CAN003791,Agnes,Balogun,DEP014,JR096,2019-01-19,Company Website,Applied
CAN003792,Elizabeth,Ekwueme,DEP005,JR041,2024-12-05,Referral,Hired
CAN003793,Benjamin,Eze,DEP012,JR085,2021-03-14,Campus Recruitment,Offered
CAN003794,Hope,Ojo,DEP008,JR059,2023-11-20,Company Website,Interviewed
CAN003795,Andrew,Chukwu,DEP012,JR084,2024-07-13,Campus Recruitment,Hired
CAN003796,Cornelius,Olawale,DEP002,JR012,2023-08-15,Campus Recruitment,Interviewed
CAN003797,Andrew,Ojo,DEP015,JR101,2020-10-14,Campus Recruitment,Rejected
CAN003798,Daniel,Abiola,DEP004,JR025,2019-12-06,Job Portal,Offer
CAN003799,Peace,Obi,DEP002,JR015,2025-09-15,Company Website,Offered
CAN003800,Gloria,Oyekan,DEP005,JR041,2023-06-18,LinkedIn,Shortlisted
CAN003801,Mary,Obasanjo,DEP013,JR090,2019-10-05,Campus Recruitment,Interview
CAN003802,Gloria,Eze,DEP013,JR090,2021-05-25,LinkedIn,Rejected
CAN003803,Peace,Akinwale,DEP013,JR094,2022-03-23,Job Portal,Hired
CAN003804,Philip,Chukwu,DEP006,JR042,2023-06-01,LinkedIn,Offered
CAN003805,Elizabeth,Obi,DEP012,JR082,2019-11-22,Referral,Applied
CAN003806,Cornelius,Chukwu,DEP013,JR089,2020-04-26,linkedin,Hired
CAN003807,Stephen,Ibrahim,DEP006,JR048,2024-09-26,LinkedIn,Rejected
CAN003808,Nathaniel,Nnamani,DEP007,JR057,2024-06-12,Referral ,Rejected
CAN003809,Andrew,Oyekan,DEP014,JR098,2023-05-08,Referral,Rejected
CAN003810,Peace,Okafor,DEP010,JR073,2022-03-11,Job Portal,Hired
CAN003811,,Adeyemi,DEP006,JR049,2019-03-05,Campus Recruitment,Rejected
CAN003812,John,Okonkwo,DEP013,JR090,2023-10-06,Campus Recruitment,Rejected
CAN003813,Simon,Eze,DEP006,JR044,2021-11-23,Company Website,Rejected
CAN003814,Simon,Ekwueme,DEP004,JR028,2019-02-15,Company Website,Applied
CAN003815,Philip,Okonkwo,DEP013,JR090,2021-09-15,Referral,Hired
CAN003816,Victoria,Akinwale,DEP005,JR035,2019-05-19,LinkedIn,Shortlisted
CAN003817,Daniel,Obasanjo,DEP003,JR021,2020-07-21,Job Portal,Interviewed
CAN003818,Stephen,Olawale,DEP012,JR084,2024-04-27,LinkedIn,Offered
CAN003819,Agnes,Okonkwo,DEP015,JR104,2022-01-07,Company Website,Shortlisted
CAN003820,Benjamin,Oyekan,DEP015,JR101,2024-07-22,Company Website,Hired
CAN003821,Simon,Okafor,DEP013,JR092,2023-08-16,Company Website,Shortlisted
CAN003822,Paul,Obasanjo,DEP001,JR005,2022-10-23,Company Website,Applied
CAN003823,Paul,Ekwueme,DEP014,JR099,2024-06-17,Referral,Applied
CAN003824,Hope,Oshodi,DEP004,JR026,2023-01-13,Job Portal,Interviewed
CAN003825,Juliet,Chukwu,DEP010,JR073,2020-10-16,Campus Recruitment,Applied
CAN003826,Mary,Obi,DEP006,JR044,2023-07-17,Job Portal,Applied
CAN003827,Blessing,Okafor,DEP012,JR085,2022-04-10,Referral,Offered
CAN003828,Mark,Olawale,DEP003,JR023,2024-01-20,Company Website,Applied
CAN003829,Gabriel,Ojo,DEP008,JR063,2021-03-22,Job Portal,Interviewed
CAN003830,Peter,Abiola,DEP002,JR015,2023-08-07,Campus Recruitment,Shortlisted
CAN003831,John,Chukwu,DEP007,JR057,2024-02-09,Referral,Interviewed
CAN003832,John,Ojo,DEP004,JR027,2025-07-24,Referral,Rejected
CAN003833,Elizabeth,Okafor,DEP002,JR012,2023-11-26,Company Website,Rejected
CAN003834,Ruth,Olawale,DEP011,JR078,2021-05-15,Job Portal,Interviewed
CAN003835,Gabriel,Balogun,DEP010,JR072,2021-07-21,LinkedIn,Applied
CAN003836,Andrew,Ojo,DEP005,JR036,2024-05-06,Campus Recruitment,Shortlisted
CAN003837,Nathaniel,Okafor,DEP007,JR053,2021-06-16,linkedin,Rejected
CAN003838,Andrew,Ekwueme,DEP005,JR041,2019-09-26,Job Portal,Offered
CAN003839,Agnes,Obasanjo,DEP013,JR093,2024-06-12,Company Website,Rejected
CAN003840,Faith,Okafor,DEP013,JR092,2022-05-27,Campus Recruitment,Hired
CAN003841,Nathaniel,Ekwueme,DEP013,JR091,2019-03-05,Campus Recruitment,Rejected
CAN003842,Faith,Ojo,DEP010,JR073,2022-03-07,LinkedIn,Interviewed
CAN003843,Peter,Adeyemi,DEP007,JR056,2022-09-26,Company Website,Shortlisted
CAN003844,James,Ogunleye,DEP004,JR034,2023-04-04,Referral,Interviewed
CAN003845,Deborah,Olawale,DEP014,JR097,2020-04-25,NIL,Rejected
CAN003846,Andrew,Akinwale,DEP001,JR001,2020-08-28,Campus Recruitment,Rejected
CAN003847,Angela,,DEP012,JR083,2024-02-28,Campus Recruitment,Applied
CAN003848,Nathaniel,Abiola,DEP014,JR096,2021-11-08,Company Website,Interviewed
CAN003849,Joy,Balogun,DEP004,JR027,2021-05-24,Campus Recruitment,Hired
CAN003850,David,Olawale,DEP008,JR059,2021-03-18,LinkedIn,Shortlisted
CAN003851,Daniel,Chukwu,DEP012,JR084,2025-09-13,LinkedIn,Interviewed
CAN003852,Nathaniel,Olawale,DEP011,JR074,2022-07-08,Referral,Shortlisted
CAN003853,Agnes,Nnamani,DEP011,JR080,2023-03-04,Job Portal,Offered
CAN003854,Michael,Nnamani,DEP015,JR105,2019-06-02,Company Website,Rejected
CAN003855,Philip,Obi,DEP004,JR028,2024-07-16,Job Portal,Shortlisted
CAN003856,Joshua,Obi,DEP012,JR087,2020-04-08,Job Portal,Rejected
CAN003857,Peace,Okafor,DEP010,JR070,2019-10-03,Referral,Rejected
CAN003858,Andrew,Ibrahim,DEP002,JR010,2023-08-23,NIL,Hired
CAN003859,Patience,Akinwale,DEP008,JR059,2020-01-25,LinkedIn,Applied
CAN003860,Cornelius,Ogunleye,DEP006,JR046,2022-03-27,LinkedIn,Offered
CAN003861,Simon,Ojo,DEP014,JR099,2020-03-15,Referral,Accepted
CAN003862,David,Chukwu,DEP004,JR029,2022-10-21,Job Portal,Offered
CAN003863,Nathaniel,Ojo,DEP012,JR084,2021-04-03,LinkedIn,Interviewed
CAN003864,Grace,Olawale,DEP013,JR092,2023-12-17,Referral,Hired
CAN003865,Simon,Okafor,DEP002,JR011,2024-06-03,Campus Recruitment,Hired
CAN003866,James,Olawale,DEP007,JR053,2024-08-04,Company Website,Applied
CAN003867,Simon,Chukwu,DEP013,JR091,2019-08-12,Job Portal,Applied
CAN003868,Hope,Okafor,DEP015,JR104,2020-04-09,LinkedIn,Shortlisted
CAN003869,Charity,Okafor,DEP006,JR046,2019-03-16,Campus Recruitment,Offered
CAN003870,Elizabeth,Abiola,DEP003,JR017,2022-09-03,Company Website,Interviewed
CAN003871,Comfort,Adeyemi,DEP011,JR079,2019-01-23,Job Portal,Hired
CAN003872,Emmanuel,Nnamani,DEP011,JR079,2023-12-26,Job Portal,Rejected
CAN003873,Comfort,Adetokunbo,DEP015,JR104,2023-09-20,LinkedIn,Applied
CAN003874,Joseph,Nnamani,DEP006,JR045,2024-06-15,Referral,Rejected
CAN003875,Faith,Olawale,DEP003,JR020,2020-08-27,LinkedIn,Applied
CAN003876,Andrew,Balogun,DEP013,JR092,2021-11-17,Indeed,Interviewed
CAN003877,Charity,Olawale,DEP015,JR103,2024-09-14,Company Website,Hired
CAN003878,Agnes,Balogun,DEP013,JR089,2025-05-11,LinkedIn,Interviewed
CAN003879,John,Olawale,DEP003,JR018,2023-09-01,Referral,Appliedd
CAN003880,Nathaniel,Oyekan,DEP011,JR081,2024-12-15,Referral,Hired
CAN003881,Samuel,Ojo,DEP002,JR009,2025-08-21,LinkedIn,Appliedd
CAN003882,Charity,Okonkwo,DEP013,JR094,2023-08-11,Job Portal,Hired
CAN003883,Peter,Nnamani,DEP001,JR004,2023-02-14,Job Portal,Interviewed
CAN003884,Emmanuel,Nnamani,DEP001,JR005,2023-06-09,LinkedIn,Shortlisted
CAN003885,Mark,Olawale,DEP006,JR042,2021-06-06,Job Portal,Rejected
CAN003886,Comfort,Ekwueme,DEP004,JR033,2019-10-01,Company Website,Shortlisted
CAN003887,Gloria,Uche,DEP005,JR040,2024-01-17,LinkedIn,Hired
CAN003888,John,Oshodi,DEP014,JR096,2023-11-19,Job Portal,Rejected
CAN003889,Gabriel,Ogunleye,DEP004,JR025,2019-07-25,LinkedIn,Applied
CAN003890,Hope,Nnamani,DEP007,JR054,2025-01-24,Company Website,Applied
CAN003891,John,Akinwale,DEP010,JR072,2023-03-05,Job Portal,Interviewed
CAN003892,Joseph,Uche,DEP007,JR057,2024-05-13,Referral,Hired
CAN003893,Joseph,Okafor,DEP004,JR027,2021-01-26,Referral,Interviewed
CAN003894,Faith,,DEP006,JR046,2020-09-10,Company Website,Rejected
CAN003895,Esther,Olawale,DEP007,JR054,2023-07-14,Job Portal,Applied
CAN003896,Faith,Balogun,DEP002,JR013,2023-07-27,LinkedIn,Interviewed
CAN003897,Comfort,Okonkwo,DEP011,JR074,2022-04-26,Campus Recruitment,Offered
CAN003898,Charity,Akinwale,DEP006,JR046,2025-02-20,LinkedIn,Applied
CAN003899,Sarah,Oyekan,DEP010,JR070,2019-04-16,LinkedIn,Rejected
CAN003900,Victoria,Obasanjo,DEP015,JR102,2024-06-13,Campus Recruitment,Rejected
CAN003901,Benjamin,Adeyemi,DEP008,JR059,2019-11-07,Job Portal,Offered
CAN003902,Samuel,Adeyemi,DEP010,JR073,2022-10-06,LinkedIn,Hired
CAN003903,Gloria,Abiola,DEP009,JR066,2024-11-06,LinkedIn,Offered
CAN003904,Samuel,Obi,DEP001,JR006,2025-07-18,LinkedIn,Hired
CAN003905,Juliet,Balogun,DEP002,JR012,2024-12-09,Campus Recruitment,Applied
CAN003906,Philip,Ojo,DEP008,JR060,2021-01-06,Campus Recruitment,Applied
CAN003907,Mary,Obi,DEP008,JR059,2019-01-23,Campus Recruitment,Offered
CAN003908,Emmanuel,Okafor,DEP002,JR009,2019-10-15,Job Portal,Applied
CAN003909,Gloria,Obi,DEP009,JR065,2021-08-24,Campus Recruitment,Rejected
CAN003910,Esther,Ibrahim,DEP014,JR096,2020-12-12,Campus Recruitment,Shortlisted
CAN003911,Stephen,Obasanjo,DEP006,JR048,2021-01-11,LinkedIn,Shortlisted
CAN003912,Joseph,Akinwale,DEP011,JR081,2025-01-26,LinkedIn,Shortlisted
CAN003913,Cornelius,Obi,DEP012,JR083,2025-06-20,Referral,Hired
CAN003914,Victoria,Abiola,DEP010,JR071,2019-06-21,Referral,Rejected
CAN003915,Blessing,Uche,DEP010,JR069,2024-04-07,Campus Recruitment,Shortlisted
CAN003916,Emmanuel,Obasanjo,DEP006,JR044,2020-07-10,LinkedIn,Hired
CAN003917,Cornelius,Balogun,DEP004,JR029,2019-09-09,linkedin,Shortlisted
CAN003918,Charity,Ogunleye,DEP005,JR037,2024-08-13,Referral,Offered
CAN003919,Cornelius,Okafor,DEP008,JR060,2020-01-04,Campus Recruitment,Interviewed
CAN003920,Cornelius,Olawale,DEP011,JR075,2020-06-14,Job Portal,Shortlisted
CAN003921,Simon,Ibrahim,DEP015,JR103,2024-09-21,Company Website,Offered
CAN003922,Angela,Olawale,DEP006,JR042,2021-09-21,LinkedIn,Appliedd
CAN003923,Juliet,Ibrahim,DEP015,JR103,2019-10-02,Job Portal,Offered
CAN003924,Victoria,Chukwu,DEP011,JR081,2025-01-06,LinkedIn,Shortlisted
CAN003925,Esther,Ojo,DEP007,JR055,2021-09-12,LinkedIn,Interviewed
CAN003926,Benjamin,Oyekan,DEP011,JR080,2019-05-23,Campus Recruitment,Hired
CAN003927,Mark,Ekwueme,DEP006,JR049,2023-02-27,Campus Recruitment,Applied
CAN003928,Deborah,Oshodi,DEP014,JR098,2019-07-21,Referral,Shortlisted
CAN003929,Blessing,Obasanjo,DEP015,JR101,2019-04-25,Job Portal,Hired
CAN003930,Sarah,Uche,DEP008,JR063,2019-07-17,Referral,Interviewed
CAN003931,Stephen,Eze,DEP013,JR090,2022-03-22,Company Website,Hired
CAN003932,Peter,Okonkwo,DEP001,JR001,2025-01-09,Job Portal,Applied
CAN003933,Faith,Okafor,DEP012,JR083,2022-09-16,Job Portal,Hired
CAN003934,Joshua,Obi,DEP011,JR075,2021-12-10,Job Portal,Applied
CAN003935,Juliet,Abiola,DEP005,JR039,2022-10-23,Job Portal,Rejected
CAN003936,Peter,Obasanjo,DEP001,JR005,2019-05-11,Campus Recruitment,Offered
CAN003937,Joy,Oyekan,DEP011,JR080,2025-11-24,Job Portal,Interviewed
CAN003938,Peace,Eze,DEP002,JR012,2025-08-19,Referral,Shortlisted
CAN003939,Peace,Adetokunbo,DEP008,JR059,2023-10-22,Job Portal,Applied
CAN003940,Ruth,Ekwueme,DEP014,JR097,2023-01-22,Company Website,Offered
CAN003941,Cornelius,Ekwueme,DEP004,JR029,2022-08-05,Company Website,Offered
CAN003942,Andrew,Ibrahim,DEP006,JR042,2021-12-13,Company Website,Interviewed
CAN003943,Andrew,Oshodi,DEP012,JR087,2021-05-23,LinkedIn,Offered
CAN003944,John,Nnamani,DEP010,JR069,2022-01-15,Referral,Rejected
CAN003945,Simon,Nnamani,DEP002,JR011,2022-01-23,Referral,Accepted
CAN003946,Patience,Abiola,DEP007,JR051,2023-06-27,LinkedIn,Rejected
CAN003947,Comfort,Obi,DEP004,JR031,2023-10-09,LinkedIn,Interviewed
CAN003948,Comfort,Oyekan,DEP012,JR086,2024-02-02,Job Portal,Offered
CAN003949,Daniel,Ibrahim,DEP013,JR092,2021-04-19,Job Portal,Rejected
CAN003950,Gabriel,Obasanjo,DEP001,JR006,2019-05-01,Company Website,Rejected
CAN003951,Mark,Ibrahim,DEP007,JR051,2024-03-05,Job Portal,Hired
CAN003952,Faith,Chukwu,DEP002,JR015,2024-09-28,Company Website,Offered
CAN003953,Philip,Eze,DEP012,JR088,2021-06-24,Job Portal,Applied
CAN003954,Esther,Abiola,DEP004,JR034,2019-03-26,Campus Recruitment,Hired
CAN003955,Grace,Ojo,DEP005,JR040,2022-08-03,Company Website,Interviewed
CAN003956,Patience,Akinwale,DEP001,JR005,2021-12-11,LinkedIn,Applied
CAN003957,Gloria,Ogunleye,DEP006,JR044,2024-03-25,Referral,Applied
CAN003958,Ruth,Ojo,DEP009,JR067,2024-08-09,Referral,Hired
CAN003959,Hope,Ogunleye,DEP011,JR079,2020-12-09,Indeed,Rejected
CAN003960,Gloria,Obasanjo,DEP015,JR104,2019-04-12,Job Portal,Hired
CAN003961,John,Ekwueme,DEP010,JR070,2024-09-27,Company Website,Offered
CAN003962,Faith,Olawale,DEP005,JR041,2025-04-16,Referral,Shortlisted
CAN003963,Deborah,Adetokunbo,DEP006,JR045,2021-06-17,Job Portal,Interviewed
CAN003964,Simon,Okonkwo,DEP001,JR001,2019-10-17,Job Portal,Rejected
CAN003965,Joy,Adetokunbo,DEP002,JR011,2020-06-07,Job Portal,Applied
CAN003966,Hope,Adeyemi,DEP011,JR077,2022-03-25,Job Portal,Shortlisted
CAN003967,Mark,Oyekan,DEP011,JR076,2024-01-28,Referral,Shortlisted
CAN003968,Mary,Olawale,DEP011,JR081,2022-02-24,LinkedIn,Applied
CAN003969,Elizabeth,Eze,DEP015,JR105,2022-11-08,Company Website,Applied
CAN003970,Andrew,Akinwale,DEP013,JR092,2021-02-21,Job Portal,Interviewed
CAN003971,Peter,Ibrahim,DEP011,JR074,2024-09-10,Campus Recruitment,Interviewed
CAN003972,Comfort,Eze,DEP011,JR074,2019-08-17,Referral,Shortlisted
CAN003973,Mary,Chukwu,DEP002,JR012,2019-01-22,Campus Recruitment,Applied
CAN003974,Juliet,Nnamani,DEP004,JR031,2020-03-14,Company Website,Interviewed
CAN003975,Gabriel,Obasanjo,DEP002,JR013,2024-02-02,Referral,Interviewed
CAN003976,Blessing,Oyekan,DEP013,JR090,2025-01-07,Job Portal,Applied
CAN003977,Ruth,Balogun,DEP014,JR095,2022-03-23,Referral,Interviewed
CAN003978,James,Uche,DEP014,JR099,2020-10-07,Company Website,Applied
CAN003979,Comfort,Ekwueme,DEP014,JR100,2023-04-23,Campus Recruitment,Rejected
CAN003980,Joy,Ojo,DEP004,JR034,2023-09-10,Company Website,Hired
CAN003981,Charity,Akinwale,DEP007,JR052,2021-03-28,Company Website,Shortlisted
CAN003982,Esther,Eze,DEP006,JR042,2025-06-13,Referral,Hired
CAN003983,Deborah,Obi,DEP010,JR073,2021-01-19,Job Portal,Offered
CAN003984,Faith,Uche,DEP006,JR046,2025-11-22,Company Website,Applied
CAN003985,,Balogun,DEP002,JR012,2023-03-07,Referral,Applied
CAN003986,Peter,Obi,DEP004,JR026,2024-12-17,Job Portal,Rejected
CAN003987,Elizabeth,Nnamani,DEP003,JR019,2024-10-11,Job Portal,Rejected
CAN003988,Cornelius,Obasanjo,DEP005,JR038,2022-06-15,Company Website,Shortlisted
CAN003989,,Ibrahim,DEP002,JR013,2019-12-23,Job Portal,Shortlisted
CAN003990,Benjamin,Okafor,DEP007,JR052,2020-05-07,Company Website,Interviewed
CAN003991,Charity,Ibrahim,DEP006,JR042,2025-01-14,Job Portal,Hired
CAN003992,Gabriel,Eze,DEP004,JR030,2023-03-10,Campus Recruitment,Applied
CAN003993,Mary,Nnamani,DEP015,JR106,2020-10-05,LinkedIn,Applied
CAN003994,David,Abiola,DEP005,JR038,2023-03-24,Company Website,Shortlisted
CAN003995,Hope,Okonkwo,DEP010,JR073,2025-10-26,Referral,Rejected
CAN003996,Philip,Adeyemi,DEP001,JR007,2020-10-03,LinkedIn,Rejected
CAN003997,Ruth,Obasanjo,DEP012,JR082,2023-07-16,LinkedIn,Offered
CAN003998,Nathaniel,Eze,DEP004,JR032,2021-05-22,Company Website,Shortlisted
CAN003999,Grace,Obi,DEP003,JR020,2022-03-14,Job Portal,Applied
CAN004000,Andrew,Ogunleye,DEP014,JR095,2023-10-12,LinkedIn,Interviewed
CAN004001,David,Olawale,DEP014,JR098,2024-05-02,Company Website,Hired
CAN004002,Gloria,Ojo,DEP006,JR043,2024-01-18,Company Website,Interviewed
CAN004003,Daniel,Adetokunbo,DEP010,JR072,2021-09-02,Job Portal,Hired
CAN004004,Daniel,Balogun,DEP005,JR037,2022-03-25,Referral,Offered
CAN004005,Joshua,Obasanjo,DEP002,JR010,2020-11-13,LinkedIn,Interviewed
CAN004006,Peter,Okonkwo,DEP007,JR054,2020-07-25,Company Website,Offered
CAN004007,Peter,Obasanjo,DEP004,JR030,2020-10-03,Company Website,Interviewed
CAN004008,Mary,Nnamani,DEP001,JR001,2022-02-02,Company Website,Applied
CAN004009,Angela,Ekwueme,DEP012,JR087,2023-10-26,Company Website,Applied
CAN004010,Nathaniel,Oshodi,DEP013,JR094,2022-04-03,Campus Recruitment,Rejected
CAN004011,Blessing,Nnamani,DEP011,JR077,2025-06-13,Referral,Hired
CAN004012,Stephen,Ekwueme,DEP007,JR052,2019-05-21,Company Website,Accepted
CAN004013,Deborah,Oshodi,DEP003,JR024,2025-03-15,Campus Recruitment,Hired
CAN004014,David,Uche,DEP003,JR018,2024-05-14,Referral,Applied
CAN004015,Agnes,Adetokunbo,DEP007,JR055,2021-04-27,Referral,Hired
CAN004016,Daniel,Okonkwo,DEP004,JR026,2020-04-25,LinkedIn,Rejected
CAN004017,Peace,Okonkwo,DEP007,JR050,2022-09-17,LinkedIn,Applied
CAN004018,Daniel,Adetokunbo,DEP015,JR102,2024-06-09,Job Portal,Rejected
CAN004019,Samuel,Oyekan,DEP001,JR002,2021-07-11,LinkedIn,Offered
CAN004020,Deborah,Akinwale,DEP006,JR044,2024-06-14,Walk In,Applied
CAN004021,Grace,Obi,DEP003,JR024,2022-10-11,Job Portal,Hired
CAN004022,Joy,Ogunleye,DEP006,JR044,2021-07-21,Campus Recruitment,Rejected
CAN004023,Sarah,Adetokunbo,DEP013,JR089,2023-10-01,Job Portal,Shortlisted
CAN004024,Philip,Ibrahim,DEP006,JR046,2024-07-19,Referral,Rejected
CAN004025,Gabriel,Obi,DEP004,JR026,2022-07-23,Company Website,Hired
CAN004026,James,Ibrahim,DEP004,JR030,2021-05-18,Referral,Offered
CAN004027,James,Ojo,DEP002,JR009,2022-02-22,Company Website,Interviewed
CAN004028,Esther,Akinwale,DEP011,JR074,2022-06-05,Referral,Shortlisted
CAN004029,Mary,Obi,DEP003,JR020,2022-04-04,NIL,Interviewed
CAN004030,David,Ibrahim,DEP007,JR053,2020-08-16,Job Portal,Interviewed
CAN004031,Agnes,Obi,DEP008,JR063,2022-12-25,Company Website,Applied
CAN004032,Esther,Abiola,DEP012,JR082,2021-08-17,Company Website,Offered
CAN004033,Peter,Adetokunbo,DEP010,JR073,2019-03-25,Company Website,Offered
CAN004034,Juliet,Adeyemi,DEP011,JR080,2021-05-07,Company Website,Shortlisted
CAN004035,Mary,Uche,DEP013,JR089,2020-10-05,Job Portal,Hired
CAN004036,Michael,Abiola,DEP010,JR071,2019-01-28,Campus Recruitment,Rejected
CAN004037,Gabriel,Uche,DEP013,JR089,2021-01-10,LinkedIn,Applied
CAN004038,Samuel,Abiola,DEP007,JR054,2019-06-26,Job Portal,Interviewed
CAN004039,Joseph,Akinwale,DEP010,JR072,2025-02-25,Referral,Applied
CAN004040,Sarah,Oshodi,DEP001,JR004,2024-11-20,Job Portal,Hired
CAN004041,Angela,Okonkwo,DEP013,JR091,2019-05-23,Campus Recruitment,Applied
CAN004042,Esther,Eze,DEP005,JR036,2021-09-11,Referral,Interviewed
CAN004043,David,Akinwale,DEP009,JR066,2023-10-07,Job Portal,Applied
CAN004044,Andrew,Ojo,DEP002,JR009,2021-07-04,LinkedIn,Hired
CAN004045,John,Ogunleye,DEP012,JR084,2021-04-17,Campus Recruitment,Rejected
CAN004046,Hope,Ekwueme,DEP013,JR090,2021-01-11,Job Portal,Rejected
CAN004047,Juliet,Adeyemi,DEP003,JR018,2021-09-15,Campus Recruitment,Hired
CAN004048,Deborah,Abiola,DEP007,JR055,2024-08-14,LinkedIn,Hired
CAN004049,Peter,Olawale,DEP011,JR079,2025-08-16,Job Portal,Offered
CAN004050,John,Ogunleye,DEP014,JR099,2022-12-06,Referral,Shortlisted
CAN004051,Simon,Adetokunbo,DEP001,JR004,2022-03-24,Job Portal,Shortlisted
CAN004052,Grace,Ibrahim,DEP014,JR097,2020-04-04,Job Portal,Hired
CAN004053,Mark,Oyekan,DEP009,JR065,2022-08-25,Company Website,Shortlisted
CAN004054,Cornelius,Oshodi,DEP007,JR053,2022-06-05,Campus Recruitment,Shortlisted
CAN004055,Joseph,Adeyemi,DEP004,JR034,2020-05-26,Campus Recruitment,Interviewed
CAN004056,Ruth,Akinwale,DEP004,JR028,2021-05-28,Referral,Appliedd
CAN004057,Cornelius,Ojo,DEP013,JR090,2025-09-28,Company Website,Hired
CAN004058,David,Eze,DEP014,JR096,2024-03-05,Campus Recruitment,Shortlisted
CAN004059,Daniel,Balogun,DEP010,JR071,2024-03-09,LinkedIn,Interviewed
CAN004060,Paul,Eze,DEP011,JR076,2021-08-09,LinkedIn,Hired
CAN004061,Philip,Nnamani,DEP003,JR024,2025-03-01,Job Portal,Rejected
CAN004062,James,Adeyemi,DEP004,JR027,2024-06-11,Referral,Hired
CAN004063,Simon,Ogunleye,DEP007,JR057,2022-11-09,Referral,Rejected
CAN004064,Joshua,Nnamani,DEP001,JR003,2025-01-17,Company Website,Hired
CAN004065,Stephen,Okafor,DEP014,JR100,2021-03-23,LinkedIn,Rejected
CAN004066,Hope,Chukwu,DEP007,JR054,2025-07-04,Company Website,Applied
CAN004067,Gloria,Adeyemi,DEP003,JR017,2022-02-20,Company Website,Applied
CAN004068,Elizabeth,Uche,DEP014,JR099,2020-02-27,Company Website,Applied
CAN004069,Nathaniel,Adeyemi,DEP013,JR093,2023-06-15,Campus Recruitment,Interviewed
CAN004070,Daniel,Okonkwo,DEP014,JR100,2022-07-25,Campus Recruitment,Offered
CAN004071,Faith,Oshodi,DEP008,JR061,2019-07-20,Job Portal,Hired
CAN004072,Blessing,Adetokunbo,DEP013,JR089,2021-06-19,LinkedIn,Offered
CAN004073,Patience,Adeyemi,DEP011,JR077,2019-03-24,Company Website,Hired
CAN004074,Patience,Balogun,DEP001,JR005,2019-11-27,Referral,Interviewed
CAN004075,,Ibrahim,DEP015,JR102,2020-12-19,Campus Recruitment,Shortlisted
CAN004076,John,Ekwueme,DEP005,JR040,2022-01-04,LinkedIn,Applied
CAN004077,David,Ekwueme,DEP009,JR068,2022-12-11,LinkedIn,Offered
CAN004078,Stephen,Okafor,DEP015,JR101,2022-01-23,Company Website,Hired
CAN004079,Andrew,Nnamani,DEP010,JR070,2021-06-23,Campus Recruitment,Interviewed
CAN004080,Angela,Obi,DEP009,JR067,2021-10-10,Campus Recruitment,Shortlisted
CAN004081,Victoria,Oshodi,DEP008,JR061,2024-06-15,Campus Recruitment,Hired
CAN004082,Grace,Olawale,DEP005,JR036,2025-02-19,Walk In,Rejected
CAN004083,Comfort,Okonkwo,DEP002,JR015,2022-06-19,LinkedIn,Applied
CAN004084,Esther,Obasanjo,DEP008,JR063,2023-12-14,LinkedIn,Hired
CAN004085,Andrew,Adeyemi,DEP015,JR104,2019-10-25,Campus Recruitment,Shortlisted
CAN004086,Victoria,Okafor,DEP005,JR037,2020-03-19,Job Portal,Rejected
CAN004087,Peace,Okonkwo,DEP014,JR095,2024-06-22,Company Website,Offered
CAN004088,Esther,Olawale,DEP001,JR005,2022-01-04,Company Website,Hired
CAN004089,Comfort,Nnamani,DEP010,JR069,2024-11-14,Campus Recruitment,Offered
CAN004090,Juliet,Oyekan,DEP004,JR030,2022-01-09,Campus Recruitment,Shortlisted
CAN004091,Esther,Okonkwo,DEP005,JR035,2021-07-22,Referral,Offered
CAN004092,Simon,Nnamani,DEP015,JR101,2024-10-02,Campus Recruitment,Offered
CAN004093,Joseph,Ekwueme,DEP002,JR016,2021-09-04,LinkedIn,Shortlisted
CAN004094,Joseph,Ogunleye,DEP002,JR013,2021-09-16,Referral,Interviewed
CAN004095,Faith,Balogun,DEP008,JR061,2024-06-23,Referral,Shortlisted
CAN004096,David,Obi,DEP013,JR094,2019-07-25,Company Website,Hired
CAN004097,Esther,Ekwueme,DEP014,JR095,2021-01-20,Company Website,Rejected
CAN004098,Emmanuel,Okonkwo,DEP007,JR052,2021-11-15,Job Portal,Hired
CAN004099,Juliet,Obasanjo,DEP012,JR087,2025-05-24,LinkedIn,Applied
CAN004100,Ruth,Abiola,DEP005,JR037,2023-02-07,Referral,Interviewed
CAN004101,Grace,Obi,DEP012,JR083,2019-07-22,Job Portal,Interviewed
CAN004102,Cornelius,Adetokunbo,DEP007,JR057,2023-06-17,Job Portal,Interviewed
CAN004103,James,Adetokunbo,DEP012,JR085,2022-06-25,Campus Recruitment,Shortlisted
CAN004104,Esther,Adetokunbo,DEP002,JR012,2023-09-20,Company Website,Rejected
CAN004105,Joshua,Oyekan,DEP009,JR066,2021-11-24,Company Website,Interviewed
CAN004106,Joshua,Abiola,DEP005,JR035,2020-11-14,Company Website,Offered
CAN004107,Simon,Nnamani,DEP010,JR073,2025-06-26,LinkedIn,Interviewed
CAN004108,Joseph,Akinwale,DEP002,JR012,2022-10-24,LinkedIn,Applied
CAN004109,Juliet,Olawale,DEP007,JR057,2022-08-26,Job Portal,Offered
CAN004110,Patience,Ibrahim,DEP006,JR043,2025-03-10,Referral,Shortlisted
CAN004111,Mark,Akinwale,DEP015,JR102,2021-10-12,Referral,Interviewed
CAN004112,Victoria,Nnamani,DEP005,JR036,2024-06-03,Campus Recruitment,Rejected
CAN004113,,Adetokunbo,DEP001,JR008,2019-01-19,Job Portal,Interviewed
CAN004114,Juliet,Balogun,DEP002,JR009,2024-05-02,LinkedIn,Offered
CAN004115,Joseph,Obasanjo,DEP004,JR033,2019-10-13,Campus Recruitment,Applied
CAN004116,Ruth,Abiola,DEP001,JR007,2019-02-10,Job Portal,Rejected
CAN004117,Deborah,Balogun,DEP002,JR011,2025-12-09,Company Website,Rejected
CAN004118,Benjamin,Okafor,DEP003,JR020,2022-12-12,Job Portal,Applied
CAN004119,Gabriel,Chukwu,DEP013,JR091,2020-01-16,Campus Recruitment,Shortlisted
CAN004120,Elizabeth,Oshodi,DEP002,JR010,2025-03-04,LinkedIn,Offered
CAN004121,Emmanuel,Obi,DEP008,JR062,2020-06-23,LinkedIn,Applied
CAN004122,Benjamin,Uche,DEP012,JR085,2022-02-18,Campus Recruitment,Hired
CAN004123,Ruth,Okafor,DEP004,JR027,2022-09-12,LinkedIn,Offered
CAN004124,Blessing,Balogun,DEP007,JR057,2025-04-11,Job Portal,Interviewed
CAN004125,Blessing,Abiola,DEP010,JR069,2024-11-04,Company Website,Shortlisted
CAN004126,Deborah,Oshodi,DEP006,JR047,2022-04-16,LinkedIn,Hired
CAN004127,Andrew,Obasanjo,DEP008,JR061,2020-09-20,Referral,Hired
CAN004128,Emmanuel,Okafor,DEP007,JR054,2025-05-27,Company Website,Applied
CAN004129,Samuel,Uche,DEP011,JR080,2023-03-11,Referral,Shortlisted
CAN004130,Simon,Obasanjo,DEP008,JR059,2019-06-27,Company Website,Offered
CAN004131,Mary,Adetokunbo,DEP014,JR097,2022-03-27,Company Website,Shortlisted
CAN004132,John,Oshodi,DEP005,JR039,2019-11-28,LinkedIn,Offer
CAN004133,Benjamin,Nnamani,DEP013,JR089,2022-01-22,LinkedIn,Shortlisted
CAN004134,Charity,Oshodi,DEP007,JR054,2023-10-20,LinkedIn,Applied
CAN004135,Esther,Ekwueme,DEP011,JR081,2019-08-27,Job Portal,Hired
CAN004136,Paul,Ogunleye,DEP004,JR033,2021-10-10,Company Website,Hired
CAN004137,Esther,,DEP007,JR053,2022-07-01,Job Portal,Hired
CAN004138,James,Nnamani,DEP001,JR001,2024-07-16,Job Portal,Shortlisted
CAN004139,James,Oshodi,DEP003,JR022,2021-07-18,LinkedIn,Shortlisted
CAN004140,Ruth,Adeyemi,DEP005,JR041,2023-10-12,Job Portal,Rejected
CAN004141,Angela,Balogun,DEP007,JR050,2022-08-13,Referral,Offered
CAN004142,Grace,Balogun,DEP002,JR015,2023-04-23,Company Website,Offered
CAN004143,John,Ibrahim,DEP007,JR057,2021-04-22,Company Website,Offered
CAN004144,Nathaniel,Ojo,DEP012,JR083,2025-08-13,Referral,Applied
CAN004145,Deborah,Uche,DEP012,JR088,2024-05-15,LinkedIn,Shortlisted
CAN004146,Esther,Ekwueme,DEP001,JR002,2021-11-26,LinkedIn,Interviewed
CAN004147,Gloria,Akinwale,DEP013,JR092,2020-09-02,Company Website,Appliedd
CAN004148,Ruth,Ibrahim,DEP005,JR040,2019-04-12,Job Portal,Interviewed
CAN004149,Hope,Ibrahim,DEP013,JR092,2022-01-14,Campus Recruitment,Shortlisted
CAN004150,Peace,Abiola,DEP007,JR057,2025-01-23,Company Website,Hired
CAN004151,Joshua,Oyekan,DEP003,JR022,2019-12-18,LinkedIn,Hired
CAN004152,Andrew,Adeyemi,DEP009,JR066,2020-09-04,Job Portal,Interviewed
CAN004153,Joshua,Chukwu,DEP007,JR051,2019-08-26,LinkedIn,Hired
CAN004154,Elizabeth,Akinwale,DEP001,JR001,2022-09-26,Job Portal,Rejected
CAN004155,Cornelius,Okafor,DEP013,JR092,2020-10-26,Job Portal,Rejected
CAN004156,Michael,Ojo,DEP011,JR078,2022-09-28,Campus Recruitment,Rejected
CAN004157,Sarah,Balogun,DEP003,JR024,2025-07-06,Job Portal,Shortlisted
CAN004158,Sarah,Okafor,DEP004,JR032,2019-04-24,Company Website,Shortlisted
CAN004159,Juliet,Okonkwo,DEP008,JR060,2021-08-12,Referral ,Shortlisted
CAN004160,James,Oshodi,DEP006,JR042,2020-03-17,Referral,Rejected
CAN004161,Patience,Okafor,DEP001,JR002,2022-04-01,Job Portal,Hired
CAN004162,Charity,Nnamani,DEP009,JR067,2023-06-17,Job Portal,Shortlisted
CAN004163,Stephen,Balogun,DEP004,JR034,2024-03-06,Referral,Applied
CAN004164,David,Obi,DEP003,JR024,2023-05-13,Referral,Hired
CAN004165,Hope,Nnamani,DEP013,JR094,2023-08-09,LinkedIn,Interviewed
CAN004166,Juliet,,DEP005,JR038,2020-04-09,Referral,Interviewed
CAN004167,James,Oyekan,DEP004,JR033,2019-06-21,Referral,Offered
CAN004168,Hope,Ibrahim,DEP008,JR063,2020-04-16,Campus Recruitment,Rejected
CAN004169,Joseph,Obi,DEP011,JR075,2025-04-17,Campus Recruitment,Rejected
CAN004170,Mark,Adetokunbo,DEP002,JR016,2024-09-10,Company Website,Hired
CAN004171,,Oyekan,DEP001,JR008,2021-10-15,Referral,Applied
CAN004172,Philip,Nnamani,DEP012,JR082,2020-01-14,Campus Recruitment,Applied
CAN004173,Michael,Adetokunbo,DEP004,JR030,2020-06-22,LinkedIn,Applied
CAN004174,Daniel,Oyekan,DEP011,JR078,2022-01-16,LinkedIn,Shortlisted
CAN004175,Philip,Ogunleye,DEP002,JR015,2021-05-07,Job Portal,Hired
CAN004176,John,Uche,DEP008,JR061,2024-01-13,Campus Recruitment,Rejected
CAN004177,Paul,Nnamani,DEP015,JR105,2020-05-06,Referral,Offered
CAN004178,Andrew,Ogunleye,DEP015,JR106,2022-10-24,Campus Recruitment,Offered
CAN004179,Esther,Okonkwo,DEP011,JR080,2020-06-07,Company Website,Shortlisted
CAN004180,Emmanuel,Obasanjo,DEP006,JR049,2021-10-16,Referral,Offered
CAN004181,Cornelius,Abiola,DEP006,JR047,2021-03-09,LinkedIn,Shortlisted
CAN004182,Nathaniel,Oshodi,DEP008,JR061,2023-11-08,Job Portal,Shortlisted
CAN004183,Emmanuel,Oshodi,DEP011,JR081,2021-04-28,Company Website,Shortlisted
CAN004184,Emmanuel,Obi,DEP010,JR072,2023-10-16,LinkedIn,Interviewed
CAN004185,Andrew,,DEP003,JR020,2024-10-02,Job Portal,Rejected
CAN004186,Emmanuel,Abiola,DEP002,JR013,2025-03-11,Company Website,Offered
CAN004187,Patience,Adeyemi,DEP006,JR047,2022-07-11,LinkedIn,Offered
CAN004188,Stephen,Uche,DEP008,JR060,2025-07-22,LinkedIn,Hired
CAN004189,Sarah,Obi,DEP015,JR104,2023-03-23,Campus Recruitment,Hired
CAN004190,Stephen,Oshodi,DEP013,JR092,2022-02-18,LinkedIn,Applied
CAN004191,Stephen,Uche,DEP008,JR063,2024-06-13,Campus Recruitment,Applied
CAN004192,Hope,Okafor,DEP006,JR048,2024-09-11,Company Website,Interviewed
CAN004193,Comfort,Okafor,DEP011,JR074,2023-04-10,Campus Recruitment,Rejected
CAN004194,Philip,Olawale,DEP009,JR065,2025-07-19,Referral,Applied
CAN004195,Joseph,Eze,DEP003,JR021,2025-10-11,LinkedIn,Offered
CAN004196,Angela,Ibrahim,DEP009,JR064,2021-09-01,Company Website,Interviewed
CAN004197,Nathaniel,Obasanjo,DEP014,JR095,2020-01-15,LinkedIn,Shortlisted
CAN004198,David,Ibrahim,DEP004,JR029,2023-04-08,Campus Recruitment,Applied
CAN004199,Charity,Obasanjo,DEP007,JR054,2023-03-24,Company Website,Applied
CAN004200,Angela,Olawale,DEP005,JR037,2023-03-05,Job Portal,Shortlisted
CAN004201,Benjamin,Ibrahim,DEP014,JR100,2025-11-02,Referral,Applied
CAN004202,David,Chukwu,DEP005,JR041,2022-02-28,Campus Recruitment,Hired
CAN004203,Juliet,Obi,DEP012,JR088,2021-06-10,LinkedIn,Rejected
CAN004204,Charity,Okonkwo,DEP011,JR074,2020-05-08,Job Portal,Interviewed
CAN004205,Comfort,Uche,DEP008,JR063,2024-11-02,Job Portal,Shortlisted
CAN004206,Paul,Olawale,DEP002,JR012,2019-09-02,Campus Recruitment,Interviewed
CAN004207,Ruth,Okonkwo,DEP004,JR026,2023-05-02,Company Website,Offered
CAN004208,Angela,Abiola,DEP015,JR101,2019-08-01,Company Website,Shortlisted
CAN004209,Juliet,Obasanjo,DEP001,JR003,2023-01-06,Job Portal,Offer
CAN004210,Hope,Ogunleye,DEP012,JR087,2022-08-08,LinkedIn,Offered
CAN004211,James,Oyekan,DEP013,JR092,2024-11-25,Company Website,Hired
CAN004212,James,Olawale,DEP008,JR058,2022-09-06,Company Website,Applied
CAN004213,Nathaniel,Okafor,DEP012,JR083,2021-07-05,Referral,Offered
CAN004214,Juliet,Ibrahim,DEP011,JR080,2021-03-28,Job Portal,Hired
CAN004215,Agnes,Ojo,DEP013,JR090,2025-10-06,Job Portal,Rejected
CAN004216,Peace,Nnamani,DEP014,JR097,2025-08-09,Referral,Offered
CAN004217,Cornelius,Balogun,DEP011,JR080,2023-05-07,LinkedIn,Hired
CAN004218,,Uche,DEP008,JR062,2024-01-10,Job Portal,Rejected
CAN004219,Elizabeth,Adetokunbo,DEP002,JR013,2020-09-16,Job Portal,Rejected
CAN004220,,Okonkwo,DEP013,JR094,2023-04-19,LinkedIn,Rejected
CAN004221,Esther,Okonkwo,DEP002,JR015,2021-03-14,Referral,Offered
CAN004222,Hope,Oyekan,DEP013,JR094,2022-11-16,Referral,Interviewed
CAN004223,Peace,Ojo,DEP011,JR076,2019-06-22,Campus Recruitment,Applied
CAN004224,Nathaniel,Balogun,DEP012,JR085,2019-12-01,Company Website,Hired
CAN004225,Gabriel,Olawale,DEP011,JR080,2025-05-07,Company Website,Shortlisted
CAN004226,Gloria,Adetokunbo,DEP003,JR018,2022-09-11,Job Portal,Interviewed
CAN004227,Faith,Ibrahim,DEP006,JR045,2025-06-14,Company Website,Shortlisted
CAN004228,Blessing,Obi,DEP013,JR089,2020-03-28,Campus Recruitment,Hired
CAN004229,Charity,Uche,DEP005,JR038,2025-04-15,Campus Recruitment,Offered
CAN004230,Gloria,Ibrahim,DEP008,JR061,2020-01-13,Referral,Interviewed
CAN004231,Hope,Obasanjo,DEP007,JR052,2022-01-17,Campus Recruitment,Interviewed
CAN004232,Samuel,Oshodi,DEP010,JR073,2021-11-06,Job Portal,Shortlisted
CAN004233,Mary,Adetokunbo,DEP011,JR076,2025-08-22,Campus Recruitment,Applied
CAN004234,Mary,Ogunleye,DEP015,JR106,2022-02-26,LinkedIn,Hired
CAN004235,Samuel,Olawale,DEP013,JR094,2020-10-08,Campus Recruitment,Offered
CAN004236,Angela,Chukwu,DEP004,JR034,2024-07-25,Job Portal,Rejected
CAN004237,John,Ibrahim,DEP011,JR076,2022-12-11,Referral,Interviewed
CAN004238,Victoria,Nnamani,DEP007,JR053,2021-08-27,LinkedIn,Offered
CAN004239,Simon,Abiola,DEP004,JR027,2025-10-26,Campus Recruitment,Applied
CAN004240,Gloria,Okonkwo,DEP001,JR005,2022-09-21,Job Portal,Offered
CAN004241,Hope,Okafor,DEP003,JR020,2025-01-13,Job Portal,Rejected
CAN004242,Charity,Abiola,DEP006,JR046,2019-12-04,Company Website,Shortlisted
CAN004243,Stephen,Nnamani,DEP011,JR077,2021-03-01,LinkedIn,Applied
CAN004244,Comfort,Uche,DEP014,JR097,2020-04-19,LinkedIn,Hired
CAN004245,Cornelius,Adetokunbo,DEP012,JR085,2025-05-26,Campus Recruitment,Hired
CAN004246,,Okafor,DEP007,JR053,2022-10-21,Job Portal,Applied
CAN004247,Mark,Ekwueme,DEP010,JR073,2021-04-25,Job Portal,Applied
CAN004248,Michael,Oshodi,DEP014,JR096,2024-03-06,Company Website,Applied
CAN004249,Michael,Olawale,DEP013,JR090,2021-01-05,Campus Recruitment,Interviewed
CAN004250,John,Akinwale,DEP005,JR038,2025-01-03,Job Portal,Hired
CAN004251,Joshua,Adetokunbo,DEP004,JR031,2024-06-02,Campus Recruitment,Applied
CAN004252,Cornelius,Ekwueme,DEP014,JR100,2024-06-02,Referral,Shortlisted
CAN004253,Joseph,Oyekan,DEP015,JR102,2019-07-28,Referral,Hired
CAN004254,Comfort,Oshodi,DEP001,JR007,2021-11-14,Referral,Offered
CAN004255,Stephen,Adeyemi,DEP008,JR063,2019-10-10,Campus Recruitment,Applied
CAN004256,Peter,Adeyemi,DEP005,JR037,2019-06-16,Referral,Offered
CAN004257,Patience,Ogunleye,DEP011,JR074,2025-07-03,Company Website,Hired
CAN004258,Peter,Ibrahim,DEP009,JR068,2023-12-17,Campus Recruitment,Applied
CAN004259,Mary,Ibrahim,DEP007,JR054,2019-12-14,LinkedIn,Applied
CAN004260,Esther,Oyekan,DEP001,JR006,2021-09-17,Campus Recruitment,Rejected
CAN004261,Benjamin,Nnamani,DEP008,JR062,2022-08-05,Job Portal,Interviewed
CAN004262,Benjamin,Ekwueme,DEP011,JR074,2020-01-14,LinkedIn,Rejected
CAN004263,John,Nnamani,DEP015,JR106,2024-02-02,Campus Recruitment,Shortlisted
CAN004264,Grace,Oshodi,DEP010,JR071,2021-02-11,LinkedIn,Rejected
CAN004265,Joy,Ogunleye,DEP005,JR037,2025-12-01,LinkedIn,Applied
CAN004266,Michael,Ojo,DEP012,JR088,2023-05-07,Job Portal,Hired
CAN004267,Angela,Ogunleye,DEP012,JR087,2020-09-18,Indeed,Hired
CAN004268,Emmanuel,Adeyemi,DEP004,JR028,2019-07-08,LinkedIn,Applied
CAN004269,Peace,Chukwu,DEP006,JR048,2024-10-10,NIL,Shortlisted
CAN004270,Emmanuel,Okafor,DEP001,JR007,2022-10-10,Company Website,Shortlisted
CAN004271,Charity,Olawale,DEP003,JR020,2024-06-11,LinkedIn,Rejected
CAN004272,Faith,Adeyemi,DEP004,JR031,2020-06-04,LinkedIn,Offered
CAN004273,Andrew,Oyekan,DEP004,JR028,2025-06-11,Campus Recruitment,Shortlisted
CAN004274,Michael,Olawale,DEP015,JR106,2020-06-28,Referral,Hired
CAN004275,Angela,Ojo,DEP013,JR089,2021-10-21,NIL,Offered
CAN004276,Hope,Okonkwo,DEP002,JR012,2020-09-13,Campus Recruitment,Interviewed
CAN004277,Joy,Okafor,DEP014,JR095,2025-11-07,Company Website,Shortlisted
CAN004278,Elizabeth,Eze,DEP013,JR090,2020-04-27,Job Portal,Offered
CAN004279,John,Adetokunbo,DEP007,JR051,2025-03-17,Company Website,Rejected
CAN004280,Cornelius,Adeyemi,DEP015,JR102,2025-05-07,LinkedIn,Rejected
CAN004281,David,Ojo,DEP012,JR087,2024-07-28,Referral,Interviewed
CAN004282,Andrew,Eze,DEP004,JR025,2025-01-25,Job Portal,Hired
CAN004283,Sarah,Ogunleye,DEP013,JR089,2019-01-08,Campus Recruitment,Interviewed
CAN004284,Simon,Olawale,DEP007,JR057,2023-11-13,LinkedIn,Applied
CAN004285,Ruth,Obasanjo,DEP012,JR087,2021-07-24,Company Website,Offered
CAN004286,Gloria,Obi,DEP012,JR086,2022-05-19,Referral,Hired
CAN004287,Philip,Nnamani,DEP010,JR073,2019-10-24,Referral,Offered
CAN004288,Gabriel,Chukwu,DEP015,JR104,2021-06-27,Campus Recruitment,Offered
CAN004289,Peter,Ekwueme,DEP012,JR088,2021-07-03,Referral,Rejected
CAN004290,Cornelius,Okafor,DEP011,JR080,2025-06-02,Job Portal,Rejected
CAN004291,Gabriel,Chukwu,DEP011,JR079,2022-09-06,Referral,Shortlisted
CAN004292,Joy,Ekwueme,DEP012,JR082,2022-11-19,Job Portal,Applied
CAN004293,Philip,Ekwueme,DEP003,JR024,2025-09-24,Campus Recruitment,Shortlisted
CAN004294,Elizabeth,Okonkwo,DEP005,JR037,2021-04-07,Campus Recruitment,Interviewed
CAN004295,Deborah,Olawale,DEP001,JR001,2024-08-08,LinkedIn,Interview
CAN004296,Esther,Eze,DEP003,JR020,2022-02-01,LinkedIn,Shortlisted
CAN004297,Patience,Obasanjo,DEP002,JR010,2024-12-25,Job Portal,Hired
CAN004298,Grace,Adetokunbo,DEP012,JR086,2022-12-15,Campus Recruitment,Shortlisted
CAN004299,Victoria,Ojo,DEP002,JR013,2021-07-06,Job Portal,Applied
CAN004300,,Nnamani,DEP002,JR016,2020-06-07,Campus Recruitment,Applied
CAN004301,Esther,Okafor,DEP005,JR041,2023-07-24,Referral,Unknown
CAN004302,Hope,Okafor,DEP005,JR036,2025-08-04,Company Website,Offered
CAN004303,Elizabeth,Abiola,DEP005,JR036,2019-01-03,Campus Recruitment,Rejected
CAN004304,Daniel,Olawale,DEP008,JR062,2020-03-20,Job Portal,Interview
CAN004305,Michael,Okonkwo,DEP012,JR082,2024-10-08,LinkedIn,Hired
CAN004306,Gloria,Eze,DEP005,JR041,2020-08-28,Company Website,Rejected
CAN004307,James,Eze,DEP004,JR034,2019-09-17,Referral,Applied
CAN004308,Philip,Oshodi,DEP006,JR047,2022-10-06,Job Portal,Hired
CAN004309,Patience,Ogunleye,DEP007,JR056,2023-11-07,Company Website,Hired
CAN004310,Simon,Adetokunbo,DEP006,JR047,2023-05-10,Company Website,Offered
CAN004311,Cornelius,Obasanjo,DEP007,JR050,2024-12-09,Job Portal,Rejected
CAN004312,,Ogunleye,DEP012,JR087,2025-02-11,Campus Recruitment,Applied
CAN004313,Faith,Adetokunbo,DEP003,JR018,2019-07-14,Company Website,Interviewed
CAN004314,Michael,Olawale,DEP015,JR103,2025-04-10,Referral,Hired
CAN004315,Esther,Abiola,DEP010,JR072,2022-10-04,Company Website,Hired
CAN004316,Deborah,Obasanjo,DEP007,JR050,2023-05-24,LinkedIn,Applied
CAN004317,Peace,Ibrahim,DEP002,JR014,2022-05-10,Job Portal,Offered
CAN004318,Sarah,Abiola,DEP005,JR036,2023-12-17,Job Portal,Offered
CAN004319,Emmanuel,Balogun,DEP001,JR004,2025-06-08,LinkedIn,Shortlisted
CAN004320,,Okafor,DEP004,JR029,2021-09-28,Company Website,Shortlisted
CAN004321,Stephen,Eze,DEP015,JR101,2021-01-11,Campus Recruitment,Rejected
CAN004322,Sarah,Ibrahim,DEP015,JR102,2024-10-21,Campus Recruitment,Rejected
CAN004323,Benjamin,Oshodi,DEP005,JR040,2023-05-23,Campus Recruitment,Offered
CAN004324,Joshua,Okonkwo,DEP011,JR074,2025-05-02,Referral,Shortlisted
CAN004325,Blessing,Eze,DEP014,JR098,2023-03-16,LinkedIn,Hired
CAN004326,Joshua,Adetokunbo,DEP003,JR024,2025-04-16,Campus Recruitment,Interviewed
CAN004327,Andrew,Ojo,DEP011,JR079,2019-02-02,Job Portal,Applied
CAN004328,Juliet,Uche,DEP007,JR052,2025-09-08,Company Website,Offered
CAN004329,Philip,Ekwueme,DEP010,JR070,2019-05-22,Referral,Hired
CAN004330,Cornelius,Okafor,DEP008,JR063,2020-02-18,Referral,Interviewed
CAN004331,Emmanuel,Ojo,DEP014,JR097,2020-09-12,Job Portal,Applied
CAN004332,Faith,Oyekan,DEP013,JR092,2024-06-17,Referral,Applied
CAN004333,Mark,,DEP008,JR063,2021-03-26,Company Website,Applied
CAN004334,Nathaniel,Nnamani,DEP006,JR049,2020-06-02,Campus Recruitment,Applied
CAN004335,Ruth,Olawale,DEP007,JR052,2021-08-23,LinkedIn,Rejected
CAN004336,Gloria,Obasanjo,DEP011,JR078,2019-07-13,Job Portal,Applied
CAN004337,Charity,Ekwueme,DEP001,JR007,2022-10-18,Campus Recruitment,Rejected
CAN004338,Peace,Adetokunbo,DEP002,JR011,2024-03-01,Company Website,Applied
CAN004339,Deborah,Oyekan,DEP012,JR083,2019-02-03,Job Portal,Rejected
CAN004340,Mary,Okafor,DEP007,JR057,2024-11-09,Company Website,Offered
CAN004341,David,Adetokunbo,DEP002,JR013,2025-12-26,Campus Recruitment,Shortlisted
CAN004342,Joshua,Adeyemi,DEP004,JR031,2021-11-22,LinkedIn,Interviewed
CAN004343,Joshua,Chukwu,DEP001,JR008,2023-07-09,Job Portal,Rejected
CAN004344,David,Ojo,DEP004,JR025,2022-11-22,Job Portal,Shortlisted
CAN004345,Deborah,Okafor,DEP004,JR029,2023-09-27,Referral,Appliedd
CAN004346,Charity,Eze,DEP007,JR054,2021-05-25,Campus Recruitment,Shortlisted
CAN004347,Esther,Obasanjo,DEP014,JR095,2021-05-10,LinkedIn,Applied
CAN004348,Peter,Chukwu,DEP009,JR067,2023-04-19,Campus Recruitment,Applied
CAN004349,Simon,Oyekan,DEP007,JR053,2022-08-13,Referral,Interviewed
CAN004350,Cornelius,Ekwueme,DEP004,JR029,2021-06-04,Company Website,Shortlisted
CAN004351,David,Balogun,DEP001,JR003,2025-09-22,Company Website,Interviewed
CAN004352,Mark,Olawale,DEP008,JR063,2025-04-17,Company Website,Shortlisted
CAN004353,Victoria,Okafor,DEP010,JR070,2021-01-27,Campus Recruitment,Applied
CAN004354,Patience,Ibrahim,DEP006,JR048,2023-10-14,Walk In,Hired
CAN004355,Joshua,Ogunleye,DEP012,JR086,2023-04-06,Referral,Applied
CAN004356,Daniel,Olawale,DEP008,JR061,2022-05-07,Job Portal,Applied
CAN004357,Mary,Ekwueme,DEP001,JR001,2020-08-23,Walk In,Hired
CAN004358,Deborah,Nnamani,DEP005,JR041,2020-09-13,Job Portal,Applied
CAN004359,Faith,Adetokunbo,DEP008,JR059,2021-01-13,Referral,Hired
CAN004360,Joshua,Obasanjo,DEP005,JR041,2023-10-14,Job Portal,Applied
CAN004361,David,Ogunleye,DEP001,JR008,2024-10-27,Company Website,Hired
CAN004362,Joshua,Adetokunbo,DEP001,JR004,2024-09-16,Campus Recruitment,Shortlisted
CAN004363,Elizabeth,Oyekan,DEP012,JR088,2021-12-22,Referral,Offered
CAN004364,Stephen,Obasanjo,DEP015,JR104,2022-12-21,LinkedIn,Applied
CAN004365,Gabriel,Abiola,DEP004,JR030,2022-05-21,Campus Recruitment,Rejected
CAN004366,David,Obasanjo,DEP007,JR050,2025-08-10,Referral,Interviewed
CAN004367,Sarah,Obasanjo,DEP002,JR016,2024-08-23,Referral ,Rejected
CAN004368,Gabriel,Uche,DEP004,JR027,2023-06-12,Referral,Hired
CAN004369,Blessing,Okafor,DEP009,JR064,2023-04-21,Referral,Hired
CAN004370,Joy,Oyekan,DEP004,JR031,2021-08-06,Company Website,Hired
CAN004371,Joseph,Obi,DEP015,JR101,2023-12-15,Job Portal,Rejected
CAN004372,Victoria,Oshodi,DEP008,JR060,2022-04-20,Job Portal,Hired
CAN004373,Hope,Balogun,DEP001,JR006,2022-09-15,Referral,Shortlisted
CAN004374,Philip,Ibrahim,DEP005,JR040,2023-09-04,Referral,Shortlisted
CAN004375,Ruth,,DEP014,JR097,2021-03-02,Referral,Hired
CAN004376,Charity,Adetokunbo,DEP003,JR021,2025-11-17,Referral,Hired
CAN004377,Andrew,Olawale,DEP001,JR005,2019-12-12,Job Portal,Applied
CAN004378,Simon,Akinwale,DEP001,JR002,2020-10-05,Company Website,Shortlisted
CAN004379,Grace,Balogun,DEP001,JR008,2023-11-02,LinkedIn,Applied
CAN004380,Esther,Akinwale,DEP004,JR031,2021-10-17,Campus Recruitment,Interviewed
CAN004381,Nathaniel,Nnamani,DEP002,JR014,2020-06-24,LinkedIn,Rejected
CAN004382,Emmanuel,Chukwu,DEP009,JR066,2022-06-07,Referral,Shortlisted
CAN004383,Gabriel,Uche,DEP002,JR014,2021-09-21,Referral,Offered
CAN004384,Charity,Olawale,DEP004,JR029,2021-11-28,LinkedIn,Rejected
CAN004385,Elizabeth,Ogunleye,DEP007,JR053,2022-09-18,Company Website,Offered
CAN004386,Ruth,Ekwueme,DEP008,JR061,2020-01-02,LinkedIn,Offered
CAN004387,Joy,Chukwu,DEP012,JR084,2022-03-04,Referral,Applied
CAN004388,Hope,Oshodi,DEP004,JR029,2022-04-21,LinkedIn,Shortlisted
CAN004389,Ruth,Chukwu,DEP001,JR008,2022-12-01,Job Portal,Hired
CAN004390,Simon,Okafor,DEP005,JR038,2023-01-07,Job Portal,Hired
CAN004391,Gabriel,Obi,DEP004,JR029,2024-06-21,Referral,Applied
CAN004392,Daniel,Chukwu,DEP003,JR023,2020-06-01,Company Website,Shortlisted
CAN004393,Daniel,Adetokunbo,DEP007,JR053,2020-02-23,LinkedIn,Applied
CAN004394,Grace,Obi,DEP015,JR103,2020-06-16,Referral,Offered
CAN004395,Gloria,Nnamani,DEP008,JR060,2020-03-13,Campus Recruitment,Applied
CAN004396,Gabriel,Nnamani,DEP005,JR039,2020-02-27,Job Portal,Hired
CAN004397,James,Akinwale,DEP002,JR010,2023-08-03,Campus Recruitment,Accepted
CAN004398,Agnes,Obi,DEP002,JR016,2022-02-20,NIL,Applied
CAN004399,Agnes,Akinwale,DEP014,JR098,2024-09-06,Referral,Hired
CAN004400,Philip,Eze,DEP001,JR003,2019-10-11,Job Portal,Rejected
CAN004401,Samuel,Olawale,DEP005,JR035,2025-03-06,Referral,Rejected
CAN004402,Paul,Oshodi,DEP014,JR098,2020-04-14,Job Portal,Rejected
CAN004403,Daniel,Ojo,DEP010,JR069,2024-02-10,Company Website,Hired
CAN004404,John,Ogunleye,DEP006,JR044,2022-02-26,Referral,Offered
CAN004405,Mark,Okonkwo,DEP014,JR095,2022-12-13,Job Portal,Interviewed
CAN004406,Peace,Ibrahim,DEP005,JR041,2023-08-09,Campus Recruitment,Interviewed
CAN004407,Comfort,Akinwale,DEP001,JR004,2021-01-01,LinkedIn,Shortlisted
CAN004408,John,Ogunleye,DEP003,JR018,2022-05-19,Referral,Shortlisted
CAN004409,Grace,Ojo,DEP013,JR094,2025-02-10,Company Website,Rejected
CAN004410,Esther,Oyekan,DEP006,JR047,2021-10-07,Job Portal,Applied
CAN004411,Patience,Uche,DEP015,JR101,2024-08-15,Company Website,Hired
CAN004412,Comfort,Adetokunbo,DEP014,JR096,2019-11-07,Company Website,Shortlisted
CAN004413,Patience,Obasanjo,DEP009,JR067,2024-06-24,Referral,Interviewed
CAN004414,Philip,Okonkwo,DEP004,JR034,2019-07-22,linkedin,Rejected
CAN004415,John,Okafor,DEP013,JR094,2022-12-18,Job Portal,Applied
CAN004416,Peace,Oyekan,DEP007,JR053,2023-05-20,Job Portal,Offered
CAN004417,Mark,Ekwueme,DEP013,JR091,2022-02-23,LinkedIn,Shortlisted
CAN004418,Joseph,Oyekan,DEP003,JR019,2025-01-12,Walk In,Unknown
CAN004419,Peace,Obasanjo,DEP002,JR012,2019-04-16,LinkedIn,Shortlisted
CAN004420,Elizabeth,Ojo,DEP011,JR079,2020-04-10,Company Website,Applied
CAN004421,Mary,Abiola,DEP015,JR106,2019-08-15,Campus Recruitment,Hired
CAN004422,,Obi,DEP005,JR041,2024-06-21,Company Website,Shortlisted
CAN004423,Mary,Oshodi,DEP015,JR106,2023-01-28,Referral,Offered
CAN004424,Victoria,Ekwueme,DEP002,JR016,2023-02-03,Company Website,Interviewed
CAN004425,,Eze,DEP006,JR042,2021-07-12,Referral,Hired
CAN004426,Paul,Balogun,DEP004,JR025,2023-11-07,Campus Recruitment,Applied
CAN004427,Gloria,Eze,DEP002,JR010,2022-07-19,Job Portal,Interviewed
CAN004428,Victoria,Obi,DEP012,JR084,2021-09-13,Campus Recruitment,Rejected
CAN004429,Victoria,Obi,DEP004,JR025,2021-07-01,Campus Recruitment,Offered
CAN004430,Mary,Ojo,DEP012,JR084,2024-05-20,Company Website,Applied
CAN004431,Comfort,Obasanjo,DEP007,JR055,2021-04-05,Job Portal,Shortlisted
CAN004432,Elizabeth,Okafor,DEP003,JR023,2023-10-23,Job Portal,Interviewed
CAN004433,Philip,Adetokunbo,DEP013,JR092,2023-10-12,Company Website,Interviewed
CAN004434,Daniel,Uche,DEP013,JR094,2023-02-21,LinkedIn,Shortlisted
CAN004435,Gloria,Adeyemi,DEP002,JR016,2025-09-06,LinkedIn,Shortlisted
CAN004436,Simon,Adeyemi,DEP014,JR099,2021-09-21,Company Website,Rejected
CAN004437,Hope,,DEP003,JR017,2023-10-17,Campus Recruitment,Hired
CAN004438,Mary,Oshodi,DEP002,JR016,2021-08-27,Job Portal,Offered
CAN004439,Faith,Ojo,DEP012,JR082,2025-12-11,LinkedIn,Rejected
CAN004440,James,Ibrahim,DEP011,JR075,2020-02-26,Company Website,Hired
CAN004441,Patience,Obi,DEP006,JR048,2019-06-05,Campus Recruitment,Hired
CAN004442,Peter,Nnamani,DEP011,JR075,2020-07-23,Company Website,Offered
CAN004443,Comfort,Okonkwo,DEP005,JR039,2024-09-09,LinkedIn,Interviewed
CAN004444,Philip,Chukwu,DEP005,JR040,2022-05-13,Campus Recruitment,Interviewed
CAN004445,Deborah,Okonkwo,DEP011,JR078,2021-05-15,Job Portal,Offered
CAN004446,Mark,Adeyemi,DEP011,JR081,2025-11-19,Job Portal,Rejected
CAN004447,Esther,Chukwu,DEP007,JR053,2020-12-05,Campus Recruitment,Offered
CAN004448,Stephen,Ogunleye,DEP012,JR083,2025-02-20,Job Portal,Applied
CAN004449,Charity,Ibrahim,DEP014,JR097,2020-12-16,Campus Recruitment,Offered
CAN004450,Benjamin,Olawale,DEP015,JR102,2022-06-23,Job Portal,Shortlisted
CAN004451,Gloria,Akinwale,DEP009,JR066,2023-11-26,LinkedIn,Shortlisted
CAN004452,Joshua,Oshodi,DEP004,JR031,2019-12-23,Referral,Hired
CAN004453,Stephen,Ibrahim,DEP005,JR039,2023-06-17,Job Portal,Interviewed
CAN004454,Mary,Ekwueme,DEP011,JR081,2024-10-20,LinkedIn,Hired
CAN004455,Ruth,Ekwueme,DEP012,JR084,2025-06-05,Job Portal,Interviewed
CAN004456,Cornelius,Ibrahim,DEP008,JR058,2020-03-09,Campus Recruitment,Shortlisted
CAN004457,Ruth,Olawale,DEP013,JR092,2022-08-01,Job Portal,Interviewed
CAN004458,Faith,Olawale,DEP014,JR096,2025-11-15,Campus Recruitment,Interviewed
CAN004459,Samuel,Oshodi,DEP013,JR090,2023-03-01,Campus Recruitment,Applied
CAN004460,Paul,Akinwale,DEP012,JR082,2024-08-17,LinkedIn,Interviewed
CAN004461,Benjamin,Uche,DEP008,JR063,2023-04-24,Job Portal,Applied
CAN004462,Andrew,Adeyemi,DEP014,JR097,2023-11-09,Job Portal,Hired
CAN004463,Juliet,Ekwueme,DEP005,JR037,2022-06-14,LinkedIn,Shortlisted
CAN004464,Cornelius,Uche,DEP008,JR060,2023-06-02,Job Portal,Rejected
CAN004465,Angela,Ogunleye,DEP003,JR018,2019-03-01,Job Portal,Rejected
CAN004466,Patience,Chukwu,DEP005,JR035,2021-12-02,LinkedIn,Rejected
CAN004467,Joy,Oshodi,DEP015,JR106,2020-01-26,Job Portal,Interviewed
CAN004468,Sarah,Akinwale,DEP001,JR005,2020-01-14,Company Website,Rejected
CAN004469,Sarah,Ibrahim,DEP012,JR088,2019-01-26,LinkedIn,Shortlisted
CAN004470,Agnes,Abiola,DEP006,JR049,2019-06-22,Company Website,Interviewed
CAN004471,David,Uche,DEP004,JR031,2019-09-17,Company Website,Interviewed
CAN004472,Benjamin,Ojo,DEP015,JR101,2021-11-03,Referral,Hired
CAN004473,Mary,Okonkwo,DEP004,JR031,2020-08-05,Company Website,Rejected
CAN004474,Victoria,Olawale,DEP001,JR007,2021-08-03,Referral,Interviewed
CAN004475,Mark,Oyekan,DEP010,JR071,2022-07-22,Job Portal,Rejected
CAN004476,Cornelius,,DEP004,JR029,2020-06-09,Job Portal,Offered
CAN004477,Emmanuel,Ogunleye,DEP011,JR081,2023-03-03,Company Website,Hired
CAN004478,James,Oyekan,DEP010,JR072,2024-08-15,Job Portal,Hired
CAN004479,Mark,Olawale,DEP008,JR059,2021-08-22,Campus Recruitment,Shortlisted
CAN004480,Ruth,Abiola,DEP014,JR100,2025-01-09,Company Website,Shortlisted
CAN004481,Angela,Abiola,DEP004,JR032,2021-01-27,LinkedIn,Applied
CAN004482,Michael,Ogunleye,DEP009,JR068,2025-02-26,Referral,Hired
CAN004483,Daniel,Balogun,DEP010,JR071,2020-02-01,Company Website,Rejected
CAN004484,Gabriel,Olawale,DEP014,JR100,2022-10-05,LinkedIn,Interviewed
CAN004485,Victoria,Ekwueme,DEP011,JR079,2025-11-27,Job Portal,Shortlisted
CAN004486,Stephen,Adeyemi,DEP012,JR087,2023-01-27,Company Website,Interviewed
CAN004487,Emmanuel,Abiola,DEP007,JR056,2019-12-27,Referral,Rejected
CAN004488,Ruth,Balogun,DEP013,JR094,2025-04-13,Company Website,Shortlisted
CAN004489,Nathaniel,Okonkwo,DEP013,JR090,2021-03-14,LinkedIn,Rejected
CAN004490,David,Oyekan,DEP013,JR093,2023-04-11,LinkedIn,Shortlisted
CAN004491,James,Oshodi,DEP005,JR036,2022-12-24,Referral,Rejected
CAN004492,Patience,Adetokunbo,DEP005,JR039,2025-07-25,Company Website,Interviewed
CAN004493,Elizabeth,Ekwueme,DEP011,JR076,2021-06-09,LinkedIn,Rejected
CAN004494,David,Okonkwo,DEP004,JR030,2019-07-05,Referral,Shortlisted
CAN004495,Comfort,Oyekan,DEP012,JR083,2021-06-18,Company Website,Rejected
CAN004496,Charity,Obasanjo,DEP004,JR027,2020-07-02,Company Website,Rejected
CAN004497,Charity,Chukwu,DEP014,JR097,2025-10-23,Referral,Applied
CAN004498,David,Obi,DEP015,JR103,2019-03-12,Referral,Applied
CAN004499,Stephen,Balogun,DEP003,JR019,2020-04-28,LinkedIn,Applied
CAN004500,Comfort,Uche,DEP004,JR034,2024-10-20,Referral,Rejected
CAN004501,Peace,Oshodi,DEP011,JR079,2019-02-09,Referral,Shortlisted
CAN004502,Philip,Ojo,DEP011,JR075,2020-03-21,Job Portal,Rejected
CAN004503,Juliet,Oyekan,DEP003,JR017,2022-02-08,LinkedIn,Shortlisted
CAN004504,Juliet,Ogunleye,DEP014,JR097,2023-12-14,Company Website,Applied
CAN004505,Benjamin,Adeyemi,DEP011,JR081,2021-06-06,Company Website,Rejected
CAN004506,Philip,Oyekan,DEP006,JR049,2021-10-05,Job Portal,Interviewed
CAN004507,Peter,Oyekan,DEP004,JR027,2025-12-07,Company Website,Shortlisted
CAN004508,Charity,,DEP011,JR078,2024-12-07,Job Portal,Interviewed
CAN004509,Grace,Nnamani,DEP002,JR014,2024-07-12,Campus Recruitment,Offered
CAN004510,Sarah,Chukwu,DEP014,JR097,2022-07-10,Company Website,Shortlisted
CAN004511,Michael,Adetokunbo,DEP004,JR025,2019-02-19,LinkedIn,Hired
CAN004512,Gloria,Chukwu,DEP012,JR082,2022-11-23,LinkedIn,Interviewed
CAN004513,Simon,Oshodi,DEP015,JR103,2025-10-28,LinkedIn,Applied
CAN004514,Simon,Obi,DEP003,JR020,2023-09-17,Referral,Shortlisted
CAN004515,Deborah,Balogun,DEP006,JR046,2022-04-08,Company Website,Hired
CAN004516,Joseph,Ekwueme,DEP007,JR052,2020-06-19,Job Portal,Applied
CAN004517,Peter,Olawale,DEP013,JR091,2019-08-07,Referral,Interviewed
CAN004518,Nathaniel,Uche,DEP003,JR023,2024-03-12,LinkedIn,Applied
CAN004519,Gloria,Chukwu,DEP001,JR007,2021-11-08,LinkedIn,Hired
CAN004520,Hope,Balogun,DEP014,JR100,2021-11-24,Referral,Hired
CAN004521,Angela,Balogun,DEP013,JR089,2023-04-03,LinkedIn,Shortlisted
CAN004522,Joshua,Uche,DEP008,JR060,2019-09-01,Referral,Hired
CAN004523,Agnes,Chukwu,DEP003,JR018,2024-04-23,Company Website,Interviewed
CAN004524,Victoria,,DEP009,JR066,2021-09-05,Company Website,Unknown
CAN004525,Mark,,DEP013,JR092,2025-01-07,Referral,Offered
CAN004526,John,Oshodi,DEP002,JR013,2024-07-04,Referral,Offered
CAN004527,Paul,Nnamani,DEP013,JR091,2021-04-08,Company Website,Applied
CAN004528,Peace,Balogun,DEP010,JR073,2020-03-14,LinkedIn,Hired
CAN004529,Deborah,Chukwu,DEP004,JR032,2020-07-24,LinkedIn,Offered
CAN004530,Stephen,Akinwale,DEP010,JR069,2025-10-21,Referral,Shortlisted
CAN004531,Hope,Obasanjo,DEP015,JR102,2022-11-04,Company Website,Rejected
CAN004532,Angela,Ojo,DEP011,JR078,2023-08-22,LinkedIn,Hired
CAN004533,Mary,Adetokunbo,DEP002,JR014,2023-03-16,Job Portal,Rejected
CAN004534,Agnes,Uche,DEP007,JR052,2019-08-18,Referral,Interviewed
CAN004535,Agnes,Eze,DEP004,JR026,2020-11-24,Company Website,Applied
CAN004536,Daniel,Ojo,DEP001,JR005,2025-08-16,Company Website,Hired
CAN004537,Gabriel,Nnamani,DEP010,JR073,2025-12-02,Job Portal,Hired
CAN004538,Samuel,Oyekan,DEP001,JR005,2023-07-08,Job Portal,Offered
CAN004539,Sarah,Eze,DEP012,JR088,2020-11-08,Company Website,Applied
CAN004540,Joseph,Adetokunbo,DEP006,JR045,2024-12-14,Indeed,Interviewed
CAN004541,Juliet,Nnamani,DEP007,JR052,2019-04-24,LinkedIn,Applied
CAN004542,Faith,,DEP006,JR045,2023-11-18,Referral,Interviewed
CAN004543,Emmanuel,Obi,DEP005,JR040,2024-07-07,Campus Recruitment,Shortlisted
CAN004544,Esther,Ibrahim,DEP004,JR028,2019-12-23,Job Portal,Offered
CAN004545,Peace,Okafor,DEP004,JR033,2025-12-04,Referral,Applied
CAN004546,Philip,Ibrahim,DEP015,JR102,2022-06-02,Referral,Shortlisted
CAN004547,Angela,Ibrahim,DEP013,JR089,2023-11-21,Referral,Interviewed
CAN004548,Joseph,Adeyemi,DEP011,JR076,2020-06-10,Job Portal,Applied
CAN004549,David,Okafor,DEP009,JR068,2021-09-25,Campus Recruitment,Rejected
CAN004550,Elizabeth,Chukwu,DEP015,JR102,2019-10-13,Company Website,Hired
CAN004551,Mary,Chukwu,DEP002,JR009,2025-01-09,Job Portal,Shortlisted
CAN004552,Daniel,Akinwale,DEP003,JR017,2019-08-22,Campus Recruitment,Offered
CAN004553,Sarah,Adetokunbo,DEP004,JR032,2019-10-20,LinkedIn,Offered
CAN004554,Samuel,Okonkwo,DEP001,JR001,2019-10-18,LinkedIn,Hired
CAN004555,Philip,Okafor,DEP001,JR003,2022-02-15,Company Website,Hired
CAN004556,Victoria,Uche,DEP003,JR019,2025-10-02,Referral,Applied
CAN004557,Angela,Oshodi,DEP010,JR071,2020-06-15,Job Portal,Rejected
CAN004558,Samuel,Nnamani,DEP004,JR030,2022-07-25,Campus Recruitment,Hired
CAN004559,Mark,Adetokunbo,DEP008,JR063,2023-08-26,Company Website,Applied
CAN004560,Sarah,Okonkwo,DEP005,JR037,2020-02-21,Campus Recruitment,Shortlisted
CAN004561,Emmanuel,Balogun,DEP007,JR057,2019-04-13,Job Portal,Rejected
CAN004562,Joshua,Ojo,DEP009,JR067,2023-04-14,Campus Recruitment,Unknown
CAN004563,Blessing,Olawale,DEP013,JR093,2021-10-10,Job Portal,Interviewed
CAN004564,Grace,Nnamani,DEP004,JR032,2023-12-06,Company Website,Hired
CAN004565,Nathaniel,Akinwale,DEP004,JR031,2024-11-01,Referral,Offered
CAN004566,David,Okafor,DEP013,JR090,2021-02-14,Referral,Applied
CAN004567,Elizabeth,Ojo,DEP001,JR006,2019-11-09,Referral,Applied
CAN004568,Daniel,Abiola,DEP002,JR016,2020-05-08,Company Website,Hired
CAN004569,Philip,Ojo,DEP006,JR047,2022-08-19,Referral,Applied
CAN004570,Hope,Obasanjo,DEP009,JR066,2023-12-20,LinkedIn,Offered
CAN004571,Gloria,Oshodi,DEP002,JR012,2024-08-01,NIL,Hired
CAN004572,Peter,Balogun,DEP006,JR044,2019-07-02,Referral,Shortlisted
CAN004573,Joseph,Abiola,DEP015,JR106,2024-06-24,Job Portal,Shortlisted
CAN004574,Cornelius,Akinwale,DEP011,JR078,2023-07-12,LinkedIn,Interviewed
CAN004575,Comfort,Uche,DEP015,JR104,2023-01-19,LinkedIn,Offer
CAN004576,Juliet,Eze,DEP010,JR072,2023-06-10,Job Portal,Offered
CAN004577,Cornelius,Okonkwo,DEP007,JR053,2023-09-07,Campus Recruitment,Hired
CAN004578,,Uche,DEP014,JR100,2022-01-07,Referral,Hired
CAN004579,Simon,Ekwueme,DEP003,JR023,2024-07-07,LinkedIn,Shortlisted
CAN004580,Daniel,Nnamani,DEP005,JR035,2023-12-22,Job Portal,Interviewed
CAN004581,,Ogunleye,DEP006,JR045,2020-10-12,Referral ,Rejected
CAN004582,Victoria,Olawale,DEP009,JR068,2020-02-16,Campus Recruitment,Interviewed
CAN004583,Victoria,Obasanjo,DEP007,JR053,2024-12-09,Job Portal,Hired
CAN004584,Juliet,Okonkwo,DEP005,JR040,2023-05-12,LinkedIn,Hired
CAN004585,Emmanuel,Adetokunbo,DEP006,JR048,2020-03-23,LinkedIn,Hired
CAN004586,Sarah,,DEP006,JR044,2022-06-23,Referral,Interviewed
CAN004587,Stephen,Nnamani,DEP012,JR088,2023-01-18,Company Website,Shortlisted
CAN004588,Joy,Ekwueme,DEP013,JR093,2020-01-08,Job Portal,Hired
CAN004589,Peace,Balogun,DEP006,JR044,2024-12-03,Campus Recruitment,Rejected
CAN004590,Sarah,Chukwu,DEP013,JR092,2023-11-21,Job Portal,Offered
CAN004591,Cornelius,,DEP012,JR088,2020-06-28,Company Website,Offered
CAN004592,Cornelius,Ogunleye,DEP005,JR038,2019-08-07,Company Website,Offered
CAN004593,Angela,Ekwueme,DEP014,JR097,2023-03-13,LinkedIn,Rejected
CAN004594,Comfort,Adetokunbo,DEP005,JR039,2019-10-09,Job Portal,Interviewed
CAN004595,Peace,Adetokunbo,DEP007,JR053,2024-05-13,Campus Recruitment,Interviewed
CAN004596,Joseph,Ibrahim,DEP007,JR052,2025-04-23,Company Website,Hired
CAN004597,Nathaniel,Akinwale,DEP007,JR051,2022-08-01,Campus Recruitment,Hired
CAN004598,Peace,Eze,DEP004,JR028,2025-06-24,Job Portal,Applied
CAN004599,Angela,Akinwale,DEP004,JR030,2024-10-11,Referral,Shortlisted
CAN004600,Gabriel,Obasanjo,DEP005,JR040,2020-05-27,Referral,Offer
CAN004601,Joshua,Adetokunbo,DEP011,JR079,2025-09-10,Job Portal,Rejected
CAN004602,Sarah,Ojo,DEP006,JR049,2021-06-06,Company Website,Rejected
CAN004603,Mark,Ibrahim,DEP012,JR082,2024-07-28,Company Website,Interviewed
CAN004604,Nathaniel,Oshodi,DEP014,JR096,2021-06-03,Referral,Rejected
CAN004605,Mary,Adeyemi,DEP007,JR053,2023-06-26,LinkedIn,Applied
CAN004606,Faith,Obasanjo,DEP002,JR016,2023-07-03,Referral,Rejected
CAN004607,Joseph,Okonkwo,DEP012,JR086,2021-07-15,Campus Recruitment,Interviewed
CAN004608,Patience,Ojo,DEP007,JR051,2025-05-12,Referral,Shortlisted
CAN004609,Paul,Uche,DEP005,JR035,2020-02-03,Company Website,Offered
CAN004610,Ruth,Olawale,DEP014,JR095,2024-07-15,Job Portal,Applied
CAN004611,Daniel,Ekwueme,DEP003,JR022,2023-03-03,Job Portal,Offered
CAN004612,Joseph,Nnamani,DEP004,JR032,2025-09-26,Company Website,Shortlisted
CAN004613,Gloria,Ekwueme,DEP011,JR077,2025-11-20,LinkedIn,Applied
CAN004614,Cornelius,Adetokunbo,DEP007,JR056,2021-06-02,Company Website,Applied
CAN004615,Juliet,Adeyemi,DEP002,JR012,2019-06-28,Referral,Shortlisted
CAN004616,Joshua,Adeyemi,DEP007,JR051,2020-03-18,Company Website,Applied
CAN004617,Grace,Adeyemi,DEP004,JR032,2024-07-16,Job Portal,Offered
CAN004618,Deborah,Nnamani,DEP013,JR094,2025-11-23,Company Website,Applied
CAN004619,Hope,Obi,DEP010,JR073,2025-10-22,Campus Recruitment,Hired
CAN004620,Gloria,Abiola,DEP006,JR046,2021-05-21,Company Website,Interviewed
CAN004621,Peter,Chukwu,DEP006,JR044,2021-07-07,Campus Recruitment,Rejected
CAN004622,Grace,Ekwueme,DEP011,JR079,2019-05-02,Referral,Rejected
CAN004623,Sarah,Adetokunbo,DEP011,JR075,2023-06-24,Campus Recruitment,Rejected
CAN004624,Sarah,Ibrahim,DEP012,JR087,2024-12-19,Company Website,Rejected
CAN004625,Stephen,Adetokunbo,DEP001,JR007,2019-12-25,Job Portal,Hired
CAN004626,Stephen,Ibrahim,DEP005,JR038,2022-03-10,Campus Recruitment,Hired
CAN004627,Peter,Oyekan,DEP011,JR079,2024-02-15,Job Portal,Applied
CAN004628,Victoria,Ekwueme,DEP005,JR036,2025-02-01,LinkedIn,Offered
CAN004629,Samuel,Okafor,DEP004,JR034,2021-07-11,Job Portal,Shortlisted
CAN004630,Gabriel,Obasanjo,DEP004,JR029,2025-07-17,LinkedIn,Offered
CAN004631,Samuel,Oyekan,DEP003,JR021,2025-12-06,Campus Recruitment,Applied
CAN004632,Simon,Adeyemi,DEP009,JR065,2020-01-19,Job Portal,Offered
CAN004633,Blessing,Okafor,DEP011,JR077,2021-02-07,Company Website,Hired
CAN004634,Gloria,Oshodi,DEP005,JR038,2021-12-23,Job Portal,Rejected
CAN004635,Sarah,Okonkwo,DEP007,JR054,2024-11-15,Referral,Hired
CAN004636,Gloria,Akinwale,DEP007,JR054,2023-10-01,LinkedIn,Hired
CAN004637,Joshua,Ibrahim,DEP007,JR055,2024-07-15,LinkedIn,Offered
CAN004638,Emmanuel,Obasanjo,DEP003,JR022,2021-07-05,Company Website,Offered
CAN004639,Joy,Olawale,DEP003,JR020,2022-07-07,Campus Recruitment,Hired
CAN004640,Gloria,Akinwale,DEP008,JR059,2024-06-20,Referral,Applied
CAN004641,Deborah,Obasanjo,DEP008,JR062,2025-02-17,LinkedIn,Rejected
CAN004642,Comfort,Okonkwo,DEP001,JR005,2021-11-22,Referral,Applied
CAN004643,Peace,Okafor,DEP013,JR091,2024-09-24,Walk In,Applied
CAN004644,Andrew,Uche,DEP008,JR058,2019-10-18,Job Portal,Hired
CAN004645,Grace,Obi,DEP006,JR042,2020-06-13,Job Portal,Offered
CAN004646,Peace,Obasanjo,DEP007,JR054,2025-10-17,Referral,Interviewed
CAN004647,Faith,Abiola,DEP013,JR093,2019-05-16,LinkedIn,Rejected
CAN004648,Benjamin,Akinwale,DEP003,JR023,2021-08-18,Job Portal,Applied
CAN004649,Stephen,Nnamani,DEP012,JR085,2022-03-07,Campus Recruitment,Interviewed
CAN004650,Philip,Okafor,DEP013,JR089,2022-11-01,Campus Recruitment,Rejected
CAN004651,Grace,Oshodi,DEP002,JR011,2025-03-08,Company Website,Rejected
CAN004652,Joy,Okonkwo,DEP014,JR096,2023-10-08,LinkedIn,Rejected
CAN004653,Philip,Okafor,DEP009,JR067,2020-01-02,Company Website,Applied
CAN004654,Michael,Ojo,DEP008,JR063,2021-01-08,Company Website,Shortlisted
CAN004655,Angela,Nnamani,DEP007,JR055,2022-03-19,Campus Recruitment,Rejected
CAN004656,Michael,Adetokunbo,DEP003,JR019,2021-04-23,Company Website,Applied
CAN004657,Philip,Nnamani,DEP006,JR046,2021-07-06,Company Website,Interviewed
CAN004658,Gloria,Obi,DEP009,JR068,2025-12-23,Campus Recruitment,Hired
CAN004659,Ruth,,DEP006,JR045,2024-03-11,LinkedIn,Hired
CAN004660,Gloria,Oyekan,DEP008,JR060,2025-04-21,Campus Recruitment,Hired
CAN004661,Cornelius,Nnamani,DEP004,JR034,2020-07-22,Company Website,Interviewed
CAN004662,Juliet,Oyekan,DEP001,JR001,2022-05-12,Campus Recruitment,Hired
CAN004663,Angela,Obasanjo,DEP011,JR079,2023-06-18,Campus Recruitment,Hired
CAN004664,Daniel,Balogun,DEP011,JR080,2025-07-07,Job Portal,Hired
CAN004665,Nathaniel,Nnamani,DEP011,JR074,2025-06-07,Referral,Applied
CAN004666,Gloria,Obasanjo,DEP005,JR036,2020-01-21,LinkedIn,Applied
CAN004667,Cornelius,Ojo,DEP004,JR028,2022-06-19,Referral,Shortlisted
CAN004668,Philip,Oshodi,DEP004,JR032,2020-03-09,Campus Recruitment,Offered
CAN004669,Simon,Okonkwo,DEP003,JR023,2021-09-12,Campus Recruitment,Offered
CAN004670,Joy,Adeyemi,DEP013,JR092,2020-12-25,LinkedIn,Rejected
CAN004671,Comfort,Obasanjo,DEP010,JR070,2019-09-03,LinkedIn,Hired
CAN004672,Charity,Uche,DEP006,JR048,2021-06-18,Company Website,Shortlisted
CAN004673,Esther,Ogunleye,DEP007,JR057,2025-04-10,Referral,Hired
CAN004674,Comfort,Olawale,DEP015,JR106,2020-12-22,Company Website,Rejected
CAN004675,Mary,Abiola,DEP007,JR055,2024-11-02,LinkedIn,Rejected
CAN004676,James,Olawale,DEP002,JR012,2020-10-22,Company Website,Shortlisted
CAN004677,Sarah,Oyekan,DEP012,JR088,2023-08-21,LinkedIn,Rejected
CAN004678,Mark,Chukwu,DEP013,JR093,2021-10-06,Job Portal,Rejected
CAN004679,Gabriel,Okonkwo,DEP004,JR034,2025-02-18,Company Website,Interviewed
CAN004680,Patience,Obi,DEP013,JR089,2025-05-27,Company Website,Interviewed
CAN004681,Samuel,Akinwale,DEP006,JR043,2024-03-06,Company Website,Interviewed
CAN004682,Blessing,Eze,DEP013,JR093,2019-08-24,LinkedIn,Offered
CAN004683,Esther,Akinwale,DEP010,JR072,2021-02-22,LinkedIn,Applied
CAN004684,Ruth,Eze,DEP013,JR089,2019-09-23,Company Website,Offered
CAN004685,Emmanuel,Balogun,DEP005,JR038,2025-06-24,LinkedIn,Applied
CAN004686,,Abiola,DEP012,JR082,2019-05-14,LinkedIn,Interviewed
CAN004687,Gabriel,Okonkwo,DEP005,JR040,2025-11-06,LinkedIn,Applied
CAN004688,Michael,Eze,DEP001,JR006,2022-08-12,Job Portal,Interviewed
CAN004689,Mark,Okafor,DEP005,JR037,2023-10-13,Company Website,Interviewed
CAN004690,Benjamin,Chukwu,DEP010,JR071,2021-11-01,LinkedIn,Shortlisted
CAN004691,Victoria,Abiola,DEP014,JR096,2025-06-16,LinkedIn,Hired
CAN004692,Simon,Uche,DEP006,JR049,2019-03-07,Company Website,Interviewed
CAN004693,Michael,Nnamani,DEP004,JR032,2024-05-23,Campus Recruitment,Offered
CAN004694,Elizabeth,Ekwueme,DEP013,JR093,2023-06-02,Company Website,Applied
CAN004695,Mark,Nnamani,DEP003,JR020,2023-12-19,LinkedIn,Interviewed
CAN004696,Victoria,Balogun,DEP015,JR104,2025-07-01,Campus Recruitment,Interviewed
CAN004697,John,,DEP001,JR002,2024-06-27,Company Website,Offered
CAN004698,Gloria,Okonkwo,DEP015,JR105,2022-07-05,Campus Recruitment,Shortlisted
CAN004699,Peter,Ibrahim,DEP010,JR071,2021-12-26,Company Website,Applied
CAN004700,Patience,Chukwu,DEP003,JR019,2024-06-15,Job Portal,Interviewed
CAN004701,Patience,Ogunleye,DEP005,JR035,2024-06-14,LinkedIn,Rejected
CAN004702,Sarah,Nnamani,DEP010,JR073,2019-06-26,Campus Recruitment,Shortlisted
CAN004703,Patience,Balogun,DEP009,JR064,2022-01-25,LinkedIn,Shortlisted
CAN004704,Stephen,Abiola,DEP007,JR056,2022-06-21,Job Portal,Applied
CAN004705,Stephen,Nnamani,DEP006,JR047,2022-03-07,Campus Recruitment,Applied
CAN004706,Benjamin,Akinwale,DEP007,JR050,2025-05-13,Company Website,Shortlisted
CAN004707,Ruth,Uche,DEP004,JR026,2022-09-03,LinkedIn,Hired
CAN004708,Peace,Obi,DEP010,JR070,2024-03-03,LinkedIn,Interviewed
CAN004709,Andrew,Oyekan,DEP005,JR039,2021-02-03,Job Portal,Interviewed
CAN004710,Nathaniel,Balogun,DEP001,JR002,2023-02-17,LinkedIn,Hired
CAN004711,Philip,Nnamani,DEP001,JR002,2022-12-25,Job Portal,Offered
CAN004712,Esther,Okonkwo,DEP002,JR012,2020-05-05,Referral,Rejected
CAN004713,Joseph,Nnamani,DEP003,JR021,2025-02-10,Referral,Applied
CAN004714,Stephen,Adetokunbo,DEP002,JR014,2021-05-11,Job Portal,Offered
CAN004715,Emmanuel,Adeyemi,DEP009,JR068,2019-01-15,Job Portal,Interviewed
CAN004716,John,Ekwueme,DEP004,JR029,2020-06-06,Company Website,Rejected
CAN004717,Philip,Ekwueme,DEP005,JR041,2019-11-03,Campus Recruitment,Applied
CAN004718,John,Ekwueme,DEP003,JR022,2024-01-02,Company Website,Interviewed
CAN004719,Gloria,Nnamani,DEP013,JR091,2025-09-12,Campus Recruitment,Rejected
CAN004720,Sarah,Okonkwo,DEP003,JR020,2024-11-11,Referral,Applied
CAN004721,Charity,Nnamani,DEP003,JR022,2019-07-27,Company Website,Applied
CAN004722,Daniel,Oyekan,DEP005,JR041,2020-06-20,Job Portal,Shortlisted
CAN004723,Ruth,Okafor,DEP009,JR064,2021-01-16,Job Portal,Applied
CAN004724,Joy,Eze,DEP011,JR077,2020-03-22,Company Website,Interviewed
CAN004725,Ruth,Eze,DEP002,JR011,2021-09-21,Referral,Shortlisted
CAN004726,Benjamin,Okonkwo,DEP010,JR073,2024-09-19,Company Website,Rejected
CAN004727,Charity,Abiola,DEP015,JR103,2020-02-19,Company Website,Hired
CAN004728,David,Olawale,DEP005,JR037,2024-11-08,Campus Recruitment,Offered
CAN004729,Nathaniel,Oyekan,DEP011,JR079,2023-02-26,Campus Recruitment,Applied
CAN004730,Agnes,Akinwale,DEP011,JR076,2021-02-02,LinkedIn,Hired
CAN004731,Agnes,Abiola,DEP006,JR045,2025-01-24,Referral,Hired
CAN004732,Esther,Obasanjo,DEP002,JR011,2019-05-28,Referral,Rejected
CAN004733,Peter,Abiola,DEP011,JR079,2025-01-21,Referral,Rejected
CAN004734,Grace,Okafor,DEP014,JR097,2024-03-02,LinkedIn,Hired
CAN004735,Paul,Ibrahim,DEP009,JR065,2025-03-02,LinkedIn,Applied
CAN004736,Juliet,Oyekan,DEP013,JR093,2025-02-08,Company Website,Interviewed
CAN004737,Joshua,Adeyemi,DEP008,JR063,2025-10-15,Referral,Shortlisted
CAN004738,Agnes,Obasanjo,DEP003,JR022,2020-03-08,Company Website,Applied
CAN004739,Simon,Okonkwo,DEP005,JR039,2024-05-21,Company Website,Hired
CAN004740,Grace,Ekwueme,DEP002,JR013,2021-05-10,Company Website,Applied
CAN004741,Faith,Abiola,DEP004,JR026,2021-08-19,Job Portal,Interviewed
CAN004742,Philip,Okonkwo,DEP008,JR063,2020-12-26,Campus Recruitment,Hired
CAN004743,Patience,Akinwale,DEP011,JR074,2021-10-21,LinkedIn,Offered
CAN004744,Mary,Akinwale,DEP014,JR095,2024-02-22,Referral,Rejected
CAN004745,Philip,Olawale,DEP010,JR071,2022-01-10,Referral,Offered
CAN004746,Mary,Ibrahim,DEP011,JR081,2021-01-10,Company Website,Applied
CAN004747,Deborah,Ekwueme,DEP010,JR073,2021-01-11,Company Website,Shortlisted
CAN004748,Faith,Adeyemi,DEP012,JR083,2020-12-07,Job Portal,Shortlisted
CAN004749,Juliet,Adetokunbo,DEP012,JR088,2021-06-02,LinkedIn,Applied
CAN004750,Elizabeth,Okonkwo,DEP006,JR046,2024-01-17,Company Website,Offered
CAN004751,Elizabeth,Ojo,DEP002,JR009,2022-12-10,LinkedIn,Rejected
CAN004752,Peace,Oshodi,DEP004,JR025,2024-10-01,Job Portal,Shortlisted
CAN004753,Mark,Nnamani,DEP013,JR090,2021-02-01,Campus Recruitment,Shortlisted
CAN004754,Paul,Adeyemi,DEP002,JR011,2020-06-17,Campus Recruitment,Applied
CAN004755,Mark,Abiola,DEP004,JR027,2022-07-06,LinkedIn,Applied
CAN004756,Juliet,Okonkwo,DEP008,JR062,2020-11-14,Company Website,Offered
CAN004757,Gabriel,Oshodi,DEP006,JR049,2019-05-09,linkedin,Shortlisted
CAN004758,Michael,Oyekan,DEP002,JR015,2021-03-20,LinkedIn,Shortlisted
CAN004759,Cornelius,Oshodi,DEP007,JR051,2021-03-24,Job Portal,Shortlisted
CAN004760,John,Obi,DEP012,JR086,2023-10-22,Referral,Shortlisted
CAN004761,Esther,Ogunleye,DEP007,JR057,2022-03-04,LinkedIn,Rejected
CAN004762,,Ibrahim,DEP008,JR060,2021-11-21,LinkedIn,Interviewed
CAN004763,Elizabeth,Obasanjo,DEP006,JR049,2021-07-04,Job Portal,Interviewed
CAN004764,Joshua,Adetokunbo,DEP011,JR074,2019-05-17,Referral,Offered
CAN004765,Benjamin,Obasanjo,DEP010,JR070,2021-06-05,Referral,Offered
CAN004766,Elizabeth,Obi,DEP011,JR075,2021-04-03,Job Portal,Hired
CAN004767,Paul,Okonkwo,DEP011,JR078,2022-03-20,Referral,Offered
CAN004768,Joseph,Okafor,DEP003,JR018,2025-04-17,Campus Recruitment,Applied
CAN004769,Peter,Olawale,DEP012,JR087,2019-02-16,Job Portal,Interviewed
CAN004770,Mark,Okafor,DEP012,JR086,2021-02-22,Company Website,Interviewed
CAN004771,Mark,Akinwale,DEP015,JR101,2021-05-25,Campus Recruitment,Offered
CAN004772,Stephen,Ekwueme,DEP013,JR094,2022-08-25,LinkedIn,Interviewed
CAN004773,Paul,Nnamani,DEP011,JR078,2021-07-12,Campus Recruitment,Offered
CAN004774,Sarah,Oshodi,DEP009,JR065,2019-02-26,Job Portal,Interviewed
CAN004775,Emmanuel,Uche,DEP004,JR026,2025-06-17,Job Portal,Interviewed
CAN004776,John,Ojo,DEP006,JR043,2025-01-20,Campus Recruitment,Shortlisted
CAN004777,Gloria,Balogun,DEP015,JR103,2019-03-23,Referral,Offered
CAN004778,Michael,Adeyemi,DEP012,JR083,2020-02-19,Referral,Offered
CAN004779,Esther,Eze,DEP015,JR102,2020-01-23,Company Website,Applied
CAN004780,Elizabeth,Ibrahim,DEP007,JR054,2023-07-19,Company Website,Offered
CAN004781,Joy,Oyekan,DEP007,JR055,2019-05-25,Referral,Hired
CAN004782,Charity,Ibrahim,DEP003,JR024,2021-04-12,LinkedIn,Offered
CAN004783,Simon,Akinwale,DEP008,JR061,2025-12-14,Company Website,Offered
CAN004784,,Balogun,DEP012,JR086,2021-12-13,Referral,Offered
CAN004785,Charity,Obasanjo,DEP013,JR091,2023-03-19,Referral,Offered
CAN004786,Paul,Oshodi,DEP011,JR076,2023-01-28,Job Portal,Shortlisted
CAN004787,Juliet,,DEP002,JR013,2024-03-14,Referral,Offered
CAN004788,Daniel,Ekwueme,DEP004,JR032,2019-07-03,LinkedIn,Applied
CAN004789,Paul,Olawale,DEP010,JR072,2020-04-13,LinkedIn,Shortlisted
CAN004790,Deborah,Obasanjo,DEP015,JR103,2022-09-10,Company Website,Applied
CAN004791,Ruth,Chukwu,DEP009,JR067,2020-05-07,Referral,Shortlisted
CAN004792,Samuel,Obi,DEP003,JR023,2023-03-27,Campus Recruitment,Offered
CAN004793,Samuel,Ojo,DEP013,JR094,2023-11-22,Job Portal,Hired
CAN004794,Juliet,Okafor,DEP003,JR019,2019-04-19,Job Portal,Hired
CAN004795,Michael,Uche,DEP011,JR074,2019-09-26,Job Portal,Shortlisted
CAN004796,Comfort,Nnamani,DEP008,JR059,2021-10-19,Job Portal,Offered
CAN004797,James,Okonkwo,DEP011,JR077,2024-01-04,Job Portal,Hired
CAN004798,Peter,Oyekan,DEP004,JR033,2022-04-03,Company Website,Shortlisted
CAN004799,Joseph,Chukwu,DEP005,JR036,2024-04-07,Company Website,Rejected
CAN004800,Patience,Okafor,DEP012,JR084,2023-06-18,Campus Recruitment,Hired
CAN004801,Victoria,Obi,DEP002,JR015,2023-03-21,Campus Recruitment,Rejected
CAN004802,Charity,Ekwueme,DEP015,JR103,2021-11-12,Campus Recruitment,Interviewed
CAN004803,Peace,Adetokunbo,DEP004,JR027,2022-09-20,Company Website,Shortlisted
CAN004804,Deborah,Obasanjo,DEP009,JR067,2025-01-11,LinkedIn,Rejected
CAN004805,Victoria,Okafor,DEP004,JR034,2021-12-04,Campus Recruitment,Hired
CAN004806,Joseph,Okafor,DEP015,JR102,2025-11-12,Company Website,Rejected
CAN004807,Charity,Okonkwo,DEP005,JR041,2022-09-13,Referral,Rejected
CAN004808,Emmanuel,Abiola,DEP010,JR069,2024-03-21,Company Website,Offered
CAN004809,,Ekwueme,DEP001,JR004,2023-08-15,Campus Recruitment,Applied
CAN004810,Juliet,Balogun,DEP006,JR045,2025-03-21,Campus Recruitment,Interviewed
CAN004811,Gloria,Oyekan,DEP002,JR016,2023-08-21,LinkedIn,Offered
CAN004812,Juliet,Balogun,DEP013,JR093,2022-01-05,Indeed,Applied
CAN004813,Peace,Okafor,DEP014,JR098,2019-01-08,Referral,Interviewed
CAN004814,Nathaniel,Oyekan,DEP002,JR013,2025-09-08,Referral,Shortlisted
CAN004815,Gabriel,Ibrahim,DEP012,JR085,2024-04-17,Job Portal,Rejected
CAN004816,Cornelius,Obasanjo,DEP004,JR029,2020-10-08,Campus Recruitment,Offered
CAN004817,Peace,Adeyemi,DEP003,JR019,2024-04-05,Job Portal,Applied
CAN004818,Peace,Okonkwo,DEP004,JR034,2022-11-09,Campus Recruitment,Interviewed
CAN004819,Grace,Nnamani,DEP009,JR064,2019-09-02,LinkedIn,Rejected
CAN004820,John,Olawale,DEP007,JR055,2022-01-22,Campus Recruitment,Applied
CAN004821,Mary,Obi,DEP014,JR098,2025-07-26,Company Website,Offered
CAN004822,John,Nnamani,DEP015,JR105,2022-09-17,Campus Recruitment,Offered
CAN004823,Peter,Oyekan,DEP006,JR043,2019-12-10,LinkedIn,Offered
CAN004824,Grace,Abiola,DEP006,JR049,2023-04-22,LinkedIn,Interviewed
CAN004825,Joy,Ekwueme,DEP004,JR034,2021-12-27,LinkedIn,Shortlisted
CAN004826,Juliet,Olawale,DEP006,JR044,2021-01-03,Referral,Rejected
CAN004827,Juliet,Ekwueme,DEP004,JR032,2024-06-16,Job Portal,Interviewed
CAN004828,David,Nnamani,DEP013,JR092,2025-08-13,Indeed,Offered
CAN004829,Angela,Ojo,DEP004,JR028,2020-11-11,Campus Recruitment,Applied
CAN004830,Sarah,Ibrahim,DEP012,JR087,2020-09-27,Job Portal,Applied
CAN004831,Mark,Ojo,DEP010,JR073,2021-08-02,Company Website,Interviewed
CAN004832,Mark,Ibrahim,DEP008,JR058,2021-07-11,Referral,Shortlisted
CAN004833,Emmanuel,Uche,DEP008,JR059,2023-05-15,Job Portal,Hired
CAN004834,Paul,Oyekan,DEP015,JR103,2022-03-20,Job Portal,Interviewed
CAN004835,Peter,Chukwu,DEP003,JR017,2023-04-18,Job Portal,Rejected
CAN004836,Emmanuel,Ogunleye,DEP008,JR063,2019-04-16,LinkedIn,Shortlisted
CAN004837,Gabriel,Balogun,DEP006,JR047,2024-12-11,Campus Recruitment,Rejected
CAN004838,Simon,Adeyemi,DEP004,JR033,2019-07-17,Referral,Shortlisted
CAN004839,Cornelius,Abiola,DEP010,JR073,2020-09-03,Referral,Applied
CAN004840,James,Olawale,DEP003,JR019,2025-03-07,Campus Recruitment,Shortlisted
CAN004841,Joshua,Obi,DEP008,JR060,2019-11-07,LinkedIn,Offered
CAN004842,Simon,Ekwueme,DEP004,JR029,2025-11-27,Company Website,Hired
CAN004843,Paul,Adetokunbo,DEP001,JR002,2021-02-14,Job Portal,Shortlisted
CAN004844,Victoria,Adetokunbo,DEP011,JR081,2024-03-24,Referral,Shortlisted
CAN004845,Samuel,Okonkwo,DEP002,JR009,2025-03-01,Referral,Offered
CAN004846,Benjamin,Akinwale,DEP013,JR091,2024-02-02,linkedin,Rejected
CAN004847,Ruth,Eze,DEP015,JR102,2019-03-17,Company Website,Shortlisted
CAN004848,Peter,Ojo,DEP012,JR087,2024-04-07,Referral,Interviewed
CAN004849,Daniel,,DEP014,JR100,2024-03-23,Company Website,Interviewed
CAN004850,Peter,Obi,DEP014,JR097,2020-02-03,Campus Recruitment,Interviewed
CAN004851,Hope,Abiola,DEP006,JR047,2020-10-15,Job Portal,Interviewed
CAN004852,Nathaniel,Obi,DEP015,JR103,2024-12-23,Company Website,Hired
CAN004853,Peace,Ekwueme,DEP002,JR012,2025-12-05,Company Website,Shortlisted
CAN004854,Deborah,Adetokunbo,DEP005,JR041,2024-03-10,Referral,Applied
CAN004855,Deborah,Ogunleye,DEP014,JR098,2024-06-08,LinkedIn,Shortlisted
CAN004856,Hope,Okafor,DEP009,JR064,2025-03-09,Job Portal,Interviewed
CAN004857,,Oshodi,DEP011,JR079,2019-01-14,NIL,Hired
CAN004858,Samuel,Ibrahim,DEP011,JR074,2024-02-12,Company Website,Offered
CAN004859,Benjamin,Ekwueme,DEP003,JR022,2024-05-06,Company Website,Accepted
CAN004860,Philip,Okonkwo,DEP013,JR091,2020-10-03,Company Website,Applied
CAN004861,Agnes,Ekwueme,DEP005,JR035,2020-07-21,Company Website,Rejected
CAN004862,Victoria,Ekwueme,DEP009,JR068,2025-01-27,Referral,Shortlisted
CAN004863,Paul,Ojo,DEP007,JR051,2023-04-24,LinkedIn,Hired
CAN004864,Michael,Balogun,DEP001,JR005,2020-06-15,Company Website,Applied
CAN004865,Emmanuel,Obi,DEP015,JR104,2025-05-23,Job Portal,Rejected
CAN004866,Deborah,Oshodi,DEP012,JR088,2022-08-01,Referral,Shortlisted
CAN004867,Esther,Ibrahim,DEP003,JR022,2022-02-08,LinkedIn,Interviewed
CAN004868,Juliet,Oyekan,DEP002,JR010,2019-12-28,Referral,Interviewed
CAN004869,Blessing,Eze,DEP001,JR007,2019-12-03,Job Portal,Shortlisted
CAN004870,Sarah,Ekwueme,DEP002,JR013,2022-12-16,Company Website,Applied
CAN004871,Emmanuel,Okafor,DEP007,JR053,2025-08-05,LinkedIn,Hired
CAN004872,Michael,Adeyemi,DEP002,JR012,2023-10-14,Company Website,Rejected
CAN004873,Esther,Ekwueme,DEP007,JR054,2019-05-26,LinkedIn,Interviewed
CAN004874,Patience,Eze,DEP007,JR055,2022-10-01,Company Website,Shortlisted
CAN004875,Hope,Adetokunbo,DEP002,JR010,2025-01-15,Referral,Hired
CAN004876,Grace,Adetokunbo,DEP011,JR074,2019-05-03,Campus Recruitment,Hired
CAN004877,Cornelius,Okafor,DEP005,JR037,2020-03-22,Job Portal,Shortlisted
CAN004878,Nathaniel,Oyekan,DEP013,JR091,2021-05-06,Company Website,Applied
CAN004879,John,Oshodi,DEP014,JR097,2019-11-20,Job Portal,Appliedd
CAN004880,Nathaniel,Obasanjo,DEP006,JR043,2023-06-19,LinkedIn,Interviewed
CAN004881,Philip,Okafor,DEP007,JR054,2025-08-01,Campus Recruitment,Shortlisted
CAN004882,Daniel,Balogun,DEP010,JR071,2025-09-23,Job Portal,Interviewed
CAN004883,Mark,Okafor,DEP004,JR031,2021-11-02,Job Portal,Applied
CAN004884,Patience,Ojo,DEP008,JR060,2021-09-20,Referral,Interviewed
CAN004885,Stephen,Uche,DEP010,JR069,2022-05-11,LinkedIn,Rejected
CAN004886,,Oyekan,DEP006,JR044,2023-03-07,Campus Recruitment,Shortlisted
CAN004887,Philip,Ojo,DEP007,JR054,2023-03-07,Campus Recruitment,Hired
CAN004888,Gloria,Abiola,DEP001,JR006,2025-11-02,LinkedIn,Rejected
CAN004889,Mark,Adetokunbo,DEP012,JR083,2023-05-21,Referral,Rejected
CAN004890,Blessing,Okafor,DEP004,JR026,2020-12-16,Referral,Interviewed
CAN004891,Joshua,Abiola,DEP014,JR096,2020-01-21,Company Website,Hired
CAN004892,Simon,Ojo,DEP014,JR097,2021-10-15,Company Website,Rejected
CAN004893,Ruth,Oshodi,DEP012,JR086,2024-01-06,Company Website,Rejected
CAN004894,Gabriel,Abiola,DEP006,JR045,2023-07-01,Referral,Applied
CAN004895,Paul,Abiola,DEP004,JR031,2023-01-15,Company Website,Shortlisted
CAN004896,Emmanuel,Ojo,DEP011,JR080,2023-11-21,LinkedIn,Applied
CAN004897,Andrew,Adeyemi,DEP011,JR076,2020-10-14,Company Website,Offered
CAN004898,Stephen,Okonkwo,DEP002,JR010,2021-10-21,Company Website,Applied
CAN004899,Peter,Olawale,DEP003,JR018,2022-07-24,Referral,Applied
CAN004900,Blessing,Adetokunbo,DEP003,JR020,2024-08-26,Job Portal,Interviewed
CAN004901,John,,DEP003,JR019,2024-02-25,LinkedIn,Rejected
CAN004902,Samuel,Olawale,DEP012,JR085,2023-07-22,Campus Recruitment,Applied
CAN004903,Peace,Okafor,DEP008,JR061,2024-10-13,Company Website,Hired
CAN004904,Elizabeth,Chukwu,DEP005,JR035,2023-09-20,Campus Recruitment,Applied
CAN004905,Victoria,Ekwueme,DEP004,JR028,2019-03-12,LinkedIn,Rejected
CAN004906,Elizabeth,Akinwale,DEP014,JR098,2023-07-02,Company Website,Offered
CAN004907,,Okafor,DEP002,JR014,2023-10-01,Campus Recruitment,Offered
CAN004908,Grace,Eze,DEP003,JR022,2023-04-06,LinkedIn,Hired
CAN004909,Comfort,Balogun,DEP015,JR106,2025-10-22,LinkedIn,Rejected
CAN004910,Grace,Uche,DEP015,JR104,2019-05-04,Company Website,Shortlisted
CAN004911,Joshua,Uche,DEP004,JR031,2019-07-18,Job Portal,Rejected
CAN004912,Gloria,Adeyemi,DEP015,JR102,2020-09-27,Company Website,Offered
CAN004913,Joseph,Abiola,DEP010,JR069,2024-02-05,Campus Recruitment,Shortlisted
CAN004914,,Ekwueme,DEP006,JR046,2022-09-17,Campus Recruitment,Rejected
CAN004915,Philip,Chukwu,DEP001,JR005,2019-04-04,Referral,Interviewed
CAN004916,Elizabeth,Oshodi,DEP013,JR093,2024-02-03,Campus Recruitment,Shortlisted
CAN004917,Cornelius,Ibrahim,DEP013,JR091,2021-04-20,LinkedIn,Rejected
CAN004918,Gloria,Adetokunbo,DEP006,JR047,2019-07-23,Campus Recruitment,Hired
CAN004919,Peter,Okonkwo,DEP014,JR100,2021-04-13,Company Website,Offered
CAN004920,Emmanuel,Olawale,DEP004,JR034,2024-11-02,Job Portal,Interviewed
CAN004921,Elizabeth,Olawale,DEP004,JR027,2019-12-01,Company Website,Hired
CAN004922,Elizabeth,Ibrahim,DEP003,JR022,2021-08-13,Job Portal,Interviewed
CAN004923,Benjamin,Adetokunbo,DEP001,JR001,2022-07-18,Campus Recruitment,Rejected
CAN004924,Victoria,,DEP005,JR036,2021-07-09,Company Website,Rejected
CAN004925,Esther,Eze,DEP001,JR008,2020-08-03,Job Portal,Offered
CAN004926,Peace,Uche,DEP003,JR021,2025-09-12,Job Portal,Applied
CAN004927,Juliet,Okafor,DEP009,JR065,2025-12-19,Referral,Rejected
CAN004928,Gabriel,Ibrahim,DEP007,JR053,2025-02-07,Referral,Offered
CAN004929,Juliet,Chukwu,DEP004,JR026,2024-03-03,Campus Recruitment,Applied
CAN004930,Comfort,Balogun,DEP005,JR035,2025-07-23,LinkedIn,Rejected
CAN004931,Peace,Okonkwo,DEP007,JR050,2019-09-08,LinkedIn,Offered
CAN004932,Ruth,Adeyemi,DEP002,JR013,2019-09-12,Referral,Shortlisted
CAN004933,Andrew,Okonkwo,DEP005,JR037,2019-11-01,Job Portal,Interviewed
CAN004934,Joseph,Eze,DEP011,JR080,2023-08-09,Referral,Shortlisted
CAN004935,Elizabeth,Obasanjo,DEP001,JR002,2025-10-23,Job Portal,Offered
CAN004936,Joseph,Uche,DEP009,JR064,2025-04-11,Job Portal,Applied
CAN004937,Philip,Olawale,DEP013,JR091,2019-10-15,Company Website,Rejected
CAN004938,James,Obasanjo,DEP006,JR047,2023-10-07,LinkedIn,Rejected
CAN004939,Juliet,Ekwueme,DEP012,JR083,2024-09-11,Walk In,Shortlisted
CAN004940,Mary,,DEP007,JR051,2019-02-24,Referral,Offered
CAN004941,Stephen,Ekwueme,DEP005,JR041,2023-11-01,Company Website,Shortlisted
CAN004942,Blessing,Adeyemi,DEP008,JR058,2024-08-20,Indeed,Offered
CAN004943,Patience,Nnamani,DEP009,JR064,2024-11-11,Campus Recruitment,Shortlisted
CAN004944,David,Olawale,DEP002,JR011,2024-11-01,Referral,Offered
CAN004945,Patience,Obi,DEP004,JR028,2025-01-18,Company Website,Shortlisted
CAN004946,Daniel,Abiola,DEP001,JR001,2023-06-18,Company Website,Offered
CAN004947,Mark,Olawale,DEP011,JR076,2025-06-20,Company Website,Hired
CAN004948,Gabriel,Olawale,DEP009,JR067,2019-07-02,Company Website,Hired
CAN004949,Paul,Ojo,DEP015,JR101,2019-09-22,Job Portal,Applied
CAN004950,Philip,Adeyemi,DEP015,JR106,2023-12-22,Campus Recruitment,Applied
CAN004951,Esther,Okafor,DEP008,JR062,2025-01-21,LinkedIn,Shortlisted
CAN004952,Andrew,Adeyemi,DEP009,JR066,2024-07-12,Job Portal,Offer
CAN004953,Peace,Abiola,DEP014,JR097,2024-09-24,Referral,Rejected
CAN004954,,Eze,DEP007,JR052,2024-01-28,LinkedIn,Rejected
CAN004955,Joshua,Uche,DEP004,JR029,2023-08-07,Company Website,Hired
CAN004956,Patience,Olawale,DEP006,JR045,2025-11-08,Campus Recruitment,Rejected
CAN004957,Peter,Oyekan,DEP014,JR100,2022-07-04,Campus Recruitment,Rejected
CAN004958,Andrew,Oyekan,DEP013,JR090,2025-02-16,LinkedIn,Offered
CAN004959,John,Oyekan,DEP009,JR068,2025-06-01,Referral,Shortlisted
CAN004960,Elizabeth,Obasanjo,DEP004,JR029,2025-03-16,LinkedIn,Hired
CAN004961,Angela,Obi,DEP005,JR040,2021-09-04,LinkedIn,Shortlisted
CAN004962,Angela,Eze,DEP004,JR026,2021-06-03,Company Website,Shortlisted
CAN004963,Grace,Olawale,DEP004,JR026,2019-01-23,LinkedIn,Shortlisted
CAN004964,,Uche,DEP015,JR102,2020-07-26,Referral,Applied
CAN004965,John,Adeyemi,DEP006,JR049,2022-07-08,Job Portal,Shortlisted
CAN004966,Mary,Balogun,DEP015,JR103,2025-09-01,LinkedIn,Offered
CAN004967,Agnes,Ibrahim,DEP011,JR075,2024-01-03,Campus Recruitment,Interviewed
CAN004968,Nathaniel,Olawale,DEP012,JR082,2024-11-14,linkedin,Interviewed
CAN004969,Benjamin,Obasanjo,DEP005,JR036,2024-10-27,Company Website,Shortlisted
CAN004970,Charity,Okonkwo,DEP003,JR021,2022-06-15,Job Portal,Shortlisted
CAN004971,Mark,Olawale,DEP008,JR062,2024-03-24,Referral,Interviewed
CAN004972,Comfort,Nnamani,DEP006,JR047,2024-12-28,Job Portal,Interviewed
CAN004973,Benjamin,Ojo,DEP003,JR024,2020-08-25,LinkedIn,Interviewed
CAN004974,Philip,Abiola,DEP004,JR032,2023-07-17,Referral,Hired
CAN004975,,Ekwueme,DEP008,JR062,2019-08-14,Referral,Rejected
CAN004976,Elizabeth,Olawale,DEP001,JR006,2019-08-22,Campus Recruitment,Rejected
CAN004977,Juliet,Adeyemi,DEP004,JR025,2020-09-28,Company Website,Rejected
CAN004978,Blessing,Abiola,DEP012,JR082,2020-07-18,LinkedIn,Rejected
CAN004979,Gloria,Eze,DEP005,JR040,2022-06-22,LinkedIn,Applied
CAN004980,Peace,Oyekan,DEP007,JR051,2024-10-04,Job Portal,Interviewed
CAN004981,Peter,Akinwale,DEP015,JR105,2021-09-23,Referral,Shortlisted
CAN004982,Mark,Balogun,DEP008,JR061,2024-10-28,Campus Recruitment,Shortlisted
CAN004983,Ruth,Balogun,DEP003,JR018,2022-01-15,LinkedIn,Shortlisted
CAN004984,Charity,,DEP008,JR063,2024-12-02,LinkedIn,Applied
CAN004985,Cornelius,Obi,DEP014,JR100,2024-06-16,Referral,Hired
CAN004986,Cornelius,Ojo,DEP003,JR022,2019-04-12,Job Portal,Applied
CAN004987,Patience,Oshodi,DEP014,JR095,2025-04-01,LinkedIn,Offered
CAN004988,Peace,Adetokunbo,DEP001,JR008,2019-12-18,LinkedIn,Hired
CAN004989,James,Nnamani,DEP015,JR106,2022-04-05,Campus Recruitment,Interviewed
CAN004990,Deborah,Oshodi,DEP008,JR060,2021-06-06,Job Portal,Interviewed
CAN004991,Joy,Nnamani,DEP011,JR074,2021-01-06,LinkedIn,Shortlisted
CAN004992,Peace,Akinwale,DEP005,JR037,2019-11-24,Walk In,Hired
CAN004993,Sarah,Uche,DEP014,JR096,2019-09-26,Campus Recruitment,Hired
CAN004994,Mark,Uche,DEP012,JR083,2024-12-09,Referral,Interviewed
CAN004995,Paul,Adeyemi,DEP014,JR096,2021-10-23,Job Portal,Offered
CAN004996,Peace,Akinwale,DEP006,JR046,2025-06-17,Referral,Hired
CAN004997,Simon,Abiola,DEP012,JR085,2024-08-19,LinkedIn,Hired
CAN004998,Joy,Akinwale,DEP008,JR059,2024-04-01,LinkedIn,Shortlisted
CAN004999,Charity,Balogun,DEP005,JR039,2020-02-07,Job Portal,Applied
CAN005000,Benjamin,Chukwu,DEP014,JR095,2019-04-25,Campus Recruitment,Applied
CAN000790,Benjamin,Obi,DEP009,JR064,2021-10-04,Job Portal,Shortlisted
CAN000848,Elizabeth,Ekwueme,DEP003,JR021,2020-09-25,Job Portal,Offered
CAN003646,Daniel,Ekwueme,DEP015,JR104,2025-09-02,LinkedIn,Interviewed
CAN000969,Peace,Ibrahim,DEP002,JR015,2019-02-13,Job Portal,Rejected
CAN002782,Elizabeth,Abiola,DEP013,JR091,2025-05-27,LinkedIn,Shortlisted
CAN003610,Gloria,Obi,DEP003,JR020,2024-10-26,Campus Recruitment,Rejected
CAN003373,Blessing,Balogun,DEP012,JR084,2019-01-16,Campus Recruitment,Offered
CAN004200,Angela,Olawale,DEP005,JR037,2023-03-05,Job Portal,Shortlisted
CAN003889,Gabriel,Ogunleye,DEP004,JR025,2019-07-25,LinkedIn,Applied
CAN004196,Angela,Ibrahim,DEP009,JR064,2021-09-01,Company Website,Interviewed
CAN004042,Esther,Eze,DEP005,JR036,2021-09-11,Referral,Interviewed
CAN004502,Philip,Ojo,DEP011,JR075,2020-03-21,Job Portal,Rejected
CAN000991,Joseph,Eze,DEP014,JR095,2019-12-14,Company Website,Rejected
CAN003354,Mark,Obi,DEP009,JR067,2020-06-09,Referral,Interviewed
CAN000260,Sarah,Abiola,DEP011,JR076,2023-03-17,LinkedIn,Accepted
CAN003464,Hope,Obasanjo,DEP002,JR014,2022-03-14,Referral,Hired
CAN002778,Sarah,Obasanjo,DEP001,JR008,2024-02-25,Job Portal,Applied
CAN002374,Stephen,Chukwu,DEP004,JR032,2021-06-09,Company Website,Shortlisted
CAN000956,Mary,Obi,DEP009,JR068,2020-10-09,Walk In,Interviewed
CAN004955,Joshua,Uche,DEP004,JR029,2023-08-07,Company Website,Hired
CAN002888,Sarah,Balogun,DEP015,JR103,2021-06-02,Referral,Shortlisted
CAN000954,Nathaniel,Eze,DEP007,JR051,2025-07-28,Company Website,Rejected
CAN003744,Daniel,Oyekan,DEP008,JR059,2020-02-01,LinkedIn,Offered
CAN004661,Cornelius,Nnamani,DEP004,JR034,2020-07-22,Company Website,Interviewed
CAN001732,Faith,Okafor,DEP008,JR063,2019-05-22,Campus Recruitment,Hired
CAN002303,James,Olawale,DEP015,JR101,2022-03-23,Job Portal,Applied
CAN002204,,Olawale,DEP012,JR086,2022-08-09,LinkedIn,Hired
CAN003831,John,Chukwu,DEP007,JR057,2024-02-09,Referral,Interviewed
CAN001983,Juliet,Obi,DEP008,JR060,2023-10-26,Job Portal,Interviewed
CAN004339,Deborah,Oyekan,DEP012,JR083,2019-02-03,Job Portal,Rejected
CAN003651,Cornelius,Eze,DEP006,JR049,2022-10-18,Company Website,Offered
CAN004605,Mary,Adeyemi,DEP007,JR053,2023-06-26,LinkedIn,Applied
CAN004918,Gloria,Adetokunbo,DEP006,JR047,2019-07-23,Campus Recruitment,Hired
CAN003199,Emmanuel,Okonkwo,DEP008,JR060,2019-05-08,LinkedIn,Interviewed
CAN001855,Deborah,Adeyemi,DEP004,JR025,2022-04-08,Referral,Applied
CAN002996,Grace,Oyekan,DEP004,JR033,2022-09-12,Company Website,Hired
CAN003134,James,Obi,DEP001,JR005,2022-09-05,Campus Recruitment,Applied
CAN003203,Angela,Adetokunbo,DEP004,JR027,2023-11-24,Campus Recruitment,Offered
CAN001565,Peace,Ogunleye,DEP006,JR049,2019-02-25,Company Website,Interviewed
CAN004988,Peace,Adetokunbo,DEP001,JR008,2019-12-18,LinkedIn,Hired
CAN001036,Deborah,Oshodi,DEP002,JR011,2025-01-16,LinkedIn,Interviewed
CAN000606,Mary,Abiola,DEP011,JR080,2021-05-21,LinkedIn,Rejected
CAN001347,Joy,Obi,DEP004,JR028,2019-10-22,Company Website,Hired
CAN000495,Peace,Akinwale,DEP010,JR069,2024-07-05,Job Portal,Interviewed
CAN000332,Daniel,Eze,DEP003,JR018,2021-05-17,Company Website,Rejected
CAN003676,Mark,Ogunleye,DEP012,JR085,2020-06-11,Campus Recruitment,Appliedd
CAN000542,John,Okonkwo,DEP008,JR061,2024-12-28,Referral,Interviewed
CAN002438,Blessing,Abiola,DEP012,JR086,2024-08-22,Company Website,Rejected
CAN003540,Ruth,Obasanjo,DEP010,JR072,2022-03-20,LinkedIn,Rejected
CAN004827,Juliet,Ekwueme,DEP004,JR032,2024-06-16,Job Portal,Interviewed
CAN003231,Ruth,Eze,DEP004,JR025,2025-08-26,Company Website,Rejected
CAN002563,Simon,,DEP011,JR080,2020-08-25,LinkedIn,Shortlisted
CAN000379,Elizabeth,Akinwale,DEP002,JR016,2020-10-19,Campus Recruitment,Hired
CAN002820,Deborah,Ogunleye,DEP003,JR022,2021-12-11,LinkedIn,Interviewed
CAN000752,Agnes,Abiola,DEP005,JR038,2024-03-28,Job Portal,Hired
CAN004648,Benjamin,Akinwale,DEP003,JR023,2021-08-18,Job Portal,Applied
CAN004668,Philip,Oshodi,DEP004,JR032,2020-03-09,Campus Recruitment,Offered
CAN002671,John,,DEP001,JR006,2021-02-07,Campus Recruitment,Shortlisted
CAN001715,Cornelius,,DEP013,JR093,2025-03-12,LinkedIn,Interviewed
CAN003980,Joy,Ojo,DEP004,JR034,2023-09-10,Company Website,Hired
CAN003898,Charity,Akinwale,DEP006,JR046,2025-02-20,LinkedIn,Applied
CAN004220,,Okonkwo,DEP013,JR094,2023-04-19,LinkedIn,Rejected
CAN004296,Esther,Eze,DEP003,JR020,2022-02-01,LinkedIn,Shortlisted
CAN003704,Elizabeth,Eze,DEP010,JR069,2020-07-01,Campus Recruitment,Hired
CAN002360,Peter,Oshodi,DEP004,JR034,2019-03-02,Referral,Interviewed
CAN004825,Joy,Ekwueme,DEP004,JR034,2021-12-27,LinkedIn,Shortlisted
CAN004060,Paul,Eze,DEP011,JR076,2021-08-09,LinkedIn,Hired
CAN003632,Patience,Uche,DEP001,JR004,2024-10-16,Campus Recruitment,Hired
CAN001502,Deborah,Okonkwo,DEP014,JR095,2021-11-26,Company Website,Offered
CAN003599,Joshua,Obasanjo,DEP015,JR101,2025-05-21,Job Portal,Rejected
CAN002899,Deborah,Uche,DEP007,JR050,2021-09-26,Referral,Offered
CAN000753,Peter,Obasanjo,DEP004,JR032,2025-05-28,Company Website,Interviewed
CAN000034,Samuel,Oshodi,DEP003,JR024,2022-02-07,LinkedIn,Rejected
CAN001430,Sarah,Chukwu,DEP008,JR058,2023-09-23,Referral,Hired
CAN002894,Michael,Obi,DEP004,JR028,2023-10-18,Job Portal,Shortlisted
CAN002786,Mary,Okonkwo,DEP004,JR031,2025-07-10,Company Website,Interviewed
CAN002373,Mary,Balogun,DEP011,JR076,2023-08-10,Campus Recruitment,Applied
CAN000143,Hope,Oshodi,DEP004,JR033,2024-10-28,Company Website,Interviewed
CAN002230,Hope,Nnamani,DEP004,JR033,2025-02-18,Referral,Shortlisted
CAN001022,Victoria,Abiola,DEP008,JR058,2022-11-27,LinkedIn,Applied
CAN004885,Stephen,Uche,DEP010,JR069,2022-05-11,LinkedIn,Rejected
CAN004577,Cornelius,Okonkwo,DEP007,JR053,2023-09-07,Campus Recruitment,Hired
CAN002758,Joshua,Okonkwo,DEP015,JR106,2024-04-04,Campus Recruitment,Shortlisted
CAN000945,Samuel,Oshodi,DEP010,JR069,2025-11-27,Campus Recruitment,Offered
CAN002911,Juliet,Adeyemi,DEP003,JR019,2023-07-12,Referral ,Interviewed
CAN000570,Gloria,Nnamani,DEP003,JR017,2024-05-15,Campus Recruitment,Shortlisted
CAN003093,Emmanuel,Balogun,DEP007,JR057,2024-12-25,LinkedIn,Interviewed
CAN000414,Elizabeth,Eze,DEP008,JR059,2022-08-03,Campus Recruitment,Applied
CAN003067,Joshua,Oyekan,DEP008,JR060,2022-08-02,Referral,Interviewed
CAN004521,Angela,Balogun,DEP013,JR089,2023-04-03,LinkedIn,Shortlisted
CAN001923,Deborah,Ekwueme,DEP002,JR016,2022-07-28,Campus Recruitment,Hired
CAN001454,Emmanuel,Olawale,DEP009,JR065,2023-06-12,Referral,Shortlisted
CAN001546,Esther,Adeyemi,DEP005,JR039,2025-01-01,Company Website,Offered
CAN004876,Grace,Adetokunbo,DEP011,JR074,2019-05-03,Campus Recruitment,Hired
CAN000602,Charity,Ibrahim,DEP003,JR021,2019-03-25,Job Portal,Rejected
CAN004837,Gabriel,Balogun,DEP006,JR047,2024-12-11,Campus Recruitment,Rejected
CAN002238,Mary,Eze,DEP005,JR040,2024-03-24,Company Website,Interviewed
CAN001281,Comfort,Chukwu,DEP013,JR093,2025-10-09,Campus Recruitment,Offered
CAN001274,Cornelius,Oyekan,DEP003,JR017,2020-02-12,Referral,Interviewed
CAN002828,Peter,Okonkwo,DEP007,JR050,2019-12-01,LinkedIn,Rejected
CAN002462,Daniel,Uche,DEP012,JR085,2025-09-11,Referral,Shortlisted
CAN004395,Gloria,Nnamani,DEP008,JR060,2020-03-13,Campus Recruitment,Applied
CAN003074,Angela,Abiola,DEP013,JR092,2025-11-26,LinkedIn,Interviewed
CAN000886,Daniel,Ibrahim,DEP007,JR050,2021-04-20,Company Website,Applied
CAN001328,Benjamin,Oshodi,DEP004,JR033,2022-03-13,Referral,Applied
CAN000463,David,Ogunleye,DEP005,JR038,2021-07-24,Campus Recruitment,Hired
CAN004873,Esther,Ekwueme,DEP007,JR054,2019-05-26,LinkedIn,Interviewed
CAN003286,Joy,Abiola,DEP013,JR093,2025-05-12,Referral,Interviewed
CAN002144,Joseph,Akinwale,DEP008,JR063,2023-01-20,Company Website,Applied
CAN004178,Andrew,Ogunleye,DEP015,JR106,2022-10-24,Campus Recruitment,Offered
CAN004274,Michael,Olawale,DEP015,JR106,2020-06-28,Referral,Hired
CAN004676,James,Olawale,DEP002,JR012,2020-10-22,Company Website,Shortlisted
CAN002310,Benjamin,Adeyemi,DEP010,JR069,2023-11-12,Campus Recruitment,Rejected
CAN003908,Emmanuel,Okafor,DEP002,JR009,2019-10-15,Job Portal,Applied
CAN001140,Joseph,Obasanjo,DEP014,JR098,2019-06-27,Company Website,Offered
CAN001887,Emmanuel,,DEP010,JR072,2020-03-25,Job Portal,Applied
CAN004855,Deborah,Ogunleye,DEP014,JR098,2024-06-08,LinkedIn,Shortlisted
CAN002332,Ruth,Olawale,DEP011,JR081,2022-01-12,Referral,Rejected
CAN002506,Peace,Ekwueme,DEP013,JR093,2023-12-15,LinkedIn,Interviewed
CAN004862,Victoria,Ekwueme,DEP009,JR068,2025-01-27,Referral,Shortlisted
