TrainingID,EmployeeID,TrainingCourse,TrainingProvider,TrainingDate,Result
TRN000001,EMP000001,Customer Service,Microsoft,2021-03-09,In Progress
TRN000002,EMP000001,Quality Management,Udemy,2019-02-28,Completed
TRN000003,EMP000005,Project Management,Deloitte,2020-05-09,Failed
TRN000004,EMP000005,Quality Management,Deloitte,2024-06-05,In Progress
TRN000005,EMP000006,Customer Service,KPMG,2021-11-12,In Progress
TRN000006,EMP000006,Risk Management,KPMG,2020-03-26,Completed
TRN000007,EMP000006,Cybersecurity Awareness,KPMG,2019-10-12,In Progress
TRN000008,EMP000008,Quality Management,Udemy,2020-12-18,In Progress
TRN000009,EMP000008,Data Analytics,Microsoft,2025-07-11,Completed
TRN000010,EMP000008,Quality Management,Microsoft,2021-10-17,Failed
TRN000011,EMP000008,Customer Service,Microsoft,2023-09-05,Completed
TRN000012,EMP000008,Leadership Development,Microsoft,2019-11-08,Completed
TRN000013,EMP000009,Quality Management,Geoflex Academy,2025-09-15,Completed
TRN000014,EMP000009,Leadership Development,Geoflex Academy,2024-07-17,Completed
TRN000015,EMP000010,Data Analytics,Coursera,2023-04-12,Failed
TRN000016,EMP000010,Health and Safety,KPMG,2023-11-24,Completed
TRN000017,EMP000010,Project Management,Coursera,2021-10-18,Completed
TRN000018,EMP000010,PM,Udemy,2021-02-23,In Progress
TRN000019,EMP000011,Cybersecurity Awareness,Udemy,2025-12-28,Failed
TRN000020,EMP000012,Compliance Training,Microsoft,2021-02-03,Failed
TRN000021,EMP000012,Risk Management,Geoflex Academy,2023-04-04,Failed
TRN000022,EMP000012,Health and Safety,Coursera,2024-08-27,In Progress
TRN000023,EMP000012,Health and Safety,Udemy,2022-07-08,Completed
TRN000024,EMP000012,Risk Management,Geoflex Academy,2023-09-06,In Progress
TRN000025,EMP000014,Data Analytics,Geoflex Academy,2020-08-12,Completed
TRN000026,EMP000015,Leadership Development,Microsoft,2023-06-15,Completed
TRN000027,EMP000015,Compliance Training,Microsoft,2025-02-25,Completed
TRN000028,EMP000015,Cybersecurity Awareness,Udemy,2020-11-11,Completed
TRN000029,EMP000015,Risk Management,Udemy,2019-02-24,In Progress
TRN000030,EMP000015,Lean Manufacturing,Coursera,2025-05-03,Completed
TRN000031,EMP000016,Customer Service,Geoflex Academy,2022-02-16,Completed
TRN000032,EMP000016,Leadership Development,Coursera,2022-08-14,Completed
TRN000033,EMP000016,Lean Manufacturing,Geoflex Academy,2024-11-21,In Progress
TRN000034,EMP000016,Compliance Training,Geoflex Academy,2019-08-14,Completed
TRN000035,EMP000016,Cybersecurity Awareness,Deloitte,2021-10-03,Completed
TRN000036,EMP000017,Risk Management,Geoflex Academy,2022-03-08,Completed
TRN000037,EMP000017,Compliance Training,Coursera,2019-01-20,Failed
TRN000038,EMP000017,Lean Manufacturing,Deloitte,2020-11-08,Completed
TRN000039,EMP000018,Health and Safety,Udemy,2020-12-18,Completed
TRN000040,EMP000018,Cyber Security,Geoflex Academy,2023-10-05,Completed
TRN000041,EMP000018,Customer care,Deloitte,2025-09-28,Completed
TRN000042,EMP000018,Quality Management,Coursera,2023-10-22,Completed
TRN000043,EMP000019,Risk Management,Microsoft,2021-11-09,Completed
TRN000044,EMP000020,Compliance Training,Coursera,2021-09-09,Completed
TRN000045,EMP000021,Data Analytics,Deloitte,2019-11-07,In Progress
TRN000046,EMP000022,Cybersecurity Awareness,KPMG,2019-06-18,Failed
TRN000047,EMP000022,Project Management,Udemy,2024-04-03,Failed
TRN000048,EMP000022,Data Analytics,Udemy,2019-05-26,In Progress
TRN000049,EMP000022,Health and Safety,KPMG,2019-01-18,Completed
TRN000050,EMP000023,Risk Management,KPMG,2019-12-23,Completed
TRN000051,EMP000024,Compliance Training,Geoflex Academy,2020-03-01,Completed
TRN000052,EMP000024,Customer Service,Deloitte,2020-09-09,In Progress
TRN000053,EMP000026,Lean Manufacturing,KPMG,2020-12-04,Completed
TRN000054,EMP000026,Compliance Training,Microsoft,2024-03-08,Completed
TRN000055,EMP000027,Data Analytics,Udemy,2019-12-24,Completed
TRN000056,EMP000027,Health and Safety,Udemy,2019-06-23,Completed
TRN000057,EMP000027,Health and Safety,Geoflex Academy,2022-06-04,Completed
TRN000058,EMP000027,Risk Management,Deloitte,2021-09-15,Completed
TRN000059,EMP000027,Risk Management,Deloitte,2024-08-07,Failed
TRN000060,EMP000029,Leadership Development,Geoflex Academy,2019-01-25,Completed
TRN000061,EMP000029,Lean Manufacturing,Geoflex Academy,2023-05-11,Failed
TRN000062,EMP000029,Leadership Development,Udemy,2019-02-26,Completed
TRN000063,EMP000029,Project Management,Udemy,2023-07-03,Completed
TRN000064,EMP000030,Leadership Development,Coursera,2022-05-22,Completed
TRN000065,EMP000030,Compliance Training,Microsoft,2023-10-02,In Progress
TRN000066,EMP000030,Health and Safety,Deloitte,2020-05-01,In Progress
TRN000067,EMP000030,Leadership Development,Geoflex Academy,2021-06-17,Completed
TRN000068,EMP000030,Leadership Development,Geoflex Academy,2023-08-13,Completed
TRN000069,EMP000031,Data Analytics,Microsoft,2022-06-28,Completed
TRN000070,EMP000031,Leadership Development,Coursera,2024-04-11,Completed
TRN000071,EMP000032,Customer Service,Udemy,2025-09-09,Completed
TRN000072,EMP000032,Lean Manufacturing,Deloitte,2020-11-02,Completed
TRN000073,EMP000034,Project Management,Coursera,2022-04-17,Failed
TRN000074,EMP000034,Data Analytics,Udemy,2020-05-10,Completed
TRN000075,EMP000034,Cybersecurity Awareness,Udemy,2021-09-16,In Progress
TRN000076,EMP000034,Leadership Development,Udemy,2021-05-22,Failed
TRN000077,EMP000035,Cybersecurity Awareness,KPMG,2022-03-28,Failed
TRN000078,EMP000036,Quality Management,Microsoft,2022-08-20,Completed
TRN000079,EMP000036,Data Analytics,Geoflex Academy,2025-09-11,In Progress
TRN000080,EMP000036,Health and Safety,KPMG,2025-03-08,Completed
TRN000081,EMP000036,Customer Service,KPMG,2019-01-17,Failed
TRN000082,EMP000038,Customer Service,,2023-09-06,Completed
TRN000083,EMP000038,Leadership Development,Geoflex Academy,2019-08-05,Failed
TRN000084,EMP000038,Cybersecurity Awareness,KPMG,2024-01-04,Failed
TRN000085,EMP000039,Cybersecurity Awareness,KPMG,2025-10-22,Completed
TRN000086,EMP000039,Leadership Development,Geoflex Academy,2023-03-27,Completed
TRN000087,EMP000040,Leadership Development,Geoflex Academy,2024-05-18,Completed
TRN000088,EMP000040,Compliance Training,Geoflex Academy,2020-03-19,Completed
TRN000089,EMP000040,Health and Safety,Coursera,2024-09-25,Completed
TRN000090,EMP000040,Health and Safety,KPMG,2025-07-12,Completed
TRN000091,EMP000040,Project Management,KPMG,2025-12-08,Completed
TRN000092,EMP000041,Quality Management,Coursera,2019-05-05,Completed
TRN000093,EMP000041,Quality Management,Coursera,2022-10-10,Failed
TRN000094,EMP000041,Lean Manufacturing,Deloitte,2020-05-16,Completed
TRN000095,EMP000041,Lean Manufacturing,Coursera,2025-10-23,In Progress
TRN000096,EMP000042,Lean Manufacturing,Deloitte,2020-12-26,Completed
TRN000097,EMP000043,Cybersecurity Awareness,KPMG,2021-10-02,In Progress
TRN000098,EMP000043,Risk Management,Udemy,2023-01-20,Completed
TRN000099,EMP000045,Project Management,KPMG,2022-08-09,Completed
TRN000100,EMP000046,Compliance Training,KPMG,2021-08-12,In Progress
TRN000101,EMP000047,Data Analytics,Coursera,2020-06-27,Completed
TRN000102,EMP000047,Project Management,Geoflex Academy,2022-03-06,Completed
TRN000103,EMP000047,Project Management,Coursera,2021-02-26,Failed
TRN000104,EMP000047,Cybersecurity Awareness,Geoflex Academy,2022-02-09,Completed
TRN000105,EMP000047,Leadership Development,Coursera,2021-02-02,Completed
TRN000106,EMP000051,Cybersecurity Awareness,KPMG,2022-04-01,Completed
TRN000107,EMP000051,Customer Service,Microsoft,2022-09-23,Completed
TRN000108,EMP000051,Customer Service,Deloitte,2020-08-07,Failed
TRN000109,EMP000052,Customer Service,Deloitte,2021-01-22,Completed
TRN000110,EMP000052,Leadership Development,Udemy,2025-08-07,Failed
TRN000111,EMP000052,Risk Management,Udemy,2022-02-17,Completed
TRN000112,EMP000052,Lean Manufacturing,Deloitte,2019-07-16,Failed
TRN000113,EMP000053,Health and Safety,KPMG,2022-07-03,Completed
TRN000114,EMP000053,Data Analytics,Deloitte,2024-03-02,Failed
TRN000115,EMP000053,Project Management,Deloitte,2020-01-27,Completed
TRN000116,EMP000053,Customer Service,KPMG,2025-03-22,Failed
TRN000117,EMP000054,Lean Manufacturing,Deloitte,2022-07-17,In Progress
TRN000118,EMP000054,Project Management,KPMG,2024-08-07,Completed
TRN000119,EMP000057,Health and Safety,Geoflex Academy,2020-05-17,In Progress
TRN000120,EMP000061,Quality Management,Deloitte,2023-03-01,Failed
TRN000121,EMP000061,Health and Safety,Microsoft,2019-08-01,In Progress
TRN000122,EMP000063,Lean Manufacturing,Udemy,2019-01-18,Completed
TRN000123,EMP000063,Compliance Training,Geoflex Academy,2024-08-01,Completed
TRN000124,EMP000063,Quality Management,Udemy,2022-03-20,Completed
TRN000125,EMP000064,Compliance Training,KPMG,2025-04-04,Completed
TRN000126,EMP000064,Customer Service,Microsoft,2021-08-26,Failed
TRN000127,EMP000064,Project Management,,2024-10-15,Failed
TRN000128,EMP000064,Quality Management,KPMG,2025-04-27,In Progress
TRN000129,EMP000064,Compliance Training,Deloitte,2019-10-28,Completed
TRN000130,EMP000065,Quality Management,Udemy,2021-05-20,Completed
TRN000131,EMP000065,Compliance Training,Microsoft,2024-05-07,In Progress
TRN000132,EMP000065,Health and Safety,Microsoft,2020-06-03,Completed
TRN000133,EMP000065,Compliance Training,Geoflex Academy,2025-08-22,Failed
TRN000134,EMP000065,Customer Service,Microsoft,2020-03-13,Failed
TRN000135,EMP000066,Project Management,KPMG,2023-08-22,Completed
TRN000136,EMP000066,Risk Management,Geoflex Academy,2025-08-23,Completed
TRN000137,EMP000067,Quality Management,Udemy,2021-11-24,Completed
TRN000138,EMP000067,Cybersecurity Awareness,Microsoft,2022-06-21,Completed
TRN000139,EMP000068,Leadership Development,KPMG,2022-07-16,Completed
TRN000140,EMP000068,Customer Service,Microsoft,2023-12-14,Completed
TRN000141,EMP000069,Customer Service,Microsoft,2019-05-26,Failed
TRN000142,EMP000069,Data Analytics,Coursera,2022-12-07,Completed
TRN000143,EMP000069,Compliance Training,KPMG,2020-06-20,Failed
TRN000144,EMP000071,Risk Management,Deloitte,2025-08-25,Failed
TRN000145,EMP000071,Quality Management,KPMG,2025-10-23,In Progress
TRN000146,EMP000072,Project Management,Geoflex Academy,2023-01-07,Completed
TRN000147,EMP000072,Leadership Development,Deloitte,2023-04-22,Completed
TRN000148,EMP000072,Risk Management,Udemy,2023-11-17,Completed
TRN000149,EMP000072,Cybersecurity Awareness,Coursera,2024-10-21,Completed
TRN000150,EMP000072,Quality Management,Coursera,2025-03-17,Failed
TRN000151,EMP000074,Cybersecurity Awareness,KPMG,2022-04-21,Completed
TRN000152,EMP000074,Health and Safety,Coursera,2022-05-13,Failed
TRN000153,EMP000074,Risk Management,Deloitte,2020-01-01,In Progress
TRN000154,EMP000074,Cybersecurity Awareness,Deloitte,2025-05-01,In Progress
TRN000155,EMP000075,Project Management,Deloitte,2020-02-13,Failed
TRN000156,EMP000075,Cybersecurity Awareness,Deloitte,2020-11-07,In Progress
TRN000157,EMP000075,Cybersecurity Awareness,Microsoft,2019-09-11,Failed
TRN000158,EMP000076,Quality Management,Coursera,2019-07-05,Completed
TRN000159,EMP000076,Cybersecurity Awareness,Microsoft,2020-10-03,Completed
TRN000160,EMP000076,Leadership Development,Udemy,2025-06-18,Completed
TRN000161,EMP000076,Customer Service,Deloitte,2020-01-13,In Progress
TRN000162,EMP000076,Customer Service,Udemy,2023-10-28,Completed
TRN000163,EMP000077,Risk Management,KPMG,2024-02-16,Completed
TRN000164,EMP000077,Health and Safety,Udemy,2025-06-25,Completed
TRN000165,EMP000077,Cybersecurity Awareness,KPMG,2024-06-02,Completed
TRN000166,EMP000077,Risk Management,KPMG,2019-08-03,Completed
TRN000167,EMP000078,Health and Safety,Udemy,2020-09-20,Completed
TRN000168,EMP000078,Compliance Training,Microsoft,2021-08-04,Completed
TRN000169,EMP000078,Customer Service,Geoflex Academy,2022-06-19,Completed
TRN000170,EMP000079,Leadership Development,Coursera,2020-08-22,Completed
TRN000171,EMP000079,Risk Management,Geoflex Academy,2024-07-23,Completed
TRN000172,EMP000079,Project Management,Deloitte,2025-04-01,Completed
TRN000173,EMP000079,Health and Safety,Deloitte,2022-06-12,Failed
TRN000174,EMP000079,Lean Manufacturing,Microsoft,2021-12-05,Completed
TRN000175,EMP000080,Data Analytics,Deloitte,2023-10-23,Failed
TRN000176,EMP000080,Risk Management,Deloitte,2022-11-26,In Progress
TRN000177,EMP000081,Compliance Training,Udemy,2023-07-26,Failed
TRN000178,EMP000081,Quality Management,Udemy,2022-11-08,Completed
TRN000179,EMP000081,Leadership Development,KPMG,2023-07-01,Completed
TRN000180,EMP000081,Quality Management,Deloitte,2024-03-14,Completed
TRN000181,EMP000081,Health and Safety,Udemy,2021-11-07,Completed
TRN000182,EMP000082,Risk Management,Microsoft,2025-04-10,In Progress
TRN000183,EMP000083,Cybersecurity Awareness,Coursera,2024-11-19,Failed
TRN000184,EMP000083,Customer Service,Microsoft,2022-02-15,Completed
TRN000185,EMP000084,Data Analytics,Microsoft,2023-11-05,Completed
TRN000186,EMP000084,Customer Service,Deloitte,2025-06-11,Failed
TRN000187,EMP000085,Project Management,KPMG,2019-02-27,In Progress
TRN000188,EMP000085,Customer Service,Deloitte,2024-10-02,Completed
TRN000189,EMP000085,Compliance Training,Deloitte,2021-07-20,In Progress
TRN000190,EMP000085,Compliance Training,KPMG,2023-03-20,Completed
TRN000191,EMP000085,Health and Safety,Microsoft,2020-11-19,Completed
TRN000192,EMP000086,Project Management,KPMG,2022-04-28,Completed
TRN000193,EMP000086,Cybersecurity Awareness,Coursera,2019-07-01,In Progress
TRN000194,EMP000086,Data Analytics,KPMG,2020-02-07,Completed
TRN000195,EMP000086,Leadership Development,Udemy,2019-02-03,Failed
TRN000196,EMP000087,Risk Management,Udemy,2019-08-24,Completed
TRN000197,EMP000089,Customer Service,Deloitte,2023-08-13,Failed
TRN000198,EMP000089,Customer Service,Microsoft,2025-08-15,Completed
TRN000199,EMP000089,Data Analytics,Deloitte,2022-09-08,Completed
TRN000200,EMP000090,Data Analytics,Geoflex Academy,2019-08-28,Completed
TRN000201,EMP000090,Compliance Training,Geoflex Academy,2025-09-14,In Progress
TRN000202,EMP000090,Health and Safety,Geoflex Academy,2022-11-04,Failed
TRN000203,EMP000092,Data Analytics,Microsoft,2023-06-08,Completed
TRN000204,EMP000092,Health and Safety,Deloitte,2024-01-18,Failed
TRN000205,EMP000092,Compliance Training,Udemy,2022-06-17,Completed
TRN000206,EMP000092,Health and Safety,Udemy,2025-02-26,Completed
TRN000207,EMP000093,Compliance Training,Deloitte,2021-06-28,Completed
TRN000208,EMP000093,Compliance Training,Microsoft,2023-09-04,Failed
TRN000209,EMP000094,Cybersecurity Awareness,Coursera,2023-05-10,Completed
TRN000210,EMP000094,Lean Manufacturing,Coursera,2023-08-01,Completed
TRN000211,EMP000094,Cybersecurity Awareness,Geoflex Academy,2023-08-09,Completed
TRN000212,EMP000094,Data Analytics,Microsoft,2024-03-13,Completed
TRN000213,EMP000094,Leadership Development,KPMG,2022-05-01,In Progress
TRN000214,EMP000096,Data analytics,Geoflex Academy,2023-06-23,Completed
TRN000215,EMP000096,Cybersecurity Awareness,Deloitte,2023-04-21,Completed
TRN000216,EMP000096,Cybersecurity Awareness,Microsoft,2021-02-06,Completed
TRN000217,EMP000097,Project Management,Udemy,2022-07-20,In Progress
TRN000218,EMP000097,Leadership Development,KPMG,2021-10-10,Completed
TRN000219,EMP000097,Project Management,Geoflex Academy,2025-09-09,Completed
TRN000220,EMP000097,Project Management,Geoflex Academy,2025-10-15,In Progress
TRN000221,EMP000098,Compliance Training,KPMG,2023-02-06,In Progress
TRN000222,EMP000098,Project Management,KPMG,2022-05-01,Failed
TRN000223,EMP000098,Customer Service,Geoflex Academy,2020-11-08,Failed
TRN000224,EMP000099,Cybersecurity Awareness,Geoflex Academy,2025-10-14,In Progress
TRN000225,EMP000099,Lean Manufacturing,Geoflex Academy,2021-12-13,Completed
TRN000226,EMP000099,Lean Manufacturing,Udemy,2023-12-16,Completed
TRN000227,EMP000100,Health and Safety,Geoflex Academy,2024-03-05,Failed
TRN000228,EMP000100,Compliance Training,KPMG,2022-01-15,Failed
TRN000229,EMP000100,Compliance Training,Microsoft,2023-07-24,In Progress
TRN000230,EMP000100,Quality Management,KPMG,2022-01-28,Completed
TRN000231,EMP000100,Lean Manufacturing,Coursera,2024-03-19,Completed
TRN000232,EMP000101,Lean Manufacturing,KPMG,2022-06-06,Failed
TRN000233,EMP000101,Data Analytics,Deloitte,2024-06-11,In Progress
TRN000234,EMP000101,Compliance Training,KPMG,2023-07-28,Completed
TRN000235,EMP000102,Cybersecurity Awareness,Deloitte,2021-09-05,Failed
TRN000236,EMP000102,Project Management,Geoflex Academy,2021-02-13,Completed
TRN000237,EMP000103,Compliance Training,Udemy,2024-04-24,Completed
TRN000238,EMP000103,Risk Management,Microsoft,2020-07-27,Completed
TRN000239,EMP000103,Data Analytics,Geoflex Academy,2023-08-11,Completed
TRN000240,EMP000103,Data Analytics,Udemy,2019-06-03,Completed
TRN000241,EMP000104,Compliance Training,Microsoft,2019-06-27,Failed
TRN000242,EMP000104,Cybersecurity Awareness,Geoflex Academy,2020-01-12,Failed
TRN000243,EMP000104,Health and Safety,Udemy,2021-08-15,In Progress
TRN000244,EMP000104,Quality Management,Microsoft,2020-06-27,Completed
TRN000245,EMP000105,Health and Safety,Microsoft,2020-05-03,Completed
TRN000246,EMP000105,Leadership Development,KPMG,2019-09-24,In Progress
TRN000247,EMP000105,Customer Service,Udemy,2021-09-10,Failed
TRN000248,EMP000105,Data Analytics,Geoflex Academy,2022-09-24,In Progress
TRN000249,EMP000105,Project Management,KPMG,2021-04-03,Completed
TRN000250,EMP000106,Risk Management,Deloitte,2024-12-04,Failed
TRN000251,EMP000106,Leadership Development,Geoflex Academy,2019-06-09,Completed
TRN000252,EMP000110,Data analytics,Coursera,2023-12-22,Completed
TRN000253,EMP000110,Quality Management,Geoflex Academy,2023-12-24,In Progress
TRN000254,EMP000110,Lean Manufacturing,Coursera,2019-07-05,Completed
TRN000255,EMP000111,Data Analytics,Microsoft,2023-01-12,Completed
TRN000256,EMP000113,Health and Safety,Coursera,2025-03-27,Completed
TRN000257,EMP000113,Health and Safety,Microsoft,2020-10-18,In Progress
TRN000258,EMP000114,Risk Management,Deloitte,2025-06-24,Completed
TRN000259,EMP000115,Cyber Security,KPMG,2020-12-09,Failed
TRN000260,EMP000117,Leadership Development,Coursera,2022-12-12,In Progress
TRN000261,EMP000117,Data Analytics,Microsoft,2021-07-14,Failed
TRN000262,EMP000117,Data Analytics,Udemy,2019-07-16,Completed
TRN000263,EMP000117,Project Management,Deloitte,2019-08-02,In Progress
TRN000264,EMP000118,Lean Manufacturing,Microsoft,2024-08-11,Completed
TRN000265,EMP000119,Health and Safety,Udemy,2020-04-22,Completed
TRN000266,EMP000119,Customer Service,Geoflex Academy,2022-02-23,Completed
TRN000267,EMP000121,Lean Manufacturing,KPMG,2023-03-23,Completed
TRN000268,EMP000121,Risk Management,KPMG,2025-08-15,In Progress
TRN000269,EMP000121,Quality Management,Deloitte,2022-06-13,In Progress
TRN000270,EMP000122,Data Analytics,Microsoft,2021-02-22,Failed
TRN000271,EMP000122,Lean Manufacturing,Deloitte,2022-06-06,Completed
TRN000272,EMP000122,Health and Safety,Microsoft,2024-09-27,Completed
TRN000273,EMP000122,Lean Manufacturing,Geoflex Academy,2020-09-08,Failed
TRN000274,EMP000122,Risk Management,KPMG,2024-12-20,Failed
TRN000275,EMP000123,Data Analytics,Microsoft,2025-04-19,In Progress
TRN000276,EMP000123,Customer Service,Deloitte,2022-08-11,Completed
TRN000277,EMP000123,Health and Safety,Geoflex Academy,2020-12-10,Completed
TRN000278,EMP000125,Risk Management,Geoflex Academy,2022-04-01,Completed
TRN000279,EMP000125,Compliance Training,Geoflex Academy,2025-02-01,Completed
TRN000280,EMP000125,Cybersecurity Awareness,KPMG,2021-07-25,Failed
TRN000281,EMP000125,Health and Safety,Deloitte,2020-09-12,Completed
TRN000282,EMP000126,Data Analytics,Deloitte,2020-08-16,Failed
TRN000283,EMP000126,Risk Management,KPMG,2025-07-07,Completed
TRN000284,EMP000126,Compliance Training,KPMG,2022-11-11,Completed
TRN000285,EMP000127,Quality Management,Microsoft,2023-10-21,Completed
TRN000286,EMP000130,Cybersecurity Awareness,Microsoft,2024-07-19,Completed
TRN000287,EMP000130,Compliance Training,Udemy,2019-11-03,Completed
TRN000288,EMP000130,Compliance Training,Udemy,2019-02-13,Completed
TRN000289,EMP000133,Data Analytics,Coursera,2020-03-02,Completed
TRN000290,EMP000133,Risk Management,Microsoft,2019-02-11,Completed
TRN000291,EMP000133,Lean Manufacturing,Coursera,2020-02-01,Completed
TRN000292,EMP000133,Leadership Development,Geoflex Academy,2022-08-07,Completed
TRN000293,EMP000133,Project Management,Deloitte,2022-10-18,Completed
TRN000294,EMP000134,Compliance Training,KPMG,2022-08-15,Completed
TRN000295,EMP000134,Quality Management,Geoflex Academy,2021-04-25,Failed
TRN000296,EMP000135,Data Analytics,Microsoft,2024-05-15,Completed
TRN000297,EMP000135,Cybersecurity Awareness,Microsoft,2021-06-14,Failed
TRN000298,EMP000135,Health and Safety,Udemy,2020-06-14,Completed
TRN000299,EMP000135,Project Management,Coursera,2022-08-20,Failed
TRN000300,EMP000136,Data Analytics,KPMG,2025-01-27,In Progress
TRN000301,EMP000136,Lean Manufacturing,Coursera,2024-06-16,Completed
TRN000302,EMP000136,Health and Safety,Deloitte,2019-10-16,Completed
TRN000303,EMP000136,Data analytics,Geoflex Academy,2023-01-27,Failed
TRN000304,EMP000136,Risk Management,Deloitte,2023-11-05,In Progress
TRN000305,EMP000137,Cybersecurity Awareness,Microsoft,2020-08-14,Failed
TRN000306,EMP000137,Compliance Training,Coursera,2023-08-13,Failed
TRN000307,EMP000138,Cybersecurity Awareness,Udemy,2024-04-05,Completed
TRN000308,EMP000138,Project Management,Coursera,2022-08-08,In Progress
TRN000309,EMP000139,Quality Management,Udemy,2021-02-05,Failed
TRN000310,EMP000140,Lean Manufacturing,Microsoft,2019-09-17,Completed
TRN000311,EMP000140,Health and Safety,Microsoft,2025-11-21,In Progress
TRN000312,EMP000140,Health and Safety,Coursera,2020-03-25,Completed
TRN000313,EMP000140,Health and Safety,Udemy,2023-04-21,In Progress
TRN000314,EMP000141,Lean Manufacturing,Microsoft,2024-05-14,In Progress
TRN000315,EMP000141,Cybersecurity Awareness,KPMG,2024-08-02,Completed
TRN000316,EMP000141,Compliance Training,Deloitte,2022-12-06,In Progress
TRN000317,EMP000141,Leadership Development,Coursera,2024-08-28,Completed
TRN000318,EMP000142,Health and Safety,KPMG,2025-07-19,Completed
TRN000319,EMP000142,Customer Service,Microsoft,2019-09-12,In Progress
TRN000320,EMP000142,Customer Service,Deloitte,2020-11-27,In Progress
TRN000321,EMP000142,Health and Safety,KPMG,2022-08-09,Completed
TRN000322,EMP000142,Lean Manufacturing,Microsoft,2024-09-22,Failed
TRN000323,EMP000143,Lean Manufacturing,Microsoft,2022-11-09,Completed
TRN000324,EMP000144,Quality Management,Microsoft,2019-05-12,Completed
TRN000325,EMP000144,Quality Management,Coursera,2024-01-10,Completed
TRN000326,EMP000145,Data Analytics,Microsoft,2024-05-26,Completed
TRN000327,EMP000145,Cybersecurity Awareness,Udemy,2021-11-26,Completed
TRN000328,EMP000145,Health and Safety,Geoflex Academy,2022-03-19,Failed
TRN000329,EMP000145,Data Analytics,Microsoft,2020-07-20,Failed
TRN000330,EMP000145,Quality Management,Udemy,2019-02-04,Completed
TRN000331,EMP000146,Health and Safety,KPMG,2022-11-21,Failed
TRN000332,EMP000146,Compliance Training,KPMG,2023-06-05,Completed
TRN000333,EMP000146,Compliance Training,KPMG,2024-02-11,Completed
TRN000334,EMP000146,Compliance Training,Geoflex Academy,2020-01-10,Completed
TRN000335,EMP000147,Quality Management,Geoflex Academy,2021-02-04,Completed
TRN000336,EMP000148,Project Management,Deloitte,2021-03-15,Completed
TRN000337,EMP000149,Cybersecurity Awareness,Microsoft,2023-04-25,Completed
TRN000338,EMP000149,Cybersecurity Awareness,Microsoft,2020-03-25,Completed
TRN000339,EMP000149,Cybersecurity Awareness,Microsoft,2021-09-03,Completed
TRN000340,EMP000151,Health and Safety,Geoflex Academy,2019-06-06,Completed
TRN000341,EMP000151,Compliance Training,Microsoft,2024-06-20,Completed
TRN000342,EMP000151,Compliance Training,Geoflex Academy,2019-07-18,In Progress
TRN000343,EMP000151,Customer Service,Coursera,2022-11-11,Completed
TRN000344,EMP000151,Risk Management,KPMG,2024-07-01,Completed
TRN000345,EMP000152,Cybersecurity Awareness,Deloitte,2024-03-16,Completed
TRN000346,EMP000152,Project Management,Microsoft,2024-10-13,Completed
TRN000347,EMP000152,Health and Safety,KPMG,2021-05-26,Completed
TRN000348,EMP000152,Risk Management,Udemy,2022-02-04,Failed
TRN000349,EMP000153,Risk Management,Microsoft,2024-11-21,Completed
TRN000350,EMP000153,Cybersecurity Awareness,KPMG,2022-04-16,Completed
TRN000351,EMP000153,Customer Service,Deloitte,2023-02-02,Completed
TRN000352,EMP000153,Risk Management,KPMG,2020-05-04,Failed
TRN000353,EMP000153,Quality Management,Coursera,2023-06-26,Completed
TRN000354,EMP000154,Quality Management,Udemy,2022-01-18,In Progress
TRN000355,EMP000154,Customer Service,Udemy,2023-10-20,Completed
TRN000356,EMP000154,Compliance Training,Coursera,2023-11-24,Completed
TRN000357,EMP000154,Health and Safety,KPMG,2019-10-05,In Progress
TRN000358,EMP000154,Data Analytics,Coursera,2020-01-05,Completed
TRN000359,EMP000156,Health and Safety,Geoflex Academy,2021-12-07,Completed
TRN000360,EMP000156,Project Management,KPMG,2023-04-20,Completed
TRN000361,EMP000156,Quality Management,Deloitte,2023-07-26,Failed
TRN000362,EMP000157,Health and Safety,KPMG,2024-07-25,Failed
TRN000363,EMP000157,Health and Safety,Deloitte,2019-10-28,Completed
TRN000364,EMP000157,Risk Management,KPMG,2025-03-14,Completed
TRN000365,EMP000157,Lean Manufacturing,Coursera,2023-10-21,In Progress
TRN000366,EMP000158,Leadership Development,Geoflex Academy,2021-08-07,Completed
TRN000367,EMP000159,Health and Safety,Microsoft,2020-04-28,In Progress
TRN000368,EMP000159,Risk Management,Udemy,2019-12-12,Failed
TRN000369,EMP000160,Quality Management,Udemy,2024-05-02,Completed
TRN000370,EMP000161,Cybersecurity Awareness,Deloitte,2022-05-03,Completed
TRN000371,EMP000161,Risk Management,Coursera,2019-04-21,Completed
TRN000372,EMP000161,Quality Management,Udemy,2023-10-10,Completed
TRN000373,EMP000161,Compliance Training,Microsoft,2024-08-09,Completed
TRN000374,EMP000161,Cybersecurity Awareness,Deloitte,2025-02-18,In Progress
TRN000375,EMP000162,Compliance Training,Microsoft,2023-12-14,Failed
TRN000376,EMP000162,Customer Service,Microsoft,2022-08-03,Completed
TRN000377,EMP000162,Customer Service,Geoflex Academy,2019-09-28,Completed
TRN000378,EMP000162,Cybersecurity Awareness,Microsoft,2023-12-28,In Progress
TRN000379,EMP000162,Health and Safety,Coursera,2021-03-25,Completed
TRN000380,EMP000163,Health and Safety,Microsoft,2024-09-02,Completed
TRN000381,EMP000163,Compliance Training,Deloitte,2021-08-13,In Progress
TRN000382,EMP000163,Data Analytics,Microsoft,2023-01-26,In Progress
TRN000383,EMP000163,Compliance Training,Deloitte,2020-11-22,Completed
TRN000384,EMP000163,Data Analytics,Udemy,2024-09-18,Completed
TRN000385,EMP000164,Quality Management,Coursera,2025-11-11,Failed
TRN000386,EMP000164,Lean Manufacturing,KPMG,2022-10-15,In Progress
TRN000387,EMP000167,Project Management,Udemy,2020-09-17,Completed
TRN000388,EMP000167,Customer Service,Microsoft,2020-10-25,Completed
TRN000389,EMP000167,Customer Service,Deloitte,2023-01-22,Completed
TRN000390,EMP000167,Health and Safety,KPMG,2021-08-08,Failed
TRN000391,EMP000167,Compliance Training,Udemy,2021-03-09,Failed
TRN000392,EMP000168,Lean Manufacturing,Microsoft,2019-11-08,Completed
TRN000393,EMP000168,Cyber Security,Deloitte,2024-09-27,Completed
TRN000394,EMP000168,Health and Safety,Deloitte,2023-03-14,Failed
TRN000395,EMP000169,Compliance Training,Deloitte,2021-11-17,Completed
TRN000396,EMP000169,Data Analytics,Udemy,2020-10-09,Completed
TRN000397,EMP000170,Quality Management,Deloitte,2025-10-22,Completed
TRN000398,EMP000170,Project Management,Geoflex Academy,2025-08-28,Failed
TRN000399,EMP000170,Risk Management,KPMG,2020-10-02,Completed
TRN000400,EMP000171,Cybersecurity Awareness,Geoflex Academy,2021-03-24,In Progress
TRN000401,EMP000171,Project Management,KPMG,2019-09-12,In Progress
TRN000402,EMP000171,Cybersecurity Awareness,Microsoft,2023-06-14,Failed
TRN000403,EMP000171,Customer Service,Geoflex Academy,2025-07-07,Completed
TRN000404,EMP000171,Health and Safety,Coursera,2023-03-11,Completed
TRN000405,EMP000172,Cybersecurity Awareness,Coursera,2024-07-22,Failed
TRN000406,EMP000173,Data Analytics,Geoflex Academy,2021-09-11,Failed
TRN000407,EMP000173,Quality Management,Microsoft,2019-12-05,Completed
TRN000408,EMP000173,Risk Management,Coursera,2022-04-25,Completed
TRN000409,EMP000174,Compliance Training,Udemy,2022-04-24,Completed
TRN000410,EMP000174,Project Management,Deloitte,2021-06-10,Completed
TRN000411,EMP000174,Cybersecurity Awareness,Geoflex Academy,2021-10-17,Completed
TRN000412,EMP000174,Lean Manufacturing,Udemy,2022-10-20,Failed
TRN000413,EMP000174,Project Management,Coursera,2022-11-09,Completed
TRN000414,EMP000175,Lean Manufacturing,Udemy,2024-01-14,Failed
TRN000415,EMP000175,Cybersecurity Awareness,Geoflex Academy,2022-12-22,Completed
TRN000416,EMP000175,Health and Safety,Geoflex Academy,2023-01-18,In Progress
TRN000417,EMP000175,Customer Service,Coursera,2021-09-01,Completed
TRN000418,EMP000175,Customer Service,Geoflex Academy,2023-01-27,Completed
TRN000419,EMP000178,Risk Management,Udemy,2020-07-05,Completed
TRN000420,EMP000179,Customer Service,Geoflex Academy,2020-10-23,Failed
TRN000421,EMP000180,Project Management,Geoflex Academy,2019-03-01,Failed
TRN000422,EMP000180,Cybersecurity Awareness,Geoflex Academy,2022-04-20,Completed
TRN000423,EMP000180,Project Management,Udemy,2021-03-26,Completed
TRN000424,EMP000181,Cybersecurity Awareness,Deloitte,2023-03-06,Completed
TRN000425,EMP000181,Health and Safety,Geoflex Academy,2023-09-21,Completed
TRN000426,EMP000181,Project Management,Geoflex Academy,2020-02-02,Completed
TRN000427,EMP000181,Quality Management,Udemy,2021-07-07,In Progress
TRN000428,EMP000181,Cybersecurity Awareness,Coursera,2021-06-10,Failed
TRN000429,EMP000182,Lean Manufacturing,Deloitte,2024-12-26,Failed
TRN000430,EMP000182,Leadership Development,Geoflex Academy,2024-06-27,Completed
TRN000431,EMP000182,Lean Manufacturing,Udemy,2025-02-05,Completed
TRN000432,EMP000183,Customer Service,KPMG,2023-05-24,Completed
TRN000433,EMP000183,Quality Management,Geoflex Academy,2020-04-06,Completed
TRN000434,EMP000183,Customer Service,Udemy,2022-10-18,In Progress
TRN000435,EMP000183,Compliance Training,Geoflex Academy,2025-04-09,Completed
TRN000436,EMP000184,LEAN manufacturing,Microsoft,2025-09-18,Failed
TRN000437,EMP000186,Leadership Development,KPMG,2021-08-24,In Progress
TRN000438,EMP000186,Quality Management,Microsoft,2024-08-15,Completed
TRN000439,EMP000186,Leadership Development,Geoflex Academy,2022-02-14,In Progress
TRN000440,EMP000189,Lean Manufacturing,Deloitte,2023-07-07,In Progress
TRN000441,EMP000189,Customer Service,Udemy,2019-05-09,In Progress
TRN000442,EMP000189,Quality Management,Udemy,2025-05-17,Completed
TRN000443,EMP000190,Quality Management,Udemy,2019-10-06,Completed
TRN000444,EMP000190,Health and Safety,Coursera,2024-08-06,Completed
TRN000445,EMP000190,Leadership Development,KPMG,2023-02-28,In Progress
TRN000446,EMP000190,Data Analytics,Microsoft,2024-02-20,Failed
TRN000447,EMP000191,Compliance Training,Coursera,2022-02-19,Completed
TRN000448,EMP000191,Lean Manufacturing,Deloitte,2024-05-08,Failed
TRN000449,EMP000191,Project Management,Deloitte,2019-05-02,Completed
TRN000450,EMP000191,Risk Management,Deloitte,2020-10-17,Failed
TRN000451,EMP000192,Cybersecurity Awareness,Coursera,2021-02-24,Completed
TRN000452,EMP000192,Risk Management,,2019-04-06,Completed
TRN000453,EMP000192,Compliance Training,KPMG,2023-04-05,Completed
TRN000454,EMP000192,Risk Management,Udemy,2019-02-23,Completed
TRN000455,EMP000194,Quality Management,Deloitte,2021-05-20,Completed
TRN000456,EMP000194,Health and Safety,Geoflex Academy,2019-02-23,Completed
TRN000457,EMP000195,Project Management,KPMG,2025-11-04,Failed
TRN000458,EMP000195,Data Analytics,KPMG,2021-09-18,In Progress
TRN000459,EMP000195,Customer Service,Udemy,2022-08-18,Completed
TRN000460,EMP000196,Leadership Development,Udemy,2023-04-27,In Progress
TRN000461,EMP000196,Project Management,Deloitte,2023-04-22,Completed
TRN000462,EMP000197,Data Analytics,KPMG,2023-12-13,Failed
TRN000463,EMP000198,Project Management,Udemy,2022-02-01,Completed
TRN000464,EMP000198,Risk Management,Coursera,2021-10-07,Completed
TRN000465,EMP000199,Health and Safety,KPMG,2019-08-26,Failed
TRN000466,EMP000200,Risk Management,Microsoft,2020-06-12,Failed
TRN000467,EMP000200,Cybersecurity Awareness,Geoflex Academy,2025-08-02,Completed
TRN000468,EMP000200,Compliance Training,Deloitte,2021-03-02,Completed
TRN000469,EMP000200,Cybersecurity Awareness,Geoflex Academy,2020-12-25,In Progress
TRN000470,EMP000201,Leadership Development,Coursera,2019-02-24,Completed
TRN000471,EMP000201,Risk Management,Deloitte,2024-06-15,Failed
TRN000472,EMP000201,Health and Safety,Coursera,2020-05-09,Completed
TRN000473,EMP000203,Risk Management,Udemy,2023-04-21,Failed
TRN000474,EMP000203,Health and Safety,Geoflex Academy,2020-09-22,Completed
TRN000475,EMP000204,Project Management,Deloitte,2024-03-04,Completed
TRN000476,EMP000204,Health and Safety,Udemy,2020-02-25,Completed
TRN000477,EMP000204,Cybersecurity Awareness,Deloitte,2019-10-20,Failed
TRN000478,EMP000204,Health and Safety,Coursera,2025-11-14,Failed
TRN000479,EMP000204,Leadership Development,Coursera,2019-04-06,Failed
TRN000480,EMP000205,Project Management,Microsoft,2021-06-03,Completed
TRN000481,EMP000205,Cybersecurity Awareness,Udemy,2024-08-03,Completed
TRN000482,EMP000206,Lean Manufacturing,Microsoft,2023-10-08,In Progress
TRN000483,EMP000206,Customer Service,Geoflex Academy,2019-05-06,Failed
TRN000484,EMP000206,Project Management,Coursera,2022-08-04,Failed
TRN000485,EMP000206,Cybersecurity Awareness,KPMG,2025-02-04,Completed
TRN000486,EMP000206,Customer Service,,2024-02-02,Failed
TRN000487,EMP000208,Risk Management,Microsoft,2023-01-18,In Progress
TRN000488,EMP000210,Compliance Training,Udemy,2025-11-17,Failed
TRN000489,EMP000210,Data Analytics,Udemy,2025-03-26,Completed
TRN000490,EMP000211,Cybersecurity Awareness,Geoflex Academy,2020-11-22,Completed
TRN000491,EMP000211,Customer Service,KPMG,2019-10-15,Completed
TRN000492,EMP000212,Compliance Training,Coursera,2021-03-24,In Progress
TRN000493,EMP000212,Data Analytics,Microsoft,2019-06-19,Completed
TRN000494,EMP000213,Risk Management,Udemy,2019-08-12,Completed
TRN000495,EMP000213,Project Management,Coursera,2022-10-19,Failed
TRN000496,EMP000213,Risk Management,Coursera,2023-12-05,Completed
TRN000497,EMP000214,Quality Management,KPMG,2025-04-01,Completed
TRN000498,EMP000214,Data Analytics,Deloitte,2025-09-09,Completed
TRN000499,EMP000214,Leadership Development,Udemy,2024-11-26,Completed
TRN000500,EMP000214,Project Management,KPMG,2025-07-21,In Progress
TRN000501,EMP000214,Cybersecurity Awareness,,2021-08-11,Failed
TRN000502,EMP000215,Compliance Training,Udemy,2022-07-23,Completed
TRN000503,EMP000215,Health and Safety,,2019-05-28,Completed
TRN000504,EMP000216,Quality Management,Geoflex Academy,2023-01-11,Completed
TRN000505,EMP000216,Leadership Development,Deloitte,2023-04-01,In Progress
TRN000506,EMP000216,Lean Manufacturing,Deloitte,2021-02-02,Completed
TRN000507,EMP000217,Quality Management,Microsoft,2024-09-13,Failed
TRN000508,EMP000217,Customer Service,KPMG,2020-01-25,Completed
TRN000509,EMP000218,Leadership Development,Microsoft,2020-12-09,Completed
TRN000510,EMP000218,Health and Safety,Coursera,2024-05-13,Completed
TRN000511,EMP000218,Lean Manufacturing,Deloitte,2023-08-15,Completed
TRN000512,EMP000218,Cybersecurity Awareness,Udemy,2023-05-20,Completed
TRN000513,EMP000219,Health and Safety,Geoflex Academy,2019-11-07,In Progress
TRN000514,EMP000219,Compliance Training,KPMG,2020-12-26,In Progress
TRN000515,EMP000220,Quality Management,Deloitte,2021-08-16,Completed
TRN000516,EMP000220,Compliance Training,KPMG,2022-07-23,Completed
TRN000517,EMP000220,Customer Service,Microsoft,2024-10-26,Completed
TRN000518,EMP000220,Cybersecurity Awareness,Microsoft,2022-12-20,Completed
TRN000519,EMP000220,Risk Management,Geoflex Academy,2025-06-14,Completed
TRN000520,EMP000221,Data Analytics,Microsoft,2020-06-11,Completed
TRN000521,EMP000221,Project Management,KPMG,2022-08-02,Completed
TRN000522,EMP000221,Risk Management,Microsoft,2025-02-02,Completed
TRN000523,EMP000222,Compliance Training,Geoflex Academy,2024-03-10,Completed
TRN000524,EMP000222,Customer Service,Geoflex Academy,2022-04-22,Completed
TRN000525,EMP000222,Quality Management,KPMG,2022-06-26,Failed
TRN000526,EMP000223,Health and Safety,Deloitte,2020-10-25,Completed
TRN000527,EMP000223,Cybersecurity Awareness,Coursera,2022-01-15,Completed
TRN000528,EMP000223,Leadership Development,Udemy,2022-07-23,Completed
TRN000529,EMP000224,Leadership Development,Coursera,2019-05-11,Completed
TRN000530,EMP000224,Health and Safety,Geoflex Academy,2019-05-10,Failed
TRN000531,EMP000225,Quality Management,Microsoft,2021-02-05,Completed
TRN000532,EMP000225,Leadership Development,KPMG,2019-09-02,Completed
TRN000533,EMP000225,Lean Manufacturing,Udemy,2020-02-13,In Progress
TRN000534,EMP000225,Quality Management,Geoflex Academy,2025-05-18,Completed
TRN000535,EMP000225,Leadership Development,KPMG,2024-03-02,Completed
TRN000536,EMP000226,Compliance Training,Geoflex Academy,2023-07-26,Failed
TRN000537,EMP000226,Cybersecurity Awareness,Udemy,2025-06-11,In Progress
TRN000538,EMP000226,Customer Service,Udemy,2025-09-09,Failed
TRN000539,EMP000226,Health and Safety,Coursera,2021-01-22,Completed
TRN000540,EMP000227,Health and Safety,Deloitte,2022-01-18,In Progress
TRN000541,EMP000227,Customer Service,Geoflex Academy,2021-09-05,Completed
TRN000542,EMP000227,Risk Management,Deloitte,2021-12-16,Completed
TRN000543,EMP000227,Leadership Development,Geoflex Academy,2024-03-21,Failed
TRN000544,EMP000228,Customer Service,Udemy,2024-03-15,In Progress
TRN000545,EMP000229,Health and Safety,Microsoft,2019-05-10,Failed
TRN000546,EMP000229,Leadership Development,Udemy,2021-01-27,Completed
TRN000547,EMP000229,Quality Management,KPMG,2020-10-08,Completed
TRN000548,EMP000230,Lean Manufacturing,Geoflex Academy,2021-05-07,In Progress
TRN000549,EMP000230,Customer Service,Udemy,2019-09-16,Failed
TRN000550,EMP000230,Data Analytics,Deloitte,2021-06-05,Completed
TRN000551,EMP000232,Health and Safety,Udemy,2021-03-06,Failed
TRN000552,EMP000232,Data Analytics,Geoflex Academy,2021-10-02,Completed
TRN000553,EMP000232,Quality Management,Deloitte,2023-08-07,Completed
TRN000554,EMP000233,Lean Manufacturing,Microsoft,2023-05-04,In Progress
TRN000555,EMP000233,Health and Safety,Coursera,2019-10-04,Completed
TRN000556,EMP000233,Quality Management,Geoflex Academy,2025-07-13,Failed
TRN000557,EMP000233,Compliance Training,Deloitte,2020-01-24,In Progress
TRN000558,EMP000234,Customer Service,Udemy,2023-02-23,Failed
TRN000559,EMP000234,Customer Service,Coursera,2022-08-27,Completed
TRN000560,EMP000234,Cybersecurity Awareness,Deloitte,2019-02-18,Completed
TRN000561,EMP000235,Data Analytics,KPMG,2022-06-15,Failed
TRN000562,EMP000236,Risk Management,Udemy,2020-08-24,In Progress
TRN000563,EMP000237,Lean Manufacturing,Udemy,2020-04-17,Completed
TRN000564,EMP000237,Data Analytics,Geoflex Academy,2022-05-11,In Progress
TRN000565,EMP000237,Lean Manufacturing,KPMG,2019-09-12,Completed
TRN000566,EMP000239,Quality Management,Deloitte,2022-01-02,Completed
TRN000567,EMP000239,Compliance Training,Coursera,2025-12-10,Completed
TRN000568,EMP000239,Project Management,Udemy,2025-08-05,Failed
TRN000569,EMP000239,Risk Management,Coursera,2019-01-22,Completed
TRN000570,EMP000240,Customer Service,Microsoft,2019-12-02,Completed
TRN000571,EMP000241,Compliance Training,KPMG,2024-08-10,In Progress
TRN000572,EMP000242,Risk Management,KPMG,2020-11-11,Completed
TRN000573,EMP000242,Lean Manufacturing,KPMG,2022-06-10,In Progress
TRN000574,EMP000243,Lean Manufacturing,Microsoft,2020-06-28,Completed
TRN000575,EMP000243,Leadership Development,Udemy,2024-11-27,Completed
TRN000576,EMP000243,Risk Management,KPMG,2022-07-06,Completed
TRN000577,EMP000243,Data Analytics,Udemy,2021-09-27,Failed
TRN000578,EMP000244,Data Analytics,,2024-05-10,Completed
TRN000579,EMP000246,Customer Service,Udemy,2021-11-07,Failed
TRN000580,EMP000246,Project Management,Deloitte,2021-02-02,Completed
TRN000581,EMP000246,Compliance Training,Coursera,2019-04-19,In Progress
TRN000582,EMP000246,Risk Management,Deloitte,2020-06-20,Completed
TRN000583,EMP000246,Risk Management,KPMG,2022-10-24,Completed
TRN000584,EMP000247,Project Management,Microsoft,2025-05-15,Failed
TRN000585,EMP000247,Risk Management,Geoflex Academy,2019-10-16,Completed
TRN000586,EMP000247,Customer Service,Coursera,2023-09-26,Completed
TRN000587,EMP000247,Quality Management,Geoflex Academy,2021-01-27,Completed
TRN000588,EMP000248,Health and Safety,Udemy,2025-02-07,Completed
TRN000589,EMP000248,Risk Management,Deloitte,2023-12-06,Completed
TRN000590,EMP000248,Lean Manufacturing,Deloitte,2019-10-28,In Progress
TRN000591,EMP000249,Customer Service,Microsoft,2021-11-26,Completed
TRN000592,EMP000249,Quality Management,Deloitte,2024-06-06,In Progress
TRN000593,EMP000249,Project Management,Coursera,2021-03-18,Completed
TRN000594,EMP000249,Project Management,KPMG,2022-07-17,In Progress
TRN000595,EMP000251,Lean Manufacturing,Coursera,2021-07-11,Completed
TRN000596,EMP000252,Compliance Training,Microsoft,2022-06-05,Completed
TRN000597,EMP000252,Health and Safety,KPMG,2024-02-21,Completed
TRN000598,EMP000252,Health and Safety,,2022-06-28,Completed
TRN000599,EMP000252,Lean Manufacturing,Deloitte,2025-03-25,Completed
TRN000600,EMP000253,Data Analytics,Udemy,2025-01-24,Failed
TRN000601,EMP000255,Compliance Training,KPMG,2025-11-04,Failed
TRN000602,EMP000255,Customer Service,Udemy,2019-05-23,Failed
TRN000603,EMP000255,Project Management,Coursera,2021-05-15,Completed
TRN000604,EMP000256,Project Management,Deloitte,2019-02-23,Completed
TRN000605,EMP000256,Risk Management,Microsoft,2025-11-11,Completed
TRN000606,EMP000256,Project Management,Udemy,2020-09-14,Completed
TRN000607,EMP000256,Customer Service,Coursera,2019-08-28,Completed
TRN000608,EMP000257,PM,Microsoft,2020-11-14,Completed
TRN000609,EMP000257,Data Analytics,Microsoft,2025-12-17,Completed
TRN000610,EMP000257,Cybersecurity Awareness,Udemy,2025-04-20,Completed
TRN000611,EMP000257,Leadership Development,Coursera,2019-10-05,Completed
TRN000612,EMP000257,Cybersecurity Awareness,Coursera,2023-04-14,Completed
TRN000613,EMP000260,Leadership Development,Deloitte,2020-07-18,Failed
TRN000614,EMP000260,Cybersecurity Awareness,Udemy,2024-04-16,In Progress
TRN000615,EMP000261,Compliance Training,KPMG,2019-01-06,Completed
TRN000616,EMP000262,Leadership Development,Deloitte,2025-10-07,Completed
TRN000617,EMP000262,Risk Management,Geoflex Academy,2023-07-02,Failed
TRN000618,EMP000262,Quality Management,Udemy,2022-09-21,Completed
TRN000619,EMP000263,Lean Manufacturing,KPMG,2023-04-06,In Progress
TRN000620,EMP000263,Project Management,Microsoft,2019-01-18,In Progress
TRN000621,EMP000263,Lean Manufacturing,Deloitte,2023-06-05,Completed
TRN000622,EMP000263,Cybersecurity Awareness,Udemy,2024-12-09,Completed
TRN000623,EMP000264,Data Analytics,Geoflex Academy,2019-07-04,In Progress
TRN000624,EMP000264,Quality Management,KPMG,2023-06-08,Completed
TRN000625,EMP000265,Lean Manufacturing,Microsoft,2022-09-09,In Progress
TRN000626,EMP000265,Leadership Development,Deloitte,2022-11-18,Completed
TRN000627,EMP000265,Cybersecurity Awareness,Deloitte,2024-03-11,Failed
TRN000628,EMP000265,Lean Manufacturing,Udemy,2021-06-25,Completed
TRN000629,EMP000267,Leadership Development,Deloitte,2024-02-18,Completed
TRN000630,EMP000267,Quality Management,Deloitte,2024-08-17,Completed
TRN000631,EMP000269,Risk Management,Coursera,2021-04-20,Completed
TRN000632,EMP000269,Compliance Training,Udemy,2022-01-10,In Progress
TRN000633,EMP000269,Compliance Training,Udemy,2024-03-23,Failed
TRN000634,EMP000269,Project Management,Deloitte,2020-03-18,In Progress
TRN000635,EMP000269,Lean Manufacturing,Microsoft,2024-10-03,Failed
TRN000636,EMP000270,Risk Management,Coursera,2021-04-27,Completed
TRN000637,EMP000271,Data Analytics,KPMG,2019-09-18,In Progress
TRN000638,EMP000271,Customer Service,KPMG,2024-04-11,In Progress
TRN000639,EMP000272,Customer Service,Microsoft,2024-11-14,Completed
TRN000640,EMP000272,Compliance Training,KPMG,2020-08-13,Completed
TRN000641,EMP000272,Health and Safety,Coursera,2019-08-05,Completed
TRN000642,EMP000272,Data analytics,Udemy,2021-03-06,Completed
TRN000643,EMP000272,Leadership Development,Microsoft,2021-12-11,Completed
TRN000644,EMP000273,Cybersecurity Awareness,Deloitte,2022-07-06,Failed
TRN000645,EMP000273,Project Management,Udemy,2025-08-14,Completed
TRN000646,EMP000273,Compliance Training,Geoflex Academy,2021-09-17,In Progress
TRN000647,EMP000273,Quality Management,Microsoft,2025-07-20,Completed
TRN000648,EMP000273,Cybersecurity Awareness,Microsoft,2024-10-13,Completed
TRN000649,EMP000274,Quality Management,Microsoft,2020-12-23,Failed
TRN000650,EMP000274,Leadership Development,KPMG,2021-01-26,Completed
TRN000651,EMP000274,Customer Service,Deloitte,2020-01-10,Completed
TRN000652,EMP000274,Lean Manufacturing,,2024-08-25,In Progress
TRN000653,EMP000275,Quality Management,Deloitte,2019-02-18,In Progress
TRN000654,EMP000277,Risk Management,Deloitte,2023-09-26,In Progress
TRN000655,EMP000278,Cybersecurity Awareness,Coursera,2021-08-18,In Progress
TRN000656,EMP000278,Health and Safety,KPMG,2019-03-04,Failed
TRN000657,EMP000279,Lean Manufacturing,Microsoft,2022-06-10,Completed
TRN000658,EMP000279,Lean Manufacturing,Geoflex Academy,2025-06-03,Failed
TRN000659,EMP000279,Quality Management,Geoflex Academy,2022-01-21,Completed
TRN000660,EMP000279,Cybersecurity Awareness,Microsoft,2025-10-21,Completed
TRN000661,EMP000280,Health and Safety,KPMG,2021-08-27,In Progress
TRN000662,EMP000280,Lean Manufacturing,,2020-04-02,In Progress
TRN000663,EMP000281,Quality Management,Coursera,2024-09-18,Failed
TRN000664,EMP000281,Lean Manufacturing,KPMG,2025-01-05,Completed
TRN000665,EMP000283,Lean Manufacturing,Geoflex Academy,2023-07-22,Completed
TRN000666,EMP000283,Data Analytics,Microsoft,2020-12-10,Completed
TRN000667,EMP000283,Quality Management,Geoflex Academy,2020-03-10,Completed
TRN000668,EMP000283,Health and Safety,Geoflex Academy,2021-08-22,Completed
TRN000669,EMP000284,Cybersecurity Awareness,Coursera,2019-03-16,Failed
TRN000670,EMP000284,Customer Service,Microsoft,2021-01-01,Completed
TRN000671,EMP000285,Customer Service,Deloitte,2019-03-22,Completed
TRN000672,EMP000286,Customer Service,Deloitte,2023-10-21,Completed
TRN000673,EMP000286,Quality Management,Microsoft,2021-07-03,Completed
TRN000674,EMP000286,Leadership Development,KPMG,2020-01-20,Completed
TRN000675,EMP000286,Project Management,Coursera,2025-01-21,Completed
TRN000676,EMP000288,Project Management,Geoflex Academy,2020-10-21,In Progress
TRN000677,EMP000289,Project Management,Geoflex Academy,2024-12-07,Completed
TRN000678,EMP000290,Compliance Training,Microsoft,2024-01-12,Completed
TRN000679,EMP000290,Leadership Development,Deloitte,2022-01-25,Completed
TRN000680,EMP000290,Lean Manufacturing,Microsoft,2022-12-24,Completed
TRN000681,EMP000291,Customer Service,Geoflex Academy,2024-02-10,Completed
TRN000682,EMP000292,Cybersecurity Awareness,Geoflex Academy,2021-02-06,Completed
TRN000683,EMP000293,Data Analytics,Deloitte,2025-09-26,Failed
TRN000684,EMP000293,Quality Management,Coursera,2025-02-06,Completed
TRN000685,EMP000294,Customer Service,Udemy,2019-06-12,Completed
TRN000686,EMP000294,Cybersecurity Awareness,KPMG,2021-04-25,Completed
TRN000687,EMP000294,Project Management,Geoflex Academy,2024-01-15,Failed
TRN000688,EMP000294,Leadership Development,Coursera,2020-07-06,Completed
TRN000689,EMP000294,Lean Manufacturing,Microsoft,2021-03-24,Failed
TRN000690,EMP000295,Cybersecurity Awareness,Deloitte,2022-12-10,In Progress
TRN000691,EMP000295,Customer Service,Geoflex Academy,2019-02-25,Completed
TRN000692,EMP000295,Data Analytics,Coursera,2019-01-17,Failed
TRN000693,EMP000296,Leadership Development,Deloitte,2022-12-04,Completed
TRN000694,EMP000297,Project Management,Deloitte,2021-04-22,Completed
TRN000695,EMP000297,Data Analytics,Deloitte,2024-03-24,Completed
TRN000696,EMP000297,Cybersecurity Awareness,Coursera,2025-01-06,Completed
TRN000697,EMP000297,Health and Safety,Microsoft,2024-06-21,Completed
TRN000698,EMP000298,Data Analytics,Coursera,2024-04-11,Completed
TRN000699,EMP000298,Compliance Training,KPMG,2025-02-15,Completed
TRN000700,EMP000298,Lean Manufacturing,KPMG,2020-12-03,Failed
TRN000701,EMP000298,Quality Management,Microsoft,2022-11-25,Failed
TRN000702,EMP000298,Cybersecurity Awareness,Geoflex Academy,2024-12-02,Completed
TRN000703,EMP000300,Leadership Development,Udemy,2022-05-18,Failed
TRN000704,EMP000302,Project Management,KPMG,2022-04-13,In Progress
TRN000705,EMP000303,Compliance Training,Microsoft,2025-07-13,Failed
TRN000706,EMP000303,Health and Safety,Udemy,2020-07-05,Completed
TRN000707,EMP000303,Compliance Training,Deloitte,2019-11-05,Completed
TRN000708,EMP000304,Customer Service,Geoflex Academy,2020-05-13,Completed
TRN000709,EMP000304,Customer Service,Udemy,2019-02-10,Completed
TRN000710,EMP000304,Health and Safety,Geoflex Academy,2025-03-27,Completed
TRN000711,EMP000304,Data Analytics,Udemy,2022-07-21,Completed
TRN000712,EMP000305,Risk Management,Udemy,2023-07-16,Completed
TRN000713,EMP000305,Health and Safety,,2021-08-20,Completed
TRN000714,EMP000305,Leadership Development,Microsoft,2025-01-13,Completed
TRN000715,EMP000305,Lean Manufacturing,Microsoft,2021-04-24,Completed
TRN000716,EMP000305,Leadership Development,Coursera,2023-01-05,In Progress
TRN000717,EMP000306,Quality Management,Geoflex Academy,2020-01-01,Completed
TRN000718,EMP000306,Lean Manufacturing,Geoflex Academy,2020-05-17,Completed
TRN000719,EMP000306,Project Management,Microsoft,2024-02-02,In Progress
TRN000720,EMP000307,Quality Management,Microsoft,2020-05-16,Completed
TRN000721,EMP000307,Lean Manufacturing,Deloitte,2019-02-03,Completed
TRN000722,EMP000308,Risk Management,Microsoft,2023-11-10,Completed
TRN000723,EMP000308,Health and Safety,Microsoft,2020-08-13,Completed
TRN000724,EMP000309,Customer Service,Microsoft,2019-08-07,Completed
TRN000725,EMP000309,Lean Manufacturing,Geoflex Academy,2021-03-14,Completed
TRN000726,EMP000309,Cybersecurity Awareness,Microsoft,2020-11-01,In Progress
TRN000727,EMP000310,Project Management,Microsoft,2025-08-09,In Progress
TRN000728,EMP000310,Quality Management,Coursera,2024-09-24,Completed
TRN000729,EMP000310,Health and Safety,Deloitte,2020-01-07,Completed
TRN000730,EMP000310,Quality Management,KPMG,2023-03-12,Completed
TRN000731,EMP000311,Compliance Training,Udemy,2024-03-06,In Progress
TRN000732,EMP000311,Compliance Training,Deloitte,2021-06-03,In Progress
TRN000733,EMP000311,Customer Service,Geoflex Academy,2020-03-25,Failed
TRN000734,EMP000311,Quality Management,Geoflex Academy,2019-01-15,Failed
TRN000735,EMP000311,Health and Safety,KPMG,2019-11-22,Failed
TRN000736,EMP000312,Risk Management,KPMG,2022-07-05,Completed
TRN000737,EMP000312,Lean Manufacturing,Coursera,2019-08-09,Completed
TRN000738,EMP000312,Risk Management,Microsoft,2023-02-23,Completed
TRN000739,EMP000312,Quality Management,Deloitte,2020-11-20,In Progress
TRN000740,EMP000313,Project Management,Deloitte,2020-04-14,In Progress
TRN000741,EMP000313,Health and Safety,Geoflex Academy,2023-06-27,In Progress
TRN000742,EMP000313,Data Analytics,Microsoft,2020-02-01,Completed
TRN000743,EMP000314,Customer Service,KPMG,2022-10-04,Completed
TRN000744,EMP000314,Health and Safety,Udemy,2024-08-08,Failed
TRN000745,EMP000315,Risk Management,Microsoft,2020-12-04,Completed
TRN000746,EMP000315,Project Management,Udemy,2021-11-09,Completed
TRN000747,EMP000315,Cybersecurity Awareness,KPMG,2024-02-10,Failed
TRN000748,EMP000316,Health and Safety,Deloitte,2025-09-13,Completed
TRN000749,EMP000316,Leadership Development,Udemy,2022-02-17,Completed
TRN000750,EMP000316,Data Analytics,Geoflex Academy,2022-09-08,Completed
TRN000751,EMP000317,Customer Service,Microsoft,2023-02-28,Completed
TRN000752,EMP000317,Risk Management,Coursera,2020-07-12,Completed
TRN000753,EMP000317,Quality Management,Deloitte,2022-01-23,Completed
TRN000754,EMP000318,Cybersecurity Awareness,Microsoft,2021-06-27,In Progress
TRN000755,EMP000318,Leadership Development,Udemy,2019-01-12,Failed
TRN000756,EMP000318,Risk Management,Geoflex Academy,2019-12-09,Failed
TRN000757,EMP000319,Health and Safety,KPMG,2021-07-22,Completed
TRN000758,EMP000319,Compliance Training,,2022-02-25,Failed
TRN000759,EMP000321,Cybersecurity Awareness,Geoflex Academy,2021-09-17,Failed
TRN000760,EMP000321,Risk Management,Geoflex Academy,2024-07-17,In Progress
TRN000761,EMP000321,Health and Safety,Coursera,2023-07-16,Completed
TRN000762,EMP000321,Leadership Development,Coursera,2021-09-10,In Progress
TRN000763,EMP000321,Leadership Development,Udemy,2024-04-27,Completed
TRN000764,EMP000322,Cybersecurity Awareness,KPMG,2023-04-13,Failed
TRN000765,EMP000322,Cybersecurity Awareness,KPMG,2024-11-16,In Progress
TRN000766,EMP000322,Leadership Development,Udemy,2019-05-21,Failed
TRN000767,EMP000323,Leadership Development,Geoflex Academy,2024-11-04,Failed
TRN000768,EMP000323,Leadership Development,Deloitte,2021-08-28,Failed
TRN000769,EMP000323,Compliance Training,Udemy,2023-04-07,In Progress
TRN000770,EMP000324,Health and Safety,Geoflex Academy,2022-01-19,Completed
TRN000771,EMP000324,Compliance Training,Coursera,2019-09-13,Failed
TRN000772,EMP000324,Customer care,KPMG,2020-04-24,Completed
TRN000773,EMP000324,Health and Safety,KPMG,2021-10-06,Completed
TRN000774,EMP000325,Customer Service,KPMG,2022-09-24,Completed
TRN000775,EMP000325,Project Management,Coursera,2025-01-02,Completed
TRN000776,EMP000325,Quality Management,Geoflex Academy,2025-09-10,Completed
TRN000777,EMP000325,Customer Service,Microsoft,2022-09-27,Completed
TRN000778,EMP000326,Health and Safety,Deloitte,2023-02-08,Completed
TRN000779,EMP000326,Lean Manufacturing,Deloitte,2023-03-26,Completed
TRN000780,EMP000326,Risk Management,Coursera,2022-11-27,Completed
TRN000781,EMP000326,Health and Safety,Geoflex Academy,2021-11-14,Failed
TRN000782,EMP000326,Risk Management,Deloitte,2023-10-01,In Progress
TRN000783,EMP000327,Health and Safety,Microsoft,2023-04-28,Completed
TRN000784,EMP000327,Project Management,Udemy,2023-05-27,In Progress
TRN000785,EMP000327,Quality Management,Coursera,2021-03-11,In Progress
TRN000786,EMP000328,Data Analytics,KPMG,2025-04-05,Failed
TRN000787,EMP000328,Lean Manufacturing,Udemy,2023-11-09,Completed
TRN000788,EMP000328,Quality Management,Coursera,2023-07-13,In Progress
TRN000789,EMP000331,Project Management,Coursera,2021-11-08,Completed
TRN000790,EMP000332,Cybersecurity Awareness,Udemy,2025-11-28,In Progress
TRN000791,EMP000332,Lean Manufacturing,Udemy,2020-05-13,Failed
TRN000792,EMP000332,Data Analytics,Udemy,2020-12-06,Completed
TRN000793,EMP000334,Cybersecurity Awareness,Microsoft,2025-04-04,In Progress
TRN000794,EMP000334,Risk Management,Udemy,2022-01-16,In Progress
TRN000795,EMP000335,Compliance Training,Microsoft,2021-12-13,Completed
TRN000796,EMP000335,Health and Safety,Coursera,2022-05-10,Failed
TRN000797,EMP000336,Health and Safety,Udemy,2023-08-15,Completed
TRN000798,EMP000336,Data Analytics,KPMG,2019-01-21,Completed
TRN000799,EMP000337,Project Management,Geoflex Academy,2024-10-14,Failed
TRN000800,EMP000337,Project Management,Udemy,2019-01-13,Failed
TRN000801,EMP000338,Risk Management,Coursera,2024-07-09,Completed
TRN000802,EMP000338,Data Analytics,Udemy,2021-04-09,Completed
TRN000803,EMP000339,Health and Safety,Deloitte,2025-02-05,Failed
TRN000804,EMP000339,Lean Manufacturing,Coursera,2021-01-17,Completed
TRN000805,EMP000340,Compliance Training,Udemy,2023-01-28,Failed
TRN000806,EMP000340,Project Management,Udemy,2023-03-21,Completed
TRN000807,EMP000340,Project Management,Geoflex Academy,2021-05-26,Failed
TRN000808,EMP000341,Risk Management,KPMG,2022-02-28,Completed
TRN000809,EMP000341,Lean Manufacturing,Deloitte,2019-11-04,In Progress
TRN000810,EMP000342,Data Analytics,Coursera,2025-01-18,Completed
TRN000811,EMP000342,Health and Safety,Geoflex Academy,2020-02-16,Completed
TRN000812,EMP000344,Quality Management,Geoflex Academy,2025-02-04,Failed
TRN000813,EMP000344,Project Management,Udemy,2024-01-07,Completed
TRN000814,EMP000344,Leadership Development,Microsoft,2025-12-10,In Progress
TRN000815,EMP000344,Health and Safety,Udemy,2022-03-09,Failed
TRN000816,EMP000345,Customer Service,Deloitte,2020-10-24,Failed
TRN000817,EMP000346,Data Analytics,Microsoft,2022-08-07,Failed
TRN000818,EMP000346,Lean Manufacturing,Deloitte,2024-01-20,Completed
TRN000819,EMP000346,Leadership Development,Geoflex Academy,2024-04-05,Completed
TRN000820,EMP000346,Lean Manufacturing,Deloitte,2024-08-16,Completed
TRN000821,EMP000347,Customer Service,Udemy,2020-10-09,Completed
TRN000822,EMP000348,Health and Safety,Microsoft,2024-10-02,Completed
TRN000823,EMP000348,Compliance Training,Microsoft,2019-07-17,Completed
TRN000824,EMP000349,Lean Manufacturing,Geoflex Academy,2025-02-05,Completed
TRN000825,EMP000349,Risk Management,KPMG,2025-02-12,Completed
TRN000826,EMP000349,Customer Service,Deloitte,2021-01-21,Completed
TRN000827,EMP000350,Quality Management,Deloitte,2024-09-14,In Progress
TRN000828,EMP000350,Leadership Development,Geoflex Academy,2022-03-10,In Progress
TRN000829,EMP000350,Cybersecurity Awareness,KPMG,2020-12-25,Completed
TRN000830,EMP000350,Data Analytics,KPMG,2020-09-09,Completed
TRN000831,EMP000350,Project Management,KPMG,2025-10-21,Completed
TRN000832,EMP000351,Lean Manufacturing,Udemy,2024-10-07,Completed
TRN000833,EMP000351,Data Analytics,Geoflex Academy,2023-07-10,Failed
TRN000834,EMP000351,Compliance Training,KPMG,2024-04-05,Failed
TRN000835,EMP000352,Risk Management,Geoflex Academy,2025-10-02,Completed
TRN000836,EMP000352,Customer Service,Coursera,2021-04-15,In Progress
TRN000837,EMP000352,Quality Management,Coursera,2025-12-16,Completed
TRN000838,EMP000352,Project Management,Deloitte,2024-11-20,Failed
TRN000839,EMP000352,Compliance Training,KPMG,2019-02-23,Completed
TRN000840,EMP000353,Compliance Training,Deloitte,2023-06-05,Completed
TRN000841,EMP000353,Cybersecurity Awareness,Coursera,2019-11-13,Completed
TRN000842,EMP000353,Quality Management,Geoflex Academy,2021-06-17,Completed
TRN000843,EMP000354,Compliance Training,Geoflex Academy,2021-12-20,Completed
TRN000844,EMP000354,Data Analytics,Microsoft,2021-07-17,Completed
TRN000845,EMP000354,Health and Safety,Geoflex Academy,2022-02-28,Failed
TRN000846,EMP000354,Customer Service,Deloitte,2024-10-25,In Progress
TRN000847,EMP000355,Quality Management,Geoflex Academy,2023-12-28,Completed
TRN000848,EMP000355,Data Analytics,KPMG,2025-07-14,Failed
TRN000849,EMP000356,Quality Management,Coursera,2025-01-19,In Progress
TRN000850,EMP000356,Leadership Development,Udemy,2024-02-07,Completed
TRN000851,EMP000356,Risk Management,Coursera,2024-06-27,Failed
TRN000852,EMP000356,Data Analytics,Coursera,2022-09-25,Completed
TRN000853,EMP000358,Project Management,KPMG,2019-07-21,In Progress
TRN000854,EMP000358,Data Analytics,,2020-11-20,Completed
TRN000855,EMP000359,Cybersecurity Awareness,Deloitte,2019-02-20,Completed
TRN000856,EMP000359,Data Analytics,KPMG,2024-02-14,Completed
TRN000857,EMP000359,PM,Udemy,2019-05-11,Completed
TRN000858,EMP000361,Leadership Development,Deloitte,2023-03-01,Completed
TRN000859,EMP000361,Compliance Training,Geoflex Academy,2021-11-02,In Progress
TRN000860,EMP000361,Project Management,Coursera,2020-04-01,In Progress
TRN000861,EMP000361,Customer Service,Microsoft,2019-01-28,Failed
TRN000862,EMP000361,Cybersecurity Awareness,Microsoft,2019-11-24,Completed
TRN000863,EMP000362,Quality Management,Coursera,2019-11-21,In Progress
TRN000864,EMP000362,Project Management,Geoflex Academy,2022-05-14,Failed
TRN000865,EMP000362,Cyber Security,Coursera,2019-01-19,Completed
TRN000866,EMP000363,Project Management,KPMG,2023-06-24,Completed
TRN000867,EMP000363,LEAN manufacturing,Geoflex Academy,2019-12-21,Completed
TRN000868,EMP000363,Leadership Development,Microsoft,2023-12-22,Completed
TRN000869,EMP000364,Data Analytics,Coursera,2020-08-28,Completed
TRN000870,EMP000364,Project Management,Microsoft,2022-11-09,In Progress
TRN000871,EMP000365,Risk Management,KPMG,2025-05-28,Completed
TRN000872,EMP000365,Project Management,KPMG,2023-05-20,In Progress
TRN000873,EMP000366,Project Management,Geoflex Academy,2020-04-26,Completed
TRN000874,EMP000367,Cybersecurity Awareness,Coursera,2022-01-10,In Progress
TRN000875,EMP000368,Compliance Training,Deloitte,2024-12-28,In Progress
TRN000876,EMP000368,Risk Management,Deloitte,2023-02-25,Failed
TRN000877,EMP000368,Lean Manufacturing,Udemy,2021-07-28,Completed
TRN000878,EMP000369,Cybersecurity Awareness,Udemy,2020-09-16,Failed
TRN000879,EMP000371,Leadership Development,Geoflex Academy,2019-10-13,Completed
TRN000880,EMP000371,Compliance Training,KPMG,2024-07-23,Completed
TRN000881,EMP000371,Risk Management,Deloitte,2021-10-03,Failed
TRN000882,EMP000371,Health and Safety,KPMG,2024-02-12,Completed
TRN000883,EMP000372,Data Analytics,Coursera,2019-05-25,In Progress
TRN000884,EMP000372,Project Management,,2020-02-16,Failed
TRN000885,EMP000372,Lean Manufacturing,Microsoft,2020-11-28,Completed
TRN000886,EMP000372,Health and Safety,Coursera,2024-05-23,Completed
TRN000887,EMP000372,PM,Deloitte,2024-12-24,In Progress
TRN000888,EMP000373,Health and Safety,Microsoft,2021-04-19,Completed
TRN000889,EMP000373,Risk Management,KPMG,2023-08-10,Failed
TRN000890,EMP000373,Lean Manufacturing,Deloitte,2020-08-16,Completed
TRN000891,EMP000374,Risk Management,Deloitte,2021-08-25,Completed
TRN000892,EMP000374,Project Management,Udemy,2020-04-14,Completed
TRN000893,EMP000374,Risk Management,Deloitte,2025-08-12,Completed
TRN000894,EMP000375,Leadership Development,Coursera,2024-11-27,Completed
TRN000895,EMP000375,Customer Service,Microsoft,2025-07-11,Completed
TRN000896,EMP000375,Compliance Training,Deloitte,2020-02-27,Failed
TRN000897,EMP000376,Quality Management,Deloitte,2023-02-21,In Progress
TRN000898,EMP000376,Customer Service,Geoflex Academy,2019-05-20,Completed
TRN000899,EMP000377,Lean Manufacturing,Coursera,2021-12-25,Completed
TRN000900,EMP000378,Quality Management,Microsoft,2024-03-10,Failed
TRN000901,EMP000378,Health and Safety,KPMG,2023-01-18,In Progress
TRN000902,EMP000378,Customer Service,Microsoft,2019-02-21,Failed
TRN000903,EMP000378,Data Analytics,Udemy,2020-11-12,Completed
TRN000904,EMP000379,Lean Manufacturing,Microsoft,2021-03-20,Completed
TRN000905,EMP000379,Project Management,Deloitte,2022-07-10,Failed
TRN000906,EMP000380,Leadership Development,KPMG,2019-09-16,Completed
TRN000907,EMP000380,Data Analytics,Microsoft,2024-02-07,Completed
TRN000908,EMP000380,Cybersecurity Awareness,Udemy,2025-10-24,In Progress
TRN000909,EMP000380,Customer Service,Udemy,2025-05-08,Failed
TRN000910,EMP000381,Compliance Training,Coursera,2020-02-24,Completed
TRN000911,EMP000381,Data Analytics,KPMG,2023-12-08,In Progress
TRN000912,EMP000381,Customer Service,Deloitte,2020-08-18,Failed
TRN000913,EMP000381,Quality Management,Coursera,2023-04-02,Failed
TRN000914,EMP000381,Leadership Development,Deloitte,2020-02-19,Completed
TRN000915,EMP000382,Data Analytics,Geoflex Academy,2025-01-06,In Progress
TRN000916,EMP000382,Customer Service,Deloitte,2023-04-16,Completed
TRN000917,EMP000382,Lean Manufacturing,Udemy,2024-02-04,Failed
TRN000918,EMP000382,Compliance Training,Microsoft,2022-05-10,Failed
TRN000919,EMP000383,Risk Management,Udemy,2021-11-26,Completed
TRN000920,EMP000383,Risk Management,Microsoft,2025-11-11,Completed
TRN000921,EMP000384,Cyber Security,Deloitte,2024-08-17,Completed
TRN000922,EMP000384,Cybersecurity Awareness,Coursera,2025-01-21,Completed
TRN000923,EMP000384,Lean Manufacturing,Coursera,2021-06-05,Completed
TRN000924,EMP000384,Lean Manufacturing,Udemy,2023-07-01,Completed
TRN000925,EMP000385,Cybersecurity Awareness,Microsoft,2019-03-02,Completed
TRN000926,EMP000385,Leadership Development,Udemy,2019-11-12,Failed
TRN000927,EMP000385,Risk Management,Udemy,2024-10-23,In Progress
TRN000928,EMP000386,Quality Management,Coursera,2023-06-16,Failed
TRN000929,EMP000386,Quality Management,Deloitte,2025-10-10,Completed
TRN000930,EMP000386,Data Analytics,KPMG,2022-01-01,In Progress
TRN000931,EMP000387,Lean Manufacturing,Geoflex Academy,2023-12-04,Completed
TRN000932,EMP000387,Customer Service,Coursera,2024-07-07,Completed
TRN000933,EMP000389,Compliance Training,Coursera,2025-01-15,In Progress
TRN000934,EMP000389,Project Management,,2019-04-04,In Progress
TRN000935,EMP000389,Risk Management,Coursera,2023-05-10,Completed
TRN000936,EMP000389,Data Analytics,Microsoft,2025-01-01,In Progress
TRN000937,EMP000391,Quality Management,Microsoft,2025-05-23,Completed
TRN000938,EMP000391,Lean Manufacturing,Udemy,2025-06-22,Completed
TRN000939,EMP000392,Project Management,KPMG,2024-10-04,In Progress
TRN000940,EMP000393,Cybersecurity Awareness,Coursera,2021-11-02,Completed
TRN000941,EMP000393,Health and Safety,Geoflex Academy,2021-09-01,Completed
TRN000942,EMP000393,Customer Service,Microsoft,2021-10-14,Completed
TRN000943,EMP000394,Data Analytics,Deloitte,2022-10-28,Failed
TRN000944,EMP000394,Project Management,Geoflex Academy,2020-09-26,In Progress
TRN000945,EMP000394,Health and Safety,Deloitte,2025-02-02,Completed
TRN000946,EMP000394,Data Analytics,Deloitte,2023-04-20,Completed
TRN000947,EMP000396,Data Analytics,Geoflex Academy,2025-04-02,In Progress
TRN000948,EMP000396,Customer Service,Geoflex Academy,2020-12-03,Completed
TRN000949,EMP000397,Risk Management,Coursera,2019-11-04,Completed
TRN000950,EMP000397,Risk Management,KPMG,2023-07-27,Completed
TRN000951,EMP000397,Leadership Development,Udemy,2024-09-24,Failed
TRN000952,EMP000398,Data Analytics,Deloitte,2019-12-10,In Progress
TRN000953,EMP000398,Health and Safety,Geoflex Academy,2020-09-03,Failed
TRN000954,EMP000398,Health and Safety,Deloitte,2023-02-06,Completed
TRN000955,EMP000401,Lean Manufacturing,Microsoft,2021-07-14,In Progress
TRN000956,EMP000402,Compliance Training,Microsoft,2021-12-03,In Progress
TRN000957,EMP000403,Risk Management,Coursera,2025-01-23,Completed
TRN000958,EMP000403,Health and Safety,Coursera,2019-07-11,In Progress
TRN000959,EMP000403,Cybersecurity Awareness,Geoflex Academy,2024-09-20,Completed
TRN000960,EMP000403,Customer Service,Microsoft,2022-04-22,Failed
TRN000961,EMP000405,Compliance Training,Deloitte,2022-09-05,Completed
TRN000962,EMP000405,Health and Safety,KPMG,2024-12-25,Completed
TRN000963,EMP000406,Compliance Training,KPMG,2021-04-05,In Progress
TRN000964,EMP000406,Risk Management,Coursera,2023-06-06,Completed
TRN000965,EMP000406,Leadership Development,Udemy,2021-02-08,Completed
TRN000966,EMP000407,Cybersecurity Awareness,KPMG,2019-04-10,Completed
TRN000967,EMP000409,Data Analytics,Deloitte,2021-03-04,Failed
TRN000968,EMP000409,Customer Service,Udemy,2025-12-11,In Progress
TRN000969,EMP000411,Health and Safety,KPMG,2020-11-08,Completed
TRN000970,EMP000411,Risk Management,Udemy,2022-09-04,In Progress
TRN000971,EMP000411,Lean Manufacturing,KPMG,2021-06-19,In Progress
TRN000972,EMP000412,Health and Safety,Microsoft,2019-06-11,Completed
TRN000973,EMP000415,Compliance Training,Udemy,2023-03-15,Completed
TRN000974,EMP000415,Risk Management,Deloitte,2025-09-09,Completed
TRN000975,EMP000415,Quality Management,Coursera,2025-03-25,Failed
TRN000976,EMP000415,Lean Manufacturing,Microsoft,2022-07-10,Completed
TRN000977,EMP000415,Lean Manufacturing,KPMG,2021-07-09,Completed
TRN000978,EMP000417,Leadership Development,Geoflex Academy,2024-05-20,Completed
TRN000979,EMP000417,Risk Management,Udemy,2022-09-07,Completed
TRN000980,EMP000417,Leadership Development,Geoflex Academy,2025-01-12,Completed
TRN000981,EMP000417,Risk Management,Udemy,2025-10-03,Completed
TRN000982,EMP000417,Project Management,Udemy,2019-04-01,Completed
TRN000983,EMP000418,Quality Management,KPMG,2020-05-22,Completed
TRN000984,EMP000419,Quality Management,Geoflex Academy,2024-09-24,In Progress
TRN000985,EMP000419,Lean Manufacturing,Microsoft,2023-02-02,In Progress
TRN000986,EMP000419,Quality Management,Geoflex Academy,2022-07-15,Completed
TRN000987,EMP000419,Quality Management,KPMG,2020-09-24,Completed
TRN000988,EMP000420,Cybersecurity Awareness,Microsoft,2021-09-12,Completed
TRN000989,EMP000421,Health and Safety,Deloitte,2020-09-21,Completed
TRN000990,EMP000421,Leadership Development,Udemy,2022-01-10,Completed
TRN000991,EMP000421,Leadership Development,Udemy,2020-01-10,Completed
TRN000992,EMP000421,Compliance Training,Deloitte,2025-06-26,Failed
TRN000993,EMP000422,Health and Safety,Udemy,2021-11-15,Completed
TRN000994,EMP000422,Risk Management,Coursera,2021-03-17,Failed
TRN000995,EMP000423,Lean Manufacturing,Udemy,2025-06-19,Completed
TRN000996,EMP000423,Customer Service,Udemy,2020-08-25,Completed
TRN000997,EMP000423,Data Analytics,Geoflex Academy,2024-04-25,Completed
TRN000998,EMP000425,Data Analytics,KPMG,2020-09-22,Failed
TRN000999,EMP000425,Leadership Development,Deloitte,2021-09-05,In Progress
TRN001000,EMP000425,Cybersecurity Awareness,Deloitte,2021-08-18,Failed
TRN001001,EMP000426,Data Analytics,Udemy,2024-07-27,Completed
TRN001002,EMP000427,Leadership Development,Udemy,2021-01-18,Completed
TRN001003,EMP000427,Compliance Training,Coursera,2024-12-13,Completed
TRN001004,EMP000428,Project Management,Microsoft,2019-09-11,Failed
TRN001005,EMP000428,Cybersecurity Awareness,Udemy,2021-09-09,Completed
TRN001006,EMP000428,Project Management,Geoflex Academy,2023-08-13,Completed
TRN001007,EMP000428,Cybersecurity Awareness,Udemy,2021-04-24,Failed
TRN001008,EMP000430,Risk Management,Microsoft,2024-07-24,Completed
TRN001009,EMP000430,Leadership Development,Geoflex Academy,2024-12-01,In Progress
TRN001010,EMP000431,Project Management,KPMG,2025-02-23,Completed
TRN001011,EMP000431,Cybersecurity Awareness,Coursera,2019-04-02,In Progress
TRN001012,EMP000431,Cybersecurity Awareness,Microsoft,2023-12-19,Completed
TRN001013,EMP000431,Quality Management,Geoflex Academy,2020-08-16,In Progress
TRN001014,EMP000432,Health and Safety,Deloitte,2020-03-10,Failed
TRN001015,EMP000434,Cybersecurity Awareness,Udemy,2023-10-24,Completed
TRN001016,EMP000436,Project Management,Deloitte,2019-09-26,Completed
TRN001017,EMP000436,Leadership Development,Microsoft,2024-09-20,In Progress
TRN001018,EMP000437,Health and Safety,Deloitte,2022-03-15,Completed
TRN001019,EMP000437,Customer Service,Udemy,2022-07-25,In Progress
TRN001020,EMP000437,Health and Safety,Coursera,2019-04-20,Completed
TRN001021,EMP000437,Risk Management,Deloitte,2021-08-05,Completed
TRN001022,EMP000438,Customer Service,,2023-04-22,Failed
TRN001023,EMP000438,Quality Management,Coursera,2021-10-28,Completed
TRN001024,EMP000438,Cybersecurity Awareness,KPMG,2025-06-17,Completed
TRN001025,EMP000438,Data Analytics,KPMG,2021-03-24,Failed
TRN001026,EMP000438,Compliance Training,Coursera,2024-11-23,Completed
TRN001027,EMP000439,Leadership Development,Deloitte,2025-06-13,Completed
TRN001028,EMP000439,Leadership Development,,2024-07-11,Failed
TRN001029,EMP000439,Compliance Training,Deloitte,2019-09-16,Failed
TRN001030,EMP000439,Lean Manufacturing,Coursera,2025-09-22,Completed
TRN001031,EMP000439,Leadership Development,,2020-01-06,Completed
TRN001032,EMP000440,Quality Management,KPMG,2021-12-19,In Progress
TRN001033,EMP000440,Customer Service,Coursera,2023-02-01,Failed
TRN001034,EMP000441,Data Analytics,KPMG,2024-01-04,Failed
TRN001035,EMP000441,Project Management,KPMG,2022-02-16,Failed
TRN001036,EMP000441,Project Management,Microsoft,2025-03-25,Completed
TRN001037,EMP000442,Cybersecurity Awareness,KPMG,2022-08-13,Completed
TRN001038,EMP000442,Data Analytics,KPMG,2022-01-06,Completed
TRN001039,EMP000442,Health and Safety,Udemy,2019-06-26,Failed
TRN001040,EMP000443,Data Analytics,Geoflex Academy,2020-05-02,Completed
TRN001041,EMP000443,Cybersecurity Awareness,KPMG,2019-09-03,Failed
TRN001042,EMP000443,Compliance Training,KPMG,2024-07-15,Failed
TRN001043,EMP000445,Compliance Training,Deloitte,2021-08-25,In Progress
TRN001044,EMP000445,Data Analytics,Geoflex Academy,2022-02-02,Completed
TRN001045,EMP000446,Health and Safety,KPMG,2022-09-02,Completed
TRN001046,EMP000446,Leadership Development,Coursera,2025-10-02,Completed
TRN001047,EMP000446,Customer Service,Udemy,2024-03-04,In Progress
TRN001048,EMP000446,Data Analytics,Coursera,2024-01-21,Completed
TRN001049,EMP000447,Cybersecurity Awareness,Microsoft,2021-03-02,Completed
TRN001050,EMP000449,Lean Manufacturing,KPMG,2021-07-17,Completed
TRN001051,EMP000449,Leadership Development,Deloitte,2023-03-04,Failed
TRN001052,EMP000449,Cybersecurity Awareness,Microsoft,2023-09-04,Failed
TRN001053,EMP000449,Cybersecurity Awareness,KPMG,2021-06-13,Completed
TRN001054,EMP000451,Cybersecurity Awareness,Microsoft,2024-03-16,Failed
TRN001055,EMP000451,Project Management,Geoflex Academy,2021-05-23,Completed
TRN001056,EMP000451,Risk Management,Deloitte,2025-01-06,Completed
TRN001057,EMP000451,Compliance Training,Udemy,2021-02-25,In Progress
TRN001058,EMP000451,Data Analytics,Microsoft,2024-10-20,Failed
TRN001059,EMP000452,Quality Management,Deloitte,2023-07-09,In Progress
TRN001060,EMP000452,Risk Management,KPMG,2019-04-06,Completed
TRN001061,EMP000452,Data Analytics,Geoflex Academy,2019-12-03,Failed
TRN001062,EMP000452,Risk Management,Deloitte,2020-05-21,Completed
TRN001063,EMP000452,Leadership Development,Microsoft,2020-08-25,Completed
TRN001064,EMP000453,Lean Manufacturing,Geoflex Academy,2024-04-21,Completed
TRN001065,EMP000455,Quality Management,Udemy,2025-05-02,Completed
TRN001066,EMP000455,Quality Management,Microsoft,2021-08-07,Failed
TRN001067,EMP000456,Risk Management,Deloitte,2019-02-13,Completed
TRN001068,EMP000457,Leadership Development,Udemy,2025-05-25,Completed
TRN001069,EMP000458,Lean Manufacturing,Deloitte,2019-11-22,In Progress
TRN001070,EMP000458,Cybersecurity Awareness,KPMG,2019-03-11,In Progress
TRN001071,EMP000458,Data Analytics,Geoflex Academy,2025-04-28,Completed
TRN001072,EMP000458,Project Management,KPMG,2021-03-26,Failed
TRN001073,EMP000459,Risk Management,Deloitte,2023-04-17,Completed
TRN001074,EMP000459,Lean Manufacturing,Geoflex Academy,2020-11-17,In Progress
TRN001075,EMP000460,Health and Safety,Geoflex Academy,2024-06-02,Completed
TRN001076,EMP000461,Compliance Training,KPMG,2021-06-21,Completed
TRN001077,EMP000462,Data Analytics,KPMG,2019-06-19,Completed
TRN001078,EMP000463,Cybersecurity Awareness,Udemy,2025-05-19,Completed
TRN001079,EMP000464,Risk Management,Microsoft,2019-12-11,Completed
TRN001080,EMP000464,Health and Safety,Udemy,2019-02-12,Completed
TRN001081,EMP000464,Leadership Development,KPMG,2023-11-13,Completed
TRN001082,EMP000464,Cybersecurity Awareness,KPMG,2022-05-16,Completed
TRN001083,EMP000464,Risk Management,Udemy,2025-08-05,In Progress
TRN001084,EMP000465,Quality Management,Coursera,2024-09-13,Completed
TRN001085,EMP000465,Compliance Training,Microsoft,2025-02-18,Completed
TRN001086,EMP000465,Quality Management,Deloitte,2019-09-22,In Progress
TRN001087,EMP000465,Leadership Development,Udemy,2023-12-27,Completed
TRN001088,EMP000466,Project Management,Udemy,2025-05-09,Completed
TRN001089,EMP000466,Health and Safety,KPMG,2025-08-22,Failed
TRN001090,EMP000466,Project Management,,2022-10-27,Completed
TRN001091,EMP000466,Cybersecurity Awareness,Deloitte,2019-02-11,Failed
TRN001092,EMP000466,Project Management,Udemy,2021-09-08,Completed
TRN001093,EMP000468,Risk Management,Geoflex Academy,2020-03-05,Failed
TRN001094,EMP000468,Risk Management,Deloitte,2022-08-19,Completed
TRN001095,EMP000468,Leadership Development,Geoflex Academy,2022-05-16,Completed
TRN001096,EMP000468,Customer Service,Microsoft,2020-01-16,Completed
TRN001097,EMP000469,Health and Safety,Microsoft,2023-11-19,Completed
TRN001098,EMP000470,Cybersecurity Awareness,Udemy,2025-10-13,Completed
TRN001099,EMP000470,Project Management,Geoflex Academy,2021-12-19,Completed
TRN001100,EMP000470,Customer Service,KPMG,2022-09-23,Completed
TRN001101,EMP000471,Risk Management,Coursera,2020-03-05,Failed
TRN001102,EMP000471,Customer Service,Udemy,2025-11-25,Failed
TRN001103,EMP000471,Risk Management,Udemy,2020-02-08,Completed
TRN001104,EMP000472,Customer Service,Geoflex Academy,2021-12-28,Failed
TRN001105,EMP000472,Lean Manufacturing,Coursera,2024-04-06,Completed
TRN001106,EMP000473,Health and Safety,KPMG,2025-10-19,Completed
TRN001107,EMP000473,Quality Management,Udemy,2024-02-12,Completed
TRN001108,EMP000473,Data Analytics,Microsoft,2019-09-26,In Progress
TRN001109,EMP000474,Health and Safety,Geoflex Academy,2023-09-09,Failed
TRN001110,EMP000476,Project Management,Geoflex Academy,2022-09-15,Completed
TRN001111,EMP000476,Risk Management,KPMG,2020-12-11,Completed
TRN001112,EMP000478,Leadership Development,Coursera,2025-12-05,In Progress
TRN001113,EMP000478,Leadership Development,Deloitte,2022-06-21,Completed
TRN001114,EMP000478,Data Analytics,Udemy,2023-10-27,Completed
TRN001115,EMP000478,Data Analytics,Deloitte,2022-08-02,Completed
TRN001116,EMP000478,Project Management,Udemy,2025-01-05,Completed
TRN001117,EMP000479,Customer Service,Deloitte,2020-05-23,Completed
TRN001118,EMP000481,Leadership Development,Udemy,2022-12-13,Completed
TRN001119,EMP000481,Compliance Training,Coursera,2024-04-23,Completed
TRN001120,EMP000481,Leadership Development,Microsoft,2019-03-09,Completed
TRN001121,EMP000481,Customer Service,Udemy,2022-12-26,Completed
TRN001122,EMP000482,Compliance Training,Udemy,2025-11-17,Completed
TRN001123,EMP000482,Cybersecurity Awareness,Udemy,2019-04-23,Completed
TRN001124,EMP000482,Customer Service,Microsoft,2021-05-10,Completed
TRN001125,EMP000482,Compliance Training,Microsoft,2024-06-12,Completed
TRN001126,EMP000482,Quality Management,Deloitte,2025-03-04,Completed
TRN001127,EMP000483,Data Analytics,Udemy,2022-10-07,Completed
TRN001128,EMP000483,Customer Service,KPMG,2024-11-02,Completed
TRN001129,EMP000485,Quality Management,Microsoft,2025-06-27,Failed
TRN001130,EMP000485,Risk Management,Deloitte,2021-07-10,Failed
TRN001131,EMP000485,Quality Management,Geoflex Academy,2025-12-28,In Progress
TRN001132,EMP000486,Compliance Training,KPMG,2020-03-12,Completed
TRN001133,EMP000486,Project Management,Deloitte,2021-12-05,Completed
TRN001134,EMP000488,Cybersecurity Awareness,KPMG,2025-04-17,Completed
TRN001135,EMP000488,Customer Service,Geoflex Academy,2019-12-03,Failed
TRN001136,EMP000488,Compliance Training,Udemy,2022-01-13,Completed
TRN001137,EMP000488,Project Management,Geoflex Academy,2023-03-28,Completed
TRN001138,EMP000490,Lean Manufacturing,Microsoft,2019-01-25,Failed
TRN001139,EMP000490,Project Management,KPMG,2020-12-28,Completed
TRN001140,EMP000490,Cybersecurity Awareness,Deloitte,2024-08-02,In Progress
TRN001141,EMP000490,Quality Management,Microsoft,2025-11-23,Failed
TRN001142,EMP000494,Customer Service,Coursera,2024-05-17,Failed
TRN001143,EMP000494,Risk Management,Microsoft,2024-10-11,Completed
TRN001144,EMP000494,Risk Management,Coursera,2024-09-03,Completed
TRN001145,EMP000494,Health and Safety,Udemy,2022-11-02,In Progress
TRN001146,EMP000494,Project Management,Udemy,2022-07-21,Completed
TRN001147,EMP000495,Data Analytics,Deloitte,2022-05-23,Failed
TRN001148,EMP000495,Risk Management,KPMG,2024-10-26,Completed
TRN001149,EMP000496,Quality Management,Geoflex Academy,2019-05-18,Completed
TRN001150,EMP000496,Cybersecurity Awareness,Coursera,2020-03-19,Completed
TRN001151,EMP000496,PM,Microsoft,2019-05-06,Failed
TRN001152,EMP000497,Cybersecurity Awareness,Udemy,2025-09-12,In Progress
TRN001153,EMP000497,Risk Management,Microsoft,2024-12-25,In Progress
TRN001154,EMP000497,Compliance Training,Deloitte,2023-11-11,Completed
TRN001155,EMP000499,Lean Manufacturing,Geoflex Academy,2024-03-16,In Progress
TRN001156,EMP000499,Lean Manufacturing,Microsoft,2019-01-23,Completed
TRN001157,EMP000501,Data Analytics,Microsoft,2020-03-07,Failed
TRN001158,EMP000501,Risk Management,Udemy,2023-05-28,Completed
TRN001159,EMP000502,Lean Manufacturing,Geoflex Academy,2022-11-26,Completed
TRN001160,EMP000502,Data analytics,Deloitte,2020-06-09,Completed
TRN001161,EMP000503,Risk Management,Geoflex Academy,2019-12-10,Completed
TRN001162,EMP000504,Quality Management,Udemy,2022-06-22,Failed
TRN001163,EMP000504,Customer Service,KPMG,2020-12-14,In Progress
TRN001164,EMP000504,Lean Manufacturing,Geoflex Academy,2021-09-24,Completed
TRN001165,EMP000505,Quality Management,Udemy,2023-08-27,Completed
TRN001166,EMP000505,Lean Manufacturing,Microsoft,2022-02-13,Failed
TRN001167,EMP000505,Compliance Training,Udemy,2021-01-06,Completed
TRN001168,EMP000506,Lean Manufacturing,Coursera,2019-06-16,Completed
TRN001169,EMP000506,Data Analytics,Deloitte,2019-10-18,Failed
TRN001170,EMP000506,Health and Safety,Coursera,2024-05-22,Completed
TRN001171,EMP000507,LEAN manufacturing,Deloitte,2023-09-08,Completed
TRN001172,EMP000507,Data Analytics,Deloitte,2021-07-15,Failed
TRN001173,EMP000507,Cybersecurity Awareness,Microsoft,2019-02-03,Completed
TRN001174,EMP000508,Quality Management,,2023-07-17,Completed
TRN001175,EMP000508,Risk Management,Coursera,2023-09-14,Completed
TRN001176,EMP000508,Customer Service,Coursera,2025-03-15,Completed
TRN001177,EMP000509,Cyber Security,Udemy,2022-06-14,Completed
TRN001178,EMP000509,Compliance Training,Geoflex Academy,2023-08-13,Completed
TRN001179,EMP000509,Health and Safety,Udemy,2023-08-18,In Progress
TRN001180,EMP000509,Health and Safety,,2024-07-19,Completed
TRN001181,EMP000510,Lean Manufacturing,Microsoft,2024-01-09,Completed
TRN001182,EMP000510,Lean Manufacturing,Deloitte,2020-02-17,Completed
TRN001183,EMP000510,Risk Management,Udemy,2023-01-22,Completed
TRN001184,EMP000510,Lean Manufacturing,Deloitte,2023-10-26,Completed
TRN001185,EMP000510,Compliance Training,Coursera,2025-11-06,Completed
TRN001186,EMP000511,Health and Safety,Microsoft,2023-06-15,Failed
TRN001187,EMP000511,Cybersecurity Awareness,Geoflex Academy,2021-12-02,Completed
TRN001188,EMP000511,Leadership Development,Microsoft,2021-09-18,Completed
TRN001189,EMP000511,Health and Safety,Microsoft,2023-10-13,Failed
TRN001190,EMP000511,Customer Service,Microsoft,2021-08-19,In Progress
TRN001191,EMP000512,Customer Service,KPMG,2021-09-04,In Progress
TRN001192,EMP000512,Data Analytics,Microsoft,2020-02-13,Failed
TRN001193,EMP000512,Data Analytics,Geoflex Academy,2022-12-21,In Progress
TRN001194,EMP000512,Project Management,Udemy,2023-01-18,In Progress
TRN001195,EMP000513,Cybersecurity Awareness,Microsoft,2023-09-11,Completed
TRN001196,EMP000513,Compliance Training,Microsoft,2024-06-17,Failed
TRN001197,EMP000513,Health and Safety,Udemy,2021-03-02,Completed
TRN001198,EMP000513,Cybersecurity Awareness,Coursera,2020-05-23,In Progress
TRN001199,EMP000514,Compliance Training,Udemy,2025-10-26,Failed
TRN001200,EMP000514,Project Management,Microsoft,2019-07-23,Completed
TRN001201,EMP000514,Project Management,KPMG,2025-05-14,Failed
TRN001202,EMP000515,Quality Management,Geoflex Academy,2022-04-14,Completed
TRN001203,EMP000515,Project Management,Udemy,2020-09-01,Completed
TRN001204,EMP000516,Lean Manufacturing,Microsoft,2023-09-12,Completed
TRN001205,EMP000516,Leadership Development,Microsoft,2020-04-17,Completed
TRN001206,EMP000516,Cybersecurity Awareness,Deloitte,2023-03-08,Failed
TRN001207,EMP000517,Data Analytics,Deloitte,2024-11-24,Failed
TRN001208,EMP000518,Quality Management,Udemy,2022-06-28,Completed
TRN001209,EMP000518,Quality Management,Deloitte,2022-04-15,Failed
TRN001210,EMP000519,Risk Management,Udemy,2021-08-26,Completed
TRN001211,EMP000519,Project Management,Geoflex Academy,2022-12-23,Failed
TRN001212,EMP000519,Lean Manufacturing,Udemy,2020-10-26,Completed
TRN001213,EMP000519,Data Analytics,Udemy,2023-07-18,Failed
TRN001214,EMP000519,Leadership Development,Udemy,2025-05-05,Failed
TRN001215,EMP000520,PM,KPMG,2020-05-23,Completed
TRN001216,EMP000520,Project Management,Coursera,2025-05-21,In Progress
TRN001217,EMP000520,Risk Management,Microsoft,2024-06-22,Completed
TRN001218,EMP000520,Compliance Training,Deloitte,2023-10-15,Completed
TRN001219,EMP000521,Compliance Training,Coursera,2024-08-16,Completed
TRN001220,EMP000521,Data Analytics,Geoflex Academy,2021-07-09,Completed
TRN001221,EMP000521,Customer Service,Coursera,2024-01-01,Completed
TRN001222,EMP000521,Lean Manufacturing,Geoflex Academy,2023-09-08,Completed
TRN001223,EMP000521,Cybersecurity Awareness,Geoflex Academy,2024-06-20,Completed
TRN001224,EMP000522,Quality Management,Microsoft,2025-07-07,In Progress
TRN001225,EMP000522,Customer Service,Geoflex Academy,2019-09-10,Failed
TRN001226,EMP000522,Risk Management,Coursera,2021-06-23,Completed
TRN001227,EMP000522,Data Analytics,Udemy,2019-03-13,Completed
TRN001228,EMP000522,PM,Microsoft,2021-11-15,In Progress
TRN001229,EMP000524,Customer Service,Geoflex Academy,2023-01-07,In Progress
TRN001230,EMP000524,Data Analytics,Geoflex Academy,2025-01-15,Completed
TRN001231,EMP000524,Compliance Training,Microsoft,2025-09-11,Completed
TRN001232,EMP000524,Leadership Development,Deloitte,2023-04-18,Completed
TRN001233,EMP000524,Lean Manufacturing,Deloitte,2022-04-01,Failed
TRN001234,EMP000525,Project Management,Deloitte,2019-05-10,Completed
TRN001235,EMP000525,Health and Safety,Coursera,2019-12-19,Completed
TRN001236,EMP000526,Quality Management,KPMG,2020-03-14,Completed
TRN001237,EMP000526,Cybersecurity Awareness,Microsoft,2022-04-24,Completed
TRN001238,EMP000528,Risk Management,Microsoft,2023-02-16,Completed
TRN001239,EMP000528,Leadership Development,Udemy,2025-05-22,In Progress
TRN001240,EMP000529,Data Analytics,Coursera,2025-06-17,Completed
TRN001241,EMP000529,Lean Manufacturing,Udemy,2023-12-14,In Progress
TRN001242,EMP000530,Project Management,KPMG,2020-02-17,Completed
TRN001243,EMP000531,Customer Service,KPMG,2024-01-07,Completed
TRN001244,EMP000531,PM,Microsoft,2024-10-14,Completed
TRN001245,EMP000532,Risk Management,Microsoft,2019-07-23,Completed
TRN001246,EMP000532,Health and Safety,Coursera,2022-12-02,Failed
TRN001247,EMP000532,Customer Service,Geoflex Academy,2022-07-18,Completed
TRN001248,EMP000532,Quality Management,Geoflex Academy,2020-10-23,Completed
TRN001249,EMP000533,Leadership Development,Udemy,2025-04-24,In Progress
TRN001250,EMP000533,Lean Manufacturing,KPMG,2019-09-14,Completed
TRN001251,EMP000533,Quality Management,Deloitte,2020-07-22,In Progress
TRN001252,EMP000533,Leadership Development,Deloitte,2022-01-26,Completed
TRN001253,EMP000534,Health and Safety,Microsoft,2020-06-06,Completed
TRN001254,EMP000534,Risk Management,Coursera,2025-02-26,In Progress
TRN001255,EMP000534,Cybersecurity Awareness,Deloitte,2023-02-19,Completed
TRN001256,EMP000535,Cybersecurity Awareness,KPMG,2020-02-11,Completed
TRN001257,EMP000535,Project Management,Geoflex Academy,2025-06-27,Completed
TRN001258,EMP000535,Compliance Training,Coursera,2019-06-24,In Progress
TRN001259,EMP000536,Leadership Development,Deloitte,2025-05-01,Completed
TRN001260,EMP000536,Project Management,Deloitte,2022-06-14,Completed
TRN001261,EMP000536,Lean Manufacturing,Udemy,2019-01-15,Completed
TRN001262,EMP000538,Risk Management,Microsoft,2024-05-18,In Progress
TRN001263,EMP000538,Project Management,Coursera,2021-01-27,Completed
TRN001264,EMP000538,Health and Safety,Udemy,2024-10-05,Completed
TRN001265,EMP000538,Data Analytics,Coursera,2020-09-09,In Progress
TRN001266,EMP000538,Quality Management,KPMG,2019-07-04,In Progress
TRN001267,EMP000542,Risk Management,KPMG,2020-03-03,In Progress
TRN001268,EMP000544,Quality Management,Deloitte,2020-09-24,In Progress
TRN001269,EMP000544,Project Management,Udemy,2021-05-26,In Progress
TRN001270,EMP000545,Project Management,Deloitte,2022-06-22,Completed
TRN001271,EMP000545,Lean Manufacturing,,2019-06-02,Completed
TRN001272,EMP000547,Health and Safety,Coursera,2019-07-20,Completed
TRN001273,EMP000547,Compliance Training,Coursera,2025-02-07,Completed
TRN001274,EMP000548,Quality Management,Coursera,2020-10-27,In Progress
TRN001275,EMP000548,Leadership Development,Deloitte,2019-06-26,Completed
TRN001276,EMP000548,Leadership Development,Geoflex Academy,2024-07-06,In Progress
TRN001277,EMP000549,Project Management,Microsoft,2020-12-05,Completed
TRN001278,EMP000549,Project Management,Geoflex Academy,2020-09-18,Completed
TRN001279,EMP000550,Leadership Development,Udemy,2022-03-13,Completed
TRN001280,EMP000550,Cybersecurity Awareness,Deloitte,2023-11-27,Failed
TRN001281,EMP000550,Risk Management,Microsoft,2021-03-18,Completed
TRN001282,EMP000550,Customer Service,Udemy,2020-08-06,In Progress
TRN001283,EMP000551,Risk Management,KPMG,2019-03-17,Completed
TRN001284,EMP000551,Lean Manufacturing,Microsoft,2022-04-13,In Progress
TRN001285,EMP000551,Leadership Development,KPMG,2019-06-26,Completed
TRN001286,EMP000551,Compliance Training,Udemy,2021-06-09,Completed
TRN001287,EMP000551,Project Management,Udemy,2024-12-04,Completed
TRN001288,EMP000552,Leadership Development,Udemy,2025-04-09,Failed
TRN001289,EMP000552,Cybersecurity Awareness,KPMG,2019-11-28,Failed
TRN001290,EMP000552,Compliance Training,Coursera,2023-06-11,Completed
TRN001291,EMP000553,Risk Management,KPMG,2019-04-04,Failed
TRN001292,EMP000553,Cybersecurity Awareness,Coursera,2024-01-23,Completed
TRN001293,EMP000555,Lean Manufacturing,Udemy,2025-11-25,Failed
TRN001294,EMP000555,Cybersecurity Awareness,Microsoft,2024-09-18,Completed
TRN001295,EMP000555,Quality Management,Udemy,2025-10-28,In Progress
TRN001296,EMP000555,Risk Management,Deloitte,2025-01-13,Completed
TRN001297,EMP000556,Quality Management,Coursera,2019-06-01,Completed
TRN001298,EMP000556,Risk Management,Geoflex Academy,2024-04-05,In Progress
TRN001299,EMP000556,Compliance Training,Geoflex Academy,2024-05-12,Completed
TRN001300,EMP000556,Data Analytics,KPMG,2025-04-24,Failed
TRN001301,EMP000556,Cybersecurity Awareness,KPMG,2022-01-12,Failed
TRN001302,EMP000557,Lean Manufacturing,Deloitte,2023-09-10,Completed
TRN001303,EMP000558,Lean Manufacturing,Udemy,2021-04-28,Completed
TRN001304,EMP000558,Risk Management,KPMG,2025-12-18,Failed
TRN001305,EMP000558,Cybersecurity Awareness,Microsoft,2022-03-13,Completed
TRN001306,EMP000558,Data Analytics,Geoflex Academy,2024-09-22,Completed
TRN001307,EMP000558,Data Analytics,KPMG,2020-08-04,Completed
TRN001308,EMP000559,Lean Manufacturing,Deloitte,2020-12-09,Completed
TRN001309,EMP000559,Leadership Development,Udemy,2019-10-28,Completed
TRN001310,EMP000559,Customer Service,Geoflex Academy,2021-03-01,In Progress
TRN001311,EMP000559,Lean Manufacturing,Udemy,2020-01-03,Completed
TRN001312,EMP000559,Leadership Development,Udemy,2024-01-13,Completed
TRN001313,EMP000560,Lean Manufacturing,Microsoft,2025-04-21,In Progress
TRN001314,EMP000560,Risk Management,Coursera,2025-03-28,In Progress
TRN001315,EMP000560,Quality Management,KPMG,2020-09-16,Completed
TRN001316,EMP000562,Health and Safety,Microsoft,2023-11-11,Completed
TRN001317,EMP000562,Lean Manufacturing,Deloitte,2020-03-14,Completed
TRN001318,EMP000562,Leadership Development,Geoflex Academy,2024-01-27,Completed
TRN001319,EMP000565,Customer Service,Microsoft,2023-04-07,Completed
TRN001320,EMP000566,Customer Service,KPMG,2021-03-17,In Progress
TRN001321,EMP000566,Health and Safety,Geoflex Academy,2023-04-09,Failed
TRN001322,EMP000566,Health and Safety,Geoflex Academy,2023-12-03,Completed
TRN001323,EMP000566,Leadership Development,Udemy,2024-09-26,Completed
TRN001324,EMP000566,Data Analytics,Deloitte,2025-10-13,Completed
TRN001325,EMP000567,Cybersecurity Awareness,KPMG,2023-03-16,Completed
TRN001326,EMP000568,Project Management,Deloitte,2024-05-26,Failed
TRN001327,EMP000569,Compliance Training,Microsoft,2019-07-20,Failed
TRN001328,EMP000569,Cybersecurity Awareness,Udemy,2024-11-12,In Progress
TRN001329,EMP000569,Lean Manufacturing,Geoflex Academy,2023-02-03,Failed
TRN001330,EMP000569,Data Analytics,Coursera,2023-07-27,Failed
TRN001331,EMP000569,Lean Manufacturing,,2024-02-25,Completed
TRN001332,EMP000570,Quality Management,Deloitte,2023-06-20,Failed
TRN001333,EMP000571,Risk Management,Coursera,2022-03-05,In Progress
TRN001334,EMP000571,Customer Service,Geoflex Academy,2021-04-25,Completed
TRN001335,EMP000573,Lean Manufacturing,KPMG,2024-11-22,Completed
TRN001336,EMP000573,Lean Manufacturing,Deloitte,2019-02-17,Completed
TRN001337,EMP000574,Health and Safety,Udemy,2022-10-25,Completed
TRN001338,EMP000574,Project Management,KPMG,2021-04-26,Completed
TRN001339,EMP000575,Project Management,Geoflex Academy,2023-11-12,Completed
TRN001340,EMP000575,Leadership Development,Microsoft,2021-02-09,Failed
TRN001341,EMP000575,Data Analytics,Udemy,2025-05-05,Completed
TRN001342,EMP000576,Cybersecurity Awareness,Coursera,2022-03-28,Completed
TRN001343,EMP000576,Compliance Training,KPMG,2023-07-06,Completed
TRN001344,EMP000577,Leadership Development,Microsoft,2020-06-22,In Progress
TRN001345,EMP000577,Data Analytics,Coursera,2025-07-14,In Progress
TRN001346,EMP000578,Quality Management,Coursera,2020-03-13,Completed
TRN001347,EMP000578,Compliance Training,Microsoft,2022-10-12,Completed
TRN001348,EMP000578,Cyber Security,Deloitte,2023-12-20,Completed
TRN001349,EMP000580,Compliance Training,Deloitte,2023-10-07,Failed
TRN001350,EMP000580,Leadership Development,Deloitte,2023-07-21,Failed
TRN001351,EMP000581,Project Management,KPMG,2021-09-01,Completed
TRN001352,EMP000581,Project Management,Udemy,2025-06-23,Failed
TRN001353,EMP000582,Project Management,Geoflex Academy,2021-05-16,Completed
TRN001354,EMP000582,Leadership Development,KPMG,2020-10-14,Completed
TRN001355,EMP000582,Customer Service,Coursera,2023-09-09,Completed
TRN001356,EMP000582,Compliance Training,Geoflex Academy,2024-04-11,Completed
TRN001357,EMP000583,Quality Management,Coursera,2023-10-14,Completed
TRN001358,EMP000583,Customer Service,Udemy,2025-01-18,Completed
TRN001359,EMP000583,Compliance Training,Geoflex Academy,2019-03-19,Completed
TRN001360,EMP000587,Cybersecurity Awareness,Deloitte,2025-01-03,In Progress
TRN001361,EMP000587,Compliance Training,KPMG,2024-04-15,Completed
TRN001362,EMP000587,Cybersecurity Awareness,Deloitte,2020-04-18,Completed
TRN001363,EMP000588,Data Analytics,Deloitte,2019-10-28,Failed
TRN001364,EMP000588,Risk Management,Coursera,2021-08-07,Completed
TRN001365,EMP000588,Quality Management,Udemy,2019-12-27,Completed
TRN001366,EMP000589,Leadership Development,KPMG,2021-07-05,Completed
TRN001367,EMP000589,Customer Service,Deloitte,2021-01-20,Completed
TRN001368,EMP000589,Risk Management,Microsoft,2019-07-07,Completed
TRN001369,EMP000589,Data Analytics,KPMG,2019-08-23,Completed
TRN001370,EMP000589,Compliance Training,Coursera,2019-03-04,Completed
TRN001371,EMP000590,Leadership Development,Deloitte,2022-12-16,Completed
TRN001372,EMP000590,Quality Management,Coursera,2022-04-09,Failed
TRN001373,EMP000590,Leadership Development,Coursera,2020-10-10,In Progress
TRN001374,EMP000590,Customer Service,Deloitte,2019-09-12,In Progress
TRN001375,EMP000592,Risk Management,Deloitte,2025-08-14,Completed
TRN001376,EMP000592,Quality Management,,2022-05-24,In Progress
TRN001377,EMP000592,Data Analytics,Deloitte,2020-10-13,Completed
TRN001378,EMP000592,Cybersecurity Awareness,,2020-02-05,Completed
TRN001379,EMP000592,Compliance Training,KPMG,2022-06-14,In Progress
TRN001380,EMP000594,Health and Safety,KPMG,2020-07-10,Completed
TRN001381,EMP000594,Risk Management,Deloitte,2021-11-07,In Progress
TRN001382,EMP000594,Leadership Development,KPMG,2025-08-19,Completed
TRN001383,EMP000594,Lean Manufacturing,Udemy,2020-01-15,In Progress
TRN001384,EMP000595,Health and Safety,Coursera,2023-08-08,Completed
TRN001385,EMP000595,Lean Manufacturing,Deloitte,2023-02-21,In Progress
TRN001386,EMP000595,Leadership Development,Microsoft,2019-05-13,Completed
TRN001387,EMP000595,Customer Service,Microsoft,2024-10-13,Completed
TRN001388,EMP000595,Quality Management,KPMG,2023-05-16,Failed
TRN001389,EMP000596,Customer care,Coursera,2025-06-22,Failed
TRN001390,EMP000596,Health and Safety,Deloitte,2019-03-15,Completed
TRN001391,EMP000596,PM,Deloitte,2021-03-27,Completed
TRN001392,EMP000596,Project Management,Deloitte,2025-08-22,Failed
TRN001393,EMP000597,Project Management,Geoflex Academy,2024-04-13,Completed
TRN001394,EMP000597,Risk Management,Coursera,2023-01-19,Completed
TRN001395,EMP000598,Cybersecurity Awareness,Microsoft,2019-07-13,Failed
TRN001396,EMP000598,Data analytics,Coursera,2021-10-07,Failed
TRN001397,EMP000598,Cybersecurity Awareness,Geoflex Academy,2024-08-24,Completed
TRN001398,EMP000599,Risk Management,Geoflex Academy,2022-06-21,Completed
TRN001399,EMP000600,Lean Manufacturing,Geoflex Academy,2023-08-20,Completed
TRN001400,EMP000601,Quality Management,Coursera,2025-12-03,Failed
TRN001401,EMP000601,Quality Management,Udemy,2025-06-17,In Progress
TRN001402,EMP000601,Customer Service,Microsoft,2025-02-03,Completed
TRN001403,EMP000601,Health and Safety,Microsoft,2024-03-07,Completed
TRN001404,EMP000601,Quality Management,Coursera,2021-02-09,Completed
TRN001405,EMP000602,Customer Service,Microsoft,2021-07-20,Completed
TRN001406,EMP000602,Cybersecurity Awareness,Udemy,2019-10-19,Failed
TRN001407,EMP000602,Project Management,Deloitte,2019-09-08,Completed
TRN001408,EMP000603,Cybersecurity Awareness,Deloitte,2023-02-11,Failed
TRN001409,EMP000603,Project Management,Geoflex Academy,2025-01-14,In Progress
TRN001410,EMP000603,Risk Management,KPMG,2024-12-20,Completed
TRN001411,EMP000604,Data Analytics,Coursera,2021-02-13,Failed
TRN001412,EMP000606,Compliance Training,Deloitte,2024-01-22,In Progress
TRN001413,EMP000607,Leadership Development,Coursera,2020-07-10,In Progress
TRN001414,EMP000608,Data Analytics,Microsoft,2022-09-23,Completed
TRN001415,EMP000608,Project Management,Microsoft,2021-10-11,In Progress
TRN001416,EMP000608,Health and Safety,Coursera,2023-05-14,Completed
TRN001417,EMP000610,Project Management,KPMG,2025-08-24,Completed
TRN001418,EMP000610,Customer Service,Microsoft,2025-04-28,Failed
TRN001419,EMP000610,Leadership Development,Coursera,2023-08-24,Completed
TRN001420,EMP000612,Health and Safety,Deloitte,2021-12-08,Completed
TRN001421,EMP000613,Data Analytics,Microsoft,2020-03-04,Completed
TRN001422,EMP000613,Project Management,Geoflex Academy,2022-10-20,In Progress
TRN001423,EMP000613,Lean Manufacturing,Deloitte,2019-09-15,Failed
TRN001424,EMP000613,Customer Service,Coursera,2021-10-24,Completed
TRN001425,EMP000613,Project Management,Coursera,2025-08-27,Completed
TRN001426,EMP000614,Project Management,Udemy,2023-03-14,Completed
TRN001427,EMP000614,Data Analytics,KPMG,2025-08-06,Failed
TRN001428,EMP000614,Risk Management,Udemy,2021-12-24,Completed
TRN001429,EMP000615,Leadership Development,Microsoft,2023-10-12,Failed
TRN001430,EMP000616,Data Analytics,Microsoft,2022-09-28,Completed
TRN001431,EMP000616,Health and Safety,Deloitte,2022-07-21,Completed
TRN001432,EMP000616,Cybersecurity Awareness,Geoflex Academy,2020-02-16,Completed
TRN001433,EMP000617,Risk Management,Geoflex Academy,2025-06-10,Failed
TRN001434,EMP000617,Customer Service,Geoflex Academy,2021-08-09,Completed
TRN001435,EMP000618,Leadership Development,Geoflex Academy,2019-09-15,Failed
TRN001436,EMP000618,Health and Safety,KPMG,2020-04-02,Completed
TRN001437,EMP000619,Quality Management,Geoflex Academy,2021-02-13,Completed
TRN001438,EMP000620,Health and Safety,Coursera,2020-09-05,Completed
TRN001439,EMP000620,Lean Manufacturing,Geoflex Academy,2021-11-18,Completed
TRN001440,EMP000620,Compliance Training,Udemy,2020-09-09,Failed
TRN001441,EMP000620,Quality Management,Coursera,2022-12-27,Failed
TRN001442,EMP000621,Leadership Development,Geoflex Academy,2023-10-04,In Progress
TRN001443,EMP000622,Health and Safety,Geoflex Academy,2025-03-05,Failed
TRN001444,EMP000622,Leadership Development,Deloitte,2019-10-06,Completed
TRN001445,EMP000622,Data Analytics,KPMG,2025-04-20,Completed
TRN001446,EMP000622,Project Management,Microsoft,2020-11-02,Completed
TRN001447,EMP000622,Customer Service,Geoflex Academy,2023-12-09,Failed
TRN001448,EMP000623,Cybersecurity Awareness,Udemy,2019-11-14,Completed
TRN001449,EMP000623,Health and Safety,Geoflex Academy,2019-12-16,Completed
TRN001450,EMP000623,Project Management,Microsoft,2024-05-25,In Progress
TRN001451,EMP000625,Lean Manufacturing,KPMG,2022-01-13,Completed
TRN001452,EMP000625,Cybersecurity Awareness,Microsoft,2025-04-18,In Progress
TRN001453,EMP000625,Cybersecurity Awareness,Udemy,2020-03-02,In Progress
TRN001454,EMP000625,Risk Management,KPMG,2021-08-21,Completed
TRN001455,EMP000625,Risk Management,KPMG,2019-01-08,Completed
TRN001456,EMP000626,Risk Management,Geoflex Academy,2020-08-17,Completed
TRN001457,EMP000626,Compliance Training,Udemy,2023-05-01,Completed
TRN001458,EMP000627,Project Management,Microsoft,2024-01-19,Completed
TRN001459,EMP000627,Leadership Development,Deloitte,2020-10-04,Failed
TRN001460,EMP000627,Project Management,KPMG,2025-03-17,Completed
TRN001461,EMP000627,Compliance Training,Coursera,2020-05-23,Completed
TRN001462,EMP000628,Customer Service,Coursera,2019-01-27,Completed
TRN001463,EMP000628,Leadership Development,Geoflex Academy,2025-03-21,Completed
TRN001464,EMP000628,Cybersecurity Awareness,Deloitte,2022-05-05,Completed
TRN001465,EMP000629,Compliance Training,Coursera,2019-12-03,Completed
TRN001466,EMP000629,Compliance Training,Udemy,2022-12-20,Completed
TRN001467,EMP000630,Cybersecurity Awareness,KPMG,2025-05-18,Completed
TRN001468,EMP000630,Cybersecurity Awareness,Geoflex Academy,2022-09-25,In Progress
TRN001469,EMP000630,Leadership Development,Coursera,2024-03-13,Completed
TRN001470,EMP000630,Quality Management,Deloitte,2019-03-03,In Progress
TRN001471,EMP000630,Lean Manufacturing,Geoflex Academy,2021-02-24,In Progress
TRN001472,EMP000631,Quality Management,Geoflex Academy,2019-08-17,In Progress
TRN001473,EMP000631,Risk Management,Udemy,2022-01-23,In Progress
TRN001474,EMP000632,Quality Management,KPMG,2021-11-04,Completed
TRN001475,EMP000632,Health and Safety,Geoflex Academy,2019-03-22,Completed
TRN001476,EMP000634,Lean Manufacturing,Microsoft,2024-11-09,In Progress
TRN001477,EMP000634,Quality Management,Coursera,2022-10-18,Completed
TRN001478,EMP000634,Cybersecurity Awareness,Geoflex Academy,2024-07-20,Completed
TRN001479,EMP000634,Compliance Training,Geoflex Academy,2025-06-09,Completed
TRN001480,EMP000636,Data Analytics,KPMG,2024-02-06,Completed
TRN001481,EMP000636,Risk Management,Geoflex Academy,2021-02-17,Completed
TRN001482,EMP000637,Leadership Development,Geoflex Academy,2024-06-10,In Progress
TRN001483,EMP000637,Health and Safety,Geoflex Academy,2020-06-23,Failed
TRN001484,EMP000637,Customer Service,Coursera,2019-05-06,In Progress
TRN001485,EMP000638,Project Management,Udemy,2025-03-08,In Progress
TRN001486,EMP000638,Risk Management,Microsoft,2020-01-14,Completed
TRN001487,EMP000638,Health and Safety,Microsoft,2023-04-05,Completed
TRN001488,EMP000639,Risk Management,Udemy,2021-07-05,Failed
TRN001489,EMP000639,Lean Manufacturing,Coursera,2021-02-18,Completed
TRN001490,EMP000641,Data Analytics,Microsoft,2021-03-26,In Progress
TRN001491,EMP000641,Cyber Security,Udemy,2025-04-20,Completed
TRN001492,EMP000641,Data analytics,Microsoft,2025-05-11,Completed
TRN001493,EMP000642,Risk Management,Deloitte,2024-10-02,Failed
TRN001494,EMP000642,Lean Manufacturing,Deloitte,2022-06-11,In Progress
TRN001495,EMP000642,Data Analytics,Deloitte,2020-01-14,Completed
TRN001496,EMP000642,Lean Manufacturing,Deloitte,2022-08-23,Completed
TRN001497,EMP000642,Lean Manufacturing,Microsoft,2023-07-04,Failed
TRN001498,EMP000643,Risk Management,Udemy,2019-01-10,Failed
TRN001499,EMP000643,Project Management,Deloitte,2021-03-16,Completed
TRN001500,EMP000644,Health and Safety,Microsoft,2019-09-13,In Progress
TRN001501,EMP000644,Risk Management,KPMG,2025-01-25,Failed
TRN001502,EMP000645,Customer Service,Microsoft,2021-11-18,Completed
TRN001503,EMP000645,Quality Management,Geoflex Academy,2021-10-25,Completed
TRN001504,EMP000645,Data Analytics,Udemy,2021-12-17,Completed
TRN001505,EMP000645,Project Management,Microsoft,2021-09-28,Failed
TRN001506,EMP000646,Project Management,Geoflex Academy,2021-11-21,Completed
TRN001507,EMP000646,Health and Safety,Deloitte,2024-06-22,Completed
TRN001508,EMP000646,Cybersecurity Awareness,Deloitte,2021-06-06,In Progress
TRN001509,EMP000646,Customer Service,Geoflex Academy,2025-04-22,Completed
TRN001510,EMP000646,Project Management,Microsoft,2020-10-26,Completed
TRN001511,EMP000647,Quality Management,Geoflex Academy,2020-12-15,Failed
TRN001512,EMP000647,Lean Manufacturing,Udemy,2020-03-09,Completed
TRN001513,EMP000649,Cybersecurity Awareness,Geoflex Academy,2020-07-05,In Progress
TRN001514,EMP000649,Cybersecurity Awareness,Microsoft,2025-05-18,Completed
TRN001515,EMP000649,Leadership Development,Geoflex Academy,2022-04-02,Failed
TRN001516,EMP000650,Lean Manufacturing,Microsoft,2019-08-09,Completed
TRN001517,EMP000650,Risk Management,Microsoft,2023-06-04,Completed
TRN001518,EMP000650,Cybersecurity Awareness,Geoflex Academy,2025-04-01,Completed
TRN001519,EMP000650,Cybersecurity Awareness,Geoflex Academy,2019-06-14,In Progress
TRN001520,EMP000650,Risk Management,KPMG,2020-04-28,Failed
TRN001521,EMP000651,Leadership Development,Deloitte,2019-11-15,Completed
TRN001522,EMP000651,Leadership Development,Geoflex Academy,2020-05-03,In Progress
TRN001523,EMP000652,Risk Management,Geoflex Academy,2023-02-19,Completed
TRN001524,EMP000652,Cybersecurity Awareness,Microsoft,2020-12-01,Completed
TRN001525,EMP000652,Risk Management,Coursera,2021-09-24,Completed
TRN001526,EMP000653,Health and Safety,Coursera,2019-06-22,Completed
TRN001527,EMP000653,Customer Service,Geoflex Academy,2019-11-16,In Progress
TRN001528,EMP000653,Quality Management,KPMG,2022-10-09,Completed
TRN001529,EMP000653,Data Analytics,Udemy,2022-01-13,Completed
TRN001530,EMP000654,Project Management,Microsoft,2021-11-18,Completed
TRN001531,EMP000654,Cybersecurity Awareness,Coursera,2021-09-26,Failed
TRN001532,EMP000654,Project Management,Udemy,2021-07-25,Completed
TRN001533,EMP000655,Cybersecurity Awareness,KPMG,2020-11-22,Completed
TRN001534,EMP000655,Compliance Training,Deloitte,2024-05-19,In Progress
TRN001535,EMP000655,Leadership Development,Microsoft,2022-06-04,Failed
TRN001536,EMP000655,Lean Manufacturing,Coursera,2021-09-24,Completed
TRN001537,EMP000655,Data Analytics,Deloitte,2023-06-25,In Progress
TRN001538,EMP000656,Quality Management,Coursera,2023-03-26,Completed
TRN001539,EMP000656,Customer Service,Microsoft,2024-01-16,Failed
TRN001540,EMP000656,Health and Safety,,2020-09-16,Completed
TRN001541,EMP000657,Data Analytics,Geoflex Academy,2022-08-13,In Progress
TRN001542,EMP000657,Quality Management,Microsoft,2024-09-27,Completed
TRN001543,EMP000657,Health and Safety,Geoflex Academy,2024-01-06,Completed
TRN001544,EMP000657,Customer Service,KPMG,2023-11-19,In Progress
TRN001545,EMP000658,Customer Service,KPMG,2020-05-25,In Progress
TRN001546,EMP000659,Data Analytics,KPMG,2020-01-27,Completed
TRN001547,EMP000659,Health and Safety,Deloitte,2024-12-20,Completed
TRN001548,EMP000659,Leadership Development,Udemy,2019-11-22,Completed
TRN001549,EMP000659,Health and Safety,Microsoft,2024-01-04,Completed
TRN001550,EMP000659,PM,Microsoft,2025-07-07,Completed
TRN001551,EMP000660,Cybersecurity Awareness,Geoflex Academy,2021-10-03,Completed
TRN001552,EMP000661,Cybersecurity Awareness,Udemy,2025-04-19,Completed
TRN001553,EMP000662,Data Analytics,Coursera,2023-06-03,Completed
TRN001554,EMP000662,Risk Management,Coursera,2023-12-04,Completed
TRN001555,EMP000662,Project Management,Coursera,2020-08-16,Completed
TRN001556,EMP000663,Lean Manufacturing,Microsoft,2023-12-09,Completed
TRN001557,EMP000663,Customer Service,Coursera,2022-07-09,Completed
TRN001558,EMP000664,Leadership Development,Microsoft,2023-07-26,Completed
TRN001559,EMP000664,Quality Management,Udemy,2022-01-01,Failed
TRN001560,EMP000665,Compliance Training,Geoflex Academy,2024-07-24,In Progress
TRN001561,EMP000666,Data Analytics,KPMG,2025-04-10,In Progress
TRN001562,EMP000666,Health and Safety,Udemy,2020-02-17,Failed
TRN001563,EMP000666,Quality Management,Udemy,2019-08-21,Completed
TRN001564,EMP000666,Customer Service,Coursera,2023-08-17,Completed
TRN001565,EMP000666,Compliance Training,Geoflex Academy,2020-08-18,Failed
TRN001566,EMP000667,Compliance Training,Udemy,2021-09-11,Failed
TRN001567,EMP000668,Compliance Training,Coursera,2021-12-05,Completed
TRN001568,EMP000668,Data Analytics,Udemy,2024-11-20,Failed
TRN001569,EMP000668,Data Analytics,Geoflex Academy,2019-12-14,Failed
TRN001570,EMP000668,Leadership Development,Coursera,2020-11-27,In Progress
TRN001571,EMP000669,Quality Management,Deloitte,2024-06-09,Completed
TRN001572,EMP000669,Compliance Training,Coursera,2019-07-11,Completed
TRN001573,EMP000669,Health and Safety,Geoflex Academy,2024-02-21,Completed
TRN001574,EMP000670,Cybersecurity Awareness,Coursera,2024-07-09,Completed
TRN001575,EMP000670,Health and Safety,Coursera,2021-10-21,Completed
TRN001576,EMP000670,Quality Management,Coursera,2025-04-14,Completed
TRN001577,EMP000671,Data Analytics,Coursera,2019-06-11,Completed
TRN001578,EMP000671,Risk Management,Microsoft,2022-03-06,In Progress
TRN001579,EMP000671,Health and Safety,KPMG,2023-11-15,Failed
TRN001580,EMP000671,Quality Management,Geoflex Academy,2025-03-26,Completed
TRN001581,EMP000671,Project Management,Coursera,2021-02-22,Completed
TRN001582,EMP000672,Leadership Development,Coursera,2023-09-23,Completed
TRN001583,EMP000672,Leadership Development,Udemy,2021-09-06,Completed
TRN001584,EMP000673,Compliance Training,Udemy,2020-02-15,In Progress
TRN001585,EMP000674,Project Management,Coursera,2024-03-11,Completed
TRN001586,EMP000674,Quality Management,Geoflex Academy,2025-05-16,Completed
TRN001587,EMP000675,Lean Manufacturing,Deloitte,2019-09-21,In Progress
TRN001588,EMP000675,Risk Management,KPMG,2023-02-02,Failed
TRN001589,EMP000676,Health and Safety,KPMG,2020-12-14,Completed
TRN001590,EMP000677,Leadership Development,Deloitte,2022-02-15,Completed
TRN001591,EMP000677,Data Analytics,Microsoft,2019-05-13,Completed
TRN001592,EMP000677,Compliance Training,Microsoft,2020-05-17,In Progress
TRN001593,EMP000677,Leadership Development,Microsoft,2023-11-15,Completed
TRN001594,EMP000677,Lean Manufacturing,KPMG,2019-12-13,Completed
TRN001595,EMP000678,Leadership Development,Udemy,2021-12-14,In Progress
TRN001596,EMP000678,Leadership Development,Deloitte,2025-06-21,Completed
TRN001597,EMP000678,Cybersecurity Awareness,Geoflex Academy,2025-05-25,Completed
TRN001598,EMP000678,Data Analytics,Udemy,2019-04-14,In Progress
TRN001599,EMP000678,Lean Manufacturing,Microsoft,2024-07-28,Completed
TRN001600,EMP000679,Risk Management,Udemy,2024-11-19,In Progress
TRN001601,EMP000679,Leadership Development,Deloitte,2021-11-16,Failed
TRN001602,EMP000679,Quality Management,Coursera,2023-11-09,Failed
TRN001603,EMP000680,Customer Service,KPMG,2020-06-28,Completed
TRN001604,EMP000680,Leadership Development,Coursera,2021-01-28,Failed
TRN001605,EMP000680,Health and Safety,Udemy,2019-09-21,In Progress
TRN001606,EMP000680,Cybersecurity Awareness,Deloitte,2023-05-19,Completed
TRN001607,EMP000680,Health and Safety,Geoflex Academy,2021-05-05,Completed
TRN001608,EMP000681,Compliance Training,Udemy,2025-09-19,Completed
TRN001609,EMP000681,Quality Management,Udemy,2022-08-23,Completed
TRN001610,EMP000681,Quality Management,Geoflex Academy,2023-02-04,Completed
TRN001611,EMP000683,Leadership Development,Microsoft,2022-06-25,Completed
TRN001612,EMP000683,Risk Management,KPMG,2024-04-22,Failed
TRN001613,EMP000683,Health and Safety,Microsoft,2022-12-06,Failed
TRN001614,EMP000683,Lean Manufacturing,Deloitte,2020-02-23,In Progress
TRN001615,EMP000684,Leadership Development,Coursera,2025-04-08,Completed
TRN001616,EMP000685,Cybersecurity Awareness,Deloitte,2021-04-19,In Progress
TRN001617,EMP000685,Leadership Development,Deloitte,2021-12-02,Completed
TRN001618,EMP000685,Data Analytics,Deloitte,2023-11-14,In Progress
TRN001619,EMP000685,Risk Management,Deloitte,2021-10-05,Completed
TRN001620,EMP000686,Compliance Training,Geoflex Academy,2019-12-02,Completed
TRN001621,EMP000686,Project Management,Deloitte,2023-12-09,Completed
TRN001622,EMP000686,Lean Manufacturing,KPMG,2021-01-26,Completed
TRN001623,EMP000686,Lean Manufacturing,Microsoft,2021-01-01,Completed
TRN001624,EMP000688,Compliance Training,Microsoft,2019-02-27,In Progress
TRN001625,EMP000688,Customer Service,Geoflex Academy,2025-03-06,Completed
TRN001626,EMP000688,Data Analytics,Geoflex Academy,2025-05-23,Completed
TRN001627,EMP000688,Health and Safety,Geoflex Academy,2020-11-13,Failed
TRN001628,EMP000690,Data Analytics,Deloitte,2025-07-14,Completed
TRN001629,EMP000690,Quality Management,KPMG,2019-04-12,Failed
TRN001630,EMP000690,Leadership Development,Udemy,2020-06-24,Failed
TRN001631,EMP000690,Customer Service,Geoflex Academy,2022-12-01,Completed
TRN001632,EMP000693,Quality Management,Coursera,2021-09-25,Completed
TRN001633,EMP000693,Risk Management,Deloitte,2024-10-28,Failed
TRN001634,EMP000694,Data Analytics,,2023-10-01,Completed
TRN001635,EMP000694,Quality Management,Coursera,2020-10-18,Completed
TRN001636,EMP000695,Health and Safety,Deloitte,2024-11-01,Completed
TRN001637,EMP000695,Quality Management,Geoflex Academy,2025-11-28,In Progress
TRN001638,EMP000695,Compliance Training,Deloitte,2019-02-06,In Progress
TRN001639,EMP000695,LEAN manufacturing,Deloitte,2024-01-16,In Progress
TRN001640,EMP000695,Customer care,Microsoft,2023-09-02,Completed
TRN001641,EMP000696,Leadership Development,Microsoft,2019-05-02,Failed
TRN001642,EMP000696,Leadership Development,Udemy,2022-11-04,Failed
TRN001643,EMP000696,Customer Service,KPMG,2019-12-27,Completed
TRN001644,EMP000696,Project Management,Udemy,2019-07-01,Completed
TRN001645,EMP000696,Quality Management,KPMG,2019-04-18,Completed
TRN001646,EMP000697,Health and Safety,Microsoft,2021-06-01,Completed
TRN001647,EMP000697,Health and Safety,Deloitte,2023-11-10,Completed
TRN001648,EMP000697,Health and Safety,Coursera,2025-10-23,Completed
TRN001649,EMP000697,Customer Service,Microsoft,2025-08-06,Completed
TRN001650,EMP000697,Compliance Training,Coursera,2024-04-16,Completed
TRN001651,EMP000698,Compliance Training,Microsoft,2025-10-14,In Progress
TRN001652,EMP000699,PM,Deloitte,2019-05-26,Completed
TRN001653,EMP000699,Lean Manufacturing,Udemy,2024-09-27,In Progress
TRN001654,EMP000699,Quality Management,KPMG,2021-02-11,Completed
TRN001655,EMP000699,Health and Safety,Udemy,2025-11-01,Completed
TRN001656,EMP000700,Health and Safety,Coursera,2025-01-23,Completed
TRN001657,EMP000701,Quality Management,Coursera,2019-10-04,Completed
TRN001658,EMP000701,Quality Management,Coursera,2019-06-19,Failed
TRN001659,EMP000701,Quality Management,Udemy,2023-01-18,Completed
TRN001660,EMP000701,Data Analytics,KPMG,2025-06-06,Completed
TRN001661,EMP000702,Risk Management,KPMG,2022-04-20,Completed
TRN001662,EMP000702,Health and Safety,Coursera,2019-03-13,Completed
TRN001663,EMP000702,Data Analytics,Microsoft,2021-01-28,Completed
TRN001664,EMP000702,Leadership Development,Microsoft,2025-02-02,Completed
TRN001665,EMP000702,Compliance Training,Microsoft,2022-08-17,Completed
TRN001666,EMP000703,Risk Management,Microsoft,2024-07-10,Completed
TRN001667,EMP000703,Compliance Training,Geoflex Academy,2023-05-26,Completed
TRN001668,EMP000703,Project Management,Udemy,2020-06-10,In Progress
TRN001669,EMP000703,Cyber Security,Deloitte,2021-07-22,Completed
TRN001670,EMP000704,Quality Management,Microsoft,2021-11-02,Completed
TRN001671,EMP000704,Leadership Development,Microsoft,2023-09-26,Completed
TRN001672,EMP000704,Quality Management,Microsoft,2021-04-23,In Progress
TRN001673,EMP000704,Quality Management,Geoflex Academy,2019-08-09,In Progress
TRN001674,EMP000704,Leadership Development,KPMG,2024-11-04,Completed
TRN001675,EMP000705,Compliance Training,KPMG,2024-10-06,Completed
TRN001676,EMP000705,Data Analytics,KPMG,2025-03-05,Completed
TRN001677,EMP000705,Lean Manufacturing,Geoflex Academy,2024-11-06,Failed
TRN001678,EMP000706,Cybersecurity Awareness,KPMG,2023-05-12,In Progress
TRN001679,EMP000706,Customer Service,Udemy,2022-11-12,Completed
TRN001680,EMP000706,Compliance Training,Geoflex Academy,2024-07-14,Completed
TRN001681,EMP000706,Quality Management,Microsoft,2022-04-22,In Progress
TRN001682,EMP000706,Quality Management,Coursera,2024-10-27,Failed
TRN001683,EMP000707,Customer Service,Microsoft,2022-03-17,Failed
TRN001684,EMP000708,Project Management,Coursera,2020-10-14,Completed
TRN001685,EMP000708,Risk Management,Geoflex Academy,2022-10-21,Completed
TRN001686,EMP000708,Project Management,Deloitte,2023-08-20,Completed
TRN001687,EMP000708,Project Management,Udemy,2022-08-07,In Progress
TRN001688,EMP000709,Health and Safety,KPMG,2024-08-16,In Progress
TRN001689,EMP000710,Health and Safety,Udemy,2025-01-01,Completed
TRN001690,EMP000711,Health and Safety,Deloitte,2023-05-05,Completed
TRN001691,EMP000714,Risk Management,Udemy,2024-03-19,Failed
TRN001692,EMP000714,Data Analytics,Udemy,2022-06-19,Failed
TRN001693,EMP000714,Quality Management,Coursera,2022-08-23,Completed
TRN001694,EMP000715,Data Analytics,Geoflex Academy,2023-12-02,In Progress
TRN001695,EMP000715,Lean Manufacturing,Deloitte,2021-07-10,Completed
TRN001696,EMP000715,Leadership Development,KPMG,2023-02-04,Completed
TRN001697,EMP000715,Data Analytics,Coursera,2024-08-26,Failed
TRN001698,EMP000717,Data Analytics,Coursera,2024-02-12,Completed
TRN001699,EMP000717,Lean Manufacturing,KPMG,2025-10-25,Completed
TRN001700,EMP000717,Customer Service,Geoflex Academy,2022-08-01,Failed
TRN001701,EMP000717,Quality Management,Udemy,2021-08-14,Completed
TRN001702,EMP000717,Lean Manufacturing,KPMG,2025-09-27,In Progress
TRN001703,EMP000718,Leadership Development,KPMG,2021-06-09,Completed
TRN001704,EMP000718,Data Analytics,KPMG,2025-04-12,Completed
TRN001705,EMP000719,Cybersecurity Awareness,KPMG,2025-11-27,In Progress
TRN001706,EMP000719,Cybersecurity Awareness,Udemy,2020-08-14,Completed
TRN001707,EMP000719,Health and Safety,Udemy,2025-11-17,Completed
TRN001708,EMP000719,Customer Service,Udemy,2024-12-02,Completed
TRN001709,EMP000719,Quality Management,KPMG,2025-12-18,Failed
TRN001710,EMP000721,Data Analytics,Deloitte,2019-12-12,Completed
TRN001711,EMP000723,Compliance Training,Geoflex Academy,2021-12-18,Failed
TRN001712,EMP000723,Quality Management,KPMG,2025-10-13,In Progress
TRN001713,EMP000723,Customer Service,Udemy,2023-08-20,Completed
TRN001714,EMP000724,Risk Management,Deloitte,2019-02-24,In Progress
TRN001715,EMP000724,Compliance Training,,2022-06-15,Completed
TRN001716,EMP000725,Compliance Training,KPMG,2023-04-11,In Progress
TRN001717,EMP000725,Data Analytics,KPMG,2020-03-16,Failed
TRN001718,EMP000725,Cybersecurity Awareness,Microsoft,2022-11-21,Completed
TRN001719,EMP000726,Compliance Training,Coursera,2023-03-02,Completed
TRN001720,EMP000726,Project Management,Geoflex Academy,2023-12-15,Completed
TRN001721,EMP000726,Cybersecurity Awareness,Udemy,2023-09-16,Failed
TRN001722,EMP000726,Data Analytics,Microsoft,2021-06-25,Completed
TRN001723,EMP000726,Compliance Training,Coursera,2020-12-10,Completed
TRN001724,EMP000727,Leadership Development,KPMG,2025-05-12,In Progress
TRN001725,EMP000727,Risk Management,KPMG,2021-11-06,Completed
TRN001726,EMP000727,Data Analytics,Microsoft,2021-12-05,Completed
TRN001727,EMP000727,Compliance Training,Deloitte,2019-02-19,In Progress
TRN001728,EMP000728,Lean Manufacturing,Microsoft,2020-01-04,Completed
TRN001729,EMP000728,Lean Manufacturing,Udemy,2019-04-24,In Progress
TRN001730,EMP000728,Health and Safety,Coursera,2021-07-05,In Progress
TRN001731,EMP000730,Customer Service,Microsoft,2020-09-16,In Progress
TRN001732,EMP000730,Health and Safety,Deloitte,2020-02-06,Completed
TRN001733,EMP000730,Health and Safety,Microsoft,2024-09-19,Completed
TRN001734,EMP000731,Project Management,KPMG,2023-04-23,Completed
TRN001735,EMP000731,Project Management,Deloitte,2025-01-12,Failed
TRN001736,EMP000731,Cybersecurity Awareness,Udemy,2021-07-14,Completed
TRN001737,EMP000731,Leadership Development,Geoflex Academy,2023-07-22,Completed
TRN001738,EMP000731,Lean Manufacturing,Geoflex Academy,2020-03-22,Completed
TRN001739,EMP000732,Customer Service,Coursera,2019-12-13,Completed
TRN001740,EMP000732,Project Management,Deloitte,2022-06-07,Completed
TRN001741,EMP000732,Health and Safety,Microsoft,2022-04-25,Failed
TRN001742,EMP000732,Quality Management,Coursera,2019-07-28,Completed
TRN001743,EMP000736,Compliance Training,KPMG,2025-02-21,Completed
TRN001744,EMP000737,Lean Manufacturing,Deloitte,2021-12-24,Completed
TRN001745,EMP000737,Data Analytics,Microsoft,2022-01-08,Failed
TRN001746,EMP000737,Risk Management,Udemy,2024-09-07,In Progress
TRN001747,EMP000738,Risk Management,Deloitte,2025-10-08,In Progress
TRN001748,EMP000738,Leadership Development,Microsoft,2025-01-01,Completed
TRN001749,EMP000739,Project Management,Coursera,2024-10-19,Completed
TRN001750,EMP000740,Project Management,Deloitte,2024-12-26,Failed
TRN001751,EMP000740,Customer Service,Geoflex Academy,2020-04-07,Completed
TRN001752,EMP000740,Compliance Training,Geoflex Academy,2023-04-07,Completed
TRN001753,EMP000742,Compliance Training,KPMG,2020-01-14,Completed
TRN001754,EMP000742,Cybersecurity Awareness,Deloitte,2019-12-25,In Progress
TRN001755,EMP000742,Customer Service,,2025-11-23,Completed
TRN001756,EMP000742,Risk Management,KPMG,2020-01-27,In Progress
TRN001757,EMP000742,Quality Management,Coursera,2020-05-03,Completed
TRN001758,EMP000743,Leadership Development,Deloitte,2021-09-28,Completed
TRN001759,EMP000743,Customer Service,Deloitte,2025-05-17,Completed
TRN001760,EMP000743,Risk Management,Deloitte,2024-02-09,In Progress
TRN001761,EMP000743,Cybersecurity Awareness,Coursera,2019-05-21,Completed
TRN001762,EMP000743,Project Management,Deloitte,2021-03-06,In Progress
TRN001763,EMP000744,Health and Safety,Microsoft,2024-01-07,Completed
TRN001764,EMP000744,Customer Service,Udemy,2024-02-16,Completed
TRN001765,EMP000744,Health and Safety,Geoflex Academy,2021-12-28,Completed
TRN001766,EMP000744,Lean Manufacturing,Geoflex Academy,2020-11-11,In Progress
TRN001767,EMP000745,Leadership Development,Microsoft,2023-03-24,Completed
TRN001768,EMP000745,Health and Safety,KPMG,2024-04-20,Completed
TRN001769,EMP000745,Compliance Training,Udemy,2019-09-24,Completed
TRN001770,EMP000745,Customer Service,KPMG,2020-05-28,In Progress
TRN001771,EMP000745,Customer Service,KPMG,2025-10-14,Failed
TRN001772,EMP000746,Project Management,Deloitte,2023-04-06,Failed
TRN001773,EMP000746,Lean Manufacturing,Udemy,2021-02-06,Completed
TRN001774,EMP000748,Lean Manufacturing,KPMG,2021-10-13,In Progress
TRN001775,EMP000748,Project Management,Microsoft,2022-12-21,Failed
TRN001776,EMP000749,Leadership Development,Udemy,2025-04-23,Completed
TRN001777,EMP000749,Quality Management,Deloitte,2022-02-14,Completed
TRN001778,EMP000749,Health and Safety,Coursera,2023-09-26,Failed
TRN001779,EMP000749,Leadership Development,KPMG,2024-02-23,Completed
TRN001780,EMP000749,Leadership Development,Microsoft,2024-11-18,In Progress
TRN001781,EMP000750,Leadership Development,Deloitte,2024-11-11,Completed
TRN001782,EMP000750,Compliance Training,KPMG,2025-02-12,In Progress
TRN001783,EMP000750,Health and Safety,Coursera,2023-11-09,In Progress
TRN001784,EMP000750,Health and Safety,KPMG,2021-02-10,Completed
TRN001785,EMP000751,Quality Management,Udemy,2019-11-17,Completed
TRN001786,EMP000751,Quality Management,Deloitte,2024-05-09,Completed
TRN001787,EMP000751,Risk Management,Udemy,2023-10-10,Completed
TRN001788,EMP000752,Customer Service,Udemy,2020-01-20,Completed
TRN001789,EMP000752,Customer Service,Deloitte,2024-03-13,Completed
TRN001790,EMP000753,Data Analytics,Udemy,2024-09-20,Failed
TRN001791,EMP000753,Data Analytics,Coursera,2024-04-12,Completed
TRN001792,EMP000753,Project Management,Geoflex Academy,2021-05-13,In Progress
TRN001793,EMP000753,Project Management,KPMG,2025-08-09,In Progress
TRN001794,EMP000754,Compliance Training,Geoflex Academy,2021-05-23,Completed
TRN001795,EMP000754,Leadership Development,Udemy,2022-04-17,Completed
TRN001796,EMP000755,Quality Management,Geoflex Academy,2024-01-03,Completed
TRN001797,EMP000756,Compliance Training,Coursera,2021-04-10,In Progress
TRN001798,EMP000756,Customer Service,Udemy,2025-10-11,Completed
TRN001799,EMP000756,Leadership Development,Coursera,2025-05-16,In Progress
TRN001800,EMP000756,Quality Management,KPMG,2025-07-24,Failed
TRN001801,EMP000756,PM,Coursera,2019-01-19,Completed
TRN001802,EMP000757,Project Management,KPMG,2021-06-23,Completed
TRN001803,EMP000757,Project Management,Udemy,2024-09-16,Failed
TRN001804,EMP000758,Lean Manufacturing,KPMG,2019-12-02,Failed
TRN001805,EMP000758,Data Analytics,Microsoft,2019-10-06,Completed
TRN001806,EMP000759,Customer Service,Deloitte,2022-05-22,Completed
TRN001807,EMP000760,Data Analytics,KPMG,2020-01-14,Completed
TRN001808,EMP000760,Customer Service,Microsoft,2023-04-12,Failed
TRN001809,EMP000760,Customer Service,KPMG,2023-01-27,In Progress
TRN001810,EMP000761,Quality Management,Udemy,2024-03-26,Completed
TRN001811,EMP000762,Compliance Training,Coursera,2023-01-27,Failed
TRN001812,EMP000762,Cybersecurity Awareness,Geoflex Academy,2020-02-17,In Progress
TRN001813,EMP000762,Data Analytics,KPMG,2024-03-20,In Progress
TRN001814,EMP000763,Lean Manufacturing,Coursera,2023-06-08,Completed
TRN001815,EMP000763,Risk Management,KPMG,2023-05-05,In Progress
TRN001816,EMP000763,Leadership Development,Microsoft,2023-12-06,Completed
TRN001817,EMP000763,Lean Manufacturing,Microsoft,2020-05-02,Failed
TRN001818,EMP000765,Risk Management,Coursera,2024-06-17,Completed
TRN001819,EMP000766,Leadership Development,Microsoft,2019-02-04,Completed
TRN001820,EMP000769,Project Management,Geoflex Academy,2019-04-28,Completed
TRN001821,EMP000769,Customer Service,Microsoft,2023-06-07,In Progress
TRN001822,EMP000769,Quality Management,Coursera,2024-06-19,Completed
TRN001823,EMP000770,Customer Service,KPMG,2019-06-11,Failed
TRN001824,EMP000770,Compliance Training,Microsoft,2023-08-22,Completed
TRN001825,EMP000771,Risk Management,Udemy,2024-03-16,Completed
TRN001826,EMP000771,Quality Management,Geoflex Academy,2020-04-20,Failed
TRN001827,EMP000772,Compliance Training,Udemy,2023-02-10,Completed
TRN001828,EMP000773,Risk Management,Udemy,2025-07-13,Failed
TRN001829,EMP000773,Risk Management,Geoflex Academy,2025-10-18,Completed
TRN001830,EMP000774,Data Analytics,Geoflex Academy,2024-06-05,Completed
TRN001831,EMP000775,Lean Manufacturing,Coursera,2019-02-20,Completed
TRN001832,EMP000775,Risk Management,Geoflex Academy,2020-02-26,Completed
TRN001833,EMP000776,Leadership Development,Microsoft,2022-03-14,Completed
TRN001834,EMP000776,Leadership Development,Microsoft,2023-05-14,Failed
TRN001835,EMP000776,Project Management,Coursera,2023-05-05,Completed
TRN001836,EMP000777,Leadership Development,KPMG,2024-07-24,Completed
TRN001837,EMP000777,Lean Manufacturing,Deloitte,2021-08-15,Completed
TRN001838,EMP000777,Compliance Training,KPMG,2022-05-12,In Progress
TRN001839,EMP000778,Data Analytics,KPMG,2021-06-25,Completed
TRN001840,EMP000778,Health and Safety,KPMG,2025-01-24,Completed
TRN001841,EMP000778,Leadership Development,Coursera,2025-10-23,Completed
TRN001842,EMP000779,Health and Safety,Deloitte,2020-04-15,In Progress
TRN001843,EMP000779,Lean Manufacturing,Udemy,2024-01-12,Completed
TRN001844,EMP000779,Health and Safety,Udemy,2023-03-20,In Progress
TRN001845,EMP000780,Lean Manufacturing,Coursera,2019-11-08,In Progress
TRN001846,EMP000780,Lean Manufacturing,Geoflex Academy,2021-01-10,In Progress
TRN001847,EMP000780,Quality Management,Microsoft,2020-11-02,Completed
TRN001848,EMP000780,Cybersecurity Awareness,,2020-06-27,In Progress
TRN001849,EMP000780,Data Analytics,Microsoft,2022-01-12,Completed
TRN001850,EMP000783,Compliance Training,Coursera,2020-04-18,Failed
TRN001851,EMP000783,Compliance Training,Deloitte,2022-03-19,In Progress
TRN001852,EMP000783,Lean Manufacturing,Deloitte,2020-05-22,Failed
TRN001853,EMP000783,Risk Management,Microsoft,2019-05-08,Completed
TRN001854,EMP000785,Compliance Training,Geoflex Academy,2022-06-26,Completed
TRN001855,EMP000785,Quality Management,Deloitte,2019-11-26,Failed
TRN001856,EMP000786,Risk Management,Deloitte,2021-11-16,Completed
TRN001857,EMP000786,Health and Safety,Udemy,2025-08-28,Failed
TRN001858,EMP000786,Leadership Development,Coursera,2025-12-26,Failed
TRN001859,EMP000787,Health and Safety,Microsoft,2025-02-21,Completed
TRN001860,EMP000787,Project Management,Deloitte,2019-01-12,Failed
TRN001861,EMP000791,Leadership Development,KPMG,2019-12-14,In Progress
TRN001862,EMP000792,Lean Manufacturing,Deloitte,2019-02-20,Completed
TRN001863,EMP000792,Compliance Training,Udemy,2025-03-22,In Progress
TRN001864,EMP000792,Health and Safety,Deloitte,2019-01-16,Failed
TRN001865,EMP000792,Project Management,Microsoft,2022-12-19,Failed
TRN001866,EMP000794,Cyber Security,Microsoft,2024-12-10,Completed
TRN001867,EMP000794,Customer care,Deloitte,2021-05-02,Completed
TRN001868,EMP000794,Data Analytics,Deloitte,2021-06-08,Completed
TRN001869,EMP000794,Lean Manufacturing,Microsoft,2022-05-10,Completed
TRN001870,EMP000794,Project Management,KPMG,2020-11-01,Failed
TRN001871,EMP000795,Data Analytics,Deloitte,2021-03-14,Completed
TRN001872,EMP000795,Lean Manufacturing,Geoflex Academy,2022-08-19,Completed
TRN001873,EMP000795,Data Analytics,Deloitte,2025-05-07,Failed
TRN001874,EMP000795,Leadership Development,Udemy,2024-05-08,Completed
TRN001875,EMP000796,Customer Service,Microsoft,2022-02-14,Completed
TRN001876,EMP000796,Project Management,Udemy,2021-03-08,In Progress
TRN001877,EMP000797,Data Analytics,Deloitte,2019-04-12,Completed
TRN001878,EMP000797,Cybersecurity Awareness,Microsoft,2019-02-18,Completed
TRN001879,EMP000797,Project Management,Geoflex Academy,2020-01-08,Completed
TRN001880,EMP000797,Lean Manufacturing,Udemy,2022-10-20,Completed
TRN001881,EMP000797,Customer Service,Microsoft,2020-10-18,Completed
TRN001882,EMP000799,Quality Management,KPMG,2024-01-09,Completed
TRN001883,EMP000800,Cybersecurity Awareness,Udemy,2023-10-18,Completed
TRN001884,EMP000800,Data Analytics,Udemy,2025-09-07,Failed
TRN001885,EMP000800,Quality Management,Geoflex Academy,2020-08-01,In Progress
TRN001886,EMP000800,Health and Safety,Coursera,2022-07-14,Completed
TRN001887,EMP000802,Cybersecurity Awareness,Coursera,2020-10-13,Failed
TRN001888,EMP000802,Leadership Development,Deloitte,2025-06-11,Completed
TRN001889,EMP000802,Risk Management,Geoflex Academy,2023-05-24,Completed
TRN001890,EMP000804,Customer Service,KPMG,2021-06-03,Completed
TRN001891,EMP000804,Customer Service,Microsoft,2020-10-22,Completed
TRN001892,EMP000804,Health and Safety,Geoflex Academy,2019-05-17,Completed
TRN001893,EMP000805,Quality Management,Geoflex Academy,2022-05-27,Completed
TRN001894,EMP000805,Customer Service,Deloitte,2021-04-11,Completed
TRN001895,EMP000805,Health and Safety,Deloitte,2025-03-28,Completed
TRN001896,EMP000805,Cybersecurity Awareness,KPMG,2025-10-07,In Progress
TRN001897,EMP000805,Lean Manufacturing,Geoflex Academy,2021-11-08,In Progress
TRN001898,EMP000806,Project Management,Coursera,2025-09-23,Completed
TRN001899,EMP000807,Risk Management,Udemy,2020-05-28,Completed
TRN001900,EMP000807,Customer Service,Microsoft,2023-08-15,Failed
TRN001901,EMP000808,Cybersecurity Awareness,Geoflex Academy,2023-08-22,Completed
TRN001902,EMP000808,Health and Safety,,2019-02-24,In Progress
TRN001903,EMP000808,Risk Management,KPMG,2019-03-20,Completed
TRN001904,EMP000808,Customer Service,Coursera,2024-01-10,Completed
TRN001905,EMP000809,Lean Manufacturing,Microsoft,2019-10-12,Failed
TRN001906,EMP000810,Cybersecurity Awareness,KPMG,2020-10-07,In Progress
TRN001907,EMP000810,Quality Management,Udemy,2019-04-26,Completed
TRN001908,EMP000810,Project Management,Geoflex Academy,2023-02-04,In Progress
TRN001909,EMP000810,Cybersecurity Awareness,Microsoft,2019-10-16,Completed
TRN001910,EMP000810,Quality Management,KPMG,2025-08-10,Completed
TRN001911,EMP000812,Cybersecurity Awareness,Coursera,2020-10-10,Completed
TRN001912,EMP000812,Quality Management,Geoflex Academy,2025-03-19,In Progress
TRN001913,EMP000812,Leadership Development,Microsoft,2024-05-10,Failed
TRN001914,EMP000813,Leadership Development,Microsoft,2020-03-04,Completed
TRN001915,EMP000813,Data Analytics,Coursera,2023-10-17,In Progress
TRN001916,EMP000813,Leadership Development,Deloitte,2020-02-18,In Progress
TRN001917,EMP000813,Lean Manufacturing,KPMG,2019-11-18,In Progress
TRN001918,EMP000813,Project Management,Udemy,2025-12-22,Completed
TRN001919,EMP000814,Quality Management,KPMG,2020-02-28,Failed
TRN001920,EMP000814,Customer Service,Coursera,2022-01-22,Completed
TRN001921,EMP000815,Risk Management,Microsoft,2021-01-18,In Progress
TRN001922,EMP000815,Quality Management,Geoflex Academy,2020-12-18,In Progress
TRN001923,EMP000816,Customer Service,KPMG,2020-09-07,Completed
TRN001924,EMP000817,Health and Safety,Geoflex Academy,2021-11-06,Failed
TRN001925,EMP000817,Customer Service,Microsoft,2022-03-26,Completed
TRN001926,EMP000817,Compliance Training,Deloitte,2023-04-21,Completed
TRN001927,EMP000817,Quality Management,Coursera,2023-12-14,Completed
TRN001928,EMP000818,Leadership Development,Udemy,2020-11-02,Completed
TRN001929,EMP000818,Compliance Training,Microsoft,2025-01-17,Completed
TRN001930,EMP000818,Health and Safety,Geoflex Academy,2021-04-16,Completed
TRN001931,EMP000818,Customer Service,Deloitte,2024-11-16,In Progress
TRN001932,EMP000818,Quality Management,Coursera,2020-02-20,Completed
TRN001933,EMP000819,Lean Manufacturing,Udemy,2024-01-28,Completed
TRN001934,EMP000820,Customer Service,Coursera,2020-08-07,Completed
TRN001935,EMP000822,Project Management,Microsoft,2025-09-09,Failed
TRN001936,EMP000823,Cybersecurity Awareness,Microsoft,2024-02-22,Failed
TRN001937,EMP000823,Cybersecurity Awareness,Microsoft,2019-12-05,Completed
TRN001938,EMP000823,Risk Management,KPMG,2021-11-03,Failed
TRN001939,EMP000823,Cybersecurity Awareness,Deloitte,2022-07-25,Completed
TRN001940,EMP000823,Data Analytics,Udemy,2022-04-28,Failed
TRN001941,EMP000824,Lean Manufacturing,Deloitte,2019-03-16,Completed
TRN001942,EMP000824,Quality Management,KPMG,2019-12-18,Completed
TRN001943,EMP000824,Cybersecurity Awareness,Microsoft,2021-05-05,Completed
TRN001944,EMP000825,Compliance Training,Microsoft,2024-07-13,In Progress
TRN001945,EMP000825,Quality Management,Udemy,2020-11-18,Completed
TRN001946,EMP000826,Quality Management,Microsoft,2019-11-19,In Progress
TRN001947,EMP000826,Data analytics,Geoflex Academy,2022-02-04,Completed
TRN001948,EMP000827,Lean Manufacturing,Deloitte,2024-10-28,In Progress
TRN001949,EMP000827,Quality Management,,2022-04-20,Completed
TRN001950,EMP000827,Risk Management,Coursera,2020-07-03,Completed
TRN001951,EMP000827,Leadership Development,KPMG,2019-01-21,Completed
TRN001952,EMP000827,Project Management,Deloitte,2025-05-10,Completed
TRN001953,EMP000828,Health and Safety,Microsoft,2019-09-24,Completed
TRN001954,EMP000828,Data analytics,Udemy,2023-08-01,Completed
TRN001955,EMP000828,Project Management,Deloitte,2019-03-01,Completed
TRN001956,EMP000828,Leadership Development,Deloitte,2020-04-19,Completed
TRN001957,EMP000828,Quality Management,Deloitte,2024-08-03,Completed
TRN001958,EMP000829,Health and Safety,KPMG,2024-04-14,In Progress
TRN001959,EMP000829,Leadership Development,Udemy,2025-02-26,Failed
TRN001960,EMP000829,Cybersecurity Awareness,Microsoft,2022-06-05,Failed
TRN001961,EMP000829,Cybersecurity Awareness,Udemy,2020-01-14,Completed
TRN001962,EMP000829,Cybersecurity Awareness,Geoflex Academy,2023-02-15,Failed
TRN001963,EMP000830,Health and Safety,Coursera,2025-04-08,Failed
TRN001964,EMP000830,Cybersecurity Awareness,KPMG,2024-07-01,In Progress
TRN001965,EMP000830,Project Management,Microsoft,2020-10-13,Failed
TRN001966,EMP000831,Leadership Development,Microsoft,2024-04-18,Completed
TRN001967,EMP000832,Health and Safety,Deloitte,2023-10-19,Failed
TRN001968,EMP000832,Health and Safety,Deloitte,2022-12-16,Failed
TRN001969,EMP000832,Data Analytics,Geoflex Academy,2019-10-15,In Progress
TRN001970,EMP000832,Lean Manufacturing,Udemy,2023-09-14,Completed
TRN001971,EMP000833,Risk Management,Coursera,2020-04-05,Failed
TRN001972,EMP000834,Compliance Training,Microsoft,2025-09-08,Completed
TRN001973,EMP000834,Risk Management,Coursera,2021-04-22,Completed
TRN001974,EMP000834,Leadership Development,KPMG,2025-07-18,Completed
TRN001975,EMP000835,Leadership Development,Deloitte,2024-05-22,Completed
TRN001976,EMP000835,Cybersecurity Awareness,Udemy,2025-02-22,In Progress
TRN001977,EMP000835,Project Management,Microsoft,2020-09-03,Completed
TRN001978,EMP000835,Leadership Development,Geoflex Academy,2023-01-04,Completed
TRN001979,EMP000836,Health and Safety,Udemy,2019-03-21,Failed
TRN001980,EMP000836,Customer Service,KPMG,2024-11-19,Completed
TRN001981,EMP000836,Customer Service,KPMG,2023-11-03,Completed
TRN001982,EMP000836,Customer Service,Coursera,2021-03-17,Completed
TRN001983,EMP000837,Health and Safety,Udemy,2021-09-07,In Progress
TRN001984,EMP000837,Quality Management,Microsoft,2023-08-06,In Progress
TRN001985,EMP000837,Quality Management,Udemy,2020-02-11,Failed
TRN001986,EMP000837,Cybersecurity Awareness,Udemy,2020-04-17,In Progress
TRN001987,EMP000837,Compliance Training,KPMG,2019-06-22,Failed
TRN001988,EMP000838,Data Analytics,Microsoft,2020-11-03,Completed
TRN001989,EMP000838,Compliance Training,KPMG,2024-04-09,Completed
TRN001990,EMP000838,Risk Management,Geoflex Academy,2025-02-14,Completed
TRN001991,EMP000838,Risk Management,,2023-04-28,Completed
TRN001992,EMP000838,Data Analytics,,2019-11-09,Completed
TRN001993,EMP000839,Leadership Development,Geoflex Academy,2024-06-18,Completed
TRN001994,EMP000839,Project Management,Deloitte,2022-11-06,Completed
TRN001995,EMP000839,Risk Management,Geoflex Academy,2023-01-28,In Progress
TRN001996,EMP000840,Leadership Development,Coursera,2022-06-06,In Progress
TRN001997,EMP000840,Risk Management,Geoflex Academy,2025-03-08,Completed
TRN001998,EMP000840,Data Analytics,Coursera,2020-07-25,Completed
TRN001999,EMP000841,Customer Service,Deloitte,2019-12-24,Completed
TRN002000,EMP000841,Cybersecurity Awareness,Deloitte,2019-04-25,Completed
TRN002001,EMP000841,Customer Service,Deloitte,2024-01-22,Completed
TRN002002,EMP000842,Cybersecurity Awareness,Microsoft,2025-04-10,In Progress
TRN002003,EMP000843,Compliance Training,Geoflex Academy,2024-06-25,Completed
TRN002004,EMP000843,Leadership Development,Deloitte,2022-02-24,In Progress
TRN002005,EMP000843,Customer Service,Udemy,2022-09-19,In Progress
TRN002006,EMP000843,Lean Manufacturing,Geoflex Academy,2023-03-10,Completed
TRN002007,EMP000843,Risk Management,Coursera,2022-09-08,Completed
TRN002008,EMP000844,Data Analytics,Microsoft,2019-08-08,In Progress
TRN002009,EMP000844,Health and Safety,Coursera,2023-12-21,Completed
TRN002010,EMP000844,Project Management,Microsoft,2019-10-07,Completed
TRN002011,EMP000845,Project Management,Deloitte,2023-07-17,Completed
TRN002012,EMP000845,Risk Management,Geoflex Academy,2020-10-05,In Progress
TRN002013,EMP000846,Project Management,Geoflex Academy,2024-12-14,Completed
TRN002014,EMP000846,Leadership Development,Microsoft,2020-11-27,Failed
TRN002015,EMP000846,Data Analytics,,2025-07-16,Completed
TRN002016,EMP000847,Quality Management,KPMG,2020-12-27,Completed
TRN002017,EMP000848,PM,Udemy,2024-02-24,Completed
TRN002018,EMP000849,Data Analytics,Udemy,2020-05-18,Failed
TRN002019,EMP000849,Customer Service,KPMG,2019-09-20,Failed
TRN002020,EMP000849,Customer Service,Coursera,2019-02-02,Completed
TRN002021,EMP000850,Lean Manufacturing,Deloitte,2021-05-03,Failed
TRN002022,EMP000851,Compliance Training,Geoflex Academy,2019-06-15,Completed
TRN002023,EMP000851,Data Analytics,Microsoft,2024-05-22,Completed
TRN002024,EMP000852,Cybersecurity Awareness,Deloitte,2024-04-17,Completed
TRN002025,EMP000853,Compliance Training,Coursera,2020-09-17,In Progress
TRN002026,EMP000854,Customer Service,Udemy,2022-08-23,Failed
TRN002027,EMP000854,Quality Management,Microsoft,2025-08-09,Completed
TRN002028,EMP000856,Health and Safety,Geoflex Academy,2019-01-08,Completed
TRN002029,EMP000857,Lean Manufacturing,Geoflex Academy,2020-11-17,Completed
TRN002030,EMP000857,Project Management,Coursera,2019-04-05,Completed
TRN002031,EMP000858,Quality Management,Microsoft,2023-09-03,Completed
TRN002032,EMP000859,Compliance Training,Udemy,2024-10-18,Failed
TRN002033,EMP000860,Cybersecurity Awareness,Coursera,2025-11-14,Completed
TRN002034,EMP000860,Quality Management,Udemy,2021-04-10,In Progress
TRN002035,EMP000861,Risk Management,,2024-10-06,Failed
TRN002036,EMP000861,Risk Management,Deloitte,2024-04-01,Failed
TRN002037,EMP000862,Leadership Development,Geoflex Academy,2021-05-02,Failed
TRN002038,EMP000862,Data Analytics,Coursera,2023-05-21,In Progress
TRN002039,EMP000862,Project Management,Coursera,2024-12-21,In Progress
TRN002040,EMP000862,Data Analytics,Microsoft,2021-07-12,Failed
TRN002041,EMP000862,Project Management,Microsoft,2022-07-23,Completed
TRN002042,EMP000863,Quality Management,Deloitte,2024-04-03,In Progress
TRN002043,EMP000864,Risk Management,KPMG,2022-12-11,In Progress
TRN002044,EMP000864,Compliance Training,Microsoft,2023-02-19,Completed
TRN002045,EMP000864,Data Analytics,Geoflex Academy,2019-03-14,Completed
TRN002046,EMP000864,Cybersecurity Awareness,Geoflex Academy,2023-06-02,Failed
TRN002047,EMP000865,Cybersecurity Awareness,Geoflex Academy,2023-07-19,Failed
TRN002048,EMP000865,Lean Manufacturing,Deloitte,2022-09-05,Completed
TRN002049,EMP000865,Cybersecurity Awareness,Geoflex Academy,2021-01-09,Completed
TRN002050,EMP000865,Data Analytics,Udemy,2022-03-22,In Progress
TRN002051,EMP000866,Leadership Development,Coursera,2024-08-26,Completed
TRN002052,EMP000867,Compliance Training,Geoflex Academy,2019-11-18,In Progress
TRN002053,EMP000867,Compliance Training,,2023-12-16,Failed
TRN002054,EMP000867,Lean Manufacturing,,2024-02-03,In Progress
TRN002055,EMP000867,Customer Service,Coursera,2019-02-26,In Progress
TRN002056,EMP000868,Compliance Training,Deloitte,2021-02-20,Completed
TRN002057,EMP000869,Leadership Development,Microsoft,2025-02-06,In Progress
TRN002058,EMP000870,Project Management,KPMG,2022-02-19,Completed
TRN002059,EMP000870,Project Management,Deloitte,2021-01-10,Failed
TRN002060,EMP000871,Health and Safety,Geoflex Academy,2019-09-11,Completed
TRN002061,EMP000871,Health and Safety,Geoflex Academy,2024-08-15,Completed
TRN002062,EMP000872,Health and Safety,Udemy,2025-06-25,In Progress
TRN002063,EMP000872,Cybersecurity Awareness,Coursera,2025-06-01,Completed
TRN002064,EMP000873,Data Analytics,Geoflex Academy,2021-09-20,Completed
TRN002065,EMP000873,Project Management,KPMG,2023-01-15,Failed
TRN002066,EMP000873,Project Management,Geoflex Academy,2023-04-18,In Progress
TRN002067,EMP000874,Cybersecurity Awareness,Coursera,2019-11-06,Completed
TRN002068,EMP000874,Health and Safety,Deloitte,2024-11-03,In Progress
TRN002069,EMP000874,Lean Manufacturing,Geoflex Academy,2023-12-09,Completed
TRN002070,EMP000874,Compliance Training,KPMG,2022-01-12,Completed
TRN002071,EMP000875,Customer Service,Microsoft,2021-07-13,Failed
TRN002072,EMP000876,Risk Management,Udemy,2021-01-16,In Progress
TRN002073,EMP000876,Compliance Training,Udemy,2022-04-22,Failed
TRN002074,EMP000876,Health and Safety,Deloitte,2019-04-02,Completed
TRN002075,EMP000877,Data Analytics,Microsoft,2025-12-06,Completed
TRN002076,EMP000877,Lean Manufacturing,Coursera,2025-06-27,Failed
TRN002077,EMP000877,Compliance Training,Coursera,2020-11-21,Completed
TRN002078,EMP000877,Quality Management,Deloitte,2024-01-21,In Progress
TRN002079,EMP000877,Quality Management,Geoflex Academy,2020-02-28,In Progress
TRN002080,EMP000878,Customer Service,Udemy,2024-11-02,Completed
TRN002081,EMP000879,Health and Safety,Udemy,2020-12-25,Completed
TRN002082,EMP000879,Data Analytics,Microsoft,2021-03-27,In Progress
TRN002083,EMP000879,Quality Management,Microsoft,2022-07-17,Completed
TRN002084,EMP000879,Leadership Development,Geoflex Academy,2020-03-22,In Progress
TRN002085,EMP000880,Risk Management,Coursera,2022-01-20,In Progress
TRN002086,EMP000880,Quality Management,Geoflex Academy,2023-07-28,In Progress
TRN002087,EMP000881,Health and Safety,KPMG,2025-04-08,Completed
TRN002088,EMP000882,Data Analytics,Deloitte,2021-09-20,Completed
TRN002089,EMP000882,Leadership Development,Deloitte,2021-09-25,Completed
TRN002090,EMP000883,Project Management,KPMG,2021-02-05,Failed
TRN002091,EMP000883,Customer care,Coursera,2025-07-02,Completed
TRN002092,EMP000883,Cybersecurity Awareness,Geoflex Academy,2022-12-22,Failed
TRN002093,EMP000883,Cybersecurity Awareness,Geoflex Academy,2019-05-03,Failed
TRN002094,EMP000883,Project Management,Geoflex Academy,2023-01-24,In Progress
TRN002095,EMP000884,Cybersecurity Awareness,Deloitte,2024-07-16,Completed
TRN002096,EMP000884,Leadership Development,Udemy,2025-05-15,Completed
TRN002097,EMP000884,Leadership Development,Udemy,2021-12-11,Completed
TRN002098,EMP000884,Data Analytics,Geoflex Academy,2022-04-12,Completed
TRN002099,EMP000884,Compliance Training,Udemy,2024-11-04,Completed
TRN002100,EMP000885,Risk Management,Geoflex Academy,2025-03-10,Completed
TRN002101,EMP000885,Lean Manufacturing,KPMG,2024-06-12,Completed
TRN002102,EMP000886,Leadership Development,Udemy,2022-06-18,In Progress
TRN002103,EMP000886,Project Management,Udemy,2022-09-08,Failed
TRN002104,EMP000887,Project Management,Deloitte,2020-07-21,Completed
TRN002105,EMP000888,Data Analytics,Deloitte,2023-10-04,Completed
TRN002106,EMP000888,Project Management,Geoflex Academy,2021-06-20,Completed
TRN002107,EMP000888,Data Analytics,Coursera,2022-11-08,Completed
TRN002108,EMP000888,Risk Management,Deloitte,2024-10-11,Completed
TRN002109,EMP000889,Data Analytics,Deloitte,2019-06-19,Completed
TRN002110,EMP000889,Data Analytics,Udemy,2021-06-09,Completed
TRN002111,EMP000889,Cybersecurity Awareness,Udemy,2024-08-26,Completed
TRN002112,EMP000889,Health and Safety,Coursera,2019-07-07,Completed
TRN002113,EMP000889,Data Analytics,Coursera,2023-01-22,Completed
TRN002114,EMP000890,Risk Management,Coursera,2021-11-11,Completed
TRN002115,EMP000892,Risk Management,KPMG,2024-08-22,In Progress
TRN002116,EMP000892,Compliance Training,KPMG,2022-07-12,Completed
TRN002117,EMP000892,Risk Management,Udemy,2023-07-18,Completed
TRN002118,EMP000893,Health and Safety,Microsoft,2022-12-11,Failed
TRN002119,EMP000893,Compliance Training,Deloitte,2021-07-19,Failed
TRN002120,EMP000893,Cybersecurity Awareness,Microsoft,2020-07-12,Completed
TRN002121,EMP000893,Data Analytics,Udemy,2020-12-27,Completed
TRN002122,EMP000894,Cybersecurity Awareness,Microsoft,2020-04-13,Failed
TRN002123,EMP000894,PM,Udemy,2025-05-07,In Progress
TRN002124,EMP000894,Compliance Training,Coursera,2021-09-16,In Progress
TRN002125,EMP000895,Data Analytics,Geoflex Academy,2024-08-12,Failed
TRN002126,EMP000896,Project Management,KPMG,2024-04-21,Completed
TRN002127,EMP000896,Quality Management,Geoflex Academy,2022-08-08,Failed
TRN002128,EMP000896,Lean Manufacturing,Geoflex Academy,2024-05-10,Completed
TRN002129,EMP000896,Leadership Development,Udemy,2019-09-16,Completed
TRN002130,EMP000896,Health and Safety,Udemy,2019-12-03,Completed
TRN002131,EMP000897,Compliance Training,Udemy,2025-09-28,Failed
TRN002132,EMP000897,Cybersecurity Awareness,Udemy,2021-09-25,Completed
TRN002133,EMP000898,Quality Management,Microsoft,2021-03-15,Completed
TRN002134,EMP000900,Health and Safety,Deloitte,2020-11-07,Failed
TRN002135,EMP000900,Risk Management,Microsoft,2019-05-25,Completed
TRN002136,EMP000900,Lean Manufacturing,Geoflex Academy,2022-04-27,Completed
TRN002137,EMP000901,Data Analytics,Geoflex Academy,2020-12-17,Completed
TRN002138,EMP000901,Lean Manufacturing,Geoflex Academy,2025-08-15,Completed
TRN002139,EMP000901,Cybersecurity Awareness,KPMG,2024-02-10,Completed
TRN002140,EMP000902,Health and Safety,KPMG,2020-12-06,In Progress
TRN002141,EMP000902,Risk Management,Coursera,2024-07-21,Completed
TRN002142,EMP000902,Cybersecurity Awareness,Deloitte,2020-03-10,Failed
TRN002143,EMP000902,Data Analytics,Udemy,2019-12-04,Completed
TRN002144,EMP000902,Compliance Training,Udemy,2019-06-18,Failed
TRN002145,EMP000903,Data Analytics,Udemy,2019-02-08,Completed
TRN002146,EMP000903,Compliance Training,Microsoft,2023-05-16,In Progress
TRN002147,EMP000903,Project Management,Coursera,2022-10-03,In Progress
TRN002148,EMP000903,Risk Management,Coursera,2023-03-02,Completed
TRN002149,EMP000904,Lean Manufacturing,Microsoft,2022-09-09,In Progress
TRN002150,EMP000905,Health and Safety,Coursera,2020-08-10,Completed
TRN002151,EMP000905,Health and Safety,Coursera,2025-12-17,Completed
TRN002152,EMP000905,Health and Safety,Deloitte,2021-03-19,Failed
TRN002153,EMP000906,Quality Management,Microsoft,2023-01-12,Completed
TRN002154,EMP000906,Health and Safety,Deloitte,2022-11-05,Completed
TRN002155,EMP000908,Leadership Development,Coursera,2023-02-24,Completed
TRN002156,EMP000908,Risk Management,Microsoft,2024-03-13,Failed
TRN002157,EMP000908,Risk Management,KPMG,2019-09-25,Completed
TRN002158,EMP000909,Leadership Development,Udemy,2022-06-01,Failed
TRN002159,EMP000909,Risk Management,Udemy,2024-06-04,Completed
TRN002160,EMP000910,Cybersecurity Awareness,Coursera,2021-02-03,Completed
TRN002161,EMP000910,Risk Management,Geoflex Academy,2020-06-07,Completed
TRN002162,EMP000911,Lean Manufacturing,Udemy,2024-06-13,Failed
TRN002163,EMP000912,Project Management,KPMG,2020-11-19,Completed
TRN002164,EMP000912,Project Management,Microsoft,2022-02-12,Completed
TRN002165,EMP000912,Lean Manufacturing,Geoflex Academy,2020-07-01,In Progress
TRN002166,EMP000912,Data Analytics,Geoflex Academy,2023-02-18,In Progress
TRN002167,EMP000913,Customer Service,Deloitte,2019-05-28,Completed
TRN002168,EMP000913,Cybersecurity Awareness,Udemy,2025-10-27,In Progress
TRN002169,EMP000913,Data Analytics,Deloitte,2025-02-08,Completed
TRN002170,EMP000913,Lean Manufacturing,Udemy,2021-06-22,Completed
TRN002171,EMP000913,Data Analytics,KPMG,2020-05-08,Completed
TRN002172,EMP000914,Quality Management,Coursera,2025-06-16,Completed
TRN002173,EMP000914,Risk Management,Deloitte,2025-06-06,In Progress
TRN002174,EMP000914,Cybersecurity Awareness,Microsoft,2023-01-04,Completed
TRN002175,EMP000915,Customer Service,Udemy,2020-08-06,Completed
TRN002176,EMP000915,Risk Management,Coursera,2025-10-15,Completed
TRN002177,EMP000915,Health and Safety,Geoflex Academy,2023-12-03,Completed
TRN002178,EMP000915,Leadership Development,Deloitte,2022-04-17,Failed
TRN002179,EMP000915,Quality Management,Geoflex Academy,2020-04-26,In Progress
TRN002180,EMP000916,Risk Management,KPMG,2020-09-07,In Progress
TRN002181,EMP000916,Lean Manufacturing,Coursera,2024-04-07,In Progress
TRN002182,EMP000916,Risk Management,Udemy,2021-11-09,Failed
TRN002183,EMP000917,Customer care,Coursera,2019-06-22,Completed
TRN002184,EMP000918,Quality Management,Udemy,2021-02-22,Completed
TRN002185,EMP000918,Leadership Development,Deloitte,2020-08-16,Completed
TRN002186,EMP000918,Cybersecurity Awareness,KPMG,2022-05-03,Completed
TRN002187,EMP000919,Quality Management,KPMG,2019-03-02,Failed
TRN002188,EMP000919,Cybersecurity Awareness,Geoflex Academy,2019-08-23,In Progress
TRN002189,EMP000919,Risk Management,Udemy,2021-04-26,In Progress
TRN002190,EMP000919,Health and Safety,Deloitte,2022-11-09,Completed
TRN002191,EMP000919,Cybersecurity Awareness,Coursera,2019-05-24,Completed
TRN002192,EMP000920,Cybersecurity Awareness,Geoflex Academy,2022-02-23,Completed
TRN002193,EMP000921,Customer Service,Deloitte,2022-10-04,Completed
TRN002194,EMP000921,Project Management,Geoflex Academy,2020-12-14,In Progress
TRN002195,EMP000921,Customer Service,Udemy,2020-08-07,Completed
TRN002196,EMP000922,Data Analytics,Deloitte,2021-08-20,Failed
TRN002197,EMP000922,Leadership Development,Udemy,2021-01-12,In Progress
TRN002198,EMP000922,Quality Management,KPMG,2020-01-09,Completed
TRN002199,EMP000923,Data Analytics,Udemy,2019-01-22,In Progress
TRN002200,EMP000923,Project Management,Coursera,2021-01-23,Completed
TRN002201,EMP000923,Project Management,KPMG,2020-04-11,Completed
TRN002202,EMP000923,Leadership Development,,2021-09-18,Failed
TRN002203,EMP000923,Health and Safety,Deloitte,2019-10-14,Completed
TRN002204,EMP000924,Lean Manufacturing,Coursera,2025-06-28,Completed
TRN002205,EMP000924,Health and Safety,Udemy,2024-08-02,In Progress
TRN002206,EMP000924,Compliance Training,KPMG,2025-06-13,In Progress
TRN002207,EMP000925,Leadership Development,Geoflex Academy,2022-06-17,Completed
TRN002208,EMP000925,Quality Management,KPMG,2024-07-18,Completed
TRN002209,EMP000925,Customer Service,KPMG,2025-12-21,Completed
TRN002210,EMP000925,Risk Management,Geoflex Academy,2019-10-18,Completed
TRN002211,EMP000926,Lean Manufacturing,KPMG,2024-01-10,Completed
TRN002212,EMP000926,Project Management,Deloitte,2022-11-17,In Progress
TRN002213,EMP000927,Health and Safety,Coursera,2024-04-08,In Progress
TRN002214,EMP000927,Lean Manufacturing,Deloitte,2022-08-19,Completed
TRN002215,EMP000927,Lean Manufacturing,Geoflex Academy,2021-07-09,Completed
TRN002216,EMP000928,Lean Manufacturing,Udemy,2019-12-01,In Progress
TRN002217,EMP000930,Risk Management,Deloitte,2020-04-28,Completed
TRN002218,EMP000932,Project Management,Deloitte,2021-08-14,Failed
TRN002219,EMP000932,Cyber Security,Geoflex Academy,2022-05-12,Failed
TRN002220,EMP000932,Health and Safety,Udemy,2022-10-24,Completed
TRN002221,EMP000932,Project Management,Coursera,2023-12-28,Failed
TRN002222,EMP000933,Customer Service,Coursera,2022-01-07,Completed
TRN002223,EMP000933,Compliance Training,Deloitte,2020-09-23,In Progress
TRN002224,EMP000933,Leadership Development,Udemy,2022-12-09,Completed
TRN002225,EMP000933,Cybersecurity Awareness,KPMG,2025-05-02,In Progress
TRN002226,EMP000933,Lean Manufacturing,Geoflex Academy,2020-09-22,Completed
TRN002227,EMP000934,Health and Safety,,2021-07-06,Completed
TRN002228,EMP000934,Project Management,Deloitte,2020-01-13,Completed
TRN002229,EMP000934,Data analytics,Deloitte,2021-03-27,Completed
TRN002230,EMP000934,Customer Service,Microsoft,2019-08-07,Completed
TRN002231,EMP000934,Leadership Development,Coursera,2022-02-23,Failed
TRN002232,EMP000935,Risk Management,Geoflex Academy,2025-08-21,Failed
TRN002233,EMP000935,Cybersecurity Awareness,Geoflex Academy,2025-09-19,In Progress
TRN002234,EMP000935,Risk Management,KPMG,2023-10-11,Completed
TRN002235,EMP000935,Project Management,KPMG,2022-10-01,In Progress
TRN002236,EMP000935,Customer Service,Geoflex Academy,2024-01-21,Failed
TRN002237,EMP000936,Cybersecurity Awareness,Deloitte,2021-07-18,Failed
TRN002238,EMP000936,Risk Management,,2022-02-04,Completed
TRN002239,EMP000936,Customer Service,Coursera,2019-10-23,Completed
TRN002240,EMP000936,Compliance Training,Geoflex Academy,2024-07-05,Completed
TRN002241,EMP000937,Cybersecurity Awareness,Coursera,2024-04-16,Failed
TRN002242,EMP000937,Risk Management,Deloitte,2020-11-08,Completed
TRN002243,EMP000937,Compliance Training,Deloitte,2023-01-18,Completed
TRN002244,EMP000937,Quality Management,Deloitte,2022-07-20,Completed
TRN002245,EMP000938,Quality Management,Geoflex Academy,2024-03-12,In Progress
TRN002246,EMP000938,Quality Management,Deloitte,2025-11-10,Completed
TRN002247,EMP000938,Compliance Training,Udemy,2025-09-10,In Progress
TRN002248,EMP000938,Data Analytics,Udemy,2020-08-04,Completed
TRN002249,EMP000938,Quality Management,Udemy,2020-04-18,Completed
TRN002250,EMP000939,Leadership Development,KPMG,2020-10-27,In Progress
TRN002251,EMP000939,Project Management,KPMG,2019-11-18,Failed
TRN002252,EMP000939,Lean Manufacturing,Udemy,2021-10-16,Completed
TRN002253,EMP000939,Quality Management,Deloitte,2022-03-21,Failed
TRN002254,EMP000940,Compliance Training,KPMG,2024-02-20,Completed
TRN002255,EMP000940,Risk Management,Udemy,2021-11-19,Completed
TRN002256,EMP000940,Data Analytics,Udemy,2019-02-11,Failed
TRN002257,EMP000940,Compliance Training,Deloitte,2019-06-12,Completed
TRN002258,EMP000940,Health and Safety,Geoflex Academy,2023-10-22,Failed
TRN002259,EMP000941,Compliance Training,Udemy,2019-11-28,Failed
TRN002260,EMP000941,Lean Manufacturing,Udemy,2025-10-22,Failed
TRN002261,EMP000941,Health and Safety,Udemy,2021-04-27,Completed
TRN002262,EMP000941,Lean Manufacturing,Microsoft,2019-11-02,In Progress
TRN002263,EMP000942,Lean Manufacturing,Deloitte,2025-01-18,Completed
TRN002264,EMP000942,Data Analytics,Deloitte,2024-09-26,Completed
TRN002265,EMP000943,Lean Manufacturing,Udemy,2024-09-18,Completed
TRN002266,EMP000945,Leadership Development,Geoflex Academy,2021-03-26,Completed
TRN002267,EMP000945,Project Management,Microsoft,2019-12-15,Completed
TRN002268,EMP000945,Quality Management,Coursera,2023-08-22,Completed
TRN002269,EMP000946,Risk Management,Udemy,2020-12-22,Completed
TRN002270,EMP000946,Project Management,Coursera,2021-11-13,Failed
TRN002271,EMP000947,Customer Service,Microsoft,2021-04-17,Completed
TRN002272,EMP000947,Cybersecurity Awareness,Coursera,2019-02-18,Completed
TRN002273,EMP000949,Compliance Training,KPMG,2022-01-17,Failed
TRN002274,EMP000950,Data Analytics,Udemy,2021-10-23,Completed
TRN002275,EMP000950,Health and Safety,Microsoft,2025-09-12,Completed
TRN002276,EMP000950,Lean Manufacturing,Geoflex Academy,2023-05-25,Completed
TRN002277,EMP000950,Project Management,Coursera,2019-12-12,Failed
TRN002278,EMP000950,Health and Safety,KPMG,2023-03-19,Failed
TRN002279,EMP000951,Data Analytics,Coursera,2020-08-20,In Progress
TRN002280,EMP000951,Leadership Development,Geoflex Academy,2024-01-18,Failed
TRN002281,EMP000952,Lean Manufacturing,Geoflex Academy,2020-05-28,In Progress
TRN002282,EMP000952,Risk Management,Deloitte,2019-12-13,Failed
TRN002283,EMP000952,Health and Safety,Microsoft,2020-12-13,Completed
TRN002284,EMP000953,Health and Safety,Coursera,2025-06-22,Failed
TRN002285,EMP000953,Compliance Training,Microsoft,2021-06-12,Completed
TRN002286,EMP000953,Leadership Development,KPMG,2023-01-06,Completed
TRN002287,EMP000953,Compliance Training,KPMG,2021-09-20,In Progress
TRN002288,EMP000953,Compliance Training,Geoflex Academy,2019-05-10,Completed
TRN002289,EMP000955,Health and Safety,KPMG,2024-07-23,Completed
TRN002290,EMP000955,Health and Safety,Microsoft,2022-01-15,Failed
TRN002291,EMP000956,Cybersecurity Awareness,Deloitte,2022-04-22,Completed
TRN002292,EMP000956,Leadership Development,Coursera,2022-08-20,Completed
TRN002293,EMP000956,Leadership Development,Geoflex Academy,2021-02-18,Completed
TRN002294,EMP000956,Quality Management,Coursera,2023-11-11,Completed
TRN002295,EMP000956,Leadership Development,Deloitte,2024-03-18,Completed
TRN002296,EMP000959,Quality Management,Microsoft,2024-04-16,Failed
TRN002297,EMP000959,Leadership Development,Deloitte,2019-02-24,Completed
TRN002298,EMP000959,Lean Manufacturing,Geoflex Academy,2024-09-23,Completed
TRN002299,EMP000959,Customer Service,Microsoft,2024-02-10,In Progress
TRN002300,EMP000959,Customer Service,Geoflex Academy,2023-07-05,Completed
TRN002301,EMP000960,Lean Manufacturing,Deloitte,2022-05-01,In Progress
TRN002302,EMP000960,Risk Management,Udemy,2019-04-26,Completed
TRN002303,EMP000961,Lean Manufacturing,Udemy,2022-07-04,In Progress
TRN002304,EMP000961,Lean Manufacturing,Microsoft,2023-05-06,Failed
TRN002305,EMP000961,Quality Management,Geoflex Academy,2023-07-16,Completed
TRN002306,EMP000961,Lean Manufacturing,KPMG,2019-10-15,Completed
TRN002307,EMP000962,Quality Management,Deloitte,2023-08-07,Completed
TRN002308,EMP000962,Compliance Training,Udemy,2019-02-16,Completed
TRN002309,EMP000962,Leadership Development,Microsoft,2023-05-21,In Progress
TRN002310,EMP000963,Compliance Training,Coursera,2023-05-18,Completed
TRN002311,EMP000964,Quality Management,Coursera,2020-03-13,Completed
TRN002312,EMP000964,Data Analytics,KPMG,2025-11-21,In Progress
TRN002313,EMP000964,Cybersecurity Awareness,Coursera,2024-02-11,Completed
TRN002314,EMP000965,Compliance Training,Geoflex Academy,2024-12-08,Completed
TRN002315,EMP000965,Data Analytics,Microsoft,2019-08-24,Completed
TRN002316,EMP000966,Risk Management,Microsoft,2022-12-06,Failed
TRN002317,EMP000966,Lean Manufacturing,Udemy,2024-09-16,In Progress
TRN002318,EMP000967,Customer Service,Coursera,2025-11-07,In Progress
TRN002319,EMP000967,PM,Deloitte,2024-04-17,Completed
TRN002320,EMP000968,Customer Service,Udemy,2019-03-25,Completed
TRN002321,EMP000968,Project Management,KPMG,2025-06-14,Completed
TRN002322,EMP000968,Data Analytics,Coursera,2023-11-02,In Progress
TRN002323,EMP000968,Project Management,Deloitte,2023-12-20,Failed
TRN002324,EMP000968,Compliance Training,,2025-12-19,Completed
TRN002325,EMP000969,Risk Management,Udemy,2025-02-16,Completed
TRN002326,EMP000970,Project Management,Microsoft,2019-01-15,In Progress
TRN002327,EMP000970,Data Analytics,Udemy,2021-04-19,Failed
TRN002328,EMP000971,Cybersecurity Awareness,Udemy,2024-05-22,Failed
TRN002329,EMP000972,Data Analytics,Udemy,2025-07-04,Failed
TRN002330,EMP000973,Quality Management,Geoflex Academy,2020-12-28,In Progress
TRN002331,EMP000974,Leadership Development,Deloitte,2022-09-23,Completed
TRN002332,EMP000975,Cybersecurity Awareness,Udemy,2024-08-04,Failed
TRN002333,EMP000975,Leadership Development,Geoflex Academy,2024-07-07,In Progress
TRN002334,EMP000976,Risk Management,Coursera,2025-03-24,In Progress
TRN002335,EMP000976,Health and Safety,Udemy,2019-02-23,In Progress
TRN002336,EMP000976,Project Management,Udemy,2021-06-15,Completed
TRN002337,EMP000976,Customer Service,KPMG,2023-03-15,In Progress
TRN002338,EMP000976,Risk Management,KPMG,2025-12-27,In Progress
TRN002339,EMP000977,Quality Management,KPMG,2025-10-02,Completed
TRN002340,EMP000977,Data Analytics,Geoflex Academy,2021-12-11,Failed
TRN002341,EMP000977,Project Management,KPMG,2025-01-19,Completed
TRN002342,EMP000977,Leadership Development,Deloitte,2020-08-06,In Progress
TRN002343,EMP000977,Compliance Training,Deloitte,2025-08-26,Completed
TRN002344,EMP000978,Leadership Development,Deloitte,2023-01-20,Completed
TRN002345,EMP000978,Lean Manufacturing,Geoflex Academy,2025-07-23,In Progress
TRN002346,EMP000978,Data Analytics,KPMG,2019-09-20,Completed
TRN002347,EMP000978,Lean Manufacturing,Microsoft,2023-03-23,Failed
TRN002348,EMP000980,Customer Service,Deloitte,2019-03-25,Failed
TRN002349,EMP000980,Customer Service,Microsoft,2022-03-17,In Progress
TRN002350,EMP000980,Health and Safety,Deloitte,2025-01-18,Completed
TRN002351,EMP000980,Health and Safety,Deloitte,2019-02-24,Completed
TRN002352,EMP000981,Risk Management,Geoflex Academy,2024-10-26,In Progress
TRN002353,EMP000981,Compliance Training,Geoflex Academy,2022-06-06,In Progress
TRN002354,EMP000982,Cybersecurity Awareness,Coursera,2020-06-27,Completed
TRN002355,EMP000982,Risk Management,Coursera,2022-11-15,Completed
TRN002356,EMP000982,Quality Management,Coursera,2025-12-08,Completed
TRN002357,EMP000983,Quality Management,Udemy,2022-09-09,Completed
TRN002358,EMP000983,Lean Manufacturing,Geoflex Academy,2021-03-28,Completed
TRN002359,EMP000984,Project Management,Microsoft,2021-01-25,Completed
TRN002360,EMP000985,Lean Manufacturing,Udemy,2022-05-25,Completed
TRN002361,EMP000986,Data Analytics,Coursera,2020-12-08,Completed
TRN002362,EMP000986,Project Management,Geoflex Academy,2020-09-19,Completed
TRN002363,EMP000986,Quality Management,Udemy,2023-12-03,In Progress
TRN002364,EMP000987,Data Analytics,Microsoft,2020-01-01,Completed
TRN002365,EMP000987,Data Analytics,Microsoft,2019-02-17,Completed
TRN002366,EMP000987,Lean Manufacturing,Coursera,2023-11-22,In Progress
TRN002367,EMP000987,Cybersecurity Awareness,Coursera,2019-10-26,Completed
TRN002368,EMP000987,Leadership Development,Udemy,2020-12-06,Completed
TRN002369,EMP000988,Data Analytics,,2024-04-22,Completed
TRN002370,EMP000988,Health and Safety,Udemy,2019-12-02,In Progress
TRN002371,EMP000988,Health and Safety,Microsoft,2022-11-19,In Progress
TRN002372,EMP000988,Risk Management,Udemy,2024-02-16,Failed
TRN002373,EMP000989,Quality Management,Udemy,2021-09-01,Failed
TRN002374,EMP000989,Cybersecurity Awareness,Coursera,2020-06-04,Failed
TRN002375,EMP000989,Cybersecurity Awareness,Udemy,2020-04-11,Completed
TRN002376,EMP000989,Lean Manufacturing,Microsoft,2019-06-15,Completed
TRN002377,EMP000989,Health and Safety,Deloitte,2024-04-26,Completed
TRN002378,EMP000990,Lean Manufacturing,Udemy,2023-03-23,Completed
TRN002379,EMP000990,Project Management,Udemy,2021-10-16,Failed
TRN002380,EMP000991,Health and Safety,Microsoft,2021-07-10,In Progress
TRN002381,EMP000992,Customer Service,Udemy,2024-01-07,Completed
TRN002382,EMP000992,Customer Service,KPMG,2023-07-27,Completed
TRN002383,EMP000992,Quality Management,Coursera,2019-08-03,Failed
TRN002384,EMP000992,Cybersecurity Awareness,Udemy,2021-10-28,Completed
TRN002385,EMP000993,Health and Safety,Deloitte,2019-09-13,Failed
TRN002386,EMP000993,Risk Management,KPMG,2025-05-16,In Progress
TRN002387,EMP000993,Cybersecurity Awareness,Microsoft,2021-05-24,Completed
TRN002388,EMP000993,Customer Service,Coursera,2023-08-23,Completed
TRN002389,EMP000993,Cybersecurity Awareness,Coursera,2019-03-13,Completed
TRN002390,EMP000995,Lean Manufacturing,Deloitte,2021-10-18,In Progress
TRN002391,EMP000996,Leadership Development,Microsoft,2022-04-22,Completed
TRN002392,EMP000996,Health and Safety,Microsoft,2022-11-06,Completed
TRN002393,EMP000997,Risk Management,Coursera,2025-11-03,Completed
TRN002394,EMP000997,Project Management,Microsoft,2021-03-17,Completed
TRN002395,EMP000997,Lean Manufacturing,Deloitte,2020-02-23,Failed
TRN002396,EMP000998,Compliance Training,Microsoft,2019-03-09,Completed
TRN002397,EMP000998,Leadership Development,Coursera,2021-06-06,Failed
TRN002398,EMP000998,Data Analytics,Coursera,2020-03-07,Completed
TRN002399,EMP000998,Leadership Development,KPMG,2025-08-06,In Progress
TRN002400,EMP001000,Leadership Development,Deloitte,2019-07-02,In Progress
TRN002401,EMP001000,PM,KPMG,2020-06-03,Failed
TRN002402,EMP001002,Leadership Development,Deloitte,2019-03-17,Completed
TRN002403,EMP001002,Project Management,Coursera,2021-04-26,Completed
TRN002404,EMP001002,Lean Manufacturing,KPMG,2023-04-15,Completed
TRN002405,EMP001003,Lean Manufacturing,Deloitte,2022-08-16,In Progress
TRN002406,EMP001003,Data Analytics,Coursera,2023-02-19,In Progress
TRN002407,EMP001003,Leadership Development,Udemy,2025-08-12,Completed
TRN002408,EMP001003,Data Analytics,Udemy,2019-06-07,In Progress
TRN002409,EMP001004,Quality Management,Udemy,2020-02-08,Completed
TRN002410,EMP001004,Customer care,Geoflex Academy,2021-01-06,Completed
TRN002411,EMP001004,Health and Safety,KPMG,2022-10-02,Completed
TRN002412,EMP001004,Compliance Training,Microsoft,2021-09-16,Failed
TRN002413,EMP001005,Project Management,Geoflex Academy,2020-01-02,In Progress
TRN002414,EMP001005,Health and Safety,Microsoft,2021-03-16,Failed
TRN002415,EMP001005,Lean Manufacturing,Microsoft,2025-07-17,Completed
TRN002416,EMP001005,Risk Management,Deloitte,2024-10-23,Completed
TRN002417,EMP001007,Risk Management,Microsoft,2019-11-13,Completed
TRN002418,EMP001007,Risk Management,Deloitte,2019-09-13,In Progress
TRN002419,EMP001008,Health and Safety,Udemy,2023-09-01,In Progress
TRN002420,EMP001008,Health and Safety,Coursera,2022-11-03,Completed
TRN002421,EMP001008,Quality Management,KPMG,2019-11-16,Completed
TRN002422,EMP001008,Health and Safety,Deloitte,2024-02-19,In Progress
TRN002423,EMP001008,Risk Management,KPMG,2021-03-19,In Progress
TRN002424,EMP001009,Project Management,Geoflex Academy,2023-02-19,Failed
TRN002425,EMP001009,Health and Safety,Deloitte,2022-08-19,Completed
TRN002426,EMP001009,Compliance Training,Deloitte,2020-05-10,Completed
TRN002427,EMP001010,Lean Manufacturing,Geoflex Academy,2025-02-25,Completed
TRN002428,EMP001010,Leadership Development,Coursera,2023-07-13,Failed
TRN002429,EMP001010,Project Management,Deloitte,2020-09-18,Failed
TRN002430,EMP001011,Compliance Training,Geoflex Academy,2023-08-23,Completed
TRN002431,EMP001011,Project Management,Coursera,2019-01-09,Failed
TRN002432,EMP001012,Data Analytics,Deloitte,2024-10-15,Completed
TRN002433,EMP001012,Customer Service,Geoflex Academy,2024-05-28,Failed
TRN002434,EMP001012,Compliance Training,KPMG,2023-01-06,Completed
TRN002435,EMP001012,Lean Manufacturing,Deloitte,2019-11-14,In Progress
TRN002436,EMP001012,Cybersecurity Awareness,Coursera,2021-09-10,Completed
TRN002437,EMP001013,Risk Management,,2025-09-08,Failed
TRN002438,EMP001013,Quality Management,KPMG,2021-05-11,Failed
TRN002439,EMP001014,Health and Safety,Coursera,2025-09-15,Completed
TRN002440,EMP001014,Cybersecurity Awareness,Udemy,2023-07-06,Completed
TRN002441,EMP001014,Leadership Development,Microsoft,2020-05-25,Completed
TRN002442,EMP001014,Project Management,Udemy,2024-09-16,Completed
TRN002443,EMP001015,Customer Service,Udemy,2024-12-06,Completed
TRN002444,EMP001015,Data Analytics,Microsoft,2022-04-18,Failed
TRN002445,EMP001015,Customer Service,Deloitte,2020-04-09,Completed
TRN002446,EMP001015,Lean Manufacturing,Coursera,2024-08-13,In Progress
TRN002447,EMP001015,Compliance Training,KPMG,2024-02-27,Failed
TRN002448,EMP001016,Health and Safety,KPMG,2019-01-05,Failed
TRN002449,EMP001016,Customer Service,Coursera,2019-02-11,Completed
TRN002450,EMP001016,Data analytics,Geoflex Academy,2021-03-04,Completed
TRN002451,EMP001016,Health and Safety,Udemy,2023-10-10,Failed
TRN002452,EMP001016,Health and Safety,KPMG,2022-05-16,In Progress
TRN002453,EMP001017,Quality Management,KPMG,2023-08-04,Completed
TRN002454,EMP001018,Data Analytics,Geoflex Academy,2020-04-01,Completed
TRN002455,EMP001020,Project Management,Coursera,2023-08-03,Completed
TRN002456,EMP001020,Cybersecurity Awareness,Microsoft,2025-12-04,In Progress
TRN002457,EMP001020,Data Analytics,Udemy,2023-08-22,Completed
TRN002458,EMP001020,Customer Service,Geoflex Academy,2022-10-04,Completed
TRN002459,EMP001020,Health and Safety,Microsoft,2021-11-08,Failed
TRN002460,EMP001021,Risk Management,Microsoft,2022-11-14,Completed
TRN002461,EMP001021,Compliance Training,Microsoft,2025-03-01,In Progress
TRN002462,EMP001021,Project Management,Udemy,2019-03-11,In Progress
TRN002463,EMP001021,Health and Safety,Coursera,2020-09-26,Failed
TRN002464,EMP001023,Data Analytics,Geoflex Academy,2021-04-15,In Progress
TRN002465,EMP001023,Project Management,Microsoft,2023-04-05,Failed
TRN002466,EMP001023,Quality Management,Udemy,2022-07-13,In Progress
TRN002467,EMP001023,Cybersecurity Awareness,KPMG,2025-12-07,Completed
TRN002468,EMP001023,Lean Manufacturing,KPMG,2020-07-04,In Progress
TRN002469,EMP001024,Lean Manufacturing,Coursera,2021-02-17,In Progress
TRN002470,EMP001026,Risk Management,Deloitte,2023-12-13,Failed
TRN002471,EMP001026,Data Analytics,Microsoft,2022-11-05,Completed
TRN002472,EMP001026,Data Analytics,Deloitte,2021-09-18,Completed
TRN002473,EMP001026,Compliance Training,Microsoft,2025-08-28,Completed
TRN002474,EMP001027,Health and Safety,Coursera,2024-06-25,Completed
TRN002475,EMP001027,Data Analytics,Microsoft,2020-12-07,Completed
TRN002476,EMP001027,Risk Management,Coursera,2023-04-27,Completed
TRN002477,EMP001027,Risk Management,Geoflex Academy,2022-05-01,Completed
TRN002478,EMP001027,Lean Manufacturing,KPMG,2023-06-12,In Progress
TRN002479,EMP001028,PM,Deloitte,2022-05-28,Completed
TRN002480,EMP001028,Risk Management,Geoflex Academy,2023-10-01,Completed
TRN002481,EMP001028,Risk Management,Udemy,2022-09-03,In Progress
TRN002482,EMP001028,Data Analytics,Deloitte,2021-03-07,Completed
TRN002483,EMP001028,Cybersecurity Awareness,Coursera,2022-03-10,Completed
TRN002484,EMP001029,Compliance Training,Deloitte,2024-06-03,Completed
TRN002485,EMP001029,Project Management,Udemy,2025-11-19,Failed
TRN002486,EMP001029,Health and Safety,Deloitte,2020-08-02,Completed
TRN002487,EMP001030,Cybersecurity Awareness,Geoflex Academy,2019-12-06,In Progress
TRN002488,EMP001031,Lean Manufacturing,Geoflex Academy,2023-01-18,Completed
TRN002489,EMP001031,Leadership Development,Deloitte,2021-05-17,Completed
TRN002490,EMP001031,Data Analytics,KPMG,2022-09-06,Completed
TRN002491,EMP001032,Data Analytics,Deloitte,2024-02-21,Failed
TRN002492,EMP001033,Leadership Development,Coursera,2025-06-19,Completed
TRN002493,EMP001033,Lean Manufacturing,KPMG,2022-01-21,In Progress
TRN002494,EMP001033,Lean Manufacturing,Udemy,2020-12-15,Completed
TRN002495,EMP001034,Health and Safety,KPMG,2025-04-13,Completed
TRN002496,EMP001035,Cybersecurity Awareness,Geoflex Academy,2023-09-14,In Progress
TRN002497,EMP001036,Lean Manufacturing,Coursera,2021-09-06,Completed
TRN002498,EMP001036,Customer Service,Udemy,2023-03-12,Completed
TRN002499,EMP001037,Compliance Training,KPMG,2019-01-07,Failed
TRN002500,EMP001037,Cybersecurity Awareness,Deloitte,2019-03-27,Completed
TRN002501,EMP001037,Compliance Training,Geoflex Academy,2025-04-24,In Progress
TRN002502,EMP001040,Quality Management,Deloitte,2019-11-05,In Progress
TRN002503,EMP001041,Leadership Development,Deloitte,2022-04-21,Completed
TRN002504,EMP001041,Health and Safety,Microsoft,2022-12-01,Completed
TRN002505,EMP001041,Project Management,Coursera,2025-10-28,Completed
TRN002506,EMP001043,Lean Manufacturing,Deloitte,2019-12-08,Completed
TRN002507,EMP001043,Data Analytics,Coursera,2020-05-10,Failed
TRN002508,EMP001043,Project Management,Udemy,2025-10-12,Completed
TRN002509,EMP001044,Cybersecurity Awareness,Coursera,2022-09-17,Completed
TRN002510,EMP001044,Compliance Training,Geoflex Academy,2024-01-01,In Progress
TRN002511,EMP001044,Lean Manufacturing,KPMG,2021-01-19,Completed
TRN002512,EMP001045,Data Analytics,Coursera,2024-04-09,Completed
TRN002513,EMP001045,Lean Manufacturing,Udemy,2024-08-01,Completed
TRN002514,EMP001045,Leadership Development,Udemy,2020-05-16,Completed
TRN002515,EMP001045,Customer Service,Udemy,2020-06-10,In Progress
TRN002516,EMP001045,Lean Manufacturing,Coursera,2025-08-17,Failed
TRN002517,EMP001046,Project Management,KPMG,2021-10-01,Completed
TRN002518,EMP001047,Customer Service,KPMG,2021-09-24,Failed
TRN002519,EMP001047,Customer Service,Deloitte,2020-08-19,Failed
TRN002520,EMP001047,Project Management,Geoflex Academy,2023-01-25,Completed
TRN002521,EMP001047,Health and Safety,Udemy,2021-10-22,Completed
TRN002522,EMP001049,Risk Management,Microsoft,2024-01-10,Completed
TRN002523,EMP001051,Project Management,KPMG,2020-01-21,Completed
TRN002524,EMP001052,Leadership Development,Udemy,2020-10-24,Completed
TRN002525,EMP001052,Customer Service,Coursera,2024-08-06,Completed
TRN002526,EMP001053,Risk Management,Udemy,2022-06-04,In Progress
TRN002527,EMP001053,Cybersecurity Awareness,Udemy,2019-01-20,In Progress
TRN002528,EMP001053,Leadership Development,Microsoft,2025-11-16,In Progress
TRN002529,EMP001054,Health and Safety,Microsoft,2020-07-22,Failed
TRN002530,EMP001055,Compliance Training,Coursera,2025-03-16,Completed
TRN002531,EMP001057,Customer Service,Udemy,2021-09-21,Completed
TRN002532,EMP001058,Cybersecurity Awareness,Deloitte,2024-07-05,In Progress
TRN002533,EMP001058,Project Management,Coursera,2024-12-13,Completed
TRN002534,EMP001058,Compliance Training,KPMG,2020-10-24,Completed
TRN002535,EMP001058,Customer Service,Udemy,2025-05-16,Failed
TRN002536,EMP001059,Leadership Development,Deloitte,2021-02-12,In Progress
TRN002537,EMP001059,Data Analytics,Deloitte,2025-06-22,Completed
TRN002538,EMP001060,Lean Manufacturing,KPMG,2025-11-18,Completed
TRN002539,EMP001060,Lean Manufacturing,Microsoft,2022-12-27,Completed
TRN002540,EMP001060,Data Analytics,Coursera,2020-09-05,In Progress
TRN002541,EMP001061,Quality Management,KPMG,2021-11-15,Completed
TRN002542,EMP001061,Risk Management,Deloitte,2024-04-23,Completed
TRN002543,EMP001062,Risk Management,Udemy,2019-03-15,Failed
TRN002544,EMP001063,Cybersecurity Awareness,Udemy,2024-07-11,Completed
TRN002545,EMP001063,Data Analytics,Deloitte,2020-07-26,Completed
TRN002546,EMP001063,Risk Management,Geoflex Academy,2022-09-14,In Progress
TRN002547,EMP001064,Health and Safety,Deloitte,2024-04-06,Completed
TRN002548,EMP001064,Compliance Training,Microsoft,2020-07-17,Completed
TRN002549,EMP001064,Health and Safety,Deloitte,2025-01-20,Completed
TRN002550,EMP001064,Project Management,Microsoft,2025-04-07,Completed
TRN002551,EMP001065,Project Management,Udemy,2019-02-07,In Progress
TRN002552,EMP001065,Customer Service,Coursera,2023-05-22,In Progress
TRN002553,EMP001065,Quality Management,KPMG,2024-02-05,Failed
TRN002554,EMP001065,Risk Management,Deloitte,2024-08-10,In Progress
TRN002555,EMP001067,Compliance Training,Microsoft,2019-04-19,Completed
TRN002556,EMP001067,Lean Manufacturing,KPMG,2021-06-11,Completed
TRN002557,EMP001067,Risk Management,Udemy,2022-12-05,Completed
TRN002558,EMP001068,Health and Safety,Udemy,2023-04-17,Completed
TRN002559,EMP001068,Cybersecurity Awareness,Geoflex Academy,2020-10-17,Failed
TRN002560,EMP001069,Customer Service,Udemy,2020-04-06,In Progress
TRN002561,EMP001069,Quality Management,KPMG,2019-04-18,Completed
TRN002562,EMP001069,Compliance Training,Udemy,2019-01-21,In Progress
TRN002563,EMP001069,Cybersecurity Awareness,Udemy,2019-03-26,Completed
TRN002564,EMP001070,Project Management,Deloitte,2023-02-19,Completed
TRN002565,EMP001070,Lean Manufacturing,Deloitte,2019-01-14,Completed
TRN002566,EMP001070,Quality Management,Deloitte,2020-11-15,Completed
TRN002567,EMP001071,Compliance Training,Coursera,2023-01-15,Failed
TRN002568,EMP001072,Project Management,Microsoft,2022-07-22,Completed
TRN002569,EMP001072,Project Management,Udemy,2025-09-15,Completed
TRN002570,EMP001072,Data Analytics,KPMG,2024-06-21,Completed
TRN002571,EMP001072,Compliance Training,KPMG,2023-12-11,Completed
TRN002572,EMP001072,Quality Management,Geoflex Academy,2022-05-08,Completed
TRN002573,EMP001073,Quality Management,Microsoft,2020-02-23,Failed
TRN002574,EMP001073,Cybersecurity Awareness,Udemy,2025-01-07,In Progress
TRN002575,EMP001073,Health and Safety,Deloitte,2019-08-17,Failed
TRN002576,EMP001073,Data Analytics,Geoflex Academy,2020-03-19,Completed
TRN002577,EMP001074,Risk Management,Geoflex Academy,2022-11-19,Completed
TRN002578,EMP001074,Risk Management,Coursera,2020-03-18,Completed
TRN002579,EMP001074,Data Analytics,Udemy,2021-03-27,Completed
TRN002580,EMP001074,Health and Safety,Udemy,2021-04-14,Failed
TRN002581,EMP001074,Project Management,Geoflex Academy,2022-08-24,In Progress
TRN002582,EMP001075,Customer Service,Deloitte,2021-04-26,In Progress
TRN002583,EMP001075,Data Analytics,KPMG,2022-03-20,Completed
TRN002584,EMP001076,Risk Management,Coursera,2024-11-02,Completed
TRN002585,EMP001076,Health and Safety,KPMG,2022-08-07,In Progress
TRN002586,EMP001077,Project Management,KPMG,2019-08-17,Completed
TRN002587,EMP001077,Data Analytics,Udemy,2023-06-02,Failed
TRN002588,EMP001078,Cybersecurity Awareness,Udemy,2021-04-14,Completed
TRN002589,EMP001078,Cybersecurity Awareness,Udemy,2025-07-03,In Progress
TRN002590,EMP001078,Project Management,Microsoft,2023-09-07,Completed
TRN002591,EMP001078,Lean Manufacturing,Deloitte,2021-10-26,Completed
TRN002592,EMP001078,Data Analytics,Udemy,2019-02-20,Failed
TRN002593,EMP001079,Customer Service,Udemy,2023-11-06,Completed
TRN002594,EMP001079,Data Analytics,Coursera,2020-12-11,Completed
TRN002595,EMP001080,Cybersecurity Awareness,Microsoft,2019-02-01,Completed
TRN002596,EMP001080,Customer Service,KPMG,2020-04-27,Failed
TRN002597,EMP001080,Health and Safety,KPMG,2025-06-04,Completed
TRN002598,EMP001080,Quality Management,Udemy,2021-04-14,Completed
TRN002599,EMP001080,Health and Safety,Geoflex Academy,2020-06-11,Completed
TRN002600,EMP001081,Lean Manufacturing,KPMG,2020-09-20,Completed
TRN002601,EMP001081,Lean Manufacturing,Deloitte,2019-11-26,Completed
TRN002602,EMP001081,Project Management,,2024-09-02,Failed
TRN002603,EMP001081,Customer Service,Udemy,2020-08-18,Completed
TRN002604,EMP001082,Health and Safety,Coursera,2020-12-08,Completed
TRN002605,EMP001082,Risk Management,Deloitte,2019-03-04,Completed
TRN002606,EMP001084,Risk Management,Coursera,2022-08-02,Failed
TRN002607,EMP001084,Data Analytics,Deloitte,2022-11-25,Completed
TRN002608,EMP001084,Risk Management,Udemy,2025-05-08,Failed
TRN002609,EMP001084,Quality Management,KPMG,2025-09-03,Completed
TRN002610,EMP001084,Lean Manufacturing,Udemy,2022-10-28,Completed
TRN002611,EMP001085,Data Analytics,Deloitte,2023-08-15,Completed
TRN002612,EMP001085,Lean Manufacturing,Geoflex Academy,2020-01-02,Completed
TRN002613,EMP001085,Data Analytics,Coursera,2025-02-06,Completed
TRN002614,EMP001085,Risk Management,Microsoft,2025-09-21,Completed
TRN002615,EMP001085,Data Analytics,Geoflex Academy,2023-01-16,Completed
TRN002616,EMP001087,Compliance Training,Coursera,2019-04-14,Failed
TRN002617,EMP001087,Risk Management,Deloitte,2020-11-11,Completed
TRN002618,EMP001087,Compliance Training,Deloitte,2020-06-10,Completed
TRN002619,EMP001087,Leadership Development,KPMG,2021-08-07,Completed
TRN002620,EMP001088,Health and Safety,Microsoft,2021-09-12,In Progress
TRN002621,EMP001089,Lean Manufacturing,Geoflex Academy,2023-01-04,Completed
TRN002622,EMP001089,Project Management,Geoflex Academy,2023-01-12,Failed
TRN002623,EMP001089,Health and Safety,Coursera,2024-05-14,Completed
TRN002624,EMP001089,Compliance Training,KPMG,2025-06-04,Failed
TRN002625,EMP001089,Data Analytics,KPMG,2022-05-26,Completed
TRN002626,EMP001090,Risk Management,KPMG,2020-06-26,In Progress
TRN002627,EMP001090,Lean Manufacturing,Geoflex Academy,2021-07-20,Completed
TRN002628,EMP001090,Cybersecurity Awareness,KPMG,2023-08-04,Failed
TRN002629,EMP001090,Customer Service,KPMG,2020-06-14,In Progress
TRN002630,EMP001091,Risk Management,Coursera,2022-03-25,Completed
TRN002631,EMP001091,Health and Safety,Microsoft,2022-07-21,Failed
TRN002632,EMP001091,Health and Safety,KPMG,2019-04-28,In Progress
TRN002633,EMP001092,Lean Manufacturing,Deloitte,2022-01-03,Completed
TRN002634,EMP001092,Compliance Training,Microsoft,2023-11-02,Completed
TRN002635,EMP001092,Health and Safety,Geoflex Academy,2019-01-08,Completed
TRN002636,EMP001092,Leadership Development,Udemy,2023-09-27,Completed
TRN002637,EMP001092,Lean Manufacturing,Udemy,2025-04-13,Completed
TRN002638,EMP001093,Customer Service,KPMG,2021-01-25,Completed
TRN002639,EMP001093,Quality Management,Udemy,2019-10-20,Completed
TRN002640,EMP001094,Leadership Development,Udemy,2021-11-24,Failed
TRN002641,EMP001095,Lean Manufacturing,Microsoft,2021-09-20,Completed
TRN002642,EMP001095,Customer Service,Microsoft,2019-04-10,Completed
TRN002643,EMP001095,Data Analytics,Geoflex Academy,2025-05-17,Completed
TRN002644,EMP001095,Cybersecurity Awareness,Udemy,2019-08-03,Completed
TRN002645,EMP001095,Risk Management,KPMG,2024-08-24,Failed
TRN002646,EMP001096,Cybersecurity Awareness,Geoflex Academy,2025-10-15,In Progress
TRN002647,EMP001096,Lean Manufacturing,Deloitte,2020-02-04,Completed
TRN002648,EMP001096,Compliance Training,Geoflex Academy,2019-06-18,In Progress
TRN002649,EMP001096,Customer Service,Coursera,2025-03-14,Failed
TRN002650,EMP001096,Health and Safety,KPMG,2023-04-25,Failed
TRN002651,EMP001097,Compliance Training,Geoflex Academy,2025-03-27,In Progress
TRN002652,EMP001097,Lean Manufacturing,Coursera,2025-12-15,Completed
TRN002653,EMP001097,Project Management,Coursera,2021-11-07,Failed
TRN002654,EMP001097,Leadership Development,Deloitte,2023-08-25,Completed
TRN002655,EMP001097,Compliance Training,Deloitte,2024-11-07,Completed
TRN002656,EMP001098,Compliance Training,Microsoft,2025-07-24,Completed
TRN002657,EMP001098,Lean Manufacturing,Udemy,2019-02-12,Failed
TRN002658,EMP001098,Risk Management,Deloitte,2025-06-22,In Progress
TRN002659,EMP001100,Data Analytics,Udemy,2019-07-17,Completed
TRN002660,EMP001101,Health and Safety,Deloitte,2020-08-12,Failed
TRN002661,EMP001101,Cybersecurity Awareness,Microsoft,2019-11-03,Completed
TRN002662,EMP001101,LEAN manufacturing,Deloitte,2023-02-11,Completed
TRN002663,EMP001102,Project Management,Geoflex Academy,2022-05-14,In Progress
TRN002664,EMP001102,Leadership Development,Coursera,2025-09-22,Completed
TRN002665,EMP001103,Leadership Development,Deloitte,2019-01-28,Completed
TRN002666,EMP001103,Lean Manufacturing,Microsoft,2022-04-18,Failed
TRN002667,EMP001103,Project Management,Geoflex Academy,2020-07-02,Failed
TRN002668,EMP001104,Lean Manufacturing,Geoflex Academy,2019-08-07,Failed
TRN002669,EMP001104,Health and Safety,Udemy,2023-01-16,In Progress
TRN002670,EMP001104,Project Management,Udemy,2020-05-21,Completed
TRN002671,EMP001105,Lean Manufacturing,KPMG,2025-08-06,In Progress
TRN002672,EMP001105,Cybersecurity Awareness,Coursera,2024-02-24,Completed
TRN002673,EMP001105,Cybersecurity Awareness,KPMG,2023-10-09,Completed
TRN002674,EMP001106,Health and Safety,Deloitte,2019-02-09,In Progress
TRN002675,EMP001106,Cybersecurity Awareness,Coursera,2025-07-12,Completed
TRN002676,EMP001106,Customer Service,Deloitte,2024-05-04,Completed
TRN002677,EMP001106,Customer Service,KPMG,2023-09-25,Completed
TRN002678,EMP001107,Cybersecurity Awareness,Coursera,2021-02-13,Completed
TRN002679,EMP001107,Leadership Development,Microsoft,2020-08-12,Failed
TRN002680,EMP001107,Compliance Training,Deloitte,2020-07-23,Failed
TRN002681,EMP001107,Risk Management,Geoflex Academy,2020-04-08,Failed
TRN002682,EMP001107,Lean Manufacturing,Microsoft,2023-02-09,In Progress
TRN002683,EMP001108,Customer Service,KPMG,2020-06-21,Completed
TRN002684,EMP001108,Risk Management,Deloitte,2020-05-23,Failed
TRN002685,EMP001110,Cybersecurity Awareness,Geoflex Academy,2020-04-22,Completed
TRN002686,EMP001110,Customer Service,Udemy,2022-07-02,Completed
TRN002687,EMP001110,Cybersecurity Awareness,Geoflex Academy,2025-05-26,Completed
TRN002688,EMP001111,Customer Service,Microsoft,2025-08-19,Completed
TRN002689,EMP001112,Compliance Training,Udemy,2020-09-24,In Progress
TRN002690,EMP001113,Risk Management,Microsoft,2021-10-12,Completed
TRN002691,EMP001113,Health and Safety,Geoflex Academy,2022-07-03,Completed
TRN002692,EMP001113,Project Management,Udemy,2024-09-26,Completed
TRN002693,EMP001113,Quality Management,Microsoft,2023-02-22,Completed
TRN002694,EMP001113,Risk Management,Microsoft,2025-08-12,Completed
TRN002695,EMP001114,Customer Service,Udemy,2019-09-21,Failed
TRN002696,EMP001114,Compliance Training,Deloitte,2025-11-02,Completed
TRN002697,EMP001114,Quality Management,Microsoft,2019-06-09,Completed
TRN002698,EMP001114,Data Analytics,Geoflex Academy,2022-04-18,Completed
TRN002699,EMP001115,Quality Management,Microsoft,2019-11-12,Completed
TRN002700,EMP001115,Risk Management,Deloitte,2024-12-28,Completed
TRN002701,EMP001115,Lean Manufacturing,Coursera,2020-01-03,In Progress
TRN002702,EMP001115,Data Analytics,KPMG,2023-08-11,In Progress
TRN002703,EMP001116,Customer Service,Geoflex Academy,2024-05-13,Failed
TRN002704,EMP001116,Cybersecurity Awareness,Coursera,2020-11-11,In Progress
TRN002705,EMP001116,Project Management,Udemy,2025-01-20,Failed
TRN002706,EMP001116,Leadership Development,Deloitte,2020-12-12,Failed
TRN002707,EMP001117,Project Management,KPMG,2025-08-06,Completed
TRN002708,EMP001117,Compliance Training,Microsoft,2023-11-05,Completed
TRN002709,EMP001118,Customer Service,Udemy,2022-04-25,Completed
TRN002710,EMP001118,Data Analytics,KPMG,2022-11-02,In Progress
TRN002711,EMP001119,Lean Manufacturing,KPMG,2019-10-21,Completed
TRN002712,EMP001119,Risk Management,Deloitte,2021-04-19,Completed
TRN002713,EMP001119,Health and Safety,Geoflex Academy,2020-10-25,Completed
TRN002714,EMP001119,Quality Management,Microsoft,2022-02-26,Completed
TRN002715,EMP001120,Quality Management,Microsoft,2021-06-01,Completed
TRN002716,EMP001122,Compliance Training,Udemy,2022-04-20,Completed
TRN002717,EMP001122,Lean Manufacturing,Microsoft,2019-11-01,Completed
TRN002718,EMP001123,Customer Service,Microsoft,2025-09-14,Completed
TRN002719,EMP001123,Health and Safety,Deloitte,2022-09-23,Completed
TRN002720,EMP001123,Project Management,Microsoft,2020-04-26,Failed
TRN002721,EMP001123,Cybersecurity Awareness,Deloitte,2019-09-14,Completed
TRN002722,EMP001123,Risk Management,Deloitte,2024-10-23,In Progress
TRN002723,EMP001125,Risk Management,Udemy,2019-08-07,Completed
TRN002724,EMP001125,Cyber Security,KPMG,2024-10-04,Failed
TRN002725,EMP001126,Cybersecurity Awareness,Deloitte,2023-05-11,Completed
TRN002726,EMP001126,Data Analytics,Udemy,2021-03-19,Failed
TRN002727,EMP001126,Risk Management,Deloitte,2022-09-17,Failed
TRN002728,EMP001126,Project Management,Deloitte,2019-09-09,Completed
TRN002729,EMP001126,Data Analytics,Coursera,2023-11-18,Completed
TRN002730,EMP001127,Cybersecurity Awareness,Deloitte,2024-06-03,Completed
TRN002731,EMP001127,Risk Management,KPMG,2024-02-19,Failed
TRN002732,EMP001127,Data Analytics,KPMG,2024-07-07,Completed
TRN002733,EMP001128,Risk Management,KPMG,2023-03-14,Completed
TRN002734,EMP001128,Lean Manufacturing,Coursera,2023-06-14,Completed
TRN002735,EMP001128,Compliance Training,Udemy,2022-06-14,Failed
TRN002736,EMP001129,Project Management,Microsoft,2022-09-11,Completed
TRN002737,EMP001131,Leadership Development,Coursera,2023-02-04,Completed
TRN002738,EMP001131,Project Management,Deloitte,2021-10-22,Failed
TRN002739,EMP001131,Risk Management,Coursera,2021-04-27,Failed
TRN002740,EMP001131,Lean Manufacturing,Coursera,2024-05-21,In Progress
TRN002741,EMP001132,Health and Safety,Geoflex Academy,2024-07-17,Completed
TRN002742,EMP001132,Lean Manufacturing,Deloitte,2022-05-13,Failed
TRN002743,EMP001134,Customer Service,Coursera,2023-10-25,Completed
TRN002744,EMP001134,Project Management,Microsoft,2023-05-05,Completed
TRN002745,EMP001134,Health and Safety,Coursera,2023-10-17,Completed
TRN002746,EMP001134,Risk Management,Coursera,2023-04-21,Completed
TRN002747,EMP001134,Lean Manufacturing,Coursera,2023-11-05,Completed
TRN002748,EMP001135,Data Analytics,Deloitte,2024-09-18,Completed
TRN002749,EMP001136,Customer Service,Coursera,2025-07-18,Completed
TRN002750,EMP001136,Risk Management,KPMG,2024-02-06,Completed
TRN002751,EMP001137,Project Management,Deloitte,2020-02-24,Failed
TRN002752,EMP001137,Lean Manufacturing,Microsoft,2024-09-09,Completed
TRN002753,EMP001138,Customer Service,Geoflex Academy,2025-09-02,In Progress
TRN002754,EMP001138,Customer care,KPMG,2021-04-17,Completed
TRN002755,EMP001138,Leadership Development,KPMG,2021-01-14,In Progress
TRN002756,EMP001139,Data Analytics,Geoflex Academy,2019-11-13,Failed
TRN002757,EMP001139,Quality Management,KPMG,2023-07-19,Completed
TRN002758,EMP001140,Leadership Development,Udemy,2024-06-19,In Progress
TRN002759,EMP001140,Data Analytics,KPMG,2023-09-18,Completed
TRN002760,EMP001140,Project Management,Deloitte,2020-07-13,Completed
TRN002761,EMP001140,Customer Service,Udemy,2020-11-22,In Progress
TRN002762,EMP001141,Project Management,Udemy,2022-12-13,Completed
TRN002763,EMP001141,Health and Safety,Coursera,2024-04-26,Completed
TRN002764,EMP001141,Data Analytics,Deloitte,2020-07-02,Failed
TRN002765,EMP001141,Customer Service,KPMG,2024-05-12,Completed
TRN002766,EMP001142,Customer Service,KPMG,2019-05-22,Completed
TRN002767,EMP001142,Cybersecurity Awareness,KPMG,2023-07-03,Completed
TRN002768,EMP001142,Quality Management,Geoflex Academy,2025-11-03,Completed
TRN002769,EMP001143,Lean Manufacturing,Udemy,2022-05-02,Completed
TRN002770,EMP001143,Cybersecurity Awareness,Coursera,2025-09-28,In Progress
TRN002771,EMP001143,Lean Manufacturing,Geoflex Academy,2022-02-22,Completed
TRN002772,EMP001143,Health and Safety,Microsoft,2025-03-24,In Progress
TRN002773,EMP001144,Risk Management,Microsoft,2024-12-23,In Progress
TRN002774,EMP001144,Data Analytics,Deloitte,2021-07-20,In Progress
TRN002775,EMP001144,Lean Manufacturing,Microsoft,2019-03-18,Completed
TRN002776,EMP001144,Compliance Training,Deloitte,2023-06-23,Completed
TRN002777,EMP001144,Health and Safety,,2023-09-07,Completed
TRN002778,EMP001146,Cybersecurity Awareness,Geoflex Academy,2024-07-15,Completed
TRN002779,EMP001146,Customer Service,KPMG,2023-01-04,Failed
TRN002780,EMP001146,Customer Service,KPMG,2024-01-01,Failed
TRN002781,EMP001146,Quality Management,Geoflex Academy,2025-01-04,Completed
TRN002782,EMP001146,Cybersecurity Awareness,Coursera,2024-04-17,In Progress
TRN002783,EMP001148,Risk Management,KPMG,2024-09-23,Completed
TRN002784,EMP001148,Customer Service,Deloitte,2025-06-07,Completed
TRN002785,EMP001150,Lean Manufacturing,KPMG,2022-04-13,In Progress
TRN002786,EMP001152,Customer Service,KPMG,2020-02-12,Completed
TRN002787,EMP001153,Risk Management,Microsoft,2022-01-10,Completed
TRN002788,EMP001153,Cybersecurity Awareness,Udemy,2020-04-15,Failed
TRN002789,EMP001153,Customer care,Deloitte,2020-01-14,Completed
TRN002790,EMP001153,Cybersecurity Awareness,Microsoft,2022-03-10,Completed
TRN002791,EMP001154,Project Management,Coursera,2021-12-17,Completed
TRN002792,EMP001154,Health and Safety,Geoflex Academy,2023-01-20,Completed
TRN002793,EMP001155,Project Management,Coursera,2019-11-04,Completed
TRN002794,EMP001155,Leadership Development,Geoflex Academy,2025-11-18,Failed
TRN002795,EMP001156,Cybersecurity Awareness,KPMG,2024-05-22,Completed
TRN002796,EMP001156,Project Management,Udemy,2020-02-28,Completed
TRN002797,EMP001157,Data Analytics,Microsoft,2022-12-05,In Progress
TRN002798,EMP001160,Health and Safety,Udemy,2025-06-02,Completed
TRN002799,EMP001160,Risk Management,Geoflex Academy,2020-03-11,Completed
TRN002800,EMP001160,Health and Safety,Microsoft,2019-08-22,Completed
TRN002801,EMP001160,Health and Safety,Coursera,2025-10-08,Completed
TRN002802,EMP001162,Health and Safety,Udemy,2020-01-15,Completed
TRN002803,EMP001162,Health and Safety,Udemy,2024-03-05,Completed
TRN002804,EMP001162,Cybersecurity Awareness,Microsoft,2021-06-06,Completed
TRN002805,EMP001162,Leadership Development,Udemy,2024-05-22,Completed
TRN002806,EMP001163,Data Analytics,Microsoft,2020-10-02,Completed
TRN002807,EMP001163,Lean Manufacturing,Coursera,2023-01-24,Completed
TRN002808,EMP001163,Data Analytics,Deloitte,2019-09-19,In Progress
TRN002809,EMP001163,Cybersecurity Awareness,Geoflex Academy,2024-09-16,Completed
TRN002810,EMP001165,Risk Management,Deloitte,2019-05-20,Completed
TRN002811,EMP001168,Compliance Training,Geoflex Academy,2020-04-23,Completed
TRN002812,EMP001168,Quality Management,Geoflex Academy,2024-11-08,Completed
TRN002813,EMP001169,Leadership Development,Microsoft,2023-04-21,In Progress
TRN002814,EMP001170,Customer Service,Geoflex Academy,2022-12-17,In Progress
TRN002815,EMP001170,Health and Safety,Geoflex Academy,2021-10-04,In Progress
TRN002816,EMP001170,Leadership Development,Udemy,2023-01-27,Completed
TRN002817,EMP001170,Health and Safety,Geoflex Academy,2024-05-21,In Progress
TRN002818,EMP001170,Lean Manufacturing,KPMG,2023-12-17,Completed
TRN002819,EMP001171,Lean Manufacturing,Geoflex Academy,2022-06-09,Completed
TRN002820,EMP001171,Lean Manufacturing,Geoflex Academy,2022-10-09,Completed
TRN002821,EMP001171,Cybersecurity Awareness,Microsoft,2022-12-25,Failed
TRN002822,EMP001171,Lean Manufacturing,Udemy,2019-12-01,Failed
TRN002823,EMP001172,Data Analytics,KPMG,2025-02-13,Completed
TRN002824,EMP001172,Health and Safety,KPMG,2025-03-14,Completed
TRN002825,EMP001172,Project Management,Geoflex Academy,2020-06-02,Completed
TRN002826,EMP001172,Project Management,Udemy,2021-05-07,Completed
TRN002827,EMP001172,Cybersecurity Awareness,Udemy,2020-12-28,Completed
TRN002828,EMP001173,Leadership Development,Coursera,2021-10-04,Completed
TRN002829,EMP001173,Risk Management,Deloitte,2020-11-25,Completed
TRN002830,EMP001173,Project Management,Deloitte,2021-03-13,Completed
TRN002831,EMP001173,Risk Management,Microsoft,2024-09-06,Completed
TRN002832,EMP001173,Customer Service,KPMG,2023-02-27,Completed
TRN002833,EMP001174,Leadership Development,KPMG,2021-04-15,Completed
TRN002834,EMP001174,LEAN manufacturing,Microsoft,2021-10-18,Failed
TRN002835,EMP001174,Risk Management,Deloitte,2019-08-19,Completed
TRN002836,EMP001174,Cybersecurity Awareness,Coursera,2021-01-09,In Progress
TRN002837,EMP001174,Quality Management,Coursera,2024-01-17,Completed
TRN002838,EMP001175,Leadership Development,Coursera,2025-03-25,Completed
TRN002839,EMP001175,Project Management,Geoflex Academy,2025-11-05,Completed
TRN002840,EMP001175,Data Analytics,Microsoft,2022-01-19,Completed
TRN002841,EMP001175,Customer Service,Microsoft,2023-07-01,Completed
TRN002842,EMP001175,Project Management,Udemy,2023-06-08,Completed
TRN002843,EMP001176,Quality Management,Udemy,2022-03-11,Completed
TRN002844,EMP001176,Customer Service,Coursera,2025-01-11,Failed
TRN002845,EMP001177,Lean Manufacturing,Deloitte,2023-05-24,In Progress
TRN002846,EMP001177,Risk Management,Deloitte,2022-10-08,Completed
TRN002847,EMP001177,Risk Management,Udemy,2019-01-06,Failed
TRN002848,EMP001177,Data Analytics,Deloitte,2021-09-14,Completed
TRN002849,EMP001178,Health and Safety,Deloitte,2025-10-23,Failed
TRN002850,EMP001178,Cybersecurity Awareness,Geoflex Academy,2019-04-01,In Progress
TRN002851,EMP001178,Risk Management,Geoflex Academy,2024-04-19,In Progress
TRN002852,EMP001178,Customer Service,Udemy,2025-04-08,Completed
TRN002853,EMP001178,Leadership Development,Coursera,2019-10-18,Completed
TRN002854,EMP001179,Quality Management,Geoflex Academy,2025-08-23,Completed
TRN002855,EMP001179,Data Analytics,Geoflex Academy,2024-05-10,Failed
TRN002856,EMP001180,Compliance Training,Geoflex Academy,2021-05-06,In Progress
TRN002857,EMP001180,Data Analytics,Udemy,2021-10-06,Failed
TRN002858,EMP001180,Lean Manufacturing,KPMG,2019-10-15,Completed
TRN002859,EMP001182,Project Management,Coursera,2022-10-25,Completed
TRN002860,EMP001182,Cybersecurity Awareness,Geoflex Academy,2020-01-06,Completed
TRN002861,EMP001182,Health and Safety,Microsoft,2020-05-27,In Progress
TRN002862,EMP001182,Data Analytics,KPMG,2019-02-24,Completed
TRN002863,EMP001183,Customer Service,Microsoft,2022-09-15,Completed
TRN002864,EMP001183,Data Analytics,Coursera,2020-05-12,Completed
TRN002865,EMP001183,Customer Service,KPMG,2021-10-23,Completed
TRN002866,EMP001183,Risk Management,Geoflex Academy,2021-01-21,Completed
TRN002867,EMP001184,Customer Service,KPMG,2019-08-01,Completed
TRN002868,EMP001184,Lean Manufacturing,Udemy,2020-10-19,Completed
TRN002869,EMP001185,Customer Service,Coursera,2025-07-25,Completed
TRN002870,EMP001185,Compliance Training,Deloitte,2020-01-26,Completed
TRN002871,EMP001185,Risk Management,KPMG,2021-10-11,Completed
TRN002872,EMP001186,Project Management,Geoflex Academy,2019-08-16,Completed
TRN002873,EMP001186,Health and Safety,Deloitte,2021-12-06,Completed
TRN002874,EMP001186,Project Management,Udemy,2024-03-10,Completed
TRN002875,EMP001186,Compliance Training,Coursera,2025-05-28,Failed
TRN002876,EMP001187,Leadership Development,Geoflex Academy,2022-05-23,Failed
TRN002877,EMP001187,Cybersecurity Awareness,Coursera,2024-09-11,Completed
TRN002878,EMP001187,Project Management,Udemy,2019-06-23,In Progress
TRN002879,EMP001187,Cybersecurity Awareness,Coursera,2019-05-08,Failed
TRN002880,EMP001187,Compliance Training,Coursera,2023-10-09,In Progress
TRN002881,EMP001190,Project Management,Microsoft,2025-04-08,In Progress
TRN002882,EMP001190,Lean Manufacturing,Udemy,2022-05-19,In Progress
TRN002883,EMP001190,Leadership Development,Geoflex Academy,2019-11-23,Completed
TRN002884,EMP001191,Data Analytics,Deloitte,2023-04-14,Completed
TRN002885,EMP001191,Leadership Development,Deloitte,2024-07-07,In Progress
TRN002886,EMP001191,Health and Safety,KPMG,2022-03-09,Completed
TRN002887,EMP001191,Cybersecurity Awareness,Microsoft,2020-12-13,Completed
TRN002888,EMP001192,Risk Management,Deloitte,2020-04-14,Completed
TRN002889,EMP001192,Compliance Training,Microsoft,2019-11-01,Completed
TRN002890,EMP001192,Health and Safety,Deloitte,2021-03-21,Completed
TRN002891,EMP001192,Quality Management,Geoflex Academy,2025-07-06,Completed
TRN002892,EMP001192,Risk Management,Coursera,2019-03-07,Completed
TRN002893,EMP001193,Data Analytics,Coursera,2023-10-01,Completed
TRN002894,EMP001193,Quality Management,Geoflex Academy,2024-07-08,Completed
TRN002895,EMP001193,Customer Service,,2022-02-14,In Progress
TRN002896,EMP001194,Lean Manufacturing,Udemy,2024-08-14,In Progress
TRN002897,EMP001195,Cybersecurity Awareness,Udemy,2021-02-16,Completed
TRN002898,EMP001195,Leadership Development,Coursera,2022-12-25,In Progress
TRN002899,EMP001195,Data Analytics,Geoflex Academy,2024-01-06,Completed
TRN002900,EMP001196,Health and Safety,Deloitte,2021-10-28,Completed
TRN002901,EMP001196,Lean Manufacturing,,2021-07-01,Completed
TRN002902,EMP001196,Health and Safety,Udemy,2022-04-02,Completed
TRN002903,EMP001196,Cybersecurity Awareness,Coursera,2023-09-15,Completed
TRN002904,EMP001196,Quality Management,Geoflex Academy,2020-01-09,In Progress
TRN002905,EMP001197,Lean Manufacturing,KPMG,2025-12-26,In Progress
TRN002906,EMP001197,Cybersecurity Awareness,KPMG,2022-11-23,Completed
TRN002907,EMP001197,Lean Manufacturing,Coursera,2019-05-14,Failed
TRN002908,EMP001198,Leadership Development,Udemy,2022-03-11,Completed
TRN002909,EMP001199,Project Management,KPMG,2025-02-16,In Progress
TRN002910,EMP001199,Cybersecurity Awareness,Microsoft,2023-04-26,In Progress
TRN002911,EMP001199,Lean Manufacturing,Geoflex Academy,2020-07-05,In Progress
TRN002912,EMP001200,Customer Service,Deloitte,2024-02-26,Completed
TRN002913,EMP001203,Quality Management,Geoflex Academy,2024-03-04,Completed
TRN002914,EMP001203,Health and Safety,Microsoft,2023-11-17,In Progress
TRN002915,EMP001203,Data Analytics,Microsoft,2025-02-24,Completed
TRN002916,EMP001204,Project Management,Udemy,2025-03-19,Completed
TRN002917,EMP001204,Compliance Training,Microsoft,2025-12-18,Failed
TRN002918,EMP001204,Health and Safety,Deloitte,2023-11-24,Completed
TRN002919,EMP001205,Risk Management,Microsoft,2021-04-09,Failed
TRN002920,EMP001205,Compliance Training,Geoflex Academy,2021-10-16,In Progress
TRN002921,EMP001206,Project Management,Geoflex Academy,2023-02-22,Completed
TRN002922,EMP001207,Cybersecurity Awareness,KPMG,2025-11-08,Completed
TRN002923,EMP001207,Lean Manufacturing,Deloitte,2025-03-07,In Progress
TRN002924,EMP001207,Health and Safety,KPMG,2019-08-26,Failed
TRN002925,EMP001209,PM,Deloitte,2025-02-13,Completed
TRN002926,EMP001209,Leadership Development,KPMG,2019-11-08,Completed
TRN002927,EMP001209,Lean Manufacturing,Udemy,2024-02-07,Completed
TRN002928,EMP001210,Customer Service,Microsoft,2025-06-16,Completed
TRN002929,EMP001210,Customer Service,KPMG,2025-04-06,Completed
TRN002930,EMP001210,Compliance Training,KPMG,2022-12-07,Completed
TRN002931,EMP001210,Project Management,Deloitte,2024-07-21,Completed
TRN002932,EMP001211,Health and Safety,Udemy,2020-07-03,Failed
TRN002933,EMP001211,Cybersecurity Awareness,KPMG,2025-11-14,In Progress
TRN002934,EMP001212,Customer care,KPMG,2022-07-02,Failed
TRN002935,EMP001212,Leadership Development,Udemy,2023-03-22,Completed
TRN002936,EMP001212,Leadership Development,Deloitte,2022-04-24,Completed
TRN002937,EMP001212,Data Analytics,Udemy,2019-05-22,Failed
TRN002938,EMP001212,Compliance Training,Geoflex Academy,2020-03-11,In Progress
TRN002939,EMP001213,Lean Manufacturing,Deloitte,2024-12-21,Failed
TRN002940,EMP001213,Cybersecurity Awareness,Udemy,2019-04-06,Failed
TRN002941,EMP001213,Customer Service,Coursera,2022-11-16,Completed
TRN002942,EMP001213,Cybersecurity Awareness,Microsoft,2024-12-25,Completed
TRN002943,EMP001214,Compliance Training,Udemy,2019-02-02,Completed
TRN002944,EMP001214,Lean Manufacturing,KPMG,2024-03-01,In Progress
TRN002945,EMP001214,Leadership Development,Coursera,2025-10-23,Completed
TRN002946,EMP001215,Health and Safety,Udemy,2021-08-04,Failed
TRN002947,EMP001215,Risk Management,KPMG,2022-07-28,In Progress
TRN002948,EMP001216,Lean Manufacturing,Coursera,2024-01-20,Completed
TRN002949,EMP001216,Health and Safety,Deloitte,2019-12-15,In Progress
TRN002950,EMP001217,Customer Service,Deloitte,2024-10-15,Failed
TRN002951,EMP001218,Risk Management,KPMG,2020-02-14,Completed
TRN002952,EMP001218,Lean Manufacturing,Coursera,2023-09-28,Completed
TRN002953,EMP001218,Lean Manufacturing,Udemy,2024-11-09,Completed
TRN002954,EMP001219,Customer Service,Coursera,2020-10-05,Completed
TRN002955,EMP001219,Cybersecurity Awareness,Coursera,2024-08-03,In Progress
TRN002956,EMP001219,Cybersecurity Awareness,KPMG,2024-01-28,Completed
TRN002957,EMP001219,Leadership Development,KPMG,2024-10-03,Failed
TRN002958,EMP001220,Data Analytics,Geoflex Academy,2019-11-05,Failed
TRN002959,EMP001220,Cybersecurity Awareness,Deloitte,2024-12-26,Completed
TRN002960,EMP001220,Data Analytics,KPMG,2021-04-02,Failed
TRN002961,EMP001221,Customer Service,KPMG,2025-09-07,Completed
TRN002962,EMP001221,Lean Manufacturing,Coursera,2023-10-27,Completed
TRN002963,EMP001221,Customer Service,Microsoft,2021-05-02,Completed
TRN002964,EMP001221,Leadership Development,Udemy,2019-11-13,Completed
TRN002965,EMP001222,Lean Manufacturing,Coursera,2024-11-09,Completed
TRN002966,EMP001222,Project Management,Coursera,2022-08-09,Completed
TRN002967,EMP001222,Compliance Training,Microsoft,2020-05-20,Failed
TRN002968,EMP001222,Compliance Training,Coursera,2024-03-01,Completed
TRN002969,EMP001222,Cybersecurity Awareness,Geoflex Academy,2019-05-06,Failed
TRN002970,EMP001223,Quality Management,KPMG,2025-06-01,Completed
TRN002971,EMP001223,Leadership Development,Coursera,2025-10-19,Completed
TRN002972,EMP001223,Risk Management,Deloitte,2025-02-28,Completed
TRN002973,EMP001223,Risk Management,,2022-10-01,Completed
TRN002974,EMP001223,Quality Management,Deloitte,2021-12-10,Completed
TRN002975,EMP001224,Health and Safety,Coursera,2024-05-26,Completed
TRN002976,EMP001224,Risk Management,Coursera,2023-03-26,Completed
TRN002977,EMP001224,Data Analytics,KPMG,2023-08-01,Completed
TRN002978,EMP001225,Data Analytics,Microsoft,2019-06-02,In Progress
TRN002979,EMP001225,Compliance Training,Coursera,2022-12-05,Failed
TRN002980,EMP001226,Risk Management,Geoflex Academy,2022-01-17,Completed
TRN002981,EMP001226,Compliance Training,Geoflex Academy,2024-12-17,Completed
TRN002982,EMP001227,Customer Service,Udemy,2020-06-07,Completed
TRN002983,EMP001227,Project Management,Deloitte,2021-02-22,Completed
TRN002984,EMP001228,Leadership Development,Geoflex Academy,2024-07-17,In Progress
TRN002985,EMP001228,Health and Safety,Udemy,2023-06-21,Completed
TRN002986,EMP001229,Data Analytics,Coursera,2023-11-02,Completed
TRN002987,EMP001229,Leadership Development,KPMG,2023-02-06,In Progress
TRN002988,EMP001229,Compliance Training,Udemy,2022-01-17,In Progress
TRN002989,EMP001229,LEAN manufacturing,KPMG,2022-02-15,Completed
TRN002990,EMP001229,Customer Service,Microsoft,2023-08-15,Completed
TRN002991,EMP001231,Project Management,Coursera,2019-11-17,Completed
TRN002992,EMP001231,Risk Management,Microsoft,2024-08-12,In Progress
TRN002993,EMP001231,Lean Manufacturing,Coursera,2020-11-24,Completed
TRN002994,EMP001232,Customer Service,Microsoft,2025-08-21,Completed
TRN002995,EMP001232,Compliance Training,Deloitte,2024-05-09,Completed
TRN002996,EMP001232,Lean Manufacturing,Coursera,2024-05-22,Completed
TRN002997,EMP001233,Customer Service,KPMG,2025-12-20,Completed
TRN002998,EMP001233,Health and Safety,Geoflex Academy,2024-02-27,Completed
TRN002999,EMP001235,Quality Management,Coursera,2025-03-14,Completed
TRN003000,EMP001235,Leadership Development,Udemy,2021-08-13,Completed
TRN003001,EMP001236,Compliance Training,Deloitte,2023-08-20,Completed
TRN003002,EMP001236,Project Management,Udemy,2020-03-25,Completed
TRN003003,EMP001236,Risk Management,Coursera,2022-09-22,In Progress
TRN003004,EMP001236,Quality Management,Udemy,2025-03-14,Failed
TRN003005,EMP001236,Risk Management,Deloitte,2021-07-02,Completed
TRN003006,EMP001238,Compliance Training,KPMG,2020-07-17,Failed
TRN003007,EMP001239,Health and Safety,Udemy,2023-01-08,In Progress
TRN003008,EMP001239,Health and Safety,KPMG,2019-02-27,Completed
TRN003009,EMP001239,Quality Management,Microsoft,2025-01-15,Completed
TRN003010,EMP001240,Cybersecurity Awareness,KPMG,2021-02-26,In Progress
TRN003011,EMP001240,Customer Service,Udemy,2021-06-23,Completed
TRN003012,EMP001240,Customer Service,Coursera,2019-02-23,Failed
TRN003013,EMP001240,Customer Service,KPMG,2022-09-22,Completed
TRN003014,EMP001240,Risk Management,Udemy,2021-05-12,Completed
TRN003015,EMP001241,Data Analytics,Udemy,2019-09-20,Completed
TRN003016,EMP001241,Lean Manufacturing,Udemy,2022-04-02,Failed
TRN003017,EMP001241,Customer Service,Deloitte,2022-02-23,Completed
TRN003018,EMP001241,Cybersecurity Awareness,KPMG,2021-03-19,In Progress
TRN003019,EMP001241,Leadership Development,Udemy,2024-01-01,Completed
TRN003020,EMP001242,Data Analytics,Microsoft,2022-05-12,Completed
TRN003021,EMP001242,Risk Management,Deloitte,2021-07-21,In Progress
TRN003022,EMP001242,Quality Management,Geoflex Academy,2025-11-03,Completed
TRN003023,EMP001242,Cybersecurity Awareness,Geoflex Academy,2025-03-02,Failed
TRN003024,EMP001242,Risk Management,Deloitte,2023-01-16,Completed
TRN003025,EMP001243,Leadership Development,Geoflex Academy,2024-12-26,Completed
TRN003026,EMP001244,Project Management,Microsoft,2022-12-24,Completed
TRN003027,EMP001244,Cybersecurity Awareness,Microsoft,2020-07-22,Completed
TRN003028,EMP001245,Lean Manufacturing,Geoflex Academy,2022-03-08,Failed
TRN003029,EMP001245,Lean Manufacturing,Coursera,2020-05-17,Completed
TRN003030,EMP001245,Cybersecurity Awareness,Geoflex Academy,2019-11-13,In Progress
TRN003031,EMP001245,Customer Service,KPMG,2019-04-16,In Progress
TRN003032,EMP001246,Risk Management,Coursera,2020-11-05,Completed
TRN003033,EMP001246,Leadership Development,Microsoft,2021-06-20,Failed
TRN003034,EMP001247,Quality Management,Geoflex Academy,2024-10-08,Completed
TRN003035,EMP001247,Lean Manufacturing,Deloitte,2025-07-16,Completed
TRN003036,EMP001248,Project Management,Coursera,2019-01-28,Completed
TRN003037,EMP001248,Quality Management,Microsoft,2024-09-22,Completed
TRN003038,EMP001248,Customer Service,Deloitte,2020-05-22,Completed
TRN003039,EMP001248,Risk Management,Deloitte,2019-12-12,Completed
TRN003040,EMP001248,Compliance Training,Udemy,2019-07-18,In Progress
TRN003041,EMP001249,Health and Safety,KPMG,2021-02-07,In Progress
TRN003042,EMP001249,Lean Manufacturing,Geoflex Academy,2021-03-06,Failed
TRN003043,EMP001249,Risk Management,KPMG,2020-07-26,Completed
TRN003044,EMP001249,Health and Safety,KPMG,2023-05-02,Completed
TRN003045,EMP001249,Health and Safety,Geoflex Academy,2022-08-12,Completed
TRN003046,EMP001250,Compliance Training,Geoflex Academy,2023-01-04,In Progress
TRN003047,EMP001250,Cybersecurity Awareness,KPMG,2024-09-15,In Progress
TRN003048,EMP001250,Quality Management,KPMG,2024-05-20,Failed
TRN003049,EMP001250,Customer Service,Deloitte,2022-06-24,Failed
TRN003050,EMP001250,Lean Manufacturing,KPMG,2023-01-05,Completed
TRN003051,EMP001251,Compliance Training,KPMG,2023-03-15,Failed
TRN003052,EMP001251,Leadership Development,Udemy,2025-11-25,Completed
TRN003053,EMP001254,Quality Management,,2022-07-27,Completed
TRN003054,EMP001254,Quality Management,Microsoft,2025-06-13,Completed
TRN003055,EMP001256,Quality Management,Coursera,2023-03-19,Failed
TRN003056,EMP001256,Risk Management,KPMG,2020-10-15,In Progress
TRN003057,EMP001256,Risk Management,Microsoft,2021-07-19,Completed
TRN003058,EMP001256,Data Analytics,Udemy,2019-02-19,In Progress
TRN003059,EMP001256,Data Analytics,Geoflex Academy,2023-10-16,Completed
TRN003060,EMP001257,Leadership Development,Geoflex Academy,2025-11-19,Completed
TRN003061,EMP001258,Leadership Development,KPMG,2019-08-18,Completed
TRN003062,EMP001259,Quality Management,Geoflex Academy,2024-08-04,Completed
TRN003063,EMP001259,Risk Management,Coursera,2020-05-04,Completed
TRN003064,EMP001259,Risk Management,KPMG,2022-03-04,In Progress
TRN003065,EMP001259,Leadership Development,Coursera,2025-11-17,Completed
TRN003066,EMP001260,Risk Management,Deloitte,2020-10-26,Failed
TRN003067,EMP001260,Project Management,Geoflex Academy,2023-06-13,Completed
TRN003068,EMP001261,Customer Service,Microsoft,2019-04-06,Completed
TRN003069,EMP001261,Health and Safety,Udemy,2022-10-13,Completed
TRN003070,EMP001261,Project Management,Microsoft,2020-09-12,Completed
TRN003071,EMP001261,Lean Manufacturing,Coursera,2024-12-19,Failed
TRN003072,EMP001261,Health and Safety,KPMG,2021-12-16,Completed
TRN003073,EMP001262,Quality Management,KPMG,2021-08-01,Completed
TRN003074,EMP001262,Quality Management,Deloitte,2021-11-05,Completed
TRN003075,EMP001262,Data Analytics,Geoflex Academy,2020-07-05,Completed
TRN003076,EMP001263,Customer Service,Coursera,2021-05-28,Completed
TRN003077,EMP001263,Data Analytics,KPMG,2019-11-07,Failed
TRN003078,EMP001263,Health and Safety,KPMG,2020-03-08,Completed
TRN003079,EMP001263,Health and Safety,Deloitte,2025-03-18,Completed
TRN003080,EMP001264,Lean Manufacturing,Microsoft,2021-11-14,Failed
TRN003081,EMP001264,Health and Safety,Udemy,2021-06-09,Completed
TRN003082,EMP001264,Project Management,Deloitte,2021-06-26,Completed
TRN003083,EMP001265,Risk Management,Deloitte,2020-08-27,Completed
TRN003084,EMP001265,Customer Service,Coursera,2020-07-16,Completed
TRN003085,EMP001265,Lean Manufacturing,Geoflex Academy,2025-09-18,Completed
TRN003086,EMP001265,Leadership Development,Coursera,2019-02-18,Completed
TRN003087,EMP001265,Risk Management,Geoflex Academy,2025-05-11,In Progress
TRN003088,EMP001267,Lean Manufacturing,Coursera,2020-11-02,Failed
TRN003089,EMP001267,Compliance Training,KPMG,2020-12-02,Failed
TRN003090,EMP001267,Quality Management,Microsoft,2022-05-12,Completed
TRN003091,EMP001267,Lean Manufacturing,Deloitte,2019-02-27,Completed
TRN003092,EMP001267,Data Analytics,Deloitte,2020-07-22,Completed
TRN003093,EMP001268,Risk Management,Geoflex Academy,2020-11-12,In Progress
TRN003094,EMP001268,Health and Safety,Deloitte,2020-03-27,Completed
TRN003095,EMP001268,Customer Service,Microsoft,2021-12-17,Completed
TRN003096,EMP001268,Risk Management,Microsoft,2024-04-15,Completed
TRN003097,EMP001269,Risk Management,Udemy,2021-02-23,Failed
TRN003098,EMP001269,Quality Management,Udemy,2021-02-21,Failed
TRN003099,EMP001269,Lean Manufacturing,KPMG,2025-08-19,Failed
TRN003100,EMP001270,Data Analytics,Microsoft,2025-06-09,Completed
TRN003101,EMP001270,Health and Safety,Deloitte,2020-05-21,Completed
TRN003102,EMP001271,Health and Safety,Deloitte,2019-07-15,Completed
TRN003103,EMP001271,Cybersecurity Awareness,Deloitte,2023-05-24,Completed
TRN003104,EMP001272,Cybersecurity Awareness,Microsoft,2019-03-09,Completed
TRN003105,EMP001272,Health and Safety,Microsoft,2022-04-09,Completed
TRN003106,EMP001272,Health and Safety,Microsoft,2020-04-24,Completed
TRN003107,EMP001272,Lean Manufacturing,Coursera,2024-05-21,Completed
TRN003108,EMP001273,Health and Safety,KPMG,2024-07-21,Completed
TRN003109,EMP001273,Customer Service,Udemy,2020-11-22,Completed
TRN003110,EMP001274,Cybersecurity Awareness,Udemy,2024-10-14,Completed
TRN003111,EMP001275,Data Analytics,Deloitte,2024-12-11,Completed
TRN003112,EMP001275,Cybersecurity Awareness,KPMG,2025-01-15,Completed
TRN003113,EMP001275,Risk Management,Deloitte,2022-07-18,Failed
TRN003114,EMP001276,Lean Manufacturing,Coursera,2023-01-15,Completed
TRN003115,EMP001276,Cybersecurity Awareness,Udemy,2019-02-26,Completed
TRN003116,EMP001276,Quality Management,Geoflex Academy,2023-02-04,In Progress
TRN003117,EMP001277,Cybersecurity Awareness,Deloitte,2019-04-03,Completed
TRN003118,EMP001278,Customer Service,Deloitte,2020-09-20,In Progress
TRN003119,EMP001280,Data Analytics,Geoflex Academy,2022-06-26,Completed
TRN003120,EMP001281,Quality Management,Coursera,2019-04-11,Completed
TRN003121,EMP001281,Data Analytics,Udemy,2023-05-06,In Progress
TRN003122,EMP001281,Customer Service,KPMG,2023-05-28,Completed
TRN003123,EMP001281,Data Analytics,KPMG,2024-12-10,Completed
TRN003124,EMP001282,Cybersecurity Awareness,Coursera,2020-06-10,Failed
TRN003125,EMP001283,Data Analytics,KPMG,2021-06-07,Completed
TRN003126,EMP001283,Risk Management,Geoflex Academy,2024-01-06,Failed
TRN003127,EMP001283,Risk Management,Udemy,2021-06-19,Failed
TRN003128,EMP001283,Cybersecurity Awareness,Udemy,2020-07-19,Completed
TRN003129,EMP001284,Risk Management,KPMG,2024-05-14,In Progress
TRN003130,EMP001284,Quality Management,Udemy,2022-03-25,In Progress
TRN003131,EMP001284,Compliance Training,Deloitte,2025-02-10,Completed
TRN003132,EMP001284,Data Analytics,Geoflex Academy,2019-09-20,In Progress
TRN003133,EMP001285,Health and Safety,Deloitte,2023-11-06,In Progress
TRN003134,EMP001285,Quality Management,Udemy,2023-05-08,Completed
TRN003135,EMP001285,Data Analytics,Udemy,2022-11-10,Completed
TRN003136,EMP001286,Customer Service,Deloitte,2023-04-17,Failed
TRN003137,EMP001286,Quality Management,KPMG,2021-07-03,Failed
TRN003138,EMP001287,Leadership Development,Deloitte,2020-05-07,Completed
TRN003139,EMP001287,Health and Safety,Geoflex Academy,2025-06-24,In Progress
TRN003140,EMP001287,Quality Management,Geoflex Academy,2019-03-13,Completed
TRN003141,EMP001287,Cybersecurity Awareness,Geoflex Academy,2023-03-21,Completed
TRN003142,EMP001288,Quality Management,Geoflex Academy,2020-06-17,In Progress
TRN003143,EMP001289,Project Management,Microsoft,2025-07-04,Completed
TRN003144,EMP001289,Project Management,Coursera,2024-04-23,Failed
TRN003145,EMP001289,Lean Manufacturing,Microsoft,2024-04-26,Failed
TRN003146,EMP001289,Risk Management,Deloitte,2020-07-13,Completed
TRN003147,EMP001290,Data Analytics,Geoflex Academy,2022-07-11,Completed
TRN003148,EMP001290,Quality Management,Microsoft,2020-08-01,In Progress
TRN003149,EMP001291,Data Analytics,KPMG,2021-09-25,Completed
TRN003150,EMP001291,Health and Safety,Deloitte,2023-09-07,Completed
TRN003151,EMP001291,Project Management,KPMG,2019-02-23,Failed
TRN003152,EMP001292,Leadership Development,KPMG,2022-06-13,Completed
TRN003153,EMP001292,Leadership Development,Coursera,2023-08-27,Completed
TRN003154,EMP001292,Data Analytics,Udemy,2025-08-24,Completed
TRN003155,EMP001293,Customer Service,Coursera,2025-09-03,Completed
TRN003156,EMP001293,Project Management,Coursera,2025-02-13,Completed
TRN003157,EMP001293,Risk Management,KPMG,2020-08-14,Completed
TRN003158,EMP001293,Compliance Training,Geoflex Academy,2021-11-20,In Progress
TRN003159,EMP001293,Data Analytics,Coursera,2021-12-17,Completed
TRN003160,EMP001295,Project Management,Microsoft,2022-02-22,Completed
TRN003161,EMP001295,Compliance Training,Geoflex Academy,2022-02-21,Completed
TRN003162,EMP001295,Data Analytics,KPMG,2025-07-27,Completed
TRN003163,EMP001295,Risk Management,Geoflex Academy,2019-07-05,Failed
TRN003164,EMP001295,Compliance Training,Microsoft,2023-09-01,Completed
TRN003165,EMP001296,Cybersecurity Awareness,Coursera,2023-02-26,Completed
TRN003166,EMP001296,Lean Manufacturing,KPMG,2024-01-20,Failed
TRN003167,EMP001296,Health and Safety,Coursera,2025-01-21,Completed
TRN003168,EMP001296,Health and Safety,Microsoft,2022-10-01,Failed
TRN003169,EMP001296,Project Management,Coursera,2024-10-09,In Progress
TRN003170,EMP001297,Quality Management,Coursera,2023-11-22,Failed
TRN003171,EMP001297,Customer Service,Coursera,2022-08-07,In Progress
TRN003172,EMP001297,Health and Safety,Udemy,2025-10-02,Completed
TRN003173,EMP001297,Customer Service,Deloitte,2022-06-07,Completed
TRN003174,EMP001298,Risk Management,KPMG,2023-02-16,Completed
TRN003175,EMP001298,Leadership Development,Deloitte,2019-11-18,Failed
TRN003176,EMP001298,Quality Management,Microsoft,2024-01-15,Completed
TRN003177,EMP001298,Health and Safety,Geoflex Academy,2024-03-01,Completed
TRN003178,EMP001299,Customer Service,Deloitte,2019-06-11,Completed
TRN003179,EMP001300,Project Management,Deloitte,2025-08-16,Completed
TRN003180,EMP001300,Quality Management,KPMG,2020-08-24,Completed
TRN003181,EMP001300,Quality Management,Geoflex Academy,2022-01-10,Completed
TRN003182,EMP001300,Quality Management,,2022-07-20,Completed
TRN003183,EMP001302,Health and Safety,Geoflex Academy,2022-07-21,Completed
TRN003184,EMP001302,Project Management,Geoflex Academy,2021-10-05,Completed
TRN003185,EMP001302,Health and Safety,Coursera,2020-06-07,In Progress
TRN003186,EMP001302,Cybersecurity Awareness,Geoflex Academy,2023-03-07,In Progress
TRN003187,EMP001303,Compliance Training,Microsoft,2025-05-27,Completed
TRN003188,EMP001303,Risk Management,Geoflex Academy,2024-12-08,In Progress
TRN003189,EMP001303,Compliance Training,Microsoft,2019-11-24,Completed
TRN003190,EMP001303,Project Management,KPMG,2019-08-03,Completed
TRN003191,EMP001304,Risk Management,Microsoft,2024-11-07,Failed
TRN003192,EMP001304,Risk Management,Udemy,2019-12-01,Completed
TRN003193,EMP001305,Quality Management,Coursera,2021-04-22,Completed
TRN003194,EMP001306,Project Management,Udemy,2025-01-13,Completed
TRN003195,EMP001306,Lean Manufacturing,Deloitte,2019-10-28,Completed
TRN003196,EMP001306,Data Analytics,Udemy,2020-09-13,In Progress
TRN003197,EMP001306,Cybersecurity Awareness,KPMG,2021-10-14,Completed
TRN003198,EMP001307,Quality Management,Coursera,2023-05-01,Failed
TRN003199,EMP001307,Data Analytics,Geoflex Academy,2020-10-15,Completed
TRN003200,EMP001309,Data Analytics,Microsoft,2025-04-28,Failed
TRN003201,EMP001309,Risk Management,Udemy,2025-03-07,Completed
TRN003202,EMP001309,Cybersecurity Awareness,Coursera,2025-08-22,In Progress
TRN003203,EMP001309,Data Analytics,Deloitte,2024-11-09,Completed
TRN003204,EMP001310,Risk Management,KPMG,2020-08-13,Completed
TRN003205,EMP001310,Cybersecurity Awareness,KPMG,2023-02-14,Failed
TRN003206,EMP001310,Leadership Development,Udemy,2019-04-08,Failed
TRN003207,EMP001310,Compliance Training,Udemy,2023-04-04,Failed
TRN003208,EMP001310,Risk Management,Udemy,2021-11-28,Failed
TRN003209,EMP001311,Health and Safety,Coursera,2022-06-23,In Progress
TRN003210,EMP001312,Data Analytics,Deloitte,2025-08-01,Completed
TRN003211,EMP001312,Cybersecurity Awareness,Microsoft,2020-08-21,Completed
TRN003212,EMP001313,Health and Safety,Geoflex Academy,2023-04-17,Completed
TRN003213,EMP001313,Project Management,Coursera,2024-01-12,Completed
TRN003214,EMP001313,Risk Management,KPMG,2024-02-06,In Progress
TRN003215,EMP001314,Customer Service,KPMG,2019-01-08,Completed
TRN003216,EMP001315,Health and Safety,Geoflex Academy,2023-01-04,In Progress
TRN003217,EMP001315,Compliance Training,Coursera,2025-03-15,Completed
TRN003218,EMP001315,Compliance Training,Coursera,2019-06-01,Completed
TRN003219,EMP001315,Leadership Development,Deloitte,2025-11-03,Completed
TRN003220,EMP001316,Customer Service,Udemy,2021-09-17,Failed
TRN003221,EMP001316,Data Analytics,Geoflex Academy,2020-12-17,Completed
TRN003222,EMP001316,Cybersecurity Awareness,Microsoft,2023-12-04,Failed
TRN003223,EMP001317,Risk Management,Microsoft,2024-03-02,Completed
TRN003224,EMP001317,Quality Management,Deloitte,2021-11-22,In Progress
TRN003225,EMP001318,Compliance Training,Coursera,2025-07-04,Completed
TRN003226,EMP001318,Cybersecurity Awareness,Udemy,2024-10-27,Completed
TRN003227,EMP001319,Quality Management,KPMG,2019-02-19,Completed
TRN003228,EMP001319,Quality Management,KPMG,2021-05-02,Completed
TRN003229,EMP001319,Health and Safety,Geoflex Academy,2023-12-12,Completed
TRN003230,EMP001319,Leadership Development,Geoflex Academy,2021-05-24,In Progress
TRN003231,EMP001320,Health and Safety,Geoflex Academy,2020-09-17,Completed
TRN003232,EMP001320,Lean Manufacturing,Deloitte,2020-08-11,Completed
TRN003233,EMP001320,Project Management,Coursera,2021-10-09,Failed
TRN003234,EMP001320,Customer Service,Deloitte,2021-12-27,Completed
TRN003235,EMP001320,Health and Safety,Deloitte,2023-05-14,Completed
TRN003236,EMP001321,Quality Management,Udemy,2019-12-04,Completed
TRN003237,EMP001321,Customer Service,Deloitte,2021-08-07,In Progress
TRN003238,EMP001322,Lean Manufacturing,Geoflex Academy,2022-02-26,Completed
TRN003239,EMP001322,Customer Service,Geoflex Academy,2022-11-05,Failed
TRN003240,EMP001322,Health and Safety,Udemy,2021-09-26,Failed
TRN003241,EMP001322,Risk Management,KPMG,2019-08-09,Completed
TRN003242,EMP001323,Quality Management,Microsoft,2019-10-21,In Progress
TRN003243,EMP001323,Risk Management,Microsoft,2022-05-25,Completed
TRN003244,EMP001323,Compliance Training,KPMG,2025-07-24,Failed
TRN003245,EMP001323,Project Management,Deloitte,2019-01-05,Failed
TRN003246,EMP001324,Customer Service,Geoflex Academy,2025-06-10,In Progress
TRN003247,EMP001324,Compliance Training,Coursera,2020-08-18,In Progress
TRN003248,EMP001324,Quality Management,Geoflex Academy,2024-01-25,Completed
TRN003249,EMP001324,Risk Management,Coursera,2021-10-02,Completed
TRN003250,EMP001324,Leadership Development,Microsoft,2023-11-27,Completed
TRN003251,EMP001325,Health and Safety,Deloitte,2023-01-10,In Progress
TRN003252,EMP001325,Leadership Development,Microsoft,2020-05-14,Completed
TRN003253,EMP001325,Data Analytics,Coursera,2019-12-02,Failed
TRN003254,EMP001326,Leadership Development,Coursera,2025-04-09,Completed
TRN003255,EMP001326,Project Management,Microsoft,2022-12-04,Completed
TRN003256,EMP001326,Quality Management,Udemy,2022-11-14,In Progress
TRN003257,EMP001326,Project Management,KPMG,2022-12-13,Failed
TRN003258,EMP001327,Customer Service,KPMG,2022-10-15,Completed
TRN003259,EMP001328,Quality Management,KPMG,2020-09-13,Completed
TRN003260,EMP001328,Compliance Training,Udemy,2019-06-08,Completed
TRN003261,EMP001330,Compliance Training,Deloitte,2022-11-10,In Progress
TRN003262,EMP001330,Risk Management,Deloitte,2020-01-17,In Progress
TRN003263,EMP001330,Compliance Training,Coursera,2021-12-14,Completed
TRN003264,EMP001331,Project Management,KPMG,2024-02-08,Completed
TRN003265,EMP001331,Lean Manufacturing,Microsoft,2024-02-20,Completed
TRN003266,EMP001332,Data Analytics,Geoflex Academy,2019-10-05,Completed
TRN003267,EMP001332,Quality Management,Deloitte,2024-02-05,Completed
TRN003268,EMP001332,Risk Management,KPMG,2023-05-20,Completed
TRN003269,EMP001333,Leadership Development,Coursera,2019-07-01,Failed
TRN003270,EMP001334,Cybersecurity Awareness,Geoflex Academy,2020-11-02,In Progress
TRN003271,EMP001334,Health and Safety,Geoflex Academy,2023-07-26,Completed
TRN003272,EMP001334,Customer Service,Deloitte,2023-04-24,Completed
TRN003273,EMP001334,Customer Service,Microsoft,2019-10-04,Completed
TRN003274,EMP001336,Risk Management,KPMG,2019-01-11,Completed
TRN003275,EMP001336,Data Analytics,Coursera,2023-10-20,Completed
TRN003276,EMP001336,Cybersecurity Awareness,Deloitte,2020-09-26,Completed
TRN003277,EMP001336,Compliance Training,KPMG,2020-01-06,Completed
TRN003278,EMP001336,Risk Management,Deloitte,2019-05-18,In Progress
TRN003279,EMP001338,Cybersecurity Awareness,Microsoft,2025-08-26,Failed
TRN003280,EMP001338,Project Management,Deloitte,2023-05-07,Completed
TRN003281,EMP001338,Cybersecurity Awareness,Coursera,2023-01-18,Completed
TRN003282,EMP001338,Project Management,Coursera,2023-02-08,Completed
TRN003283,EMP001339,Cybersecurity Awareness,KPMG,2021-02-02,Completed
TRN003284,EMP001342,Risk Management,Geoflex Academy,2021-12-02,In Progress
TRN003285,EMP001342,Compliance Training,Geoflex Academy,2023-01-20,Completed
TRN003286,EMP001343,Project Management,Geoflex Academy,2023-01-02,Completed
TRN003287,EMP001343,Customer Service,Microsoft,2023-09-08,In Progress
TRN003288,EMP001343,Compliance Training,Microsoft,2023-08-23,In Progress
TRN003289,EMP001343,Lean Manufacturing,Deloitte,2023-11-26,Completed
TRN003290,EMP001343,Quality Management,KPMG,2024-02-15,Completed
TRN003291,EMP001344,Data Analytics,Udemy,2022-08-09,Completed
TRN003292,EMP001346,Customer Service,Udemy,2025-08-12,Completed
TRN003293,EMP001347,Cybersecurity Awareness,Udemy,2019-02-06,Failed
TRN003294,EMP001347,Cybersecurity Awareness,Geoflex Academy,2025-11-11,Completed
TRN003295,EMP001347,Quality Management,Coursera,2023-09-01,In Progress
TRN003296,EMP001347,Health and Safety,Udemy,2020-01-24,Completed
TRN003297,EMP001348,Quality Management,Geoflex Academy,2023-04-06,Completed
TRN003298,EMP001348,Quality Management,Microsoft,2019-06-16,In Progress
TRN003299,EMP001348,Data Analytics,Microsoft,2022-03-10,Completed
TRN003300,EMP001349,Customer Service,KPMG,2021-10-19,Completed
TRN003301,EMP001349,Compliance Training,Microsoft,2024-12-03,Completed
TRN003302,EMP001349,Lean Manufacturing,Geoflex Academy,2022-06-16,Completed
TRN003303,EMP001351,Data Analytics,KPMG,2019-07-27,Failed
TRN003304,EMP001351,Quality Management,Deloitte,2025-07-13,Failed
TRN003305,EMP001351,Leadership Development,Geoflex Academy,2023-04-02,Completed
TRN003306,EMP001351,Compliance Training,Geoflex Academy,2021-06-24,Failed
TRN003307,EMP001353,Project Management,Coursera,2024-11-08,In Progress
TRN003308,EMP001353,Project Management,Coursera,2023-12-11,Failed
TRN003309,EMP001353,Compliance Training,Coursera,2025-12-17,In Progress
TRN003310,EMP001353,Data Analytics,Geoflex Academy,2022-02-14,Completed
TRN003311,EMP001356,Data Analytics,Udemy,2022-11-14,Failed
TRN003312,EMP001356,Customer Service,Udemy,2019-08-08,Completed
TRN003313,EMP001357,Data Analytics,Deloitte,2019-09-09,In Progress
TRN003314,EMP001357,Health and Safety,Microsoft,2023-10-08,Failed
TRN003315,EMP001357,Compliance Training,Geoflex Academy,2025-09-21,In Progress
TRN003316,EMP001358,Project Management,Coursera,2019-01-11,Completed
TRN003317,EMP001358,Health and Safety,KPMG,2025-04-20,Completed
TRN003318,EMP001358,Risk Management,,2019-04-25,In Progress
TRN003319,EMP001358,Health and Safety,Geoflex Academy,2025-06-27,Failed
TRN003320,EMP001359,Leadership Development,KPMG,2025-05-17,Failed
TRN003321,EMP001359,Project Management,Deloitte,2022-10-24,Failed
TRN003322,EMP001359,Customer Service,Geoflex Academy,2020-04-02,Completed
TRN003323,EMP001360,Customer Service,Microsoft,2020-10-28,In Progress
TRN003324,EMP001360,Compliance Training,,2021-04-12,Failed
TRN003325,EMP001360,Project Management,Coursera,2022-05-11,Completed
TRN003326,EMP001361,Compliance Training,KPMG,2022-06-01,Failed
TRN003327,EMP001361,Data Analytics,Geoflex Academy,2020-05-07,In Progress
TRN003328,EMP001361,Cybersecurity Awareness,Geoflex Academy,2023-07-14,Completed
TRN003329,EMP001361,Risk Management,Udemy,2025-07-20,Completed
TRN003330,EMP001362,Data Analytics,Coursera,2021-04-08,In Progress
TRN003331,EMP001362,Cybersecurity Awareness,Microsoft,2022-05-22,In Progress
TRN003332,EMP001362,Leadership Development,Microsoft,2022-06-06,Completed
TRN003333,EMP001362,Leadership Development,Deloitte,2020-12-25,Completed
TRN003334,EMP001364,Risk Management,Coursera,2022-11-06,In Progress
TRN003335,EMP001364,Cybersecurity Awareness,Udemy,2023-06-03,In Progress
TRN003336,EMP001364,Leadership Development,Coursera,2023-11-25,Completed
TRN003337,EMP001365,Lean Manufacturing,Coursera,2022-04-01,In Progress
TRN003338,EMP001365,Cybersecurity Awareness,Geoflex Academy,2020-11-16,Completed
TRN003339,EMP001365,Leadership Development,Deloitte,2020-11-17,In Progress
TRN003340,EMP001365,Risk Management,KPMG,2025-06-17,Failed
TRN003341,EMP001366,Risk Management,Microsoft,2021-05-18,Completed
TRN003342,EMP001366,Compliance Training,Geoflex Academy,2022-06-24,Failed
TRN003343,EMP001367,Project Management,Deloitte,2019-07-02,Completed
TRN003344,EMP001367,Quality Management,KPMG,2022-12-10,Failed
TRN003345,EMP001368,Compliance Training,Geoflex Academy,2020-03-10,In Progress
TRN003346,EMP001368,Health and Safety,Coursera,2023-12-16,Completed
TRN003347,EMP001368,Project Management,Coursera,2024-06-22,Completed
TRN003348,EMP001368,Compliance Training,,2022-11-28,Completed
TRN003349,EMP001368,Quality Management,Udemy,2024-11-15,Failed
TRN003350,EMP001369,Risk Management,Microsoft,2022-02-04,Completed
TRN003351,EMP001369,Project Management,Microsoft,2024-03-23,Completed
TRN003352,EMP001370,Health and Safety,KPMG,2021-05-27,Failed
TRN003353,EMP001370,Cybersecurity Awareness,Udemy,2024-03-14,In Progress
TRN003354,EMP001370,Compliance Training,Geoflex Academy,2023-12-06,In Progress
TRN003355,EMP001371,Risk Management,Deloitte,2020-09-21,Completed
TRN003356,EMP001372,Compliance Training,Microsoft,2025-07-26,Completed
TRN003357,EMP001374,Cybersecurity Awareness,Geoflex Academy,2024-11-25,Completed
TRN003358,EMP001374,Risk Management,Deloitte,2025-02-23,Completed
TRN003359,EMP001374,Cybersecurity Awareness,KPMG,2020-10-21,Completed
TRN003360,EMP001374,Project Management,Geoflex Academy,2023-08-20,In Progress
TRN003361,EMP001374,Lean Manufacturing,Deloitte,2019-05-12,Completed
TRN003362,EMP001375,Data Analytics,Udemy,2023-02-14,In Progress
TRN003363,EMP001375,Compliance Training,Microsoft,2019-01-03,Failed
TRN003364,EMP001375,Cybersecurity Awareness,Microsoft,2025-03-27,Completed
TRN003365,EMP001376,Lean Manufacturing,Geoflex Academy,2023-11-01,Completed
TRN003366,EMP001376,Risk Management,KPMG,2021-05-26,Completed
TRN003367,EMP001376,Quality Management,Microsoft,2024-05-02,Completed
TRN003368,EMP001376,Lean Manufacturing,Deloitte,2021-02-27,Completed
TRN003369,EMP001377,Lean Manufacturing,Coursera,2022-03-10,Completed
TRN003370,EMP001377,Health and Safety,Coursera,2025-04-13,Failed
TRN003371,EMP001377,Quality Management,KPMG,2019-08-09,Failed
TRN003372,EMP001377,Leadership Development,KPMG,2020-08-10,Completed
TRN003373,EMP001377,Compliance Training,KPMG,2019-11-06,Completed
TRN003374,EMP001379,Project Management,Microsoft,2023-12-06,Failed
TRN003375,EMP001379,Health and Safety,KPMG,2020-01-16,In Progress
TRN003376,EMP001379,Data Analytics,Microsoft,2022-03-26,In Progress
TRN003377,EMP001379,Cybersecurity Awareness,KPMG,2021-06-16,Completed
TRN003378,EMP001379,Cybersecurity Awareness,KPMG,2025-02-03,Completed
TRN003379,EMP001380,Project Management,Udemy,2023-05-16,Completed
TRN003380,EMP001380,Compliance Training,Udemy,2024-02-15,Failed
TRN003381,EMP001380,Quality Management,Microsoft,2023-03-12,Failed
TRN003382,EMP001380,Data Analytics,Deloitte,2022-06-27,Completed
TRN003383,EMP001380,Health and Safety,Microsoft,2020-03-25,Completed
TRN003384,EMP001381,Health and Safety,Deloitte,2020-09-11,Failed
TRN003385,EMP001381,Lean Manufacturing,Geoflex Academy,2019-10-06,In Progress
TRN003386,EMP001381,Cybersecurity Awareness,KPMG,2020-03-22,Completed
TRN003387,EMP001381,Lean Manufacturing,KPMG,2021-05-02,Completed
TRN003388,EMP001381,Project Management,Deloitte,2022-03-15,Completed
TRN003389,EMP001382,Quality Management,Udemy,2019-01-02,Completed
TRN003390,EMP001382,Data Analytics,Microsoft,2020-04-11,Completed
TRN003391,EMP001382,Cybersecurity Awareness,Udemy,2022-07-21,Completed
TRN003392,EMP001383,Customer Service,Geoflex Academy,2024-12-23,Completed
TRN003393,EMP001383,Data Analytics,Deloitte,2019-11-08,Completed
TRN003394,EMP001383,Customer Service,Udemy,2021-02-23,Completed
TRN003395,EMP001383,Quality Management,Udemy,2019-02-06,Failed
TRN003396,EMP001383,Data Analytics,Microsoft,2023-05-21,In Progress
TRN003397,EMP001384,Health and Safety,,2025-11-20,Completed
TRN003398,EMP001385,Quality Management,Geoflex Academy,2025-04-24,Completed
TRN003399,EMP001385,Compliance Training,Microsoft,2022-07-18,Failed
TRN003400,EMP001385,Quality Management,Microsoft,2024-05-13,In Progress
TRN003401,EMP001385,Leadership Development,KPMG,2019-04-24,In Progress
TRN003402,EMP001385,Risk Management,KPMG,2019-01-07,Completed
TRN003403,EMP001386,Data Analytics,Udemy,2020-10-20,Completed
TRN003404,EMP001386,Data Analytics,Microsoft,2022-01-18,In Progress
TRN003405,EMP001386,Quality Management,KPMG,2021-12-14,Completed
TRN003406,EMP001386,Compliance Training,Coursera,2021-07-21,Completed
TRN003407,EMP001387,Risk Management,Deloitte,2024-08-19,Completed
TRN003408,EMP001387,Health and Safety,Deloitte,2019-07-13,In Progress
TRN003409,EMP001387,Project Management,Udemy,2024-02-17,Completed
TRN003410,EMP001387,Leadership Development,Geoflex Academy,2019-11-07,Completed
TRN003411,EMP001388,Cybersecurity Awareness,Deloitte,2019-09-28,Completed
TRN003412,EMP001388,Cybersecurity Awareness,Microsoft,2025-12-11,Completed
TRN003413,EMP001388,Lean Manufacturing,KPMG,2019-03-09,Completed
TRN003414,EMP001388,Project Management,Udemy,2024-08-25,Completed
TRN003415,EMP001389,Lean Manufacturing,Microsoft,2023-07-19,In Progress
TRN003416,EMP001389,Health and Safety,Deloitte,2023-05-02,Completed
TRN003417,EMP001389,Cybersecurity Awareness,Coursera,2023-09-05,Completed
TRN003418,EMP001390,Leadership Development,Coursera,2020-10-17,Completed
TRN003419,EMP001390,Risk Management,Udemy,2021-11-24,In Progress
TRN003420,EMP001390,Data Analytics,Coursera,2024-09-18,Failed
TRN003421,EMP001390,Data Analytics,Deloitte,2020-08-28,Completed
TRN003422,EMP001391,Risk Management,Deloitte,2021-01-25,Completed
TRN003423,EMP001391,Cybersecurity Awareness,Microsoft,2019-04-10,In Progress
TRN003424,EMP001391,Lean Manufacturing,Geoflex Academy,2021-11-05,In Progress
TRN003425,EMP001391,Lean Manufacturing,Deloitte,2023-09-25,In Progress
TRN003426,EMP001391,Customer Service,Microsoft,2023-08-13,In Progress
TRN003427,EMP001392,Compliance Training,KPMG,2021-06-27,In Progress
TRN003428,EMP001392,Cyber Security,Coursera,2024-06-02,In Progress
TRN003429,EMP001392,Cybersecurity Awareness,Coursera,2019-01-11,Completed
TRN003430,EMP001393,Health and Safety,Microsoft,2025-08-23,Completed
TRN003431,EMP001393,Cybersecurity Awareness,Microsoft,2020-12-14,In Progress
TRN003432,EMP001394,Health and Safety,Microsoft,2022-11-13,Completed
TRN003433,EMP001394,Health and Safety,Microsoft,2023-01-01,Completed
TRN003434,EMP001394,Lean Manufacturing,Geoflex Academy,2019-08-08,Completed
TRN003435,EMP001394,Compliance Training,Coursera,2023-12-27,Failed
TRN003436,EMP001394,Risk Management,Deloitte,2022-11-11,In Progress
TRN003437,EMP001395,Lean Manufacturing,KPMG,2020-02-02,Completed
TRN003438,EMP001395,Cybersecurity Awareness,Deloitte,2023-02-19,In Progress
TRN003439,EMP001396,Project Management,Deloitte,2022-07-25,Completed
TRN003440,EMP001397,Quality Management,Coursera,2019-01-24,Failed
TRN003441,EMP001397,Leadership Development,Coursera,2022-01-03,In Progress
TRN003442,EMP001397,Health and Safety,Microsoft,2023-12-13,In Progress
TRN003443,EMP001400,Compliance Training,Udemy,2019-08-20,Completed
TRN003444,EMP001400,Quality Management,Udemy,2022-11-18,Completed
TRN003445,EMP001401,Data Analytics,Udemy,2023-10-14,Completed
TRN003446,EMP001401,Compliance Training,KPMG,2021-03-04,In Progress
TRN003447,EMP001402,Risk Management,Deloitte,2019-09-20,Completed
TRN003448,EMP001402,Data Analytics,Geoflex Academy,2021-10-02,Failed
TRN003449,EMP001402,Project Management,Deloitte,2025-10-25,Failed
TRN003450,EMP001402,Data Analytics,Microsoft,2020-10-23,Completed
TRN003451,EMP001403,Quality Management,KPMG,2023-10-15,Failed
TRN003452,EMP001403,Quality Management,Deloitte,2019-04-06,Completed
TRN003453,EMP001404,Leadership Development,KPMG,2019-10-22,Completed
TRN003454,EMP001404,Quality Management,Geoflex Academy,2019-07-20,Failed
TRN003455,EMP001404,Quality Management,Udemy,2025-12-08,Completed
TRN003456,EMP001404,Data Analytics,KPMG,2023-03-01,In Progress
TRN003457,EMP001406,Cybersecurity Awareness,Udemy,2025-11-22,Failed
TRN003458,EMP001406,Risk Management,Geoflex Academy,2019-09-16,Failed
TRN003459,EMP001406,Customer care,Coursera,2019-02-17,Completed
TRN003460,EMP001406,Health and Safety,Coursera,2021-09-15,Failed
TRN003461,EMP001406,Quality Management,KPMG,2019-04-03,In Progress
TRN003462,EMP001407,Compliance Training,Udemy,2022-12-06,Completed
TRN003463,EMP001407,Risk Management,KPMG,2022-11-15,Failed
TRN003464,EMP001408,Health and Safety,Geoflex Academy,2021-09-02,In Progress
TRN003465,EMP001408,Data Analytics,Deloitte,2024-02-05,Completed
TRN003466,EMP001408,Lean Manufacturing,Microsoft,2023-08-02,Completed
TRN003467,EMP001408,Project Management,Deloitte,2020-02-28,Failed
TRN003468,EMP001408,Project Management,Deloitte,2021-10-05,Completed
TRN003469,EMP001409,Cybersecurity Awareness,Microsoft,2021-11-28,Completed
TRN003470,EMP001409,Project Management,Udemy,2021-10-26,Completed
TRN003471,EMP001411,Lean Manufacturing,Geoflex Academy,2019-05-12,Completed
TRN003472,EMP001411,Health and Safety,KPMG,2020-10-18,Failed
TRN003473,EMP001411,Quality Management,KPMG,2019-07-05,Failed
TRN003474,EMP001413,Compliance Training,Geoflex Academy,2022-03-07,Completed
TRN003475,EMP001413,Lean Manufacturing,Udemy,2020-12-19,In Progress
TRN003476,EMP001414,Health and Safety,Deloitte,2020-11-27,Completed
TRN003477,EMP001414,Leadership Development,Deloitte,2022-02-17,In Progress
TRN003478,EMP001414,Cybersecurity Awareness,Coursera,2025-03-11,In Progress
TRN003479,EMP001414,Data Analytics,Udemy,2021-05-16,Completed
TRN003480,EMP001414,Lean Manufacturing,Microsoft,2021-02-03,Completed
TRN003481,EMP001415,Quality Management,Microsoft,2025-08-06,Failed
TRN003482,EMP001415,Lean Manufacturing,Geoflex Academy,2020-02-19,Completed
TRN003483,EMP001415,Health and Safety,Deloitte,2019-03-17,Completed
TRN003484,EMP001417,Cybersecurity Awareness,Coursera,2023-03-20,Completed
TRN003485,EMP001417,Compliance Training,Microsoft,2021-09-21,Completed
TRN003486,EMP001417,Quality Management,Geoflex Academy,2022-02-02,Completed
TRN003487,EMP001417,Cybersecurity Awareness,Deloitte,2023-06-26,Completed
TRN003488,EMP001418,Project Management,Microsoft,2022-09-23,Completed
TRN003489,EMP001418,Health and Safety,Geoflex Academy,2025-10-08,Completed
TRN003490,EMP001418,Project Management,Microsoft,2021-03-18,Completed
TRN003491,EMP001418,Cybersecurity Awareness,KPMG,2023-10-01,In Progress
TRN003492,EMP001418,Cybersecurity Awareness,Microsoft,2021-03-23,Completed
TRN003493,EMP001419,Compliance Training,Geoflex Academy,2023-03-08,Failed
TRN003494,EMP001420,Customer Service,Microsoft,2022-05-03,In Progress
TRN003495,EMP001420,Compliance Training,Microsoft,2021-12-16,Completed
TRN003496,EMP001421,Leadership Development,Deloitte,2025-01-09,Completed
TRN003497,EMP001421,Risk Management,,2023-11-08,Completed
TRN003498,EMP001422,Quality Management,Deloitte,2023-11-17,Completed
TRN003499,EMP001422,Project Management,Coursera,2021-08-27,Completed
TRN003500,EMP001422,Lean Manufacturing,KPMG,2022-09-12,In Progress
TRN003501,EMP001422,Leadership Development,Geoflex Academy,2020-02-08,Completed
TRN003502,EMP001422,Leadership Development,Geoflex Academy,2025-09-10,Failed
TRN003503,EMP001423,Project Management,KPMG,2022-04-26,Completed
TRN003504,EMP001423,Health and Safety,Deloitte,2019-12-24,Completed
TRN003505,EMP001423,Project Management,KPMG,2020-09-28,Completed
TRN003506,EMP001423,Compliance Training,KPMG,2023-08-05,In Progress
TRN003507,EMP001424,Quality Management,Coursera,2021-03-10,Failed
TRN003508,EMP001425,Project Management,Deloitte,2024-04-18,Failed
TRN003509,EMP001425,Lean Manufacturing,Deloitte,2019-01-12,Completed
TRN003510,EMP001425,Risk Management,KPMG,2020-05-28,Failed
TRN003511,EMP001425,Risk Management,Deloitte,2025-12-11,Failed
TRN003512,EMP001425,Customer Service,Microsoft,2020-09-11,Completed
TRN003513,EMP001426,Health and Safety,Geoflex Academy,2019-11-19,Completed
TRN003514,EMP001426,Quality Management,KPMG,2020-12-06,Completed
TRN003515,EMP001426,Risk Management,Geoflex Academy,2024-07-12,Completed
TRN003516,EMP001426,Project Management,KPMG,2019-05-23,Completed
TRN003517,EMP001428,Data Analytics,Geoflex Academy,2021-05-08,Completed
TRN003518,EMP001429,Leadership Development,Microsoft,2020-06-19,Failed
TRN003519,EMP001430,Project Management,Microsoft,2020-03-13,Completed
TRN003520,EMP001431,Customer Service,Deloitte,2021-12-15,In Progress
TRN003521,EMP001431,Customer Service,Coursera,2019-11-21,Completed
TRN003522,EMP001431,Quality Management,Coursera,2025-06-14,In Progress
TRN003523,EMP001432,Leadership Development,Coursera,2023-09-06,Completed
TRN003524,EMP001432,PM,Geoflex Academy,2023-12-23,Completed
TRN003525,EMP001433,Data Analytics,KPMG,2021-10-25,Completed
TRN003526,EMP001433,Cybersecurity Awareness,Udemy,2024-12-10,Completed
TRN003527,EMP001433,Cybersecurity Awareness,KPMG,2023-11-10,Completed
TRN003528,EMP001434,Project Management,KPMG,2024-07-09,Failed
TRN003529,EMP001434,Data Analytics,Coursera,2023-09-28,Completed
TRN003530,EMP001434,Quality Management,,2023-04-14,Failed
TRN003531,EMP001434,Health and Safety,Deloitte,2024-01-05,In Progress
TRN003532,EMP001434,PM,Deloitte,2021-08-18,Completed
TRN003533,EMP001435,Cybersecurity Awareness,Udemy,2025-06-05,Completed
TRN003534,EMP001435,Health and Safety,Geoflex Academy,2024-03-19,Completed
TRN003535,EMP001435,Data analytics,Geoflex Academy,2022-09-14,Completed
TRN003536,EMP001435,Quality Management,Deloitte,2021-02-05,Completed
TRN003537,EMP001436,Leadership Development,Microsoft,2020-05-07,Failed
TRN003538,EMP001436,Customer Service,Coursera,2024-03-10,Failed
TRN003539,EMP001436,Customer Service,Coursera,2024-01-08,Completed
TRN003540,EMP001436,Risk Management,Microsoft,2025-06-17,In Progress
TRN003541,EMP001437,Leadership Development,Deloitte,2025-03-26,In Progress
TRN003542,EMP001437,Leadership Development,Coursera,2022-07-18,Failed
TRN003543,EMP001437,Lean Manufacturing,KPMG,2020-03-06,Failed
TRN003544,EMP001438,Compliance Training,Udemy,2020-10-19,Completed
TRN003545,EMP001439,Health and Safety,KPMG,2022-12-16,Completed
TRN003546,EMP001439,Risk Management,Udemy,2022-07-25,Failed
TRN003547,EMP001440,Quality Management,Microsoft,2025-08-21,Completed
TRN003548,EMP001441,Lean Manufacturing,Microsoft,2022-09-05,In Progress
TRN003549,EMP001441,Health and Safety,Coursera,2024-05-07,In Progress
TRN003550,EMP001442,Project Management,KPMG,2022-08-24,Completed
TRN003551,EMP001442,Health and Safety,Deloitte,2021-01-04,Completed
TRN003552,EMP001442,Risk Management,KPMG,2019-11-14,Completed
TRN003553,EMP001443,Compliance Training,Geoflex Academy,2025-09-22,Completed
TRN003554,EMP001443,Lean Manufacturing,Microsoft,2023-04-07,Failed
TRN003555,EMP001443,Project Management,Coursera,2023-10-25,Completed
TRN003556,EMP001443,Health and Safety,KPMG,2021-07-24,Completed
TRN003557,EMP001443,Cybersecurity Awareness,KPMG,2023-02-10,Completed
TRN003558,EMP001447,Compliance Training,Udemy,2023-01-10,Failed
TRN003559,EMP001447,Customer Service,Coursera,2020-03-14,Failed
TRN003560,EMP001447,Cybersecurity Awareness,Deloitte,2025-02-03,Completed
TRN003561,EMP001448,Data Analytics,Udemy,2020-08-08,Failed
TRN003562,EMP001448,Project Management,KPMG,2024-02-01,Failed
TRN003563,EMP001449,Customer Service,Udemy,2024-06-05,Failed
TRN003564,EMP001449,Leadership Development,Geoflex Academy,2021-03-05,In Progress
TRN003565,EMP001449,Project Management,Microsoft,2020-02-25,Failed
TRN003566,EMP001449,Lean Manufacturing,Udemy,2019-03-16,Failed
TRN003567,EMP001449,Data Analytics,Udemy,2025-05-18,Completed
TRN003568,EMP001450,Compliance Training,Deloitte,2020-02-28,In Progress
TRN003569,EMP001451,Compliance Training,Coursera,2025-01-25,Completed
TRN003570,EMP001451,Project Management,Microsoft,2025-11-10,Completed
TRN003571,EMP001451,Lean Manufacturing,Coursera,2024-10-08,Failed
TRN003572,EMP001451,Customer Service,Microsoft,2021-09-25,Completed
TRN003573,EMP001451,Quality Management,Microsoft,2020-11-05,Completed
TRN003574,EMP001452,Risk Management,Geoflex Academy,2025-12-08,In Progress
TRN003575,EMP001453,Data Analytics,Deloitte,2019-10-22,In Progress
TRN003576,EMP001453,Cybersecurity Awareness,Deloitte,2021-03-28,Completed
TRN003577,EMP001453,Cybersecurity Awareness,Deloitte,2020-07-18,Completed
TRN003578,EMP001454,Lean Manufacturing,Geoflex Academy,2020-09-07,Completed
TRN003579,EMP001454,Data Analytics,Udemy,2022-09-06,Completed
TRN003580,EMP001455,Risk Management,Geoflex Academy,2024-03-23,Completed
TRN003581,EMP001455,Leadership Development,Deloitte,2025-09-08,Completed
TRN003582,EMP001455,Leadership Development,KPMG,2019-04-19,In Progress
TRN003583,EMP001455,Lean Manufacturing,Microsoft,2025-11-18,In Progress
TRN003584,EMP001455,Lean Manufacturing,KPMG,2024-04-06,Completed
TRN003585,EMP001457,Health and Safety,Microsoft,2019-04-08,Completed
TRN003586,EMP001457,Leadership Development,Coursera,2021-11-01,Completed
TRN003587,EMP001458,Cybersecurity Awareness,Udemy,2020-10-26,In Progress
TRN003588,EMP001458,Risk Management,Coursera,2020-08-26,Completed
TRN003589,EMP001459,Data Analytics,Deloitte,2023-12-21,Completed
TRN003590,EMP001459,Data Analytics,Udemy,2025-10-07,Failed
TRN003591,EMP001459,Risk Management,Deloitte,2021-05-23,In Progress
TRN003592,EMP001460,Leadership Development,Deloitte,2022-07-07,Failed
TRN003593,EMP001461,Project Management,Geoflex Academy,2023-02-28,Completed
TRN003594,EMP001463,Compliance Training,Udemy,2019-02-01,Completed
TRN003595,EMP001463,Project Management,Geoflex Academy,2024-06-06,Completed
TRN003596,EMP001463,Health and Safety,Geoflex Academy,2021-06-05,In Progress
TRN003597,EMP001463,Cybersecurity Awareness,KPMG,2019-10-07,Completed
TRN003598,EMP001463,Data Analytics,Udemy,2022-08-16,Completed
TRN003599,EMP001464,Customer Service,KPMG,2021-07-24,Failed
TRN003600,EMP001464,Compliance Training,Geoflex Academy,2024-02-01,Completed
TRN003601,EMP001464,Compliance Training,Deloitte,2021-07-03,Completed
TRN003602,EMP001465,Compliance Training,KPMG,2024-09-28,Completed
TRN003603,EMP001465,Cybersecurity Awareness,KPMG,2019-08-07,Completed
TRN003604,EMP001465,Risk Management,Udemy,2024-02-18,Completed
TRN003605,EMP001466,Risk Management,Microsoft,2019-06-05,Failed
TRN003606,EMP001469,Lean Manufacturing,Coursera,2023-08-27,Failed
TRN003607,EMP001469,Lean Manufacturing,Geoflex Academy,2021-11-14,Completed
TRN003608,EMP001469,Data Analytics,Udemy,2025-12-21,Completed
TRN003609,EMP001469,Leadership Development,Microsoft,2021-03-15,Completed
TRN003610,EMP001470,Risk Management,Microsoft,2021-10-17,Completed
TRN003611,EMP001470,Risk Management,Coursera,2022-09-28,Completed
TRN003612,EMP001470,Project Management,Deloitte,2020-10-21,Completed
TRN003613,EMP001470,Project Management,Coursera,2025-12-03,Failed
TRN003614,EMP001470,Lean Manufacturing,KPMG,2021-08-26,Failed
TRN003615,EMP001471,Compliance Training,Deloitte,2020-10-27,Completed
TRN003616,EMP001471,Customer Service,Deloitte,2022-03-03,Failed
TRN003617,EMP001471,Customer Service,Geoflex Academy,2023-07-09,Completed
TRN003618,EMP001472,Customer Service,Coursera,2021-08-10,Completed
TRN003619,EMP001472,Customer Service,Coursera,2020-11-19,Completed
TRN003620,EMP001472,Project Management,Coursera,2020-07-22,Completed
TRN003621,EMP001472,Data Analytics,Udemy,2024-11-21,Completed
TRN003622,EMP001472,Health and Safety,Udemy,2025-11-19,In Progress
TRN003623,EMP001473,Project Management,Udemy,2024-09-25,In Progress
TRN003624,EMP001474,Lean Manufacturing,KPMG,2023-01-06,Completed
TRN003625,EMP001474,Lean Manufacturing,Deloitte,2023-10-21,Completed
TRN003626,EMP001474,Data Analytics,KPMG,2023-08-16,Completed
TRN003627,EMP001474,Data Analytics,Deloitte,2024-02-28,Completed
TRN003628,EMP001474,Compliance Training,Geoflex Academy,2021-07-23,Failed
TRN003629,EMP001475,Cybersecurity Awareness,Deloitte,2024-08-12,Completed
TRN003630,EMP001475,Risk Management,KPMG,2024-11-11,In Progress
TRN003631,EMP001475,Customer Service,Geoflex Academy,2023-10-07,Completed
TRN003632,EMP001475,Risk Management,Microsoft,2019-06-18,In Progress
TRN003633,EMP001475,Leadership Development,Geoflex Academy,2021-03-21,In Progress
TRN003634,EMP001476,Risk Management,Microsoft,2025-01-09,Completed
TRN003635,EMP001476,Quality Management,Coursera,2021-12-21,Completed
TRN003636,EMP001476,Leadership Development,Deloitte,2023-04-17,Completed
TRN003637,EMP001476,Customer Service,KPMG,2021-03-26,Completed
TRN003638,EMP001477,Lean Manufacturing,KPMG,2019-02-20,Completed
TRN003639,EMP001477,Data Analytics,Udemy,2021-06-27,Failed
TRN003640,EMP001478,Cybersecurity Awareness,Geoflex Academy,2025-02-18,Completed
TRN003641,EMP001478,Lean Manufacturing,Udemy,2024-08-03,Completed
TRN003642,EMP001478,Customer Service,KPMG,2023-04-25,In Progress
TRN003643,EMP001478,Quality Management,KPMG,2019-06-12,Completed
TRN003644,EMP001478,Leadership Development,Geoflex Academy,2022-11-24,Completed
TRN003645,EMP001479,Compliance Training,Deloitte,2020-02-27,Failed
TRN003646,EMP001479,Customer Service,Deloitte,2022-11-22,Completed
TRN003647,EMP001479,Project Management,Deloitte,2019-09-01,Failed
TRN003648,EMP001479,Compliance Training,Deloitte,2024-11-18,Completed
TRN003649,EMP001480,Lean Manufacturing,KPMG,2022-09-11,Completed
TRN003650,EMP001480,Cybersecurity Awareness,Coursera,2023-05-02,In Progress
TRN003651,EMP001480,Leadership Development,Coursera,2022-08-25,Completed
TRN003652,EMP001481,Cybersecurity Awareness,Microsoft,2024-07-26,Completed
TRN003653,EMP001481,Project Management,Microsoft,2021-04-26,In Progress
TRN003654,EMP001481,Project Management,Geoflex Academy,2019-06-22,In Progress
TRN003655,EMP001482,Customer Service,Udemy,2023-05-05,Failed
TRN003656,EMP001482,Leadership Development,Deloitte,2024-12-23,Failed
TRN003657,EMP001482,Risk Management,Udemy,2024-11-19,Failed
TRN003658,EMP001483,Quality Management,Geoflex Academy,2023-02-10,Failed
TRN003659,EMP001483,Data Analytics,Udemy,2019-10-06,In Progress
TRN003660,EMP001483,Leadership Development,Udemy,2023-05-21,Completed
TRN003661,EMP001483,Leadership Development,Deloitte,2020-04-01,Completed
TRN003662,EMP001483,Lean Manufacturing,Deloitte,2019-05-10,Completed
TRN003663,EMP001484,Health and Safety,Udemy,2020-12-13,Completed
TRN003664,EMP001484,Compliance Training,Geoflex Academy,2024-10-18,Failed
TRN003665,EMP001484,Data Analytics,Microsoft,2021-05-10,In Progress
TRN003666,EMP001484,Health and Safety,Udemy,2022-08-03,Completed
TRN003667,EMP001485,Cybersecurity Awareness,Deloitte,2025-08-20,Completed
TRN003668,EMP001485,Lean Manufacturing,Coursera,2025-02-13,Completed
TRN003669,EMP001485,Quality Management,Microsoft,2024-05-15,Failed
TRN003670,EMP001486,Customer Service,KPMG,2022-06-14,In Progress
TRN003671,EMP001486,Project Management,Deloitte,2020-02-25,Completed
TRN003672,EMP001486,Data Analytics,Deloitte,2024-01-06,Completed
TRN003673,EMP001487,Quality Management,KPMG,2022-04-20,Completed
TRN003674,EMP001487,Leadership Development,Udemy,2019-03-14,Completed
TRN003675,EMP001487,Compliance Training,Udemy,2025-11-04,Completed
TRN003676,EMP001487,Lean Manufacturing,Udemy,2020-03-03,Completed
TRN003677,EMP001487,Customer Service,Udemy,2021-03-09,Completed
TRN003678,EMP001488,Quality Management,Deloitte,2024-01-04,In Progress
TRN003679,EMP001488,Compliance Training,Deloitte,2019-03-05,Completed
TRN003680,EMP001488,Health and Safety,Geoflex Academy,2021-01-25,Completed
TRN003681,EMP001488,Data Analytics,Microsoft,2021-01-19,In Progress
TRN003682,EMP001488,Risk Management,Microsoft,2022-09-14,Failed
TRN003683,EMP001489,Customer Service,Coursera,2021-09-21,Completed
TRN003684,EMP001489,Compliance Training,Geoflex Academy,2024-12-03,Completed
TRN003685,EMP001491,Compliance Training,Udemy,2024-07-27,Failed
TRN003686,EMP001492,Cybersecurity Awareness,Udemy,2021-10-18,Completed
TRN003687,EMP001492,Leadership Development,Microsoft,2022-01-27,Completed
TRN003688,EMP001494,Data Analytics,KPMG,2021-07-22,In Progress
TRN003689,EMP001495,Lean Manufacturing,Coursera,2023-03-07,Completed
TRN003690,EMP001495,Risk Management,Coursera,2021-10-17,Completed
TRN003691,EMP001495,Leadership Development,KPMG,2022-04-17,Completed
TRN003692,EMP001495,Lean Manufacturing,Geoflex Academy,2024-01-19,In Progress
TRN003693,EMP001495,Risk Management,Microsoft,2021-01-06,In Progress
TRN003694,EMP001496,Leadership Development,Coursera,2024-04-21,In Progress
TRN003695,EMP001496,Customer Service,KPMG,2024-07-07,Completed
TRN003696,EMP001496,Lean Manufacturing,Udemy,2021-02-01,Failed
TRN003697,EMP001497,Leadership Development,Udemy,2024-12-07,Failed
TRN003698,EMP001497,Risk Management,KPMG,2021-05-23,Completed
TRN003699,EMP001497,Cybersecurity Awareness,Microsoft,2025-05-23,Completed
TRN003700,EMP001497,Compliance Training,Microsoft,2024-10-27,Completed
TRN003701,EMP001498,Customer Service,Geoflex Academy,2023-10-16,Completed
TRN003702,EMP001498,Lean Manufacturing,Microsoft,2019-07-04,Completed
TRN003703,EMP001498,Quality Management,Geoflex Academy,2023-01-12,Completed
TRN003704,EMP001500,Compliance Training,Geoflex Academy,2021-08-15,Failed
TRN003705,EMP001500,Customer Service,Coursera,2021-04-07,Completed
TRN003706,EMP001500,Lean Manufacturing,Microsoft,2019-01-25,Failed
TRN003707,EMP001503,Project Management,,2022-06-23,Completed
TRN003708,EMP001503,Quality Management,Deloitte,2023-01-24,Completed
TRN003709,EMP001503,Quality Management,Microsoft,2020-09-09,Completed
TRN003710,EMP001503,Customer Service,Coursera,2022-07-21,In Progress
TRN003711,EMP001503,Data Analytics,Deloitte,2023-02-22,Completed
TRN003712,EMP001504,Customer Service,KPMG,2021-08-16,Completed
TRN003713,EMP001504,Compliance Training,Udemy,2024-02-24,In Progress
TRN003714,EMP001504,Health and Safety,Geoflex Academy,2019-09-25,Completed
TRN003715,EMP001504,Cybersecurity Awareness,Deloitte,2023-05-23,In Progress
TRN003716,EMP001504,Data Analytics,Geoflex Academy,2024-02-27,Completed
TRN003717,EMP001509,Quality Management,Udemy,2023-01-10,Completed
TRN003718,EMP001509,Quality Management,KPMG,2025-05-12,Failed
TRN003719,EMP001509,Health and Safety,Geoflex Academy,2022-07-06,Completed
TRN003720,EMP001510,Project Management,Coursera,2019-05-10,Completed
TRN003721,EMP001510,Leadership Development,Deloitte,2021-12-14,Completed
TRN003722,EMP001511,Quality Management,Deloitte,2022-11-23,In Progress
TRN003723,EMP001511,Compliance Training,Microsoft,2023-11-25,Completed
TRN003724,EMP001511,Customer Service,Coursera,2024-02-08,Completed
TRN003725,EMP001511,Risk Management,Udemy,2025-09-23,Completed
TRN003726,EMP001512,Health and Safety,KPMG,2024-03-16,In Progress
TRN003727,EMP001512,Cybersecurity Awareness,Geoflex Academy,2024-11-22,Completed
TRN003728,EMP001513,Cybersecurity Awareness,KPMG,2021-10-04,Completed
TRN003729,EMP001513,Health and Safety,Microsoft,2023-05-21,Failed
TRN003730,EMP001513,Customer Service,Udemy,2019-05-11,Failed
TRN003731,EMP001513,Health and Safety,Microsoft,2025-09-12,In Progress
TRN003732,EMP001515,Data Analytics,Udemy,2021-11-03,Completed
TRN003733,EMP001515,Quality Management,Coursera,2023-08-12,Completed
TRN003734,EMP001515,Health and Safety,Udemy,2024-11-26,In Progress
TRN003735,EMP001515,Compliance Training,Microsoft,2023-09-16,Completed
TRN003736,EMP001516,Quality Management,Udemy,2025-07-06,Completed
TRN003737,EMP001516,Compliance Training,Deloitte,2020-10-20,Completed
TRN003738,EMP001517,Quality Management,Microsoft,2020-10-17,Completed
TRN003739,EMP001517,Quality Management,Deloitte,2020-08-15,In Progress
TRN003740,EMP001519,Quality Management,Udemy,2020-12-22,In Progress
TRN003741,EMP001519,Data Analytics,Coursera,2024-05-14,In Progress
TRN003742,EMP001520,Risk Management,Coursera,2020-11-02,In Progress
TRN003743,EMP001520,Data Analytics,Microsoft,2025-04-02,Failed
TRN003744,EMP001520,Quality Management,Coursera,2019-10-06,Failed
TRN003745,EMP001520,Customer Service,Geoflex Academy,2024-06-27,Completed
TRN003746,EMP001520,Quality Management,Geoflex Academy,2020-05-01,Completed
TRN003747,EMP001521,Health and Safety,Coursera,2024-09-02,In Progress
TRN003748,EMP001521,Lean Manufacturing,Coursera,2023-05-16,Completed
TRN003749,EMP001521,Data Analytics,Udemy,2019-10-05,Completed
TRN003750,EMP001524,Customer Service,KPMG,2025-05-20,In Progress
TRN003751,EMP001524,Compliance Training,Udemy,2022-01-17,Completed
TRN003752,EMP001524,Health and Safety,Geoflex Academy,2019-01-23,Completed
TRN003753,EMP001524,Risk Management,Geoflex Academy,2020-12-12,Completed
TRN003754,EMP001524,Health and Safety,Udemy,2023-02-04,Completed
TRN003755,EMP001525,Cybersecurity Awareness,Microsoft,2019-06-16,Completed
TRN003756,EMP001525,Leadership Development,Geoflex Academy,2025-09-05,Completed
TRN003757,EMP001525,Health and Safety,Deloitte,2022-01-10,Completed
TRN003758,EMP001525,Quality Management,Geoflex Academy,2020-03-01,Completed
TRN003759,EMP001527,Quality Management,Deloitte,2020-03-24,Completed
TRN003760,EMP001527,Leadership Development,,2023-10-22,Completed
TRN003761,EMP001527,Compliance Training,Geoflex Academy,2025-02-23,Completed
TRN003762,EMP001528,Project Management,Deloitte,2024-04-23,Completed
TRN003763,EMP001528,Lean Manufacturing,Deloitte,2021-07-12,Completed
TRN003764,EMP001528,Customer Service,Udemy,2021-06-27,In Progress
TRN003765,EMP001528,Compliance Training,KPMG,2019-08-05,In Progress
TRN003766,EMP001528,Risk Management,Microsoft,2024-03-11,Completed
TRN003767,EMP001530,Compliance Training,KPMG,2019-07-14,In Progress
TRN003768,EMP001531,Data Analytics,Geoflex Academy,2019-07-12,Completed
TRN003769,EMP001531,Project Management,Geoflex Academy,2024-10-02,In Progress
TRN003770,EMP001531,Risk Management,Microsoft,2021-05-06,Completed
TRN003771,EMP001531,Compliance Training,Coursera,2020-12-08,Completed
TRN003772,EMP001531,Compliance Training,KPMG,2021-03-16,Completed
TRN003773,EMP001532,Quality Management,Udemy,2021-04-25,Failed
TRN003774,EMP001532,Quality Management,Udemy,2020-03-05,Completed
TRN003775,EMP001532,Project Management,Udemy,2025-07-06,Completed
TRN003776,EMP001532,Compliance Training,Geoflex Academy,2022-03-03,Completed
TRN003777,EMP001533,Cybersecurity Awareness,Coursera,2022-07-08,Completed
TRN003778,EMP001534,Compliance Training,Coursera,2025-12-02,Completed
TRN003779,EMP001534,Customer Service,Udemy,2023-07-24,In Progress
TRN003780,EMP001535,Customer Service,Udemy,2020-03-27,Completed
TRN003781,EMP001535,Health and Safety,Deloitte,2023-04-14,Completed
TRN003782,EMP001536,Data Analytics,Deloitte,2025-08-20,Completed
TRN003783,EMP001536,Leadership Development,Geoflex Academy,2024-04-24,Completed
TRN003784,EMP001537,Risk Management,Udemy,2021-11-16,Completed
TRN003785,EMP001537,Leadership Development,Geoflex Academy,2020-03-18,In Progress
TRN003786,EMP001537,Lean Manufacturing,Coursera,2023-09-04,Completed
TRN003787,EMP001537,Quality Management,Geoflex Academy,2019-08-21,Failed
TRN003788,EMP001538,Leadership Development,Microsoft,2023-02-05,Completed
TRN003789,EMP001538,Leadership Development,Deloitte,2020-10-12,Failed
TRN003790,EMP001538,Customer Service,Geoflex Academy,2024-02-05,Completed
TRN003791,EMP001540,Data Analytics,Deloitte,2024-05-10,Completed
TRN003792,EMP001540,Project Management,Coursera,2025-07-23,In Progress
TRN003793,EMP001541,Cybersecurity Awareness,Coursera,2019-05-05,In Progress
TRN003794,EMP001541,Risk Management,Udemy,2019-05-11,Failed
TRN003795,EMP001542,Health and Safety,KPMG,2024-08-19,In Progress
TRN003796,EMP001542,Health and Safety,KPMG,2025-11-10,In Progress
TRN003797,EMP001542,Risk Management,KPMG,2024-04-04,In Progress
TRN003798,EMP001542,Customer Service,Udemy,2022-10-24,Completed
TRN003799,EMP001542,Project Management,Udemy,2025-01-02,Completed
TRN003800,EMP001543,Risk Management,Geoflex Academy,2020-12-24,Completed
TRN003801,EMP001547,Leadership Development,Geoflex Academy,2021-07-12,In Progress
TRN003802,EMP001547,Data analytics,Deloitte,2022-06-03,In Progress
TRN003803,EMP001547,Data Analytics,Udemy,2025-03-01,In Progress
TRN003804,EMP001547,Cyber Security,Deloitte,2024-12-20,Completed
TRN003805,EMP001548,Health and Safety,KPMG,2025-06-03,Completed
TRN003806,EMP001548,Quality Management,,2023-11-19,Completed
TRN003807,EMP001548,Leadership Development,KPMG,2022-08-04,Failed
TRN003808,EMP001548,Customer Service,Geoflex Academy,2019-01-27,Completed
TRN003809,EMP001549,Data Analytics,Deloitte,2024-04-19,Completed
TRN003810,EMP001549,Quality Management,Geoflex Academy,2020-08-08,Failed
TRN003811,EMP001549,Cybersecurity Awareness,Microsoft,2025-06-12,Completed
TRN003812,EMP001549,Project Management,KPMG,2019-05-16,Completed
TRN003813,EMP001550,Lean Manufacturing,Coursera,2019-04-27,Completed
TRN003814,EMP001550,Risk Management,Deloitte,2025-01-08,Failed
TRN003815,EMP001550,Quality Management,Geoflex Academy,2025-09-03,Completed
TRN003816,EMP001551,Leadership Development,Coursera,2022-11-07,In Progress
TRN003817,EMP001551,Quality Management,Deloitte,2023-08-01,In Progress
TRN003818,EMP001551,Compliance Training,Deloitte,2023-05-04,Completed
TRN003819,EMP001551,Leadership Development,Deloitte,2025-01-04,Completed
TRN003820,EMP001552,Project Management,Udemy,2019-12-18,Completed
TRN003821,EMP001552,Compliance Training,Microsoft,2023-07-13,Completed
TRN003822,EMP001554,Compliance Training,Microsoft,2019-02-18,Completed
TRN003823,EMP001554,Leadership Development,Geoflex Academy,2025-09-07,Failed
TRN003824,EMP001554,Risk Management,KPMG,2019-05-05,Failed
TRN003825,EMP001554,Data Analytics,KPMG,2019-01-06,Completed
TRN003826,EMP001554,Leadership Development,Deloitte,2024-01-19,Completed
TRN003827,EMP001555,Leadership Development,Geoflex Academy,2019-09-08,In Progress
TRN003828,EMP001555,Lean Manufacturing,Geoflex Academy,2022-01-16,Completed
TRN003829,EMP001556,Quality Management,Coursera,2020-08-08,In Progress
TRN003830,EMP001556,Lean Manufacturing,KPMG,2020-12-07,Completed
TRN003831,EMP001556,Cybersecurity Awareness,Coursera,2023-11-22,Completed
TRN003832,EMP001556,Quality Management,KPMG,2023-11-10,Failed
TRN003833,EMP001557,Cybersecurity Awareness,Coursera,2025-11-22,Completed
TRN003834,EMP001560,Quality Management,Microsoft,2021-11-27,Completed
TRN003835,EMP001560,Health and Safety,Udemy,2025-09-07,Completed
TRN003836,EMP001560,Risk Management,Microsoft,2019-03-03,Completed
TRN003837,EMP001560,Quality Management,KPMG,2021-02-27,Completed
TRN003838,EMP001561,Data Analytics,Deloitte,2022-08-06,Completed
TRN003839,EMP001561,Lean Manufacturing,Geoflex Academy,2025-04-28,Failed
TRN003840,EMP001561,Quality Management,Microsoft,2025-05-28,Completed
TRN003841,EMP001561,Project Management,Microsoft,2023-06-15,In Progress
TRN003842,EMP001563,Lean Manufacturing,Udemy,2019-07-07,Failed
TRN003843,EMP001563,Data analytics,Microsoft,2025-04-22,Completed
TRN003844,EMP001563,Leadership Development,Geoflex Academy,2025-02-03,In Progress
TRN003845,EMP001564,Health and Safety,Udemy,2024-02-26,Failed
TRN003846,EMP001566,LEAN manufacturing,KPMG,2022-08-13,Failed
TRN003847,EMP001566,Leadership Development,Microsoft,2019-05-13,Failed
TRN003848,EMP001567,Project Management,Microsoft,2024-07-20,Completed
TRN003849,EMP001567,Compliance Training,KPMG,2025-03-15,In Progress
TRN003850,EMP001567,Lean Manufacturing,Geoflex Academy,2025-12-11,Failed
TRN003851,EMP001568,Leadership Development,Microsoft,2021-09-14,Failed
TRN003852,EMP001568,Leadership Development,KPMG,2023-03-08,Completed
TRN003853,EMP001568,Data Analytics,Geoflex Academy,2019-04-18,Completed
TRN003854,EMP001569,Project Management,Microsoft,2020-07-09,Completed
TRN003855,EMP001569,Lean Manufacturing,Geoflex Academy,2022-10-01,Failed
TRN003856,EMP001569,Lean Manufacturing,Coursera,2020-05-21,Completed
TRN003857,EMP001570,Data Analytics,Microsoft,2023-08-24,Failed
TRN003858,EMP001571,Cyber Security,Geoflex Academy,2025-02-17,Completed
TRN003859,EMP001571,Data analytics,Geoflex Academy,2021-03-26,Completed
TRN003860,EMP001572,Lean Manufacturing,Udemy,2025-08-10,Completed
TRN003861,EMP001572,Compliance Training,KPMG,2025-04-01,Completed
TRN003862,EMP001572,Compliance Training,Coursera,2021-04-06,Completed
TRN003863,EMP001572,Leadership Development,Microsoft,2022-01-13,In Progress
TRN003864,EMP001572,Project Management,Coursera,2021-04-13,Failed
TRN003865,EMP001573,Lean Manufacturing,Geoflex Academy,2023-11-21,Failed
TRN003866,EMP001573,Leadership Development,Deloitte,2022-06-24,Completed
TRN003867,EMP001573,Data Analytics,Geoflex Academy,2019-04-19,Completed
TRN003868,EMP001573,Leadership Development,KPMG,2023-08-14,Completed
TRN003869,EMP001573,Health and Safety,Microsoft,2025-01-04,Completed
TRN003870,EMP001574,Leadership Development,KPMG,2020-08-08,Completed
TRN003871,EMP001574,Cybersecurity Awareness,Microsoft,2025-05-02,Completed
TRN003872,EMP001574,Lean Manufacturing,Coursera,2025-05-27,Completed
TRN003873,EMP001575,Project Management,Coursera,2019-10-28,Completed
TRN003874,EMP001575,Lean Manufacturing,Udemy,2024-08-28,In Progress
TRN003875,EMP001575,Risk Management,Geoflex Academy,2025-11-04,In Progress
TRN003876,EMP001576,Cybersecurity Awareness,Coursera,2019-12-19,Completed
TRN003877,EMP001578,Data Analytics,Deloitte,2023-11-15,Completed
TRN003878,EMP001578,Customer Service,Geoflex Academy,2024-04-18,In Progress
TRN003879,EMP001579,Project Management,Udemy,2021-10-02,Completed
TRN003880,EMP001579,Cyber Security,Coursera,2020-08-22,Completed
TRN003881,EMP001579,Lean Manufacturing,Udemy,2025-02-27,Completed
TRN003882,EMP001579,Cybersecurity Awareness,Deloitte,2025-03-08,Failed
TRN003883,EMP001581,Risk Management,KPMG,2023-10-15,In Progress
TRN003884,EMP001581,Data Analytics,KPMG,2020-12-27,In Progress
TRN003885,EMP001583,Health and Safety,Udemy,2024-12-01,Completed
TRN003886,EMP001583,Risk Management,Udemy,2021-05-01,Failed
TRN003887,EMP001584,Project Management,Microsoft,2025-02-10,Completed
TRN003888,EMP001584,Cybersecurity Awareness,KPMG,2023-04-26,Completed
TRN003889,EMP001585,Cybersecurity Awareness,Microsoft,2020-12-06,In Progress
TRN003890,EMP001585,Project Management,Deloitte,2023-03-13,Completed
TRN003891,EMP001587,Risk Management,Coursera,2019-09-06,Completed
TRN003892,EMP001587,Leadership Development,Coursera,2024-08-09,Completed
TRN003893,EMP001587,Leadership Development,Coursera,2023-06-09,Completed
TRN003894,EMP001588,Compliance Training,Geoflex Academy,2025-09-02,Completed
TRN003895,EMP001588,Leadership Development,Udemy,2020-12-09,Completed
TRN003896,EMP001589,Risk Management,KPMG,2025-06-10,Failed
TRN003897,EMP001590,Cybersecurity Awareness,Udemy,2019-06-24,Completed
TRN003898,EMP001590,Lean Manufacturing,Microsoft,2020-07-28,Failed
TRN003899,EMP001590,Lean Manufacturing,Geoflex Academy,2020-09-12,Completed
TRN003900,EMP001591,Data Analytics,KPMG,2020-03-17,Completed
TRN003901,EMP001591,Compliance Training,Deloitte,2024-10-27,Completed
TRN003902,EMP001591,Quality Management,Geoflex Academy,2025-01-07,In Progress
TRN003903,EMP001591,Compliance Training,Deloitte,2021-11-24,Completed
TRN003904,EMP001591,Data Analytics,Geoflex Academy,2019-04-07,In Progress
TRN003905,EMP001592,Leadership Development,Deloitte,2021-09-09,Failed
TRN003906,EMP001592,Risk Management,Microsoft,2024-01-26,Completed
TRN003907,EMP001593,Leadership Development,Geoflex Academy,2019-07-27,Completed
TRN003908,EMP001593,Cybersecurity Awareness,KPMG,2025-12-03,Failed
TRN003909,EMP001593,Customer Service,KPMG,2020-04-10,Completed
TRN003910,EMP001593,Quality Management,KPMG,2025-04-10,Failed
TRN003911,EMP001593,Leadership Development,Deloitte,2021-09-02,Failed
TRN003912,EMP001595,Risk Management,Geoflex Academy,2019-10-15,Completed
TRN003913,EMP001595,Risk Management,Geoflex Academy,2019-09-12,Completed
TRN003914,EMP001597,Health and Safety,Geoflex Academy,2021-11-17,Completed
TRN003915,EMP001597,Data Analytics,Microsoft,2021-04-13,Completed
TRN003916,EMP001598,Compliance Training,Geoflex Academy,2022-11-07,In Progress
TRN003917,EMP001598,Project Management,Microsoft,2019-01-24,In Progress
TRN003918,EMP001598,Customer Service,Geoflex Academy,2021-04-03,Completed
TRN003919,EMP001600,Quality Management,Microsoft,2021-10-20,Failed
TRN003920,EMP001601,Compliance Training,Deloitte,2021-09-08,Failed
TRN003921,EMP001601,Project Management,KPMG,2023-07-18,Completed
TRN003922,EMP001601,Health and Safety,KPMG,2023-03-04,Failed
TRN003923,EMP001601,Project Management,Microsoft,2022-03-20,Completed
TRN003924,EMP001602,Data Analytics,Coursera,2021-05-01,Completed
TRN003925,EMP001602,Cybersecurity Awareness,Geoflex Academy,2025-12-07,In Progress
TRN003926,EMP001602,Data Analytics,Geoflex Academy,2025-08-03,Completed
TRN003927,EMP001602,Cybersecurity Awareness,Geoflex Academy,2021-09-23,Completed
TRN003928,EMP001602,Project Management,KPMG,2023-04-11,Completed
TRN003929,EMP001603,Compliance Training,KPMG,2021-10-26,Completed
TRN003930,EMP001603,Risk Management,Geoflex Academy,2023-12-06,Failed
TRN003931,EMP001603,Leadership Development,Geoflex Academy,2019-06-10,Completed
TRN003932,EMP001604,Project Management,KPMG,2024-03-16,In Progress
TRN003933,EMP001604,Data Analytics,Geoflex Academy,2025-10-18,In Progress
TRN003934,EMP001606,Quality Management,Udemy,2022-12-08,Failed
TRN003935,EMP001607,Compliance Training,Microsoft,2023-05-24,Failed
TRN003936,EMP001607,Compliance Training,Deloitte,2024-12-21,Completed
TRN003937,EMP001607,Leadership Development,Udemy,2019-06-21,Completed
TRN003938,EMP001609,Risk Management,KPMG,2019-09-26,Failed
TRN003939,EMP001610,Lean Manufacturing,KPMG,2019-04-24,Completed
TRN003940,EMP001610,Project Management,KPMG,2020-01-23,Failed
TRN003941,EMP001611,Cybersecurity Awareness,Deloitte,2020-02-10,Completed
TRN003942,EMP001612,Project Management,Udemy,2025-07-03,Failed
TRN003943,EMP001612,Risk Management,Geoflex Academy,2019-12-13,Failed
TRN003944,EMP001612,Lean Manufacturing,Coursera,2024-01-27,Failed
TRN003945,EMP001613,Data Analytics,Udemy,2021-04-22,Completed
TRN003946,EMP001613,Data Analytics,Geoflex Academy,2020-06-17,Completed
TRN003947,EMP001613,Quality Management,Geoflex Academy,2021-12-21,Completed
TRN003948,EMP001613,Customer Service,KPMG,2025-10-18,Completed
TRN003949,EMP001613,Cybersecurity Awareness,KPMG,2023-07-25,Completed
TRN003950,EMP001614,Customer Service,Microsoft,2025-10-09,Failed
TRN003951,EMP001614,Project Management,Deloitte,2025-11-27,Completed
TRN003952,EMP001614,Data Analytics,Udemy,2020-03-10,Completed
TRN003953,EMP001614,Lean Manufacturing,Geoflex Academy,2022-12-05,Completed
TRN003954,EMP001615,Data Analytics,,2024-10-21,Failed
TRN003955,EMP001617,Cybersecurity Awareness,KPMG,2022-02-14,Completed
TRN003956,EMP001618,Leadership Development,Coursera,2019-11-22,Completed
TRN003957,EMP001618,Quality Management,Geoflex Academy,2022-08-06,Completed
TRN003958,EMP001619,Compliance Training,Geoflex Academy,2019-07-11,Completed
TRN003959,EMP001619,Customer Service,KPMG,2021-06-24,Completed
TRN003960,EMP001619,Risk Management,KPMG,2024-10-23,Completed
TRN003961,EMP001619,Quality Management,Geoflex Academy,2023-01-09,Completed
TRN003962,EMP001620,Data Analytics,Udemy,2020-09-02,Completed
TRN003963,EMP001620,Customer Service,Geoflex Academy,2019-12-18,Failed
TRN003964,EMP001620,Compliance Training,Coursera,2020-12-03,Completed
TRN003965,EMP001620,Risk Management,Geoflex Academy,2025-10-15,Completed
TRN003966,EMP001620,Data Analytics,Microsoft,2024-04-07,Completed
TRN003967,EMP001621,Compliance Training,KPMG,2022-02-14,In Progress
TRN003968,EMP001622,Customer Service,Coursera,2025-08-04,Completed
TRN003969,EMP001622,Risk Management,Udemy,2023-06-04,Completed
TRN003970,EMP001622,Risk Management,Geoflex Academy,2022-03-02,In Progress
TRN003971,EMP001622,Quality Management,Geoflex Academy,2023-11-17,Completed
TRN003972,EMP001622,Leadership Development,KPMG,2024-01-13,Completed
TRN003973,EMP001623,Project Management,KPMG,2020-02-21,Completed
TRN003974,EMP001623,Project Management,Udemy,2019-05-15,Completed
TRN003975,EMP001623,Customer Service,Microsoft,2020-11-22,Completed
TRN003976,EMP001624,Risk Management,Geoflex Academy,2020-03-23,Failed
TRN003977,EMP001625,Risk Management,Deloitte,2022-11-03,Completed
TRN003978,EMP001625,Health and Safety,Coursera,2024-10-17,In Progress
TRN003979,EMP001625,Lean Manufacturing,Geoflex Academy,2025-07-05,Completed
TRN003980,EMP001625,Project Management,Microsoft,2025-09-24,Failed
TRN003981,EMP001625,Compliance Training,Geoflex Academy,2022-09-26,Completed
TRN003982,EMP001626,Quality Management,Geoflex Academy,2021-08-19,Completed
TRN003983,EMP001626,Compliance Training,Deloitte,2024-05-24,Completed
TRN003984,EMP001626,Risk Management,Coursera,2023-02-22,Completed
TRN003985,EMP001626,Data Analytics,Udemy,2023-05-22,In Progress
TRN003986,EMP001627,Data Analytics,Udemy,2023-09-03,In Progress
TRN003987,EMP001627,Leadership Development,Coursera,2020-11-02,Completed
TRN003988,EMP001627,Risk Management,Coursera,2021-02-13,In Progress
TRN003989,EMP001627,Quality Management,Coursera,2025-10-17,Completed
TRN003990,EMP001628,Customer Service,Coursera,2021-05-12,Completed
TRN003991,EMP001628,Risk Management,Coursera,2019-04-19,Completed
TRN003992,EMP001628,Project Management,Microsoft,2023-05-26,Completed
TRN003993,EMP001629,Customer Service,KPMG,2022-07-18,Completed
TRN003994,EMP001629,Cybersecurity Awareness,Coursera,2024-01-14,In Progress
TRN003995,EMP001629,Leadership Development,Udemy,2025-02-21,Completed
TRN003996,EMP001629,Data Analytics,Geoflex Academy,2021-05-16,Failed
TRN003997,EMP001630,Risk Management,Deloitte,2022-02-09,Completed
TRN003998,EMP001630,Project Management,Deloitte,2025-03-02,Completed
TRN003999,EMP001630,Leadership Development,Udemy,2023-03-02,Completed
TRN004000,EMP001630,Quality Management,Deloitte,2019-08-05,Completed
TRN004001,EMP001630,Cybersecurity Awareness,Microsoft,2021-01-27,Completed
TRN004002,EMP001632,Risk Management,Geoflex Academy,2021-10-04,Failed
TRN004003,EMP001632,Compliance Training,Geoflex Academy,2021-04-11,Completed
TRN004004,EMP001633,Leadership Development,KPMG,2022-10-23,Completed
TRN004005,EMP001633,Project Management,Udemy,2021-10-17,Completed
TRN004006,EMP001633,Lean Manufacturing,Udemy,2019-11-17,Failed
TRN004007,EMP001634,Data Analytics,Udemy,2023-06-16,Failed
TRN004008,EMP001634,Lean Manufacturing,Coursera,2022-07-09,Completed
TRN004009,EMP001635,Risk Management,KPMG,2023-06-13,Failed
TRN004010,EMP001635,Project Management,Coursera,2022-11-08,Completed
TRN004011,EMP001635,Quality Management,Udemy,2025-02-15,Completed
TRN004012,EMP001638,Data Analytics,Deloitte,2023-05-12,In Progress
TRN004013,EMP001638,Quality Management,Coursera,2019-06-13,In Progress
TRN004014,EMP001638,Compliance Training,Deloitte,2022-11-03,In Progress
TRN004015,EMP001638,Risk Management,Udemy,2025-09-19,Completed
TRN004016,EMP001638,Project Management,Deloitte,2019-08-04,Completed
TRN004017,EMP001639,Lean Manufacturing,,2023-02-02,Completed
TRN004018,EMP001639,Customer Service,Microsoft,2021-09-26,In Progress
TRN004019,EMP001640,Data Analytics,Deloitte,2020-04-15,Completed
TRN004020,EMP001640,Cybersecurity Awareness,Deloitte,2022-10-17,Completed
TRN004021,EMP001640,Leadership Development,KPMG,2022-01-14,Completed
TRN004022,EMP001641,Project Management,Geoflex Academy,2025-10-11,Completed
TRN004023,EMP001641,Compliance Training,KPMG,2024-09-03,Completed
TRN004024,EMP001641,Project Management,KPMG,2025-10-05,Completed
TRN004025,EMP001643,Compliance Training,Udemy,2024-10-04,Completed
TRN004026,EMP001643,Quality Management,Udemy,2024-06-24,In Progress
TRN004027,EMP001643,Quality Management,Microsoft,2024-10-22,Completed
TRN004028,EMP001643,Data Analytics,Microsoft,2022-08-27,Completed
TRN004029,EMP001643,Project Management,Coursera,2022-07-15,Completed
TRN004030,EMP001645,Lean Manufacturing,Geoflex Academy,2023-01-06,Completed
TRN004031,EMP001647,Customer Service,Coursera,2021-09-03,In Progress
TRN004032,EMP001647,Lean Manufacturing,Udemy,2024-12-13,Completed
TRN004033,EMP001647,Customer Service,,2019-07-10,Failed
TRN004034,EMP001647,Data Analytics,Microsoft,2023-09-22,Failed
TRN004035,EMP001647,Project Management,KPMG,2022-09-04,Completed
TRN004036,EMP001648,Quality Management,KPMG,2020-01-09,Failed
TRN004037,EMP001648,Cybersecurity Awareness,Geoflex Academy,2024-02-25,Completed
TRN004038,EMP001649,Leadership Development,Microsoft,2023-06-19,Completed
TRN004039,EMP001651,Cybersecurity Awareness,Geoflex Academy,2025-04-09,In Progress
TRN004040,EMP001654,Data analytics,Deloitte,2019-03-05,In Progress
TRN004041,EMP001654,Quality Management,KPMG,2021-08-03,Failed
TRN004042,EMP001655,Risk Management,Microsoft,2025-02-06,Completed
TRN004043,EMP001655,Health and Safety,Udemy,2023-01-26,Completed
TRN004044,EMP001655,Project Management,Deloitte,2021-09-24,In Progress
TRN004045,EMP001656,Customer Service,KPMG,2019-05-26,Completed
TRN004046,EMP001656,Quality Management,Geoflex Academy,2023-08-08,Completed
TRN004047,EMP001658,Leadership Development,Deloitte,2023-08-06,In Progress
TRN004048,EMP001658,Leadership Development,Deloitte,2020-05-22,Completed
TRN004049,EMP001659,Risk Management,Udemy,2023-07-13,Completed
TRN004050,EMP001659,Health and Safety,KPMG,2023-06-07,Failed
TRN004051,EMP001659,Health and Safety,Microsoft,2020-06-28,Completed
TRN004052,EMP001659,Risk Management,KPMG,2023-01-19,Failed
TRN004053,EMP001661,Data Analytics,Geoflex Academy,2021-06-07,Failed
TRN004054,EMP001662,Lean Manufacturing,Microsoft,2025-01-19,In Progress
TRN004055,EMP001662,Health and Safety,Udemy,2020-05-24,Completed
TRN004056,EMP001662,Quality Management,Microsoft,2019-08-07,Completed
TRN004057,EMP001663,Project Management,,2022-02-26,Completed
TRN004058,EMP001663,Customer care,Deloitte,2020-07-24,Completed
TRN004059,EMP001664,Project Management,Geoflex Academy,2024-04-06,Completed
TRN004060,EMP001664,Cybersecurity Awareness,Coursera,2022-04-01,Completed
TRN004061,EMP001664,Risk Management,Deloitte,2024-02-11,Completed
TRN004062,EMP001664,Quality Management,Coursera,2019-12-07,Completed
TRN004063,EMP001666,Project Management,Microsoft,2024-05-14,Completed
TRN004064,EMP001666,Customer Service,Coursera,2022-05-13,Completed
TRN004065,EMP001667,Quality Management,KPMG,2020-02-24,Completed
TRN004066,EMP001668,Leadership Development,Geoflex Academy,2025-08-22,Completed
TRN004067,EMP001669,Project Management,Microsoft,2021-08-15,Completed
TRN004068,EMP001669,Customer Service,Coursera,2025-09-26,In Progress
TRN004069,EMP001670,Customer Service,Coursera,2024-01-04,Completed
TRN004070,EMP001670,Cybersecurity Awareness,Deloitte,2020-01-25,Completed
TRN004071,EMP001671,Project Management,Geoflex Academy,2023-11-23,In Progress
TRN004072,EMP001671,Lean Manufacturing,Deloitte,2024-10-04,Completed
TRN004073,EMP001671,Compliance Training,Udemy,2019-03-27,In Progress
TRN004074,EMP001671,Quality Management,KPMG,2022-01-13,Completed
TRN004075,EMP001672,Project Management,Deloitte,2024-09-17,Failed
TRN004076,EMP001672,Customer Service,Coursera,2022-09-21,Completed
TRN004077,EMP001672,Compliance Training,Microsoft,2020-03-02,Failed
TRN004078,EMP001672,Compliance Training,Microsoft,2022-05-20,Completed
TRN004079,EMP001674,Health and Safety,Coursera,2023-10-24,Completed
TRN004080,EMP001674,Compliance Training,Deloitte,2023-06-27,Failed
TRN004081,EMP001674,Customer Service,Coursera,2019-04-28,In Progress
TRN004082,EMP001674,Data Analytics,Microsoft,2023-05-14,In Progress
TRN004083,EMP001674,Compliance Training,Geoflex Academy,2022-01-28,Completed
TRN004084,EMP001675,Quality Management,Geoflex Academy,2024-10-21,In Progress
TRN004085,EMP001675,Compliance Training,Geoflex Academy,2025-07-04,Completed
TRN004086,EMP001675,Risk Management,Geoflex Academy,2019-04-21,Completed
TRN004087,EMP001675,Customer Service,Microsoft,2023-05-05,Failed
TRN004088,EMP001676,Risk Management,Coursera,2020-12-02,Completed
TRN004089,EMP001676,Project Management,Geoflex Academy,2021-10-14,Completed
TRN004090,EMP001676,Data Analytics,KPMG,2025-09-20,Failed
TRN004091,EMP001676,Cybersecurity Awareness,Coursera,2019-12-28,Completed
TRN004092,EMP001676,Leadership Development,Coursera,2022-10-10,Completed
TRN004093,EMP001677,Health and Safety,Coursera,2019-05-11,Completed
TRN004094,EMP001677,Leadership Development,Microsoft,2019-11-10,Completed
TRN004095,EMP001677,Leadership Development,Geoflex Academy,2025-12-17,In Progress
TRN004096,EMP001678,Data Analytics,Geoflex Academy,2022-10-17,Failed
TRN004097,EMP001678,Risk Management,Deloitte,2021-02-12,Completed
TRN004098,EMP001679,Customer Service,Geoflex Academy,2024-04-17,Completed
TRN004099,EMP001681,Project Management,Udemy,2022-06-13,Failed
TRN004100,EMP001681,Data Analytics,Geoflex Academy,2019-04-20,In Progress
TRN004101,EMP001681,Quality Management,Coursera,2021-07-07,In Progress
TRN004102,EMP001681,Compliance Training,Udemy,2020-04-01,Completed
TRN004103,EMP001681,Customer Service,Udemy,2019-06-16,Completed
TRN004104,EMP001682,Health and Safety,Deloitte,2019-10-27,Failed
TRN004105,EMP001683,Risk Management,Microsoft,2020-11-06,Completed
TRN004106,EMP001683,Customer Service,Geoflex Academy,2023-08-17,Completed
TRN004107,EMP001683,Customer Service,Deloitte,2021-03-06,Completed
TRN004108,EMP001685,Project Management,KPMG,2023-03-18,Completed
TRN004109,EMP001685,Cybersecurity Awareness,Microsoft,2024-03-07,In Progress
TRN004110,EMP001686,Lean Manufacturing,Microsoft,2020-10-19,Completed
TRN004111,EMP001686,Lean Manufacturing,Coursera,2020-09-24,Failed
TRN004112,EMP001686,Cybersecurity Awareness,Udemy,2025-01-23,Completed
TRN004113,EMP001686,Leadership Development,Microsoft,2024-12-12,Completed
TRN004114,EMP001686,Leadership Development,Coursera,2019-06-14,Failed
TRN004115,EMP001689,Project Management,Coursera,2022-06-27,Completed
TRN004116,EMP001689,Data Analytics,Deloitte,2024-03-10,Completed
TRN004117,EMP001689,Data Analytics,Deloitte,2020-02-22,Completed
TRN004118,EMP001690,Customer Service,Coursera,2020-07-28,Completed
TRN004119,EMP001690,Project Management,Geoflex Academy,2024-04-13,Completed
TRN004120,EMP001690,Cybersecurity Awareness,Geoflex Academy,2021-02-19,Completed
TRN004121,EMP001690,Compliance Training,Coursera,2020-12-13,Completed
TRN004122,EMP001692,Lean Manufacturing,Udemy,2022-03-08,In Progress
TRN004123,EMP001692,Leadership Development,KPMG,2019-12-21,Completed
TRN004124,EMP001693,Compliance Training,Geoflex Academy,2019-04-21,Completed
TRN004125,EMP001693,Risk Management,Udemy,2023-07-12,Completed
TRN004126,EMP001693,Customer care,Coursera,2025-12-06,Completed
TRN004127,EMP001693,Leadership Development,KPMG,2021-09-28,Completed
TRN004128,EMP001694,Cybersecurity Awareness,Udemy,2022-07-11,Completed
TRN004129,EMP001694,Data Analytics,Geoflex Academy,2021-06-18,In Progress
TRN004130,EMP001694,Project Management,Geoflex Academy,2023-02-19,In Progress
TRN004131,EMP001694,Cybersecurity Awareness,Deloitte,2021-04-17,Completed
TRN004132,EMP001694,Lean Manufacturing,KPMG,2023-12-03,Failed
TRN004133,EMP001695,Project Management,Microsoft,2022-03-26,Failed
TRN004134,EMP001695,Health and Safety,Microsoft,2025-10-02,Completed
TRN004135,EMP001695,Health and Safety,KPMG,2021-11-28,In Progress
TRN004136,EMP001695,Customer Service,KPMG,2024-09-16,In Progress
TRN004137,EMP001696,Customer Service,Deloitte,2025-08-12,Completed
TRN004138,EMP001696,Lean Manufacturing,Microsoft,2021-11-09,Completed
TRN004139,EMP001696,Quality Management,Udemy,2025-04-17,Completed
TRN004140,EMP001697,Leadership Development,KPMG,2021-01-03,Completed
TRN004141,EMP001697,Health and Safety,KPMG,2023-03-21,Completed
TRN004142,EMP001698,Risk Management,KPMG,2023-08-02,Completed
TRN004143,EMP001698,Leadership Development,KPMG,2023-10-24,Completed
TRN004144,EMP001699,Risk Management,Udemy,2019-02-20,Completed
TRN004145,EMP001699,Risk Management,Coursera,2021-01-24,Completed
TRN004146,EMP001699,Quality Management,Coursera,2023-05-13,Completed
TRN004147,EMP001699,PM,KPMG,2019-04-16,Completed
TRN004148,EMP001700,Quality Management,Coursera,2021-11-15,Completed
TRN004149,EMP001700,Customer care,Geoflex Academy,2025-12-18,Completed
TRN004150,EMP001700,Quality Management,Microsoft,2021-11-27,Failed
TRN004151,EMP001703,Data Analytics,Microsoft,2021-08-16,Failed
TRN004152,EMP001703,Cybersecurity Awareness,Coursera,2019-03-24,In Progress
TRN004153,EMP001703,Project Management,Udemy,2021-12-11,In Progress
TRN004154,EMP001703,Cybersecurity Awareness,Microsoft,2025-04-26,In Progress
TRN004155,EMP001703,Cybersecurity Awareness,Udemy,2024-09-21,Completed
TRN004156,EMP001704,Health and Safety,Geoflex Academy,2021-06-09,Failed
TRN004157,EMP001707,Health and Safety,KPMG,2021-07-17,Completed
TRN004158,EMP001707,Customer Service,Coursera,2021-11-05,In Progress
TRN004159,EMP001707,Customer Service,Microsoft,2023-04-22,Completed
TRN004160,EMP001708,Quality Management,Microsoft,2019-01-17,In Progress
TRN004161,EMP001709,Leadership Development,KPMG,2022-11-03,Completed
TRN004162,EMP001709,Lean Manufacturing,KPMG,2020-05-28,Completed
TRN004163,EMP001711,Quality Management,Deloitte,2023-06-22,Completed
TRN004164,EMP001711,Quality Management,KPMG,2020-05-20,Completed
TRN004165,EMP001711,Risk Management,,2019-11-18,Completed
TRN004166,EMP001712,Data Analytics,Udemy,2023-02-19,Completed
TRN004167,EMP001712,Customer Service,Coursera,2020-09-09,In Progress
TRN004168,EMP001712,Risk Management,Microsoft,2020-10-05,Completed
TRN004169,EMP001713,Project Management,Geoflex Academy,2024-05-17,Completed
TRN004170,EMP001713,Lean Manufacturing,Geoflex Academy,2021-12-04,Completed
TRN004171,EMP001713,Lean Manufacturing,Deloitte,2022-01-27,Failed
TRN004172,EMP001714,Lean Manufacturing,KPMG,2023-04-21,Completed
TRN004173,EMP001714,Cybersecurity Awareness,Microsoft,2023-03-22,Completed
TRN004174,EMP001714,Customer Service,Microsoft,2023-10-01,In Progress
TRN004175,EMP001714,Quality Management,Coursera,2021-02-27,Completed
TRN004176,EMP001714,Cybersecurity Awareness,Deloitte,2022-10-03,Completed
TRN004177,EMP001715,Risk Management,Deloitte,2019-07-09,Completed
TRN004178,EMP001715,Lean Manufacturing,Geoflex Academy,2021-08-06,Completed
TRN004179,EMP001715,Cybersecurity Awareness,,2023-12-06,Failed
TRN004180,EMP001715,Risk Management,Geoflex Academy,2023-12-14,Completed
TRN004181,EMP001715,Lean Manufacturing,KPMG,2022-09-18,Completed
TRN004182,EMP001716,Cybersecurity Awareness,Deloitte,2025-10-26,In Progress
TRN004183,EMP001718,Lean Manufacturing,Coursera,2023-09-27,Completed
TRN004184,EMP001718,Health and Safety,Microsoft,2022-06-24,Completed
TRN004185,EMP001718,Quality Management,Microsoft,2019-10-08,Completed
TRN004186,EMP001719,Quality Management,Deloitte,2023-02-15,In Progress
TRN004187,EMP001720,Data Analytics,Udemy,2024-01-06,Completed
TRN004188,EMP001721,Cybersecurity Awareness,Udemy,2024-07-07,Completed
TRN004189,EMP001721,Cyber Security,Geoflex Academy,2022-03-17,Completed
TRN004190,EMP001721,Project Management,Coursera,2025-04-14,Completed
TRN004191,EMP001721,Cybersecurity Awareness,Microsoft,2022-03-07,Completed
TRN004192,EMP001721,Customer Service,Udemy,2022-05-10,Completed
TRN004193,EMP001723,Health and Safety,Udemy,2019-07-12,Completed
TRN004194,EMP001723,Project Management,Coursera,2019-12-14,Completed
TRN004195,EMP001723,Compliance Training,Microsoft,2021-04-23,In Progress
TRN004196,EMP001724,Compliance Training,KPMG,2021-04-11,Completed
TRN004197,EMP001724,Compliance Training,KPMG,2019-11-14,Completed
TRN004198,EMP001725,Customer Service,Microsoft,2024-05-28,Failed
TRN004199,EMP001725,Risk Management,Geoflex Academy,2020-11-02,Completed
TRN004200,EMP001726,Health and Safety,Microsoft,2024-05-16,Completed
TRN004201,EMP001726,Quality Management,Coursera,2019-09-13,In Progress
TRN004202,EMP001726,Leadership Development,Udemy,2024-04-23,Failed
TRN004203,EMP001726,Risk Management,KPMG,2023-08-21,Completed
TRN004204,EMP001726,Customer Service,Udemy,2024-04-28,Failed
TRN004205,EMP001727,Compliance Training,Geoflex Academy,2024-12-12,Completed
TRN004206,EMP001727,Quality Management,Udemy,2021-01-26,Completed
TRN004207,EMP001727,Lean Manufacturing,Deloitte,2020-10-27,Completed
TRN004208,EMP001727,Risk Management,Udemy,2023-09-16,In Progress
TRN004209,EMP001727,Customer Service,KPMG,2020-08-03,Completed
TRN004210,EMP001728,Customer Service,Coursera,2023-04-27,In Progress
TRN004211,EMP001728,Risk Management,KPMG,2021-03-22,Completed
TRN004212,EMP001729,Risk Management,Geoflex Academy,2022-06-22,Completed
TRN004213,EMP001730,Data Analytics,Udemy,2022-02-20,Completed
TRN004214,EMP001731,Cybersecurity Awareness,Deloitte,2021-09-04,In Progress
TRN004215,EMP001731,Customer Service,Geoflex Academy,2021-08-21,Completed
TRN004216,EMP001731,Health and Safety,KPMG,2025-02-10,Completed
TRN004217,EMP001732,Compliance Training,Microsoft,2021-10-11,Completed
TRN004218,EMP001732,Customer care,KPMG,2024-03-16,Completed
TRN004219,EMP001732,Health and Safety,KPMG,2021-09-06,In Progress
TRN004220,EMP001732,Risk Management,Microsoft,2021-02-21,Completed
TRN004221,EMP001732,Leadership Development,Udemy,2023-05-14,Failed
TRN004222,EMP001734,Lean Manufacturing,Microsoft,2022-04-13,Failed
TRN004223,EMP001734,Leadership Development,KPMG,2024-12-16,In Progress
TRN004224,EMP001734,Quality Management,Geoflex Academy,2024-09-01,Failed
TRN004225,EMP001734,Compliance Training,Deloitte,2024-07-08,Completed
TRN004226,EMP001734,Compliance Training,Coursera,2022-01-17,Completed
TRN004227,EMP001736,Risk Management,KPMG,2025-07-13,Completed
TRN004228,EMP001738,Project Management,Coursera,2020-09-14,Completed
TRN004229,EMP001738,Data Analytics,KPMG,2021-09-24,Failed
TRN004230,EMP001738,Leadership Development,Microsoft,2021-06-21,Completed
TRN004231,EMP001738,Cybersecurity Awareness,Microsoft,2019-08-15,In Progress
TRN004232,EMP001739,Compliance Training,Microsoft,2023-10-03,Completed
TRN004233,EMP001740,Cybersecurity Awareness,Geoflex Academy,2020-09-04,In Progress
TRN004234,EMP001740,Project Management,Deloitte,2023-11-06,Completed
TRN004235,EMP001740,Lean Manufacturing,Coursera,2023-12-13,Completed
TRN004236,EMP001742,Quality Management,Deloitte,2019-12-27,Failed
TRN004237,EMP001742,Quality Management,Microsoft,2024-08-20,In Progress
TRN004238,EMP001742,Data Analytics,KPMG,2024-12-08,Completed
TRN004239,EMP001743,Leadership Development,Geoflex Academy,2025-10-14,Completed
TRN004240,EMP001743,Data Analytics,Coursera,2023-07-02,In Progress
TRN004241,EMP001745,Cybersecurity Awareness,,2024-05-13,Completed
TRN004242,EMP001745,Customer Service,Coursera,2023-01-10,Completed
TRN004243,EMP001745,Health and Safety,Udemy,2025-11-08,Completed
TRN004244,EMP001746,Risk Management,Deloitte,2021-06-03,Completed
TRN004245,EMP001747,Data Analytics,Geoflex Academy,2024-05-16,Completed
TRN004246,EMP001747,Cyber Security,Coursera,2020-05-03,Completed
TRN004247,EMP001747,Data Analytics,KPMG,2023-08-06,Completed
TRN004248,EMP001747,Quality Management,Deloitte,2023-08-23,Completed
TRN004249,EMP001747,Leadership Development,Udemy,2024-05-08,Completed
TRN004250,EMP001748,Risk Management,Udemy,2023-04-26,Completed
TRN004251,EMP001748,Lean Manufacturing,KPMG,2023-05-22,Completed
TRN004252,EMP001748,Project Management,Deloitte,2021-03-27,In Progress
TRN004253,EMP001748,Leadership Development,Udemy,2021-06-08,Completed
TRN004254,EMP001749,Quality Management,Geoflex Academy,2021-05-11,Failed
TRN004255,EMP001750,Project Management,Coursera,2019-06-10,In Progress
TRN004256,EMP001750,Quality Management,Udemy,2022-01-22,Failed
TRN004257,EMP001750,Cyber Security,Microsoft,2024-08-13,In Progress
TRN004258,EMP001750,Risk Management,Geoflex Academy,2023-04-19,Completed
TRN004259,EMP001751,Project Management,Geoflex Academy,2023-01-04,In Progress
TRN004260,EMP001751,Leadership Development,Udemy,2022-05-17,In Progress
TRN004261,EMP001752,Risk Management,Microsoft,2021-05-21,Completed
TRN004262,EMP001752,Data Analytics,Deloitte,2023-09-08,Completed
TRN004263,EMP001752,Compliance Training,Microsoft,2019-03-27,Completed
TRN004264,EMP001752,Project Management,Deloitte,2025-12-20,Completed
TRN004265,EMP001752,Data Analytics,Deloitte,2019-04-27,In Progress
TRN004266,EMP001753,Compliance Training,Udemy,2021-12-10,Failed
TRN004267,EMP001753,Project Management,Microsoft,2020-08-15,Completed
TRN004268,EMP001753,Data Analytics,Coursera,2025-07-07,In Progress
TRN004269,EMP001753,Health and Safety,KPMG,2023-01-17,Completed
TRN004270,EMP001753,Compliance Training,KPMG,2022-09-01,Completed
TRN004271,EMP001754,Lean Manufacturing,Geoflex Academy,2020-11-02,In Progress
TRN004272,EMP001754,Compliance Training,Geoflex Academy,2019-08-01,Completed
TRN004273,EMP001754,Risk Management,KPMG,2019-05-21,In Progress
TRN004274,EMP001754,Compliance Training,Coursera,2022-05-04,In Progress
TRN004275,EMP001754,Compliance Training,KPMG,2020-07-16,In Progress
TRN004276,EMP001755,Cybersecurity Awareness,Udemy,2023-06-23,Completed
TRN004277,EMP001755,Lean Manufacturing,Udemy,2025-05-19,Completed
TRN004278,EMP001756,Customer Service,Deloitte,2020-09-08,In Progress
TRN004279,EMP001756,Quality Management,Udemy,2021-01-02,Failed
TRN004280,EMP001756,Lean Manufacturing,Geoflex Academy,2025-01-07,Failed
TRN004281,EMP001756,Lean Manufacturing,Microsoft,2021-10-06,In Progress
TRN004282,EMP001756,Customer Service,Microsoft,2021-05-26,Completed
TRN004283,EMP001758,Data Analytics,Coursera,2019-10-19,In Progress
TRN004284,EMP001758,Risk Management,Udemy,2024-11-06,In Progress
TRN004285,EMP001758,Data analytics,Coursera,2019-04-26,Completed
TRN004286,EMP001758,Lean Manufacturing,Udemy,2024-05-21,Completed
TRN004287,EMP001759,Project Management,KPMG,2025-02-20,Completed
TRN004288,EMP001759,Customer Service,Geoflex Academy,2024-03-28,In Progress
TRN004289,EMP001760,Compliance Training,Deloitte,2019-07-24,In Progress
TRN004290,EMP001760,Compliance Training,Coursera,2023-02-08,Failed
TRN004291,EMP001760,Lean Manufacturing,Coursera,2021-09-25,Failed
TRN004292,EMP001760,Lean Manufacturing,Deloitte,2024-06-09,Completed
TRN004293,EMP001761,Lean Manufacturing,Geoflex Academy,2023-07-27,Completed
TRN004294,EMP001761,Leadership Development,KPMG,2019-06-16,Completed
TRN004295,EMP001761,Leadership Development,Coursera,2023-07-17,In Progress
TRN004296,EMP001761,Cybersecurity Awareness,Deloitte,2025-02-03,Failed
TRN004297,EMP001762,Health and Safety,KPMG,2024-01-22,Completed
TRN004298,EMP001763,Leadership Development,KPMG,2023-10-14,In Progress
TRN004299,EMP001763,Cybersecurity Awareness,Coursera,2019-04-08,Completed
TRN004300,EMP001763,Cybersecurity Awareness,Udemy,2021-12-05,Completed
TRN004301,EMP001764,Quality Management,Coursera,2025-05-17,Completed
TRN004302,EMP001764,Quality Management,Udemy,2025-09-19,Completed
TRN004303,EMP001764,Cybersecurity Awareness,Geoflex Academy,2019-07-04,Completed
TRN004304,EMP001764,Leadership Development,Coursera,2023-03-02,Completed
TRN004305,EMP001765,Data Analytics,,2019-04-18,In Progress
TRN004306,EMP001765,Customer Service,Microsoft,2024-01-07,In Progress
TRN004307,EMP001765,Health and Safety,KPMG,2022-01-19,Completed
TRN004308,EMP001765,Customer Service,KPMG,2019-07-11,Completed
TRN004309,EMP001765,Lean Manufacturing,Geoflex Academy,2019-08-27,Completed
TRN004310,EMP001766,Health and Safety,Microsoft,2021-07-27,In Progress
TRN004311,EMP001766,Risk Management,Geoflex Academy,2022-03-10,Failed
TRN004312,EMP001767,Cybersecurity Awareness,Coursera,2022-06-12,Failed
TRN004313,EMP001767,Compliance Training,KPMG,2024-07-13,In Progress
TRN004314,EMP001767,Customer Service,Microsoft,2022-07-18,Failed
TRN004315,EMP001769,Project Management,Microsoft,2020-03-19,Completed
TRN004316,EMP001770,Quality Management,Udemy,2025-09-13,Completed
TRN004317,EMP001770,Data Analytics,Geoflex Academy,2022-06-21,Completed
TRN004318,EMP001770,Compliance Training,Udemy,2024-06-03,In Progress
TRN004319,EMP001770,Risk Management,KPMG,2019-01-19,Completed
TRN004320,EMP001771,Cybersecurity Awareness,Geoflex Academy,2023-05-08,Failed
TRN004321,EMP001771,Leadership Development,KPMG,2021-10-10,Completed
TRN004322,EMP001771,Customer Service,Coursera,2020-01-22,Completed
TRN004323,EMP001772,Quality Management,Microsoft,2025-11-02,Completed
TRN004324,EMP001772,Health and Safety,Coursera,2025-06-28,Completed
TRN004325,EMP001772,Compliance Training,Udemy,2024-03-23,Failed
TRN004326,EMP001772,Lean Manufacturing,Deloitte,2022-04-22,Completed
TRN004327,EMP001773,Leadership Development,Microsoft,2020-04-23,Failed
TRN004328,EMP001774,Project Management,Deloitte,2024-01-26,Failed
TRN004329,EMP001774,Cybersecurity Awareness,Coursera,2019-06-02,Failed
TRN004330,EMP001774,Project Management,Microsoft,2025-12-03,Completed
TRN004331,EMP001775,Compliance Training,Microsoft,2021-12-06,Completed
TRN004332,EMP001775,Quality Management,KPMG,2021-06-10,Completed
TRN004333,EMP001775,Compliance Training,Coursera,2020-08-06,Completed
TRN004334,EMP001776,Leadership Development,Coursera,2023-02-15,Failed
TRN004335,EMP001776,Leadership Development,Coursera,2022-01-23,Completed
TRN004336,EMP001776,Risk Management,Coursera,2025-07-05,Failed
TRN004337,EMP001776,Health and Safety,Coursera,2020-02-06,Completed
TRN004338,EMP001777,Compliance Training,Deloitte,2021-02-21,Completed
TRN004339,EMP001777,Compliance Training,Microsoft,2024-07-28,Completed
TRN004340,EMP001777,Health and Safety,KPMG,2024-04-05,Completed
TRN004341,EMP001779,Leadership Development,KPMG,2023-06-09,Completed
TRN004342,EMP001780,Data Analytics,Microsoft,2022-12-03,Failed
TRN004343,EMP001781,Compliance Training,Microsoft,2022-02-26,Completed
TRN004344,EMP001781,Customer Service,Coursera,2019-04-02,Completed
TRN004345,EMP001782,Customer Service,Geoflex Academy,2023-02-18,In Progress
TRN004346,EMP001782,Project Management,KPMG,2020-07-15,Completed
TRN004347,EMP001782,Quality Management,Deloitte,2021-02-19,In Progress
TRN004348,EMP001782,Lean Manufacturing,Deloitte,2021-02-04,In Progress
TRN004349,EMP001782,Health and Safety,Geoflex Academy,2019-03-25,Completed
TRN004350,EMP001784,Customer Service,Udemy,2021-04-16,Completed
TRN004351,EMP001785,Compliance Training,KPMG,2020-06-04,Completed
TRN004352,EMP001786,Risk Management,Microsoft,2023-03-14,Completed
TRN004353,EMP001786,Data Analytics,KPMG,2023-11-18,Completed
TRN004354,EMP001786,Compliance Training,Geoflex Academy,2022-05-15,In Progress
TRN004355,EMP001786,Cybersecurity Awareness,KPMG,2022-12-14,Completed
TRN004356,EMP001787,Risk Management,Udemy,2023-06-02,In Progress
TRN004357,EMP001787,Lean Manufacturing,Deloitte,2020-12-16,Completed
TRN004358,EMP001787,Project Management,KPMG,2024-05-12,Completed
TRN004359,EMP001787,Project Management,Geoflex Academy,2024-09-26,Completed
TRN004360,EMP001788,Quality Management,Geoflex Academy,2019-09-03,Completed
TRN004361,EMP001788,Data Analytics,Coursera,2020-01-13,Completed
TRN004362,EMP001788,Cybersecurity Awareness,KPMG,2023-07-04,Failed
TRN004363,EMP001788,Cybersecurity Awareness,Deloitte,2023-10-05,Failed
TRN004364,EMP001788,Lean Manufacturing,Deloitte,2023-09-24,Completed
TRN004365,EMP001789,Project Management,Udemy,2022-12-03,Completed
TRN004366,EMP001789,Risk Management,Udemy,2024-10-28,In Progress
TRN004367,EMP001790,Leadership Development,Geoflex Academy,2024-02-17,In Progress
TRN004368,EMP001790,Customer Service,Deloitte,2023-10-02,Completed
TRN004369,EMP001790,Lean Manufacturing,Udemy,2024-02-04,In Progress
TRN004370,EMP001791,Project Management,Deloitte,2021-12-03,Completed
TRN004371,EMP001791,Compliance Training,Geoflex Academy,2024-06-25,Completed
TRN004372,EMP001791,Project Management,KPMG,2021-07-16,Completed
TRN004373,EMP001791,Leadership Development,KPMG,2020-02-22,Failed
TRN004374,EMP001791,Data Analytics,Microsoft,2019-09-21,In Progress
TRN004375,EMP001792,Data Analytics,KPMG,2021-09-11,Failed
TRN004376,EMP001792,Health and Safety,Deloitte,2025-02-15,Completed
TRN004377,EMP001792,Health and Safety,Deloitte,2023-03-05,Completed
TRN004378,EMP001794,Customer Service,Coursera,2021-01-15,Failed
TRN004379,EMP001794,Quality Management,,2021-06-27,In Progress
TRN004380,EMP001795,Leadership Development,Geoflex Academy,2019-11-16,Completed
TRN004381,EMP001795,Customer Service,Geoflex Academy,2019-04-05,In Progress
TRN004382,EMP001795,Risk Management,Coursera,2020-08-08,Completed
TRN004383,EMP001795,Lean Manufacturing,Coursera,2019-06-10,In Progress
TRN004384,EMP001796,Lean Manufacturing,Deloitte,2021-08-01,Completed
TRN004385,EMP001796,Quality Management,Geoflex Academy,2025-09-02,Completed
TRN004386,EMP001796,Customer Service,KPMG,2020-12-09,Completed
TRN004387,EMP001796,Customer Service,Microsoft,2020-01-11,Failed
TRN004388,EMP001796,Cybersecurity Awareness,KPMG,2021-05-24,In Progress
TRN004389,EMP001797,Project Management,Coursera,2022-08-14,In Progress
TRN004390,EMP001797,Lean Manufacturing,Microsoft,2022-09-06,In Progress
TRN004391,EMP001797,Project Management,Coursera,2022-06-16,Failed
TRN004392,EMP001798,Cybersecurity Awareness,Udemy,2022-03-14,Failed
TRN004393,EMP001798,Compliance Training,Coursera,2025-08-07,Completed
TRN004394,EMP001798,Project Management,Microsoft,2024-08-14,Completed
TRN004395,EMP001798,Compliance Training,Deloitte,2025-02-13,Completed
TRN004396,EMP001799,Compliance Training,Geoflex Academy,2022-05-15,Completed
TRN004397,EMP001799,Data Analytics,Udemy,2021-06-17,In Progress
TRN004398,EMP001799,Compliance Training,Microsoft,2020-09-10,In Progress
TRN004399,EMP001799,Customer Service,Geoflex Academy,2022-01-24,Failed
TRN004400,EMP001799,Quality Management,Coursera,2025-05-13,Failed
TRN004401,EMP001801,Customer Service,Coursera,2023-06-21,Completed
TRN004402,EMP001801,Customer Service,Geoflex Academy,2024-02-11,Completed
TRN004403,EMP001801,Risk Management,Geoflex Academy,2020-03-25,In Progress
TRN004404,EMP001801,Customer Service,Geoflex Academy,2024-09-25,Failed
TRN004405,EMP001802,Cybersecurity Awareness,Udemy,2019-03-12,Completed
TRN004406,EMP001802,Leadership Development,Udemy,2020-06-19,In Progress
TRN004407,EMP001802,Cybersecurity Awareness,Udemy,2022-11-08,Completed
TRN004408,EMP001802,Cybersecurity Awareness,Microsoft,2025-09-08,Completed
TRN004409,EMP001802,Cybersecurity Awareness,Udemy,2021-05-09,Failed
TRN004410,EMP001803,Data Analytics,Coursera,2023-07-09,Completed
TRN004411,EMP001803,Data Analytics,Coursera,2024-03-01,Failed
TRN004412,EMP001803,Quality Management,Udemy,2021-07-18,Completed
TRN004413,EMP001803,Data Analytics,Udemy,2020-05-26,Completed
TRN004414,EMP001803,Compliance Training,Geoflex Academy,2020-04-16,In Progress
TRN004415,EMP001805,Data Analytics,Udemy,2024-04-26,Completed
TRN004416,EMP001807,Data Analytics,Microsoft,2022-11-04,Completed
TRN004417,EMP001807,Data Analytics,Coursera,2021-08-08,Completed
TRN004418,EMP001807,Customer Service,Microsoft,2022-12-04,Completed
TRN004419,EMP001808,Compliance Training,Deloitte,2025-05-16,In Progress
TRN004420,EMP001808,Lean Manufacturing,Deloitte,2022-04-27,Completed
TRN004421,EMP001809,Leadership Development,KPMG,2023-07-13,Completed
TRN004422,EMP001809,Health and Safety,Microsoft,2025-04-09,In Progress
TRN004423,EMP001809,Cybersecurity Awareness,Microsoft,2021-01-17,Completed
TRN004424,EMP001810,Cybersecurity Awareness,Coursera,2022-01-18,Completed
TRN004425,EMP001810,Compliance Training,Deloitte,2024-11-14,Completed
TRN004426,EMP001812,Compliance Training,Geoflex Academy,2020-08-02,Completed
TRN004427,EMP001812,Compliance Training,Deloitte,2025-03-27,Failed
TRN004428,EMP001814,Health and Safety,Coursera,2025-09-28,Completed
TRN004429,EMP001814,Customer Service,Deloitte,2019-03-16,Completed
TRN004430,EMP001814,Risk Management,Coursera,2022-02-19,In Progress
TRN004431,EMP001814,Health and Safety,Microsoft,2022-05-18,Failed
TRN004432,EMP001815,Data Analytics,Udemy,2023-12-02,Completed
TRN004433,EMP001816,Data Analytics,Deloitte,2019-06-18,Completed
TRN004434,EMP001816,Lean Manufacturing,Udemy,2022-01-17,Completed
TRN004435,EMP001816,Compliance Training,Udemy,2021-08-16,Completed
TRN004436,EMP001816,Risk Management,Geoflex Academy,2023-11-08,In Progress
TRN004437,EMP001816,Data Analytics,Coursera,2019-01-14,Completed
TRN004438,EMP001818,Health and Safety,KPMG,2023-01-17,Completed
TRN004439,EMP001818,Quality Management,Deloitte,2021-02-18,Completed
TRN004440,EMP001818,Project Management,Udemy,2024-06-08,Completed
TRN004441,EMP001819,Data Analytics,Deloitte,2025-10-19,Completed
TRN004442,EMP001819,Project Management,KPMG,2019-03-21,Failed
TRN004443,EMP001819,Cybersecurity Awareness,Deloitte,2020-04-20,Completed
TRN004444,EMP001819,Data Analytics,Microsoft,2020-07-09,Completed
TRN004445,EMP001820,Customer Service,Microsoft,2024-07-13,Completed
TRN004446,EMP001820,Lean Manufacturing,,2022-12-23,Completed
TRN004447,EMP001820,Lean Manufacturing,Coursera,2025-02-03,In Progress
TRN004448,EMP001820,Data Analytics,KPMG,2023-12-24,In Progress
TRN004449,EMP001821,Cybersecurity Awareness,Coursera,2021-02-01,Failed
TRN004450,EMP001821,Cyber Security,Microsoft,2025-09-05,Failed
TRN004451,EMP001821,Project Management,Microsoft,2024-04-20,In Progress
TRN004452,EMP001821,Project Management,Udemy,2021-02-23,Completed
TRN004453,EMP001822,PM,Deloitte,2022-08-09,Failed
TRN004454,EMP001822,Leadership Development,Udemy,2019-09-21,Failed
TRN004455,EMP001822,Leadership Development,Coursera,2020-08-12,Completed
TRN004456,EMP001822,Quality Management,Coursera,2019-03-17,Completed
TRN004457,EMP001822,Health and Safety,Deloitte,2025-06-10,Completed
TRN004458,EMP001823,Quality Management,Geoflex Academy,2020-09-23,In Progress
TRN004459,EMP001823,Health and Safety,KPMG,2019-06-25,Completed
TRN004460,EMP001823,Health and Safety,Microsoft,2021-11-26,In Progress
TRN004461,EMP001823,Data Analytics,,2020-08-18,Completed
TRN004462,EMP001823,Quality Management,Microsoft,2020-04-23,Failed
TRN004463,EMP001824,Data Analytics,Microsoft,2021-07-24,Completed
TRN004464,EMP001825,Customer Service,Microsoft,2019-01-26,In Progress
TRN004465,EMP001827,Quality Management,KPMG,2020-06-04,Failed
TRN004466,EMP001827,Risk Management,Geoflex Academy,2020-02-10,Completed
TRN004467,EMP001827,Cybersecurity Awareness,Coursera,2025-08-03,Completed
TRN004468,EMP001827,Data Analytics,Udemy,2024-06-21,Completed
TRN004469,EMP001827,Leadership Development,Udemy,2025-08-02,Completed
TRN004470,EMP001828,Lean Manufacturing,Udemy,2020-03-22,Completed
TRN004471,EMP001828,Project Management,Udemy,2024-11-05,Completed
TRN004472,EMP001829,Project Management,KPMG,2020-07-24,Completed
TRN004473,EMP001829,Quality Management,KPMG,2020-12-20,Failed
TRN004474,EMP001830,Compliance Training,Coursera,2024-10-10,Failed
TRN004475,EMP001830,Quality Management,Deloitte,2023-02-11,Completed
TRN004476,EMP001830,Project Management,KPMG,2021-07-12,Completed
TRN004477,EMP001832,Health and Safety,Deloitte,2023-11-23,Failed
TRN004478,EMP001832,Data Analytics,Udemy,2025-06-14,Completed
TRN004479,EMP001832,Compliance Training,Deloitte,2023-11-15,Completed
TRN004480,EMP001832,Quality Management,Coursera,2021-12-03,Completed
TRN004481,EMP001833,Data Analytics,Geoflex Academy,2025-05-16,Completed
TRN004482,EMP001834,Health and Safety,Coursera,2024-10-08,Failed
TRN004483,EMP001834,Customer Service,KPMG,2023-12-19,Completed
TRN004484,EMP001834,Quality Management,KPMG,2024-06-01,Failed
TRN004485,EMP001834,Leadership Development,KPMG,2021-03-23,Completed
TRN004486,EMP001835,Quality Management,Udemy,2025-04-22,Failed
TRN004487,EMP001835,Cybersecurity Awareness,Deloitte,2023-03-06,Completed
TRN004488,EMP001835,Lean Manufacturing,Deloitte,2022-09-22,Completed
TRN004489,EMP001836,Project Management,KPMG,2021-12-14,Completed
TRN004490,EMP001836,Health and Safety,Geoflex Academy,2020-07-27,Failed
TRN004491,EMP001837,Quality Management,Geoflex Academy,2025-05-04,Completed
TRN004492,EMP001837,Project Management,Coursera,2020-08-05,Completed
TRN004493,EMP001838,Project Management,KPMG,2021-04-16,In Progress
TRN004494,EMP001838,Leadership Development,KPMG,2020-03-01,Failed
TRN004495,EMP001838,Project Management,Deloitte,2020-05-24,Completed
TRN004496,EMP001839,Customer Service,KPMG,2021-04-20,Failed
TRN004497,EMP001840,Health and Safety,Udemy,2020-01-17,Completed
TRN004498,EMP001841,Quality Management,Geoflex Academy,2021-01-26,Completed
TRN004499,EMP001841,Lean Manufacturing,Geoflex Academy,2020-03-12,Failed
TRN004500,EMP001841,Risk Management,Geoflex Academy,2024-07-26,Failed
TRN004501,EMP001841,Quality Management,Coursera,2024-10-03,Completed
TRN004502,EMP001841,Project Management,Geoflex Academy,2024-03-27,Completed
TRN004503,EMP001842,Project Management,Microsoft,2019-07-28,In Progress
TRN004504,EMP001842,Project Management,Deloitte,2025-11-26,In Progress
TRN004505,EMP001842,Project Management,Udemy,2024-03-06,Failed
TRN004506,EMP001842,Cybersecurity Awareness,Geoflex Academy,2020-01-01,Completed
TRN004507,EMP001843,Cybersecurity Awareness,KPMG,2022-05-09,Completed
TRN004508,EMP001843,Cybersecurity Awareness,Microsoft,2022-10-01,Completed
TRN004509,EMP001843,Data Analytics,Geoflex Academy,2019-04-19,Completed
TRN004510,EMP001843,Health and Safety,KPMG,2025-06-05,Completed
TRN004511,EMP001843,Risk Management,Udemy,2019-12-19,Completed
TRN004512,EMP001844,Customer care,Udemy,2024-03-06,Completed
TRN004513,EMP001844,Data Analytics,Deloitte,2021-04-08,Failed
TRN004514,EMP001844,Leadership Development,Coursera,2025-05-28,Failed
TRN004515,EMP001844,Project Management,Geoflex Academy,2021-06-06,Completed
TRN004516,EMP001845,Cybersecurity Awareness,Deloitte,2021-05-02,Completed
TRN004517,EMP001845,Cybersecurity Awareness,Deloitte,2020-09-05,In Progress
TRN004518,EMP001845,Quality Management,Deloitte,2021-02-08,Failed
TRN004519,EMP001848,Health and Safety,Geoflex Academy,2019-01-21,Completed
TRN004520,EMP001848,Data Analytics,Udemy,2024-01-04,Failed
TRN004521,EMP001848,Compliance Training,KPMG,2019-10-04,In Progress
TRN004522,EMP001848,Data Analytics,Geoflex Academy,2020-03-20,Completed
TRN004523,EMP001848,Cybersecurity Awareness,Geoflex Academy,2023-07-28,Completed
TRN004524,EMP001849,Compliance Training,Deloitte,2021-01-15,Completed
TRN004525,EMP001849,Customer Service,Deloitte,2019-01-27,In Progress
TRN004526,EMP001850,Compliance Training,Udemy,2021-10-06,In Progress
TRN004527,EMP001851,Health and Safety,Udemy,2019-03-14,Failed
TRN004528,EMP001851,Data Analytics,Coursera,2019-03-27,Completed
TRN004529,EMP001852,Project Management,Udemy,2019-10-15,Failed
TRN004530,EMP001852,Customer Service,Udemy,2023-11-02,Failed
TRN004531,EMP001852,Quality Management,Udemy,2025-02-15,Completed
TRN004532,EMP001852,Customer Service,KPMG,2019-04-28,Failed
TRN004533,EMP001852,Customer Service,Deloitte,2025-05-04,Completed
TRN004534,EMP001853,Data Analytics,Microsoft,2021-04-01,Completed
TRN004535,EMP001853,Project Management,KPMG,2021-08-22,Completed
TRN004536,EMP001853,Data Analytics,Udemy,2024-02-25,In Progress
TRN004537,EMP001853,Risk Management,KPMG,2020-09-06,In Progress
TRN004538,EMP001853,Lean Manufacturing,KPMG,2023-05-04,Completed
TRN004539,EMP001854,Lean Manufacturing,Microsoft,2023-05-05,Failed
TRN004540,EMP001854,Cybersecurity Awareness,Deloitte,2020-08-25,Completed
TRN004541,EMP001854,Project Management,KPMG,2025-01-01,Failed
TRN004542,EMP001854,Lean Manufacturing,Coursera,2025-08-17,Completed
TRN004543,EMP001854,Lean Manufacturing,Udemy,2019-08-17,Completed
TRN004544,EMP001856,Customer Service,Geoflex Academy,2024-09-12,Completed
TRN004545,EMP001856,Cybersecurity Awareness,KPMG,2023-01-22,In Progress
TRN004546,EMP001856,Health and Safety,Deloitte,2025-06-21,Failed
TRN004547,EMP001856,Data Analytics,Deloitte,2022-07-27,Completed
TRN004548,EMP001856,Health and Safety,Coursera,2025-01-14,In Progress
TRN004549,EMP001857,Data Analytics,Deloitte,2023-08-28,In Progress
TRN004550,EMP001859,Quality Management,Udemy,2024-05-24,Failed
TRN004551,EMP001859,Project Management,Udemy,2021-03-18,Completed
TRN004552,EMP001860,Lean Manufacturing,Udemy,2024-03-14,Failed
TRN004553,EMP001860,Customer Service,KPMG,2021-03-17,Completed
TRN004554,EMP001860,Risk Management,Deloitte,2019-01-11,Completed
TRN004555,EMP001860,Lean Manufacturing,Deloitte,2022-07-09,Completed
TRN004556,EMP001862,Data Analytics,Udemy,2020-05-20,Completed
TRN004557,EMP001862,Customer Service,Microsoft,2022-02-22,Failed
TRN004558,EMP001862,Lean Manufacturing,Udemy,2022-05-24,Completed
TRN004559,EMP001862,Project Management,Udemy,2024-07-11,Completed
TRN004560,EMP001863,Cybersecurity Awareness,KPMG,2023-04-10,Completed
TRN004561,EMP001863,Health and Safety,Udemy,2019-08-21,Failed
TRN004562,EMP001863,Project Management,Udemy,2023-01-27,Completed
TRN004563,EMP001863,Project Management,Microsoft,2019-06-20,Completed
TRN004564,EMP001864,Data Analytics,KPMG,2021-04-03,In Progress
TRN004565,EMP001864,Leadership Development,Microsoft,2022-11-10,In Progress
TRN004566,EMP001864,Risk Management,Geoflex Academy,2022-07-15,In Progress
TRN004567,EMP001864,Quality Management,KPMG,2019-12-16,Completed
TRN004568,EMP001864,Compliance Training,Coursera,2019-05-25,In Progress
TRN004569,EMP001865,Data Analytics,Coursera,2019-09-05,Completed
TRN004570,EMP001865,Data Analytics,Geoflex Academy,2024-02-20,In Progress
TRN004571,EMP001865,Quality Management,Udemy,2024-05-05,Failed
TRN004572,EMP001866,Compliance Training,Microsoft,2024-01-16,Completed
TRN004573,EMP001866,Data Analytics,Coursera,2021-01-16,In Progress
TRN004574,EMP001869,Quality Management,Udemy,2025-09-25,Failed
TRN004575,EMP001869,Data Analytics,Udemy,2024-07-27,In Progress
TRN004576,EMP001869,Risk Management,Geoflex Academy,2022-09-09,Failed
TRN004577,EMP001870,Leadership Development,Udemy,2025-11-23,Completed
TRN004578,EMP001870,Cybersecurity Awareness,Microsoft,2020-07-20,Completed
TRN004579,EMP001870,Risk Management,Coursera,2020-12-03,Completed
TRN004580,EMP001870,Lean Manufacturing,KPMG,2021-11-03,Completed
TRN004581,EMP001870,Project Management,Microsoft,2023-06-07,Completed
TRN004582,EMP001872,Customer Service,Microsoft,2025-03-23,Completed
TRN004583,EMP001873,Lean Manufacturing,KPMG,2021-07-28,In Progress
TRN004584,EMP001873,Compliance Training,KPMG,2022-08-10,Completed
TRN004585,EMP001873,Health and Safety,KPMG,2022-02-28,In Progress
TRN004586,EMP001873,Compliance Training,Udemy,2020-04-14,Completed
TRN004587,EMP001873,Compliance Training,KPMG,2021-08-28,Completed
TRN004588,EMP001875,Cyber Security,Microsoft,2022-03-23,Completed
TRN004589,EMP001875,Project Management,Coursera,2019-03-02,Failed
TRN004590,EMP001875,Compliance Training,KPMG,2022-07-19,Completed
TRN004591,EMP001876,Risk Management,Udemy,2024-02-13,Failed
TRN004592,EMP001877,Risk Management,Microsoft,2021-09-03,Failed
TRN004593,EMP001877,Health and Safety,Deloitte,2025-06-12,Failed
TRN004594,EMP001877,Project Management,Microsoft,2025-12-23,Completed
TRN004595,EMP001878,Project Management,KPMG,2019-02-24,Completed
TRN004596,EMP001878,Risk Management,Udemy,2025-07-02,Completed
TRN004597,EMP001878,Project Management,Microsoft,2025-02-28,Completed
TRN004598,EMP001878,Customer Service,Microsoft,2025-06-05,Completed
TRN004599,EMP001878,Quality Management,Deloitte,2020-09-16,Completed
TRN004600,EMP001880,Cybersecurity Awareness,Udemy,2019-09-11,Completed
TRN004601,EMP001880,Cybersecurity Awareness,Deloitte,2019-02-09,In Progress
TRN004602,EMP001880,Customer Service,KPMG,2020-11-02,Completed
TRN004603,EMP001881,Customer Service,Coursera,2019-11-21,Completed
TRN004604,EMP001882,Cybersecurity Awareness,Coursera,2020-01-03,In Progress
TRN004605,EMP001882,Data Analytics,Geoflex Academy,2024-09-18,Completed
TRN004606,EMP001882,Quality Management,Microsoft,2019-02-04,In Progress
TRN004607,EMP001882,Health and Safety,Deloitte,2021-10-25,Completed
TRN004608,EMP001882,Project Management,Coursera,2021-02-18,Completed
TRN004609,EMP001884,Customer Service,Microsoft,2022-03-21,Completed
TRN004610,EMP001884,Lean Manufacturing,Deloitte,2020-04-01,Failed
TRN004611,EMP001884,Project Management,Udemy,2024-06-05,Failed
TRN004612,EMP001885,Risk Management,Deloitte,2025-04-24,Completed
TRN004613,EMP001885,Health and Safety,Udemy,2023-04-11,Failed
TRN004614,EMP001885,Lean Manufacturing,Udemy,2020-02-23,Completed
TRN004615,EMP001886,Lean Manufacturing,Coursera,2025-01-22,Completed
TRN004616,EMP001886,Health and Safety,KPMG,2021-08-10,Completed
TRN004617,EMP001886,Leadership Development,Coursera,2021-02-12,Failed
TRN004618,EMP001886,Project Management,Coursera,2022-09-19,In Progress
TRN004619,EMP001886,Compliance Training,Udemy,2022-01-27,Failed
TRN004620,EMP001888,Cybersecurity Awareness,Deloitte,2025-04-09,Completed
TRN004621,EMP001889,Compliance Training,Coursera,2023-02-28,Completed
TRN004622,EMP001889,Project Management,KPMG,2023-10-16,Completed
TRN004623,EMP001889,LEAN manufacturing,Deloitte,2025-04-03,Completed
TRN004624,EMP001890,Leadership Development,KPMG,2024-04-04,Completed
TRN004625,EMP001890,Data Analytics,Coursera,2021-04-22,Failed
TRN004626,EMP001890,Compliance Training,Coursera,2025-04-11,Completed
TRN004627,EMP001891,Quality Management,Deloitte,2023-03-11,Completed
TRN004628,EMP001891,Risk Management,KPMG,2025-11-01,Completed
TRN004629,EMP001891,Leadership Development,Microsoft,2024-10-17,Failed
TRN004630,EMP001891,Risk Management,Deloitte,2021-12-14,In Progress
TRN004631,EMP001891,Cybersecurity Awareness,Deloitte,2019-05-01,Completed
TRN004632,EMP001892,Data Analytics,Deloitte,2020-01-25,Completed
TRN004633,EMP001892,Customer Service,Coursera,2020-05-13,Completed
TRN004634,EMP001893,Cybersecurity Awareness,Coursera,2024-03-03,Completed
TRN004635,EMP001893,Compliance Training,Deloitte,2025-05-27,Completed
TRN004636,EMP001893,Risk Management,Microsoft,2024-05-05,Failed
TRN004637,EMP001893,Risk Management,KPMG,2025-03-13,Failed
TRN004638,EMP001893,Project Management,Udemy,2024-03-15,Completed
TRN004639,EMP001894,Project Management,Geoflex Academy,2024-08-20,Failed
TRN004640,EMP001894,Data Analytics,Geoflex Academy,2024-12-21,Completed
TRN004641,EMP001894,Leadership Development,Coursera,2025-03-12,Completed
TRN004642,EMP001894,Risk Management,Udemy,2024-12-08,Failed
TRN004643,EMP001895,Health and Safety,Coursera,2025-05-23,Failed
TRN004644,EMP001895,Data Analytics,Geoflex Academy,2023-01-12,Completed
TRN004645,EMP001895,Customer Service,Geoflex Academy,2021-05-13,In Progress
TRN004646,EMP001895,Customer Service,Deloitte,2022-08-13,Completed
TRN004647,EMP001895,Data Analytics,Udemy,2023-01-02,Completed
TRN004648,EMP001896,Customer Service,KPMG,2025-02-09,Completed
TRN004649,EMP001896,Risk Management,Udemy,2022-06-15,Completed
TRN004650,EMP001896,Quality Management,Deloitte,2020-04-25,Completed
TRN004651,EMP001897,Quality Management,Coursera,2025-08-18,Completed
TRN004652,EMP001897,Project Management,Deloitte,2021-01-14,Failed
TRN004653,EMP001898,Cybersecurity Awareness,Microsoft,2024-03-06,Completed
TRN004654,EMP001898,Quality Management,Coursera,2023-04-07,In Progress
TRN004655,EMP001899,Lean Manufacturing,Coursera,2024-09-14,Failed
TRN004656,EMP001899,Data Analytics,Coursera,2023-11-06,Completed
TRN004657,EMP001899,Quality Management,Microsoft,2024-11-21,Completed
TRN004658,EMP001899,Lean Manufacturing,Coursera,2022-02-12,Completed
TRN004659,EMP001899,Customer Service,KPMG,2021-11-06,Completed
TRN004660,EMP001900,Health and Safety,KPMG,2021-10-22,Failed
TRN004661,EMP001900,Compliance Training,Coursera,2021-06-17,Completed
TRN004662,EMP001900,Risk Management,Udemy,2022-06-19,Completed
TRN004663,EMP001900,Data Analytics,Geoflex Academy,2022-10-23,In Progress
TRN004664,EMP001900,Data Analytics,Coursera,2024-06-01,Failed
TRN004665,EMP001901,PM,KPMG,2023-11-12,Completed
TRN004666,EMP001901,Data Analytics,KPMG,2021-10-20,Completed
TRN004667,EMP001901,Leadership Development,KPMG,2024-01-14,In Progress
TRN004668,EMP001901,Compliance Training,Geoflex Academy,2024-08-16,Completed
TRN004669,EMP001901,Cybersecurity Awareness,KPMG,2025-05-17,Completed
TRN004670,EMP001902,Leadership Development,Microsoft,2022-03-18,Failed
TRN004671,EMP001902,Customer Service,Geoflex Academy,2023-08-20,Completed
TRN004672,EMP001902,Project Management,Deloitte,2024-08-24,Completed
TRN004673,EMP001902,Compliance Training,Microsoft,2022-06-15,Completed
TRN004674,EMP001902,Risk Management,Microsoft,2019-05-11,In Progress
TRN004675,EMP001903,Cybersecurity Awareness,,2025-09-15,Completed
TRN004676,EMP001904,Data Analytics,Deloitte,2025-11-22,Completed
TRN004677,EMP001904,Customer Service,KPMG,2022-09-15,In Progress
TRN004678,EMP001904,Data Analytics,Udemy,2025-08-02,Failed
TRN004679,EMP001904,Risk Management,Coursera,2020-02-05,Failed
TRN004680,EMP001905,Cybersecurity Awareness,Deloitte,2020-06-17,Failed
TRN004681,EMP001905,Quality Management,Geoflex Academy,2024-11-21,Completed
TRN004682,EMP001905,Risk Management,Deloitte,2022-04-17,In Progress
TRN004683,EMP001906,Leadership Development,Geoflex Academy,2025-12-01,In Progress
TRN004684,EMP001906,Cybersecurity Awareness,Geoflex Academy,2021-06-24,Failed
TRN004685,EMP001906,Customer Service,Microsoft,2021-10-21,Completed
TRN004686,EMP001907,Leadership Development,Coursera,2019-01-20,Completed
TRN004687,EMP001907,Risk Management,Microsoft,2020-11-24,Completed
TRN004688,EMP001907,Data Analytics,Geoflex Academy,2023-12-05,Completed
TRN004689,EMP001908,Customer Service,Geoflex Academy,2019-01-17,Completed
TRN004690,EMP001908,Health and Safety,Deloitte,2023-03-16,Completed
TRN004691,EMP001908,Leadership Development,KPMG,2022-05-03,Failed
TRN004692,EMP001908,Data Analytics,Udemy,2021-06-03,Completed
TRN004693,EMP001909,Data Analytics,Geoflex Academy,2023-03-25,In Progress
TRN004694,EMP001909,Data Analytics,Geoflex Academy,2025-11-27,Completed
TRN004695,EMP001909,Lean Manufacturing,KPMG,2025-12-22,In Progress
TRN004696,EMP001909,Customer Service,Microsoft,2021-12-16,Failed
TRN004697,EMP001909,Compliance Training,KPMG,2023-01-08,Completed
TRN004698,EMP001910,Cybersecurity Awareness,Udemy,2020-11-08,Completed
TRN004699,EMP001910,Customer Service,Microsoft,2024-10-27,Completed
TRN004700,EMP001910,Cybersecurity Awareness,,2022-12-24,Failed
TRN004701,EMP001910,Customer Service,Microsoft,2020-02-22,Completed
TRN004702,EMP001910,Lean Manufacturing,KPMG,2019-02-03,Failed
TRN004703,EMP001911,Compliance Training,Coursera,2020-01-03,In Progress
TRN004704,EMP001911,Leadership Development,Coursera,2021-09-12,In Progress
TRN004705,EMP001912,Project Management,Deloitte,2024-11-15,Completed
TRN004706,EMP001912,Project Management,KPMG,2025-04-01,Failed
TRN004707,EMP001912,Health and Safety,Coursera,2025-05-11,Completed
TRN004708,EMP001913,Compliance Training,Microsoft,2024-02-19,Completed
TRN004709,EMP001914,Health and Safety,KPMG,2020-07-02,Completed
TRN004710,EMP001914,Customer Service,Coursera,2022-09-25,Completed
TRN004711,EMP001915,Risk Management,Udemy,2019-12-14,In Progress
TRN004712,EMP001915,Project Management,Coursera,2021-10-26,Completed
TRN004713,EMP001916,Quality Management,Deloitte,2020-03-03,Completed
TRN004714,EMP001918,Data Analytics,Microsoft,2023-05-21,Failed
TRN004715,EMP001918,Risk Management,Microsoft,2023-03-17,Completed
TRN004716,EMP001919,Project Management,Udemy,2021-02-10,Completed
TRN004717,EMP001919,Project Management,KPMG,2019-07-19,Failed
TRN004718,EMP001923,Compliance Training,Geoflex Academy,2022-05-18,Failed
TRN004719,EMP001923,Customer Service,Geoflex Academy,2021-02-12,Completed
TRN004720,EMP001924,Risk Management,KPMG,2025-06-20,Completed
TRN004721,EMP001924,Compliance Training,Coursera,2023-11-09,In Progress
TRN004722,EMP001924,Customer Service,Microsoft,2022-08-03,In Progress
TRN004723,EMP001925,Health and Safety,Geoflex Academy,2019-07-27,Completed
TRN004724,EMP001926,Health and Safety,Coursera,2021-11-25,Completed
TRN004725,EMP001927,Project Management,Deloitte,2019-03-13,In Progress
TRN004726,EMP001927,Risk Management,Deloitte,2022-07-17,In Progress
TRN004727,EMP001927,Data Analytics,Udemy,2019-08-26,Completed
TRN004728,EMP001928,Risk Management,Coursera,2024-09-23,Failed
TRN004729,EMP001928,Leadership Development,Deloitte,2025-11-17,In Progress
TRN004730,EMP001928,Project Management,Geoflex Academy,2022-06-16,Failed
TRN004731,EMP001929,Risk Management,Deloitte,2019-03-19,In Progress
TRN004732,EMP001930,Cybersecurity Awareness,Coursera,2025-01-13,In Progress
TRN004733,EMP001930,Risk Management,,2019-08-27,Completed
TRN004734,EMP001930,Leadership Development,Udemy,2025-02-14,In Progress
TRN004735,EMP001930,Lean Manufacturing,KPMG,2024-12-17,Completed
TRN004736,EMP001930,Compliance Training,Coursera,2020-07-04,Completed
TRN004737,EMP001931,Cybersecurity Awareness,Deloitte,2025-04-14,Completed
TRN004738,EMP001931,Leadership Development,Udemy,2023-12-09,In Progress
TRN004739,EMP001931,Health and Safety,Geoflex Academy,2024-08-26,Completed
TRN004740,EMP001932,Risk Management,Udemy,2020-06-13,Completed
TRN004741,EMP001932,Project Management,Microsoft,2025-04-13,Completed
TRN004742,EMP001932,Cybersecurity Awareness,Microsoft,2025-10-14,Completed
TRN004743,EMP001932,Customer Service,Deloitte,2025-12-17,Completed
TRN004744,EMP001933,Health and Safety,Udemy,2019-06-25,Failed
TRN004745,EMP001933,Quality Management,Udemy,2024-12-23,Completed
TRN004746,EMP001933,Quality Management,Coursera,2020-05-15,Failed
TRN004747,EMP001933,Project Management,Coursera,2020-06-20,Failed
TRN004748,EMP001934,Leadership Development,Deloitte,2023-05-08,Failed
TRN004749,EMP001934,Health and Safety,Udemy,2024-02-03,Completed
TRN004750,EMP001934,Lean Manufacturing,Deloitte,2024-05-15,Completed
TRN004751,EMP001934,Compliance Training,Udemy,2021-03-09,Completed
TRN004752,EMP001935,Data Analytics,Geoflex Academy,2022-07-19,Completed
TRN004753,EMP001935,Data Analytics,Coursera,2025-06-07,Completed
TRN004754,EMP001935,Data Analytics,Geoflex Academy,2024-08-05,Completed
TRN004755,EMP001935,Leadership Development,Udemy,2025-01-14,Completed
TRN004756,EMP001935,Health and Safety,Microsoft,2023-01-06,Completed
TRN004757,EMP001936,Quality Management,Udemy,2023-11-19,Completed
TRN004758,EMP001936,Data Analytics,Geoflex Academy,2024-07-06,Completed
TRN004759,EMP001937,Project Management,Udemy,2024-05-01,In Progress
TRN004760,EMP001938,Project Management,Udemy,2019-02-06,In Progress
TRN004761,EMP001938,Cybersecurity Awareness,,2022-04-21,Completed
TRN004762,EMP001938,Compliance Training,Deloitte,2021-07-24,Completed
TRN004763,EMP001938,Lean Manufacturing,Coursera,2021-01-08,Completed
TRN004764,EMP001940,Risk Management,Coursera,2025-07-06,In Progress
TRN004765,EMP001940,Leadership Development,Geoflex Academy,2020-01-20,Failed
TRN004766,EMP001940,Cybersecurity Awareness,KPMG,2023-07-21,Failed
TRN004767,EMP001940,Leadership Development,Microsoft,2021-05-19,Failed
TRN004768,EMP001941,Lean Manufacturing,Deloitte,2021-02-15,Completed
TRN004769,EMP001941,Lean Manufacturing,Deloitte,2019-10-20,Failed
TRN004770,EMP001941,Leadership Development,Udemy,2024-01-07,Completed
TRN004771,EMP001941,Compliance Training,Udemy,2024-06-14,Completed
TRN004772,EMP001942,Leadership Development,Udemy,2025-08-10,Failed
TRN004773,EMP001942,Risk Management,Deloitte,2024-11-16,Completed
TRN004774,EMP001942,Customer Service,KPMG,2022-04-14,Completed
TRN004775,EMP001943,Compliance Training,Udemy,2022-04-22,In Progress
TRN004776,EMP001943,Health and Safety,Udemy,2023-07-23,Completed
TRN004777,EMP001943,Quality Management,Geoflex Academy,2019-11-26,Completed
TRN004778,EMP001944,Customer care,Geoflex Academy,2021-08-17,Completed
TRN004779,EMP001944,Health and Safety,Coursera,2023-06-13,Completed
TRN004780,EMP001944,Data Analytics,Deloitte,2020-11-02,Failed
TRN004781,EMP001944,Data Analytics,Coursera,2019-02-18,Completed
TRN004782,EMP001944,Quality Management,Coursera,2022-04-18,Completed
TRN004783,EMP001945,Compliance Training,Udemy,2025-11-26,Completed
TRN004784,EMP001945,Project Management,Coursera,2022-09-07,Completed
TRN004785,EMP001945,Leadership Development,KPMG,2025-10-22,In Progress
TRN004786,EMP001945,Leadership Development,Geoflex Academy,2025-12-10,In Progress
TRN004787,EMP001945,Data Analytics,KPMG,2024-03-12,In Progress
TRN004788,EMP001946,Lean Manufacturing,Microsoft,2022-03-20,Completed
TRN004789,EMP001946,Quality Management,KPMG,2020-08-09,Completed
TRN004790,EMP001947,Lean Manufacturing,Microsoft,2024-11-13,Completed
TRN004791,EMP001947,Risk Management,Udemy,2024-11-09,Completed
TRN004792,EMP001947,Risk Management,KPMG,2021-04-01,Completed
TRN004793,EMP001947,Cybersecurity Awareness,Coursera,2024-03-06,Failed
TRN004794,EMP001947,Leadership Development,Geoflex Academy,2023-02-27,Failed
TRN004795,EMP001948,Quality Management,Microsoft,2019-01-08,Completed
TRN004796,EMP001948,Data Analytics,Deloitte,2024-02-20,Completed
TRN004797,EMP001948,Customer Service,Geoflex Academy,2022-04-10,Completed
TRN004798,EMP001949,Data Analytics,KPMG,2024-07-06,Failed
TRN004799,EMP001949,Cybersecurity Awareness,Udemy,2019-10-11,In Progress
TRN004800,EMP001949,Compliance Training,Microsoft,2023-07-16,Completed
TRN004801,EMP001949,Customer Service,Geoflex Academy,2025-11-13,Completed
TRN004802,EMP001950,Risk Management,Coursera,2023-03-26,Completed
TRN004803,EMP001952,Health and Safety,Deloitte,2022-05-13,Completed
TRN004804,EMP001954,Leadership Development,Deloitte,2021-12-07,Completed
TRN004805,EMP001954,Cybersecurity Awareness,Geoflex Academy,2023-11-16,Failed
TRN004806,EMP001954,Project Management,Udemy,2021-12-06,In Progress
TRN004807,EMP001955,Compliance Training,Deloitte,2025-06-15,Completed
TRN004808,EMP001955,Customer Service,Deloitte,2025-05-02,In Progress
TRN004809,EMP001955,Risk Management,Coursera,2023-02-14,Completed
TRN004810,EMP001955,Health and Safety,Deloitte,2024-05-27,Failed
TRN004811,EMP001956,Lean Manufacturing,Deloitte,2023-11-11,Completed
TRN004812,EMP001956,Health and Safety,Udemy,2020-07-05,Failed
TRN004813,EMP001956,Lean Manufacturing,Deloitte,2023-11-08,Failed
TRN004814,EMP001956,Customer care,Udemy,2021-01-01,Completed
TRN004815,EMP001956,Cybersecurity Awareness,Udemy,2020-04-07,Completed
TRN004816,EMP001957,Customer Service,Udemy,2019-06-22,Completed
TRN004817,EMP001957,Lean Manufacturing,Coursera,2024-05-27,Completed
TRN004818,EMP001958,Quality Management,KPMG,2019-09-06,Failed
TRN004819,EMP001958,Health and Safety,Geoflex Academy,2019-10-18,Completed
TRN004820,EMP001959,Project Management,Deloitte,2025-06-27,Failed
TRN004821,EMP001959,Cybersecurity Awareness,Geoflex Academy,2024-09-01,Completed
TRN004822,EMP001959,Health and Safety,Coursera,2025-12-03,Completed
TRN004823,EMP001959,Data Analytics,Udemy,2019-12-05,Completed
TRN004824,EMP001959,Lean Manufacturing,Deloitte,2019-03-06,In Progress
TRN004825,EMP001960,Leadership Development,Udemy,2021-05-09,Completed
TRN004826,EMP001960,Customer Service,KPMG,2021-03-18,In Progress
TRN004827,EMP001960,Project Management,Coursera,2024-10-08,In Progress
TRN004828,EMP001960,Data Analytics,Geoflex Academy,2021-11-07,Failed
TRN004829,EMP001961,Health and Safety,Geoflex Academy,2023-06-06,Completed
TRN004830,EMP001961,Cyber Security,,2025-05-26,Completed
TRN004831,EMP001961,Compliance Training,Geoflex Academy,2019-07-25,In Progress
TRN004832,EMP001962,PM,Microsoft,2020-05-15,Completed
TRN004833,EMP001962,Customer Service,Deloitte,2020-04-04,Completed
TRN004834,EMP001962,Compliance Training,KPMG,2021-09-22,Completed
TRN004835,EMP001962,Project Management,Deloitte,2019-07-01,In Progress
TRN004836,EMP001962,Health and Safety,Geoflex Academy,2020-06-18,Completed
TRN004837,EMP001963,Data Analytics,Coursera,2023-07-11,Completed
TRN004838,EMP001964,Project Management,Deloitte,2021-01-21,Completed
TRN004839,EMP001964,Data Analytics,Microsoft,2020-01-23,In Progress
TRN004840,EMP001965,Compliance Training,KPMG,2021-12-05,Failed
TRN004841,EMP001965,Quality Management,KPMG,2019-04-04,Completed
TRN004842,EMP001965,Data Analytics,Udemy,2023-10-23,Completed
TRN004843,EMP001965,Lean Manufacturing,Geoflex Academy,2022-03-13,Completed
TRN004844,EMP001965,Compliance Training,Deloitte,2022-01-07,Failed
TRN004845,EMP001966,Data Analytics,KPMG,2025-10-18,Completed
TRN004846,EMP001966,Lean Manufacturing,Coursera,2022-01-24,Completed
TRN004847,EMP001966,Project Management,Coursera,2022-11-07,Completed
TRN004848,EMP001968,Project Management,Coursera,2021-09-02,Completed
TRN004849,EMP001968,Project Management,Udemy,2021-07-12,In Progress
TRN004850,EMP001968,Quality Management,Microsoft,2021-07-12,Completed
TRN004851,EMP001969,Health and Safety,Microsoft,2021-01-16,Failed
TRN004852,EMP001969,Customer Service,Deloitte,2025-11-14,Completed
TRN004853,EMP001969,Cybersecurity Awareness,Deloitte,2019-04-24,Completed
TRN004854,EMP001970,Customer Service,Deloitte,2025-02-07,Completed
TRN004855,EMP001971,Lean Manufacturing,Coursera,2021-12-20,Completed
TRN004856,EMP001971,Leadership Development,Deloitte,2025-09-14,Failed
TRN004857,EMP001972,Health and Safety,KPMG,2024-03-01,Completed
TRN004858,EMP001973,Customer Service,Coursera,2024-08-21,Completed
TRN004859,EMP001973,Lean Manufacturing,Deloitte,2021-06-19,In Progress
TRN004860,EMP001973,Risk Management,Geoflex Academy,2019-05-06,Completed
TRN004861,EMP001973,Leadership Development,Geoflex Academy,2020-06-26,Completed
TRN004862,EMP001973,Risk Management,Geoflex Academy,2021-02-05,Failed
TRN004863,EMP001974,Lean Manufacturing,Microsoft,2021-04-19,Completed
TRN004864,EMP001974,Lean Manufacturing,Coursera,2024-07-18,Failed
TRN004865,EMP001974,Risk Management,Microsoft,2020-02-25,Failed
TRN004866,EMP001975,Lean Manufacturing,Microsoft,2021-04-03,Completed
TRN004867,EMP001975,Cybersecurity Awareness,Microsoft,2023-10-05,Completed
TRN004868,EMP001975,Customer Service,Deloitte,2021-03-08,Completed
TRN004869,EMP001975,Customer Service,Geoflex Academy,2025-11-24,Completed
TRN004870,EMP001975,Quality Management,Microsoft,2025-03-02,Completed
TRN004871,EMP001976,Quality Management,Microsoft,2025-05-03,Completed
TRN004872,EMP001976,Data Analytics,Geoflex Academy,2020-10-08,Completed
TRN004873,EMP001976,Leadership Development,Udemy,2023-07-27,In Progress
TRN004874,EMP001977,Health and Safety,KPMG,2020-01-21,Completed
TRN004875,EMP001977,Data Analytics,KPMG,2024-01-03,Completed
TRN004876,EMP001977,Project Management,Deloitte,2022-03-03,Completed
TRN004877,EMP001977,Customer Service,Deloitte,2020-06-24,Completed
TRN004878,EMP001978,Lean Manufacturing,Microsoft,2025-11-16,Completed
TRN004879,EMP001978,Quality Management,KPMG,2023-02-27,Completed
TRN004880,EMP001978,Customer Service,Geoflex Academy,2021-11-09,Failed
TRN004881,EMP001978,Health and Safety,Geoflex Academy,2021-08-05,Completed
TRN004882,EMP001979,Customer Service,Udemy,2024-12-06,Failed
TRN004883,EMP001979,Lean Manufacturing,Coursera,2023-08-20,Completed
TRN004884,EMP001979,Risk Management,Udemy,2025-12-08,Completed
TRN004885,EMP001979,Health and Safety,Deloitte,2023-11-18,Completed
TRN004886,EMP001980,Leadership Development,KPMG,2024-11-24,Failed
TRN004887,EMP001980,Customer Service,Udemy,2020-03-09,Failed
TRN004888,EMP001980,Data Analytics,Deloitte,2019-05-25,Completed
TRN004889,EMP001980,Quality Management,Deloitte,2021-10-25,Completed
TRN004890,EMP001980,Cybersecurity Awareness,Udemy,2021-03-20,Completed
TRN004891,EMP001981,Cybersecurity Awareness,Coursera,2023-01-20,Completed
TRN004892,EMP001981,Cybersecurity Awareness,Microsoft,2020-06-18,Failed
TRN004893,EMP001981,Data Analytics,KPMG,2023-03-17,Completed
TRN004894,EMP001981,Health and Safety,Udemy,2021-05-25,Completed
TRN004895,EMP001981,Data Analytics,KPMG,2023-04-26,Completed
TRN004896,EMP001982,Risk Management,KPMG,2024-12-05,Completed
TRN004897,EMP001982,Quality Management,Geoflex Academy,2023-10-15,Completed
TRN004898,EMP001982,Customer Service,Deloitte,2025-03-09,Failed
TRN004899,EMP001982,Lean Manufacturing,Coursera,2024-12-01,In Progress
TRN004900,EMP001982,Compliance Training,Microsoft,2024-10-08,Failed
TRN004901,EMP001983,Data Analytics,Microsoft,2022-10-03,Completed
TRN004902,EMP001983,Lean Manufacturing,Deloitte,2022-01-15,Completed
TRN004903,EMP001983,Leadership Development,Coursera,2021-03-16,In Progress
TRN004904,EMP001984,Lean Manufacturing,Coursera,2023-08-20,Completed
TRN004905,EMP001984,Leadership Development,Microsoft,2019-01-15,Completed
TRN004906,EMP001984,Compliance Training,Microsoft,2021-02-01,In Progress
TRN004907,EMP001985,Data Analytics,KPMG,2025-04-08,Completed
TRN004908,EMP001985,Cybersecurity Awareness,KPMG,2025-07-19,Completed
TRN004909,EMP001986,Lean Manufacturing,Geoflex Academy,2024-05-14,In Progress
TRN004910,EMP001986,Customer Service,Microsoft,2020-07-09,Failed
TRN004911,EMP001986,Data Analytics,Microsoft,2023-05-23,In Progress
TRN004912,EMP001987,Data Analytics,Deloitte,2023-08-08,Failed
TRN004913,EMP001987,Cybersecurity Awareness,Deloitte,2019-08-23,Completed
TRN004914,EMP001988,LEAN manufacturing,KPMG,2023-03-03,In Progress
TRN004915,EMP001988,Cybersecurity Awareness,Microsoft,2020-07-06,Completed
TRN004916,EMP001988,Leadership Development,Geoflex Academy,2023-04-04,Failed
TRN004917,EMP001988,Project Management,Microsoft,2019-02-07,Completed
TRN004918,EMP001989,Lean Manufacturing,Coursera,2025-01-26,Failed
TRN004919,EMP001989,Quality Management,KPMG,2024-04-11,Completed
TRN004920,EMP001990,Quality Management,Geoflex Academy,2021-11-16,Failed
TRN004921,EMP001990,Compliance Training,Coursera,2025-05-06,Completed
TRN004922,EMP001990,Compliance Training,Geoflex Academy,2020-12-22,In Progress
TRN004923,EMP001990,Health and Safety,Coursera,2024-07-04,In Progress
TRN004924,EMP001991,Risk Management,Microsoft,2022-08-14,Completed
TRN004925,EMP001991,Risk Management,Deloitte,2024-02-28,Completed
TRN004926,EMP001992,Compliance Training,Udemy,2023-04-28,Failed
TRN004927,EMP001992,Customer Service,,2020-07-06,Completed
TRN004928,EMP001993,Cybersecurity Awareness,Geoflex Academy,2024-10-23,Completed
TRN004929,EMP001993,Health and Safety,Microsoft,2023-05-24,In Progress
TRN004930,EMP001993,Risk Management,Coursera,2024-07-11,Completed
TRN004931,EMP001993,Risk Management,Geoflex Academy,2022-06-06,Completed
TRN004932,EMP001994,Project Management,KPMG,2019-02-28,In Progress
TRN004933,EMP001994,Quality Management,Deloitte,2019-05-07,Completed
TRN004934,EMP001994,Data Analytics,Udemy,2025-12-11,Failed
TRN004935,EMP001995,Customer Service,Coursera,2023-10-09,In Progress
TRN004936,EMP001995,Health and Safety,Geoflex Academy,2025-12-13,Completed
TRN004937,EMP001995,Health and Safety,Microsoft,2021-02-13,In Progress
TRN004938,EMP001995,Risk Management,Udemy,2025-03-08,Completed
TRN004939,EMP001996,Cybersecurity Awareness,KPMG,2021-12-14,Completed
TRN004940,EMP001996,Project Management,Deloitte,2021-10-05,In Progress
TRN004941,EMP001996,Quality Management,Udemy,2020-08-19,Failed
TRN004942,EMP001996,Risk Management,Microsoft,2023-10-17,Completed
TRN004943,EMP001996,Health and Safety,Udemy,2023-09-12,Failed
TRN004944,EMP001998,Customer Service,Coursera,2023-10-18,Completed
TRN004945,EMP001998,Lean Manufacturing,Deloitte,2021-09-04,Failed
TRN004946,EMP001998,Leadership Development,KPMG,2025-12-08,Completed
TRN004947,EMP001998,Quality Management,Geoflex Academy,2021-04-07,Completed
TRN004948,EMP001999,Customer Service,Udemy,2021-08-11,In Progress
TRN004949,EMP001999,Compliance Training,Deloitte,2021-04-15,Completed
TRN004950,EMP001999,Health and Safety,Microsoft,2024-01-25,Completed
TRN004951,EMP001999,Customer Service,Microsoft,2019-08-21,In Progress
TRN004952,EMP001999,Lean Manufacturing,Coursera,2019-11-19,In Progress
TRN004953,EMP002000,Health and Safety,Geoflex Academy,2020-07-01,Completed
TRN004954,EMP002000,Leadership Development,KPMG,2019-03-12,Failed
TRN004955,EMP002001,Lean Manufacturing,Geoflex Academy,2019-03-27,In Progress
TRN004956,EMP002002,Project Management,Udemy,2023-06-15,Completed
TRN004957,EMP002002,Project Management,Geoflex Academy,2021-06-07,Completed
TRN004958,EMP002002,Quality Management,Coursera,2019-10-07,Completed
TRN004959,EMP002002,Compliance Training,Coursera,2023-02-27,Completed
TRN004960,EMP002002,Data Analytics,Geoflex Academy,2022-10-08,Failed
TRN004961,EMP002003,PM,Udemy,2020-06-21,Completed
TRN004962,EMP002003,Risk Management,Geoflex Academy,2019-03-06,Failed
TRN004963,EMP002003,Customer Service,Udemy,2025-07-13,Completed
TRN004964,EMP002003,Quality Management,Microsoft,2025-05-07,Failed
TRN004965,EMP002003,Customer Service,Coursera,2022-03-28,In Progress
TRN004966,EMP002004,Cybersecurity Awareness,Coursera,2023-06-28,Completed
TRN004967,EMP002004,Project Management,Coursera,2025-07-18,Completed
TRN004968,EMP002005,Leadership Development,Coursera,2019-09-17,In Progress
TRN004969,EMP002005,Leadership Development,KPMG,2022-02-16,In Progress
TRN004970,EMP002005,Leadership Development,KPMG,2021-12-28,Completed
TRN004971,EMP002005,Compliance Training,Udemy,2025-02-07,Completed
TRN004972,EMP002005,Project Management,Microsoft,2020-05-15,In Progress
TRN004973,EMP002006,Leadership Development,Deloitte,2025-05-16,Failed
TRN004974,EMP002007,Leadership Development,Geoflex Academy,2022-07-11,Completed
TRN004975,EMP002007,Compliance Training,KPMG,2019-04-02,Completed
TRN004976,EMP002008,Risk Management,Geoflex Academy,2019-04-01,Completed
TRN004977,EMP002008,Leadership Development,Coursera,2020-12-17,Failed
TRN004978,EMP002008,Compliance Training,KPMG,2024-11-15,Completed
TRN004979,EMP002009,Health and Safety,Geoflex Academy,2020-10-12,In Progress
TRN004980,EMP002009,Compliance Training,KPMG,2022-12-04,In Progress
TRN004981,EMP002011,Data Analytics,Coursera,2023-05-13,Completed
TRN004982,EMP002011,Risk Management,Microsoft,2022-11-20,Completed
TRN004983,EMP002011,Quality Management,Geoflex Academy,2020-06-17,Completed
TRN004984,EMP002012,Data Analytics,Microsoft,2025-04-27,Completed
TRN004985,EMP002012,Project Management,Deloitte,2020-02-01,Completed
TRN004986,EMP002014,Health and Safety,Geoflex Academy,2023-06-09,Completed
TRN004987,EMP002014,Project Management,Geoflex Academy,2022-03-20,Failed
TRN004988,EMP002015,Project Management,Microsoft,2022-06-13,Completed
TRN004989,EMP002017,Health and Safety,Udemy,2021-12-04,In Progress
TRN004990,EMP002017,Customer Service,KPMG,2019-11-11,Completed
TRN004991,EMP002017,Lean Manufacturing,Coursera,2019-12-03,In Progress
TRN004992,EMP002017,Risk Management,Geoflex Academy,2024-08-06,In Progress
TRN004993,EMP002018,Health and Safety,Geoflex Academy,2024-02-25,Completed
TRN004994,EMP002018,Data Analytics,KPMG,2020-03-04,Completed
TRN004995,EMP002018,Cybersecurity Awareness,Deloitte,2023-12-13,Completed
TRN004996,EMP002018,Health and Safety,Microsoft,2022-04-01,Failed
TRN004997,EMP002018,Leadership Development,Microsoft,2021-03-06,Completed
TRN004998,EMP002019,Health and Safety,Microsoft,2022-12-03,Completed
TRN004999,EMP002019,Cybersecurity Awareness,Deloitte,2022-06-28,Completed
TRN005000,EMP002021,Compliance Training,KPMG,2025-02-24,Failed
TRN005001,EMP002021,Health and Safety,Coursera,2025-05-19,Completed
TRN005002,EMP002022,Risk Management,,2023-11-18,Failed
TRN005003,EMP002022,Customer Service,KPMG,2022-12-28,Completed
TRN005004,EMP002022,Data Analytics,Deloitte,2025-06-10,Completed
TRN005005,EMP002024,Quality Management,KPMG,2020-02-16,Failed
TRN005006,EMP002024,Risk Management,Udemy,2024-02-16,Failed
TRN005007,EMP002024,Data Analytics,Microsoft,2025-02-25,Completed
TRN005008,EMP002024,Compliance Training,Geoflex Academy,2023-05-06,Failed
TRN005009,EMP002025,Risk Management,Microsoft,2022-03-12,Completed
TRN005010,EMP002025,Quality Management,Udemy,2024-06-20,In Progress
TRN005011,EMP002025,Data analytics,Coursera,2019-05-07,Completed
TRN005012,EMP002025,Quality Management,KPMG,2020-01-17,In Progress
TRN005013,EMP002025,Health and Safety,Deloitte,2024-04-22,Failed
TRN005014,EMP002026,Quality Management,Microsoft,2020-08-24,In Progress
TRN005015,EMP002026,Quality Management,Deloitte,2021-12-13,Failed
TRN005016,EMP002026,Customer Service,Deloitte,2020-10-25,Failed
TRN005017,EMP002026,Customer Service,Deloitte,2025-12-08,Completed
TRN005018,EMP002027,Health and Safety,Deloitte,2022-02-25,Failed
TRN005019,EMP002029,Compliance Training,KPMG,2021-11-15,Completed
TRN005020,EMP002030,Customer care,Coursera,2023-11-04,Completed
TRN005021,EMP002030,Compliance Training,Coursera,2022-10-12,Completed
TRN005022,EMP002030,Quality Management,Geoflex Academy,2023-09-11,Completed
TRN005023,EMP002031,Health and Safety,Udemy,2021-03-17,Completed
TRN005024,EMP002031,Customer Service,Microsoft,2019-10-22,Completed
TRN005025,EMP002031,Lean Manufacturing,Coursera,2023-06-14,In Progress
TRN005026,EMP002032,Risk Management,Deloitte,2021-12-25,In Progress
TRN005027,EMP002032,Quality Management,Deloitte,2021-03-17,Completed
TRN005028,EMP002032,Lean Manufacturing,KPMG,2025-02-21,Failed
TRN005029,EMP002032,Cybersecurity Awareness,Deloitte,2021-09-18,Completed
TRN005030,EMP002033,Lean Manufacturing,Coursera,2020-12-27,Completed
TRN005031,EMP002033,Risk Management,KPMG,2021-03-14,Failed
TRN005032,EMP002033,Risk Management,Deloitte,2023-05-20,Failed
TRN005033,EMP002034,Health and Safety,Coursera,2025-05-03,Failed
TRN005034,EMP002034,Lean Manufacturing,Geoflex Academy,2022-11-28,Completed
TRN005035,EMP002034,Lean Manufacturing,Microsoft,2019-11-01,Completed
TRN005036,EMP002034,Data Analytics,KPMG,2022-01-28,Completed
TRN005037,EMP002035,Project Management,Udemy,2025-09-23,Completed
TRN005038,EMP002037,Project Management,Deloitte,2024-03-28,Completed
TRN005039,EMP002037,Project Management,Deloitte,2025-12-01,Completed
TRN005040,EMP002037,Quality Management,Geoflex Academy,2024-01-26,Failed
TRN005041,EMP002037,Quality Management,Udemy,2020-02-27,Completed
TRN005042,EMP002037,Compliance Training,Coursera,2021-05-26,Completed
TRN005043,EMP002038,Lean Manufacturing,Deloitte,2025-07-08,Failed
TRN005044,EMP002040,Lean Manufacturing,Geoflex Academy,2021-08-06,Failed
TRN005045,EMP002040,Data Analytics,Deloitte,2019-09-09,Failed
TRN005046,EMP002040,Quality Management,Udemy,2024-09-11,Completed
TRN005047,EMP002041,Project Management,Udemy,2019-08-28,Completed
TRN005048,EMP002041,Health and Safety,KPMG,2025-01-05,Completed
TRN005049,EMP002041,Compliance Training,Udemy,2022-09-19,Completed
TRN005050,EMP002042,Data analytics,Udemy,2020-07-18,Completed
TRN005051,EMP002042,Data Analytics,Coursera,2022-06-19,Completed
TRN005052,EMP002042,Cybersecurity Awareness,Coursera,2022-02-20,Completed
TRN005053,EMP002043,Cybersecurity Awareness,,2023-05-21,In Progress
TRN005054,EMP002044,Leadership Development,Deloitte,2023-12-25,Failed
TRN005055,EMP002044,Health and Safety,Deloitte,2022-04-26,Completed
TRN005056,EMP002044,Compliance Training,Udemy,2025-07-27,Completed
TRN005057,EMP002044,Data Analytics,Deloitte,2025-03-01,Completed
TRN005058,EMP002045,Leadership Development,Microsoft,2024-07-10,Completed
TRN005059,EMP002045,Cybersecurity Awareness,KPMG,2022-02-04,Completed
TRN005060,EMP002045,Project Management,Microsoft,2024-04-10,Completed
TRN005061,EMP002045,Leadership Development,Udemy,2020-06-22,Failed
TRN005062,EMP002046,Cyber Security,Coursera,2020-07-27,Completed
TRN005063,EMP002046,Lean Manufacturing,KPMG,2019-09-09,Completed
TRN005064,EMP002046,Cybersecurity Awareness,KPMG,2024-07-26,Failed
TRN005065,EMP002046,Quality Management,Coursera,2024-07-03,In Progress
TRN005066,EMP002046,Quality Management,,2023-05-03,Completed
TRN005067,EMP002047,Lean Manufacturing,Microsoft,2022-04-15,Completed
TRN005068,EMP002047,Data Analytics,Microsoft,2024-08-28,Completed
TRN005069,EMP002048,Risk Management,Geoflex Academy,2019-10-23,Failed
TRN005070,EMP002048,Lean Manufacturing,Udemy,2019-11-13,Completed
TRN005071,EMP002049,Risk Management,Deloitte,2020-05-20,In Progress
TRN005072,EMP002049,Leadership Development,Geoflex Academy,2019-04-14,Completed
TRN005073,EMP002049,Health and Safety,Geoflex Academy,2024-04-20,Failed
TRN005074,EMP002050,Compliance Training,KPMG,2021-04-10,Completed
TRN005075,EMP002050,LEAN manufacturing,Udemy,2019-04-11,Completed
TRN005076,EMP002051,Quality Management,Deloitte,2025-10-14,Completed
TRN005077,EMP002053,Data Analytics,Microsoft,2025-05-12,In Progress
TRN005078,EMP002054,Lean Manufacturing,KPMG,2024-05-09,Failed
TRN005079,EMP002054,Data Analytics,Deloitte,2019-03-06,Completed
TRN005080,EMP002055,Leadership Development,Udemy,2023-11-22,Failed
TRN005081,EMP002055,Risk Management,KPMG,2022-02-27,In Progress
TRN005082,EMP002055,Data Analytics,Deloitte,2022-08-28,Failed
TRN005083,EMP002055,Project Management,Microsoft,2024-06-02,Completed
TRN005084,EMP002056,Quality Management,KPMG,2019-04-20,In Progress
TRN005085,EMP002056,Lean Manufacturing,Deloitte,2019-06-24,Completed
TRN005086,EMP002056,Quality Management,Coursera,2023-07-12,Completed
TRN005087,EMP002056,Customer Service,Microsoft,2025-04-16,In Progress
TRN005088,EMP002056,Compliance Training,KPMG,2024-01-15,In Progress
TRN005089,EMP002057,Customer care,Udemy,2025-09-20,In Progress
TRN005090,EMP002057,Lean Manufacturing,Coursera,2021-05-27,In Progress
TRN005091,EMP002057,Risk Management,KPMG,2019-04-20,Completed
TRN005092,EMP002057,Health and Safety,Microsoft,2019-02-07,Failed
TRN005093,EMP002059,Quality Management,Deloitte,2020-12-05,Completed
TRN005094,EMP002059,Health and Safety,Udemy,2020-12-25,In Progress
TRN005095,EMP002059,Customer Service,Udemy,2023-04-05,Failed
TRN005096,EMP002059,Lean Manufacturing,KPMG,2022-03-07,In Progress
TRN005097,EMP002060,Customer Service,Microsoft,2022-01-05,Failed
TRN005098,EMP002060,Risk Management,Deloitte,2024-10-18,Failed
TRN005099,EMP002060,Lean Manufacturing,Geoflex Academy,2025-10-20,In Progress
TRN005100,EMP002060,Compliance Training,Udemy,2024-01-20,Failed
TRN005101,EMP002061,Quality Management,Deloitte,2020-07-25,Completed
TRN005102,EMP002061,Lean Manufacturing,Geoflex Academy,2023-09-15,Completed
TRN005103,EMP002061,Leadership Development,Deloitte,2022-01-06,In Progress
TRN005104,EMP002061,Project Management,KPMG,2020-03-14,Completed
TRN005105,EMP002061,Risk Management,Microsoft,2023-01-24,In Progress
TRN005106,EMP002062,Lean Manufacturing,Coursera,2021-06-22,Completed
TRN005107,EMP002062,Leadership Development,Geoflex Academy,2021-11-12,Completed
TRN005108,EMP002063,Compliance Training,KPMG,2019-11-16,In Progress
TRN005109,EMP002064,Quality Management,Coursera,2021-11-13,In Progress
TRN005110,EMP002064,Data Analytics,Microsoft,2019-04-23,Completed
TRN005111,EMP002064,Project Management,KPMG,2019-03-25,Completed
TRN005112,EMP002065,Compliance Training,Microsoft,2024-05-24,Completed
TRN005113,EMP002065,Cybersecurity Awareness,KPMG,2020-06-07,Failed
TRN005114,EMP002065,Leadership Development,Coursera,2019-12-24,Completed
TRN005115,EMP002066,Customer Service,Coursera,2025-07-01,In Progress
TRN005116,EMP002066,Compliance Training,KPMG,2019-04-26,Completed
TRN005117,EMP002066,Project Management,Coursera,2021-04-08,Completed
TRN005118,EMP002066,Customer Service,Deloitte,2021-01-19,Completed
TRN005119,EMP002068,Leadership Development,Microsoft,2023-01-21,Completed
TRN005120,EMP002068,Customer Service,Udemy,2024-12-04,Completed
TRN005121,EMP002068,Lean Manufacturing,KPMG,2019-10-10,Completed
TRN005122,EMP002068,Leadership Development,Coursera,2024-05-12,Failed
TRN005123,EMP002068,Cybersecurity Awareness,Deloitte,2024-04-19,Failed
TRN005124,EMP002069,Leadership Development,Udemy,2021-09-03,Failed
TRN005125,EMP002069,Leadership Development,Geoflex Academy,2020-07-24,In Progress
TRN005126,EMP002069,Data Analytics,Coursera,2023-11-18,Completed
TRN005127,EMP002069,Lean Manufacturing,Coursera,2022-08-01,In Progress
TRN005128,EMP002069,Compliance Training,KPMG,2021-09-17,Completed
TRN005129,EMP002070,Cybersecurity Awareness,Microsoft,2024-04-22,In Progress
TRN005130,EMP002070,Quality Management,Geoflex Academy,2025-10-20,Failed
TRN005131,EMP002070,Quality Management,Coursera,2024-10-09,In Progress
TRN005132,EMP002070,Health and Safety,KPMG,2019-04-11,In Progress
TRN005133,EMP002071,Customer Service,Deloitte,2022-05-22,Completed
TRN005134,EMP002071,Data Analytics,Deloitte,2019-04-15,Completed
TRN005135,EMP002071,Health and Safety,Microsoft,2023-05-16,Completed
TRN005136,EMP002072,Project Management,Microsoft,2025-05-06,Completed
TRN005137,EMP002072,Data Analytics,KPMG,2022-08-07,Completed
TRN005138,EMP002072,Risk Management,Microsoft,2021-08-24,In Progress
TRN005139,EMP002073,Customer Service,Deloitte,2023-06-22,Completed
TRN005140,EMP002073,Compliance Training,Udemy,2024-04-09,Failed
TRN005141,EMP002073,Data Analytics,KPMG,2024-05-16,In Progress
TRN005142,EMP002074,Leadership Development,Udemy,2024-08-13,In Progress
TRN005143,EMP002074,Lean Manufacturing,Geoflex Academy,2021-06-27,In Progress
TRN005144,EMP002074,Customer Service,KPMG,2019-06-26,Completed
TRN005145,EMP002075,Risk Management,Coursera,2020-08-04,Completed
TRN005146,EMP002075,Quality Management,Microsoft,2024-09-23,Completed
TRN005147,EMP002076,Compliance Training,Geoflex Academy,2022-09-19,Completed
TRN005148,EMP002076,Leadership Development,Coursera,2019-07-03,Completed
TRN005149,EMP002077,Leadership Development,Deloitte,2021-12-20,Completed
TRN005150,EMP002077,Cybersecurity Awareness,Microsoft,2025-12-24,Completed
TRN005151,EMP002077,Customer Service,Deloitte,2021-01-23,Completed
TRN005152,EMP002077,Project Management,Coursera,2022-04-27,Completed
TRN005153,EMP002078,Risk Management,Geoflex Academy,2021-08-27,Completed
TRN005154,EMP002078,Compliance Training,Coursera,2022-03-21,Completed
TRN005155,EMP002078,Cybersecurity Awareness,Udemy,2024-09-21,Completed
TRN005156,EMP002078,Quality Management,Deloitte,2022-10-10,Completed
TRN005157,EMP002078,Lean Manufacturing,,2019-06-08,Completed
TRN005158,EMP002079,Cybersecurity Awareness,Udemy,2019-01-22,Completed
TRN005159,EMP002079,LEAN manufacturing,Udemy,2020-10-10,Completed
TRN005160,EMP002079,Risk Management,Microsoft,2019-09-13,In Progress
TRN005161,EMP002079,Cybersecurity Awareness,Coursera,2021-10-06,Failed
TRN005162,EMP002079,Lean Manufacturing,KPMG,2020-01-08,Completed
TRN005163,EMP002080,Compliance Training,Coursera,2025-12-19,In Progress
TRN005164,EMP002080,Quality Management,Udemy,2019-05-14,Completed
TRN005165,EMP002081,Customer Service,Microsoft,2023-04-23,Completed
TRN005166,EMP002081,Quality Management,Udemy,2024-05-25,Completed
TRN005167,EMP002082,Health and Safety,Udemy,2022-09-07,In Progress
TRN005168,EMP002082,Leadership Development,KPMG,2023-04-27,In Progress
TRN005169,EMP002083,Customer Service,KPMG,2020-03-26,Failed
TRN005170,EMP002083,Leadership Development,Deloitte,2022-11-03,In Progress
TRN005171,EMP002083,Leadership Development,Coursera,2025-05-24,Completed
TRN005172,EMP002083,Project Management,KPMG,2020-04-28,Failed
TRN005173,EMP002084,Leadership Development,Microsoft,2022-07-19,Completed
TRN005174,EMP002084,Data Analytics,Microsoft,2023-05-06,Completed
TRN005175,EMP002085,Project Management,Geoflex Academy,2021-03-16,Completed
TRN005176,EMP002085,Compliance Training,Coursera,2022-02-27,Completed
TRN005177,EMP002086,Lean Manufacturing,KPMG,2021-08-07,Completed
TRN005178,EMP002086,Cybersecurity Awareness,Geoflex Academy,2022-12-21,Failed
TRN005179,EMP002087,Customer Service,Coursera,2020-05-11,Failed
TRN005180,EMP002087,Leadership Development,KPMG,2022-05-07,Completed
TRN005181,EMP002088,Leadership Development,Coursera,2019-02-04,In Progress
TRN005182,EMP002088,Risk Management,Udemy,2024-10-09,Failed
TRN005183,EMP002088,Leadership Development,Microsoft,2025-10-23,Completed
TRN005184,EMP002088,Project Management,Udemy,2022-02-11,Completed
TRN005185,EMP002089,Project Management,Deloitte,2020-03-11,Failed
TRN005186,EMP002089,Lean Manufacturing,Coursera,2025-06-05,Completed
TRN005187,EMP002089,Leadership Development,,2021-11-16,Completed
TRN005188,EMP002089,Customer Service,Coursera,2024-09-04,Completed
TRN005189,EMP002089,Customer Service,KPMG,2023-07-12,Failed
TRN005190,EMP002090,Compliance Training,Coursera,2019-12-11,In Progress
TRN005191,EMP002092,Leadership Development,Coursera,2021-12-01,Completed
TRN005192,EMP002092,Lean Manufacturing,Microsoft,2024-07-05,Completed
TRN005193,EMP002092,Compliance Training,Deloitte,2025-09-12,In Progress
TRN005194,EMP002092,Health and Safety,Geoflex Academy,2023-06-28,Completed
TRN005195,EMP002094,Data Analytics,KPMG,2019-12-18,Failed
TRN005196,EMP002094,Data Analytics,Microsoft,2022-08-13,In Progress
TRN005197,EMP002094,Data Analytics,Coursera,2023-01-21,Failed
TRN005198,EMP002095,Quality Management,Coursera,2021-01-09,Completed
TRN005199,EMP002095,Cybersecurity Awareness,Deloitte,2019-08-10,Completed
TRN005200,EMP002095,Customer Service,Coursera,2022-02-05,Completed
TRN005201,EMP002095,Compliance Training,Deloitte,2023-01-28,Completed
TRN005202,EMP002095,Lean Manufacturing,Microsoft,2024-09-13,Failed
TRN005203,EMP002096,Data Analytics,KPMG,2024-04-05,Completed
TRN005204,EMP002097,Risk Management,KPMG,2019-07-26,Completed
TRN005205,EMP002097,Leadership Development,Geoflex Academy,2019-10-18,Completed
TRN005206,EMP002097,Customer Service,Deloitte,2021-03-08,Completed
TRN005207,EMP002098,Risk Management,Microsoft,2024-01-28,Completed
TRN005208,EMP002098,Compliance Training,Coursera,2024-12-06,Completed
TRN005209,EMP002098,Lean Manufacturing,KPMG,2022-04-26,In Progress
TRN005210,EMP002099,Customer Service,Udemy,2022-03-20,Completed
TRN005211,EMP002099,Data Analytics,Udemy,2025-12-14,Completed
TRN005212,EMP002099,Health and Safety,Microsoft,2020-01-10,Completed
TRN005213,EMP002099,Compliance Training,Geoflex Academy,2025-08-14,In Progress
TRN005214,EMP002100,Compliance Training,,2019-12-02,Completed
TRN005215,EMP002101,Leadership Development,,2025-06-08,Failed
TRN005216,EMP002102,Health and Safety,Coursera,2019-01-08,Completed
TRN005217,EMP002103,Customer Service,KPMG,2023-11-10,Completed
TRN005218,EMP002104,Lean Manufacturing,Microsoft,2023-10-22,Completed
TRN005219,EMP002104,Lean Manufacturing,Udemy,2021-08-24,In Progress
TRN005220,EMP002104,Cybersecurity Awareness,KPMG,2025-01-01,Completed
TRN005221,EMP002104,Data Analytics,Coursera,2020-04-19,Completed
TRN005222,EMP002105,Project Management,KPMG,2020-01-16,Completed
TRN005223,EMP002105,Health and Safety,Deloitte,2020-12-22,Completed
TRN005224,EMP002105,Lean Manufacturing,Udemy,2021-05-04,Completed
TRN005225,EMP002105,Health and Safety,KPMG,2022-02-02,Completed
TRN005226,EMP002106,Leadership Development,Geoflex Academy,2022-05-07,Completed
TRN005227,EMP002107,Quality Management,Deloitte,2025-04-04,Completed
TRN005228,EMP002107,Health and Safety,Geoflex Academy,2025-03-21,In Progress
TRN005229,EMP002108,Quality Management,Coursera,2022-07-07,In Progress
TRN005230,EMP002108,Quality Management,KPMG,2023-07-15,Completed
TRN005231,EMP002108,Project Management,Udemy,2020-02-26,In Progress
TRN005232,EMP002109,Customer Service,Udemy,2019-08-21,Completed
TRN005233,EMP002109,Leadership Development,Microsoft,2022-09-10,Completed
TRN005234,EMP002109,Quality Management,Geoflex Academy,2019-12-27,Completed
TRN005235,EMP002111,Lean Manufacturing,Geoflex Academy,2025-01-05,In Progress
TRN005236,EMP002111,Risk Management,Microsoft,2022-07-07,Completed
TRN005237,EMP002111,Leadership Development,Geoflex Academy,2024-10-12,In Progress
TRN005238,EMP002111,Lean Manufacturing,Microsoft,2024-06-17,In Progress
TRN005239,EMP002112,Compliance Training,Deloitte,2025-05-23,Completed
TRN005240,EMP002112,Data Analytics,KPMG,2021-07-09,In Progress
TRN005241,EMP002112,Data analytics,KPMG,2023-05-09,Completed
TRN005242,EMP002113,Customer care,Udemy,2022-06-11,In Progress
TRN005243,EMP002113,Project Management,KPMG,2020-04-03,Completed
TRN005244,EMP002113,Quality Management,Geoflex Academy,2022-08-24,Completed
TRN005245,EMP002113,Quality Management,Geoflex Academy,2023-08-27,In Progress
TRN005246,EMP002113,Lean Manufacturing,Deloitte,2023-02-17,Completed
TRN005247,EMP002116,Project Management,Deloitte,2022-02-26,Completed
TRN005248,EMP002117,Leadership Development,Microsoft,2025-05-18,Completed
TRN005249,EMP002117,Risk Management,Udemy,2021-03-11,Completed
TRN005250,EMP002119,Cybersecurity Awareness,Coursera,2024-04-28,Failed
TRN005251,EMP002119,Risk Management,KPMG,2024-03-22,Completed
TRN005252,EMP002119,Compliance Training,Udemy,2021-09-05,Completed
TRN005253,EMP002119,Risk Management,Udemy,2020-12-19,Completed
TRN005254,EMP002119,Data Analytics,Coursera,2021-06-08,Completed
TRN005255,EMP002120,Compliance Training,KPMG,2020-06-02,Failed
TRN005256,EMP002120,Quality Management,Microsoft,2019-02-06,In Progress
TRN005257,EMP002120,Leadership Development,Udemy,2019-04-23,Completed
TRN005258,EMP002121,Data Analytics,Deloitte,2021-03-15,Completed
TRN005259,EMP002121,Cybersecurity Awareness,Deloitte,2021-06-17,In Progress
TRN005260,EMP002121,Project Management,Udemy,2019-10-25,Completed
TRN005261,EMP002121,Quality Management,Microsoft,2024-12-04,Completed
TRN005262,EMP002121,Lean Manufacturing,Geoflex Academy,2025-04-17,Completed
TRN005263,EMP002122,Compliance Training,Udemy,2023-09-02,Completed
TRN005264,EMP002122,Risk Management,Coursera,2020-04-13,In Progress
TRN005265,EMP002122,Project Management,Deloitte,2020-12-02,In Progress
TRN005266,EMP002122,Project Management,KPMG,2024-01-02,Failed
TRN005267,EMP002123,Lean Manufacturing,KPMG,2020-04-17,Completed
TRN005268,EMP002124,Customer Service,Deloitte,2021-09-05,Completed
TRN005269,EMP002124,Health and Safety,Deloitte,2025-03-18,Completed
TRN005270,EMP002124,Risk Management,Microsoft,2024-08-19,Failed
TRN005271,EMP002126,Customer care,Geoflex Academy,2020-04-14,In Progress
TRN005272,EMP002127,Project Management,Udemy,2021-06-05,Failed
TRN005273,EMP002127,Data Analytics,Coursera,2025-12-13,Completed
TRN005274,EMP002127,Leadership Development,Deloitte,2021-04-18,Completed
TRN005275,EMP002130,Data Analytics,Deloitte,2020-07-20,Completed
TRN005276,EMP002130,Data Analytics,Microsoft,2023-05-25,Completed
TRN005277,EMP002131,Leadership Development,Geoflex Academy,2022-08-08,In Progress
TRN005278,EMP002131,Lean Manufacturing,KPMG,2021-04-06,Failed
TRN005279,EMP002131,Customer Service,Geoflex Academy,2025-06-23,Completed
TRN005280,EMP002131,Data Analytics,Coursera,2019-12-16,Completed
TRN005281,EMP002132,Compliance Training,KPMG,2025-08-13,Failed
TRN005282,EMP002132,Health and Safety,Geoflex Academy,2024-09-03,Completed
TRN005283,EMP002132,Project Management,Microsoft,2021-08-16,In Progress
TRN005284,EMP002132,Lean Manufacturing,Microsoft,2025-09-17,Completed
TRN005285,EMP002132,Quality Management,Microsoft,2023-03-16,In Progress
TRN005286,EMP002133,Data Analytics,Geoflex Academy,2024-07-28,Completed
TRN005287,EMP002133,PM,KPMG,2023-03-26,Completed
TRN005288,EMP002134,Lean Manufacturing,Coursera,2022-04-06,Completed
TRN005289,EMP002134,Customer Service,Geoflex Academy,2020-05-23,Completed
TRN005290,EMP002135,Risk Management,Microsoft,2025-01-06,Completed
TRN005291,EMP002135,Data Analytics,KPMG,2020-10-28,Completed
TRN005292,EMP002135,Health and Safety,KPMG,2020-04-02,In Progress
TRN005293,EMP002135,Health and Safety,Microsoft,2024-03-15,Completed
TRN005294,EMP002135,Risk Management,,2021-06-12,Failed
TRN005295,EMP002136,Quality Management,Udemy,2025-08-15,Completed
TRN005296,EMP002136,Leadership Development,Udemy,2023-03-07,Completed
TRN005297,EMP002136,Lean Manufacturing,KPMG,2021-08-12,Completed
TRN005298,EMP002138,Project Management,Microsoft,2025-10-04,Completed
TRN005299,EMP002138,Quality Management,KPMG,2021-01-21,Completed
TRN005300,EMP002138,Customer Service,Udemy,2025-01-07,Completed
TRN005301,EMP002138,Project Management,Coursera,2022-05-14,In Progress
TRN005302,EMP002138,PM,Geoflex Academy,2024-02-24,Failed
TRN005303,EMP002139,Lean Manufacturing,Microsoft,2020-04-19,In Progress
TRN005304,EMP002139,Cybersecurity Awareness,Udemy,2022-04-20,Completed
TRN005305,EMP002140,Compliance Training,Udemy,2023-06-14,In Progress
TRN005306,EMP002140,Lean Manufacturing,Geoflex Academy,2021-06-13,Completed
TRN005307,EMP002141,Customer Service,Coursera,2022-03-26,Completed
TRN005308,EMP002141,Risk Management,Coursera,2020-03-23,Completed
TRN005309,EMP002141,Health and Safety,Microsoft,2022-02-24,In Progress
TRN005310,EMP002141,Quality Management,Geoflex Academy,2025-05-02,Completed
TRN005311,EMP002141,Lean Manufacturing,Geoflex Academy,2020-10-19,In Progress
TRN005312,EMP002142,Compliance Training,Coursera,2019-09-12,Completed
TRN005313,EMP002142,Risk Management,KPMG,2022-04-08,Failed
TRN005314,EMP002142,Data Analytics,Geoflex Academy,2020-08-02,In Progress
TRN005315,EMP002143,Compliance Training,Deloitte,2023-06-02,Completed
TRN005316,EMP002143,Compliance Training,Coursera,2021-01-25,Completed
TRN005317,EMP002143,Customer Service,Udemy,2024-10-21,Completed
TRN005318,EMP002143,Lean Manufacturing,Deloitte,2020-02-22,Completed
TRN005319,EMP002143,Leadership Development,KPMG,2023-12-19,Completed
TRN005320,EMP002144,Compliance Training,Deloitte,2023-11-08,Completed
TRN005321,EMP002144,Lean Manufacturing,KPMG,2025-10-26,In Progress
TRN005322,EMP002144,Leadership Development,Coursera,2023-07-27,Failed
TRN005323,EMP002144,Quality Management,KPMG,2023-08-02,Failed
TRN005324,EMP002144,Data Analytics,KPMG,2022-07-07,Completed
TRN005325,EMP002147,Risk Management,KPMG,2019-11-26,Completed
TRN005326,EMP002147,Data Analytics,KPMG,2024-07-23,Completed
TRN005327,EMP002147,Lean Manufacturing,KPMG,2024-02-22,Completed
TRN005328,EMP002147,Lean Manufacturing,Microsoft,2020-06-21,Completed
TRN005329,EMP002147,Health and Safety,KPMG,2021-02-14,Completed
TRN005330,EMP002148,Customer Service,Coursera,2022-09-10,Completed
TRN005331,EMP002148,Quality Management,Deloitte,2019-07-12,Completed
TRN005332,EMP002148,Lean Manufacturing,KPMG,2022-06-05,Failed
TRN005333,EMP002149,Risk Management,Deloitte,2022-08-19,In Progress
TRN005334,EMP002149,PM,Coursera,2023-08-25,Completed
TRN005335,EMP002149,Data Analytics,KPMG,2022-12-15,Completed
TRN005336,EMP002150,Health and Safety,Geoflex Academy,2025-10-03,Completed
TRN005337,EMP002151,Project Management,Udemy,2022-10-07,In Progress
TRN005338,EMP002151,Health and Safety,Udemy,2020-05-09,Completed
TRN005339,EMP002152,Leadership Development,Deloitte,2023-07-03,Failed
TRN005340,EMP002152,Cybersecurity Awareness,Coursera,2025-01-02,In Progress
TRN005341,EMP002152,Lean Manufacturing,Deloitte,2024-05-09,In Progress
TRN005342,EMP002153,Quality Management,Microsoft,2025-07-01,Completed
TRN005343,EMP002154,Customer Service,,2025-09-25,Completed
TRN005344,EMP002154,Compliance Training,Udemy,2019-09-19,Failed
TRN005345,EMP002154,Data Analytics,Microsoft,2023-02-02,In Progress
TRN005346,EMP002154,Customer Service,Microsoft,2020-08-28,Completed
TRN005347,EMP002155,Quality Management,Deloitte,2020-10-12,Completed
TRN005348,EMP002155,Lean Manufacturing,Geoflex Academy,2023-05-27,Completed
TRN005349,EMP002155,Leadership Development,Deloitte,2025-02-16,Failed
TRN005350,EMP002155,Health and Safety,Microsoft,2022-04-07,In Progress
TRN005351,EMP002155,Lean Manufacturing,Microsoft,2021-04-01,In Progress
TRN005352,EMP002156,Leadership Development,Geoflex Academy,2019-08-08,Completed
TRN005353,EMP002156,Leadership Development,KPMG,2022-02-03,Completed
TRN005354,EMP002157,Compliance Training,Microsoft,2022-04-08,Completed
TRN005355,EMP002157,Customer Service,Geoflex Academy,2022-01-12,Completed
TRN005356,EMP002157,Quality Management,KPMG,2020-03-02,Failed
TRN005357,EMP002158,Risk Management,Microsoft,2022-05-06,Completed
TRN005358,EMP002158,Health and Safety,Coursera,2023-07-11,In Progress
TRN005359,EMP002159,Cybersecurity Awareness,Deloitte,2025-02-04,Failed
TRN005360,EMP002159,Compliance Training,Coursera,2023-11-11,Completed
TRN005361,EMP002159,Project Management,KPMG,2025-05-01,Completed
TRN005362,EMP002159,Risk Management,KPMG,2025-05-20,Completed
TRN005363,EMP002160,Cybersecurity Awareness,Deloitte,2025-10-27,Completed
TRN005364,EMP002160,Risk Management,KPMG,2020-12-08,Completed
TRN005365,EMP002160,Data Analytics,Coursera,2023-10-16,In Progress
TRN005366,EMP002160,Lean Manufacturing,Geoflex Academy,2020-04-17,Completed
TRN005367,EMP002160,Project Management,Geoflex Academy,2020-12-17,Completed
TRN005368,EMP002162,Health and Safety,Udemy,2022-06-18,Completed
TRN005369,EMP002162,Data Analytics,Udemy,2024-11-04,Completed
TRN005370,EMP002162,Cybersecurity Awareness,Coursera,2020-02-22,Failed
TRN005371,EMP002163,Quality Management,Coursera,2022-04-23,Completed
TRN005372,EMP002163,Quality Management,Geoflex Academy,2024-05-24,Completed
TRN005373,EMP002163,Project Management,Coursera,2021-01-06,In Progress
TRN005374,EMP002163,Risk Management,Microsoft,2024-04-13,In Progress
TRN005375,EMP002163,Risk Management,Geoflex Academy,2025-03-12,Failed
TRN005376,EMP002165,Project Management,Udemy,2023-01-18,Failed
TRN005377,EMP002165,Data Analytics,Microsoft,2022-11-04,Failed
TRN005378,EMP002166,Customer Service,Deloitte,2023-07-10,Failed
TRN005379,EMP002167,Compliance Training,KPMG,2023-04-07,Completed
TRN005380,EMP002167,Customer Service,Coursera,2021-01-03,Failed
TRN005381,EMP002169,Leadership Development,Coursera,2024-04-24,Failed
TRN005382,EMP002169,Leadership Development,Udemy,2023-08-17,In Progress
TRN005383,EMP002170,Leadership Development,KPMG,2024-01-07,Completed
TRN005384,EMP002171,Data Analytics,Udemy,2024-05-06,Completed
TRN005385,EMP002171,Health and Safety,Microsoft,2021-12-16,Completed
TRN005386,EMP002171,Data Analytics,KPMG,2023-10-09,Completed
TRN005387,EMP002172,Health and Safety,Geoflex Academy,2024-09-17,Completed
TRN005388,EMP002172,Health and Safety,Microsoft,2024-05-02,Completed
TRN005389,EMP002172,Cybersecurity Awareness,Microsoft,2025-08-25,Completed
TRN005390,EMP002172,Quality Management,Geoflex Academy,2025-01-16,Completed
TRN005391,EMP002174,Leadership Development,Coursera,2024-05-19,Completed
TRN005392,EMP002174,Customer Service,Geoflex Academy,2023-07-04,Failed
TRN005393,EMP002174,Cybersecurity Awareness,Geoflex Academy,2024-06-20,Failed
TRN005394,EMP002175,Health and Safety,Microsoft,2021-09-25,Completed
TRN005395,EMP002175,Health and Safety,Deloitte,2024-11-28,Completed
TRN005396,EMP002176,Lean Manufacturing,Microsoft,2019-08-12,Completed
TRN005397,EMP002178,Data Analytics,Microsoft,2019-01-28,Failed
TRN005398,EMP002179,Risk Management,KPMG,2022-04-10,Completed
TRN005399,EMP002179,Project Management,Geoflex Academy,2025-10-28,Completed
TRN005400,EMP002179,Leadership Development,Deloitte,2023-10-24,Completed
TRN005401,EMP002180,Health and Safety,Udemy,2022-01-09,Completed
TRN005402,EMP002180,Customer Service,Deloitte,2019-04-23,In Progress
TRN005403,EMP002181,Compliance Training,Udemy,2019-09-10,Completed
TRN005404,EMP002181,Compliance Training,Geoflex Academy,2019-09-16,Failed
TRN005405,EMP002181,Compliance Training,KPMG,2022-04-23,Completed
TRN005406,EMP002181,Leadership Development,Geoflex Academy,2024-10-23,Completed
TRN005407,EMP002182,Customer Service,Microsoft,2024-07-06,Completed
TRN005408,EMP002183,Compliance Training,Geoflex Academy,2022-06-01,Failed
TRN005409,EMP002184,Health and Safety,Geoflex Academy,2025-02-25,Completed
TRN005410,EMP002184,Leadership Development,Deloitte,2020-11-28,Failed
TRN005411,EMP002185,Health and Safety,Microsoft,2023-09-14,In Progress
TRN005412,EMP002185,Leadership Development,Udemy,2020-10-15,Failed
TRN005413,EMP002185,Project Management,Microsoft,2021-02-26,In Progress
TRN005414,EMP002185,Health and Safety,Microsoft,2024-10-05,Completed
TRN005415,EMP002185,Risk Management,Coursera,2020-11-08,Completed
TRN005416,EMP002187,Cybersecurity Awareness,KPMG,2020-06-17,Completed
TRN005417,EMP002188,Customer Service,Geoflex Academy,2019-05-23,Failed
TRN005418,EMP002188,Leadership Development,KPMG,2023-12-28,In Progress
TRN005419,EMP002188,Cybersecurity Awareness,KPMG,2024-10-12,Completed
TRN005420,EMP002188,Lean Manufacturing,Udemy,2022-03-15,Completed
TRN005421,EMP002188,Data Analytics,Geoflex Academy,2024-04-13,Completed
TRN005422,EMP002189,Data Analytics,Deloitte,2023-03-11,Failed
TRN005423,EMP002189,Project Management,Coursera,2023-09-28,Completed
TRN005424,EMP002190,Compliance Training,Microsoft,2023-05-08,Failed
TRN005425,EMP002190,Leadership Development,Geoflex Academy,2020-05-14,Completed
TRN005426,EMP002190,Cyber Security,Deloitte,2022-05-11,In Progress
TRN005427,EMP002190,Leadership Development,Geoflex Academy,2019-09-26,Failed
TRN005428,EMP002190,Health and Safety,Coursera,2025-05-16,Completed
TRN005429,EMP002191,Lean Manufacturing,KPMG,2021-10-13,Completed
TRN005430,EMP002191,Lean Manufacturing,Udemy,2020-11-03,Completed
TRN005431,EMP002192,Quality Management,Udemy,2021-02-02,Completed
TRN005432,EMP002192,Customer Service,Deloitte,2020-07-06,Failed
TRN005433,EMP002193,Data Analytics,KPMG,2025-10-11,Completed
TRN005434,EMP002193,Leadership Development,Coursera,2025-02-02,Completed
TRN005435,EMP002193,Risk Management,Deloitte,2023-07-22,Completed
TRN005436,EMP002194,Quality Management,Deloitte,2021-02-23,Completed
TRN005437,EMP002194,Health and Safety,Microsoft,2021-06-24,In Progress
TRN005438,EMP002194,Lean Manufacturing,Coursera,2019-01-03,In Progress
TRN005439,EMP002194,Cybersecurity Awareness,Geoflex Academy,2020-07-07,Failed
TRN005440,EMP002194,Lean Manufacturing,Geoflex Academy,2020-04-10,Completed
TRN005441,EMP002195,Risk Management,Geoflex Academy,2024-01-08,Completed
TRN005442,EMP002195,Health and Safety,KPMG,2024-06-14,Failed
TRN005443,EMP002196,Compliance Training,Coursera,2025-12-04,Completed
TRN005444,EMP002196,Project Management,Deloitte,2021-01-15,Completed
TRN005445,EMP002196,Leadership Development,Geoflex Academy,2023-02-19,Completed
TRN005446,EMP002197,Project Management,Deloitte,2020-07-08,In Progress
TRN005447,EMP002197,Leadership Development,Coursera,2022-01-04,Failed
TRN005448,EMP002197,Quality Management,KPMG,2019-01-07,Completed
TRN005449,EMP002199,Cybersecurity Awareness,Microsoft,2021-05-27,In Progress
TRN005450,EMP002200,Quality Management,Deloitte,2023-04-18,Completed
TRN005451,EMP002201,Customer Service,Coursera,2020-12-09,Completed
TRN005452,EMP002201,Health and Safety,Deloitte,2025-01-08,Failed
TRN005453,EMP002203,Project Management,Geoflex Academy,2020-09-21,In Progress
TRN005454,EMP002203,Project Management,KPMG,2023-02-23,Completed
TRN005455,EMP002203,Lean Manufacturing,Geoflex Academy,2022-11-27,Completed
TRN005456,EMP002204,Data Analytics,Geoflex Academy,2019-07-02,Completed
TRN005457,EMP002205,Compliance Training,Geoflex Academy,2024-08-12,Completed
TRN005458,EMP002205,Customer Service,Microsoft,2025-04-18,Completed
TRN005459,EMP002205,Quality Management,Udemy,2019-12-25,Completed
TRN005460,EMP002205,Compliance Training,Udemy,2021-04-21,Completed
TRN005461,EMP002206,Risk Management,Microsoft,2023-11-18,Completed
TRN005462,EMP002206,Risk Management,Microsoft,2022-10-10,Failed
TRN005463,EMP002206,Project Management,Geoflex Academy,2025-10-16,Failed
TRN005464,EMP002207,Health and Safety,Coursera,2025-04-07,Completed
TRN005465,EMP002207,Leadership Development,KPMG,2023-02-08,Failed
TRN005466,EMP002208,Health and Safety,Geoflex Academy,2023-04-26,In Progress
TRN005467,EMP002208,Lean Manufacturing,KPMG,2021-05-20,In Progress
TRN005468,EMP002208,Leadership Development,Geoflex Academy,2022-02-16,Failed
TRN005469,EMP002209,Health and Safety,Udemy,2024-06-28,In Progress
TRN005470,EMP002209,Lean Manufacturing,Udemy,2022-10-17,Failed
TRN005471,EMP002210,Data Analytics,Microsoft,2024-02-13,In Progress
TRN005472,EMP002210,Risk Management,Microsoft,2021-06-24,In Progress
TRN005473,EMP002210,Risk Management,Deloitte,2025-06-22,Completed
TRN005474,EMP002210,Quality Management,Microsoft,2022-07-25,Completed
TRN005475,EMP002211,Cybersecurity Awareness,KPMG,2025-12-10,Completed
TRN005476,EMP002211,Risk Management,Udemy,2019-08-26,Completed
TRN005477,EMP002212,Compliance Training,Udemy,2019-11-15,Completed
TRN005478,EMP002213,Customer Service,Coursera,2021-12-28,Failed
TRN005479,EMP002213,Customer Service,Udemy,2020-12-13,In Progress
TRN005480,EMP002213,Cybersecurity Awareness,Coursera,2020-06-21,Completed
TRN005481,EMP002214,Lean Manufacturing,Geoflex Academy,2023-05-06,Completed
TRN005482,EMP002214,Cybersecurity Awareness,Microsoft,2024-03-05,Completed
TRN005483,EMP002216,Project Management,Udemy,2024-05-19,In Progress
TRN005484,EMP002216,Lean Manufacturing,Microsoft,2021-12-03,Failed
TRN005485,EMP002216,Cybersecurity Awareness,KPMG,2025-11-22,Completed
TRN005486,EMP002216,Cybersecurity Awareness,Deloitte,2022-04-14,Completed
TRN005487,EMP002218,Quality Management,Udemy,2024-05-07,Completed
TRN005488,EMP002218,Lean Manufacturing,Deloitte,2023-05-11,Completed
TRN005489,EMP002218,Data Analytics,KPMG,2019-05-27,In Progress
TRN005490,EMP002218,Quality Management,KPMG,2021-11-18,Failed
TRN005491,EMP002218,Leadership Development,Deloitte,2020-09-02,Completed
TRN005492,EMP002219,Lean Manufacturing,Geoflex Academy,2023-05-26,Completed
TRN005493,EMP002219,Leadership Development,KPMG,2025-06-14,Completed
TRN005494,EMP002219,Health and Safety,KPMG,2020-11-11,Completed
TRN005495,EMP002221,Compliance Training,,2024-12-01,Completed
TRN005496,EMP002221,Data Analytics,KPMG,2021-01-16,In Progress
TRN005497,EMP002221,Lean Manufacturing,Microsoft,2022-04-04,Completed
TRN005498,EMP002221,Cybersecurity Awareness,Microsoft,2023-11-10,Failed
TRN005499,EMP002223,Risk Management,KPMG,2024-06-25,Completed
TRN005500,EMP002223,Cybersecurity Awareness,Deloitte,2020-12-27,Completed
TRN005501,EMP002223,Project Management,Geoflex Academy,2023-12-16,Completed
TRN005502,EMP002223,Risk Management,KPMG,2024-07-22,Failed
TRN005503,EMP002224,Risk Management,Microsoft,2025-04-09,Completed
TRN005504,EMP002224,Health and Safety,Deloitte,2024-08-16,Completed
TRN005505,EMP002224,Quality Management,Coursera,2025-01-13,In Progress
TRN005506,EMP002225,Leadership Development,Deloitte,2023-04-19,In Progress
TRN005507,EMP002225,Risk Management,Microsoft,2020-02-14,Completed
TRN005508,EMP002225,Risk Management,Deloitte,2025-05-02,In Progress
TRN005509,EMP002225,Customer Service,Udemy,2022-09-26,Completed
TRN005510,EMP002227,Cybersecurity Awareness,Geoflex Academy,2019-06-19,Completed
TRN005511,EMP002227,Data Analytics,Udemy,2022-01-27,Completed
TRN005512,EMP002227,Data Analytics,Geoflex Academy,2023-04-25,Failed
TRN005513,EMP002229,Risk Management,Coursera,2021-12-17,Completed
TRN005514,EMP002229,Risk Management,Deloitte,2022-01-26,In Progress
TRN005515,EMP002230,Health and Safety,Coursera,2020-07-09,In Progress
TRN005516,EMP002230,LEAN manufacturing,Microsoft,2020-08-21,Completed
TRN005517,EMP002230,Project Management,Udemy,2022-07-20,Completed
TRN005518,EMP002230,Lean Manufacturing,KPMG,2022-09-13,Completed
TRN005519,EMP002231,Data Analytics,Udemy,2020-04-20,Completed
TRN005520,EMP002232,Quality Management,Udemy,2020-06-17,Failed
TRN005521,EMP002232,Compliance Training,Coursera,2019-02-11,In Progress
TRN005522,EMP002232,Cybersecurity Awareness,Coursera,2021-05-12,Completed
TRN005523,EMP002233,Lean Manufacturing,Geoflex Academy,2024-09-18,Completed
TRN005524,EMP002233,Customer Service,Deloitte,2021-08-17,Completed
TRN005525,EMP002234,Leadership Development,Coursera,2020-11-26,Failed
TRN005526,EMP002234,Data Analytics,Geoflex Academy,2024-10-03,Completed
TRN005527,EMP002234,Leadership Development,Deloitte,2023-09-03,Completed
TRN005528,EMP002234,Customer Service,KPMG,2025-12-17,Completed
TRN005529,EMP002235,Compliance Training,Udemy,2025-11-07,Completed
TRN005530,EMP002235,Data Analytics,Udemy,2025-08-26,Failed
TRN005531,EMP002235,Data Analytics,Deloitte,2023-02-25,Completed
TRN005532,EMP002235,Compliance Training,Deloitte,2022-05-21,In Progress
TRN005533,EMP002235,Leadership Development,Geoflex Academy,2019-07-01,Completed
TRN005534,EMP002236,Compliance Training,KPMG,2025-03-18,In Progress
TRN005535,EMP002237,Data Analytics,Udemy,2022-08-03,Completed
TRN005536,EMP002237,Lean Manufacturing,Udemy,2022-08-11,Completed
TRN005537,EMP002238,Risk Management,Microsoft,2019-10-18,Failed
TRN005538,EMP002239,Health and Safety,Udemy,2025-02-24,Completed
TRN005539,EMP002239,Leadership Development,Deloitte,2020-07-01,Completed
TRN005540,EMP002239,Data Analytics,Microsoft,2025-02-16,Completed
TRN005541,EMP002240,Compliance Training,Deloitte,2021-04-01,Completed
TRN005542,EMP002240,Risk Management,Deloitte,2025-03-21,Completed
TRN005543,EMP002240,Data Analytics,Udemy,2019-03-20,Failed
TRN005544,EMP002241,Lean Manufacturing,Geoflex Academy,2020-07-15,Completed
TRN005545,EMP002242,Quality Management,Udemy,2020-11-27,Completed
TRN005546,EMP002243,Risk Management,Deloitte,2020-06-27,Completed
TRN005547,EMP002243,Risk Management,KPMG,2023-09-15,Completed
TRN005548,EMP002244,Health and Safety,KPMG,2020-03-25,Completed
TRN005549,EMP002244,Customer care,Deloitte,2019-04-05,Completed
TRN005550,EMP002244,Lean Manufacturing,Udemy,2020-09-13,Completed
TRN005551,EMP002244,Leadership Development,Microsoft,2020-10-14,In Progress
TRN005552,EMP002245,Compliance Training,Deloitte,2022-10-11,Completed
TRN005553,EMP002245,Data analytics,Deloitte,2025-09-27,Completed
TRN005554,EMP002246,Cybersecurity Awareness,KPMG,2022-08-02,Completed
TRN005555,EMP002246,Project Management,Deloitte,2019-08-24,Failed
TRN005556,EMP002247,Quality Management,Geoflex Academy,2021-03-26,Failed
TRN005557,EMP002247,Cybersecurity Awareness,Geoflex Academy,2022-05-08,In Progress
TRN005558,EMP002247,Lean Manufacturing,Deloitte,2019-11-13,Failed
TRN005559,EMP002247,Customer Service,Coursera,2021-10-21,Completed
TRN005560,EMP002247,Project Management,Microsoft,2022-08-01,In Progress
TRN005561,EMP002248,Lean Manufacturing,Deloitte,2022-12-27,Completed
TRN005562,EMP002249,Project Management,Udemy,2019-12-10,Completed
TRN005563,EMP002249,Health and Safety,KPMG,2022-12-21,Completed
TRN005564,EMP002249,Customer Service,KPMG,2020-07-10,Completed
TRN005565,EMP002249,Risk Management,Microsoft,2019-06-25,Completed
TRN005566,EMP002250,Project Management,Udemy,2019-08-07,In Progress
TRN005567,EMP002250,Lean Manufacturing,Microsoft,2022-09-14,Completed
TRN005568,EMP002250,Quality Management,Udemy,2021-03-18,Completed
TRN005569,EMP002251,Project Management,Geoflex Academy,2025-01-03,Failed
TRN005570,EMP002252,Leadership Development,Coursera,2019-04-26,Completed
TRN005571,EMP002252,Customer Service,,2024-11-14,In Progress
TRN005572,EMP002252,Health and Safety,Udemy,2020-06-20,Failed
TRN005573,EMP002253,Lean Manufacturing,Deloitte,2019-09-02,Completed
TRN005574,EMP002253,Quality Management,Microsoft,2023-10-19,In Progress
TRN005575,EMP002253,Quality Management,Geoflex Academy,2020-05-01,In Progress
TRN005576,EMP002254,Customer Service,Coursera,2021-06-28,Completed
TRN005577,EMP002254,Leadership Development,Geoflex Academy,2020-05-22,In Progress
TRN005578,EMP002254,Risk Management,Microsoft,2020-11-25,Completed
TRN005579,EMP002254,Data Analytics,Microsoft,2024-09-14,Completed
TRN005580,EMP002256,Compliance Training,Geoflex Academy,2023-01-21,In Progress
TRN005581,EMP002256,Lean Manufacturing,Geoflex Academy,2021-10-20,Failed
TRN005582,EMP002257,Risk Management,Geoflex Academy,2025-04-18,Completed
TRN005583,EMP002257,Lean Manufacturing,Geoflex Academy,2021-09-18,Failed
TRN005584,EMP002257,Quality Management,Deloitte,2023-08-19,In Progress
TRN005585,EMP002258,Cybersecurity Awareness,Deloitte,2019-10-01,Failed
TRN005586,EMP002258,Health and Safety,Udemy,2022-09-09,Completed
TRN005587,EMP002258,Leadership Development,Coursera,2024-07-21,Completed
TRN005588,EMP002258,PM,Geoflex Academy,2025-02-13,In Progress
TRN005589,EMP002259,Quality Management,Deloitte,2025-01-07,Completed
TRN005590,EMP002259,Risk Management,KPMG,2022-11-15,Completed
TRN005591,EMP002259,Data Analytics,Udemy,2023-11-13,Completed
TRN005592,EMP002260,Leadership Development,Microsoft,2020-08-03,Completed
TRN005593,EMP002260,Cybersecurity Awareness,Coursera,2025-06-23,Completed
TRN005594,EMP002260,Quality Management,Microsoft,2023-03-16,Completed
TRN005595,EMP002262,Project Management,Deloitte,2025-04-04,Completed
TRN005596,EMP002263,Lean Manufacturing,Udemy,2022-07-15,Completed
TRN005597,EMP002263,Cybersecurity Awareness,KPMG,2021-05-15,Completed
TRN005598,EMP002263,Data Analytics,Udemy,2020-06-12,Failed
TRN005599,EMP002263,Leadership Development,Geoflex Academy,2024-11-20,Completed
TRN005600,EMP002264,Compliance Training,Coursera,2019-05-28,Completed
TRN005601,EMP002264,Customer Service,Udemy,2020-02-07,Failed
TRN005602,EMP002265,Quality Management,Udemy,2025-09-11,Completed
TRN005603,EMP002265,Risk Management,KPMG,2020-12-07,Completed
TRN005604,EMP002265,Cybersecurity Awareness,Geoflex Academy,2022-09-22,Completed
TRN005605,EMP002265,Data Analytics,KPMG,2025-02-24,Completed
TRN005606,EMP002265,Compliance Training,Coursera,2019-11-18,Completed
TRN005607,EMP002267,Risk Management,Microsoft,2024-07-11,Completed
TRN005608,EMP002268,Leadership Development,Udemy,2023-11-13,Completed
TRN005609,EMP002269,Health and Safety,KPMG,2019-05-17,In Progress
TRN005610,EMP002269,Data Analytics,Coursera,2019-02-26,Completed
TRN005611,EMP002269,Lean Manufacturing,KPMG,2020-09-18,Completed
TRN005612,EMP002269,Customer Service,Udemy,2021-03-01,Failed
TRN005613,EMP002270,Cybersecurity Awareness,Deloitte,2019-10-17,In Progress
TRN005614,EMP002270,Cybersecurity Awareness,KPMG,2022-12-05,Completed
TRN005615,EMP002270,Customer Service,Geoflex Academy,2024-09-08,Completed
TRN005616,EMP002270,Health and Safety,Microsoft,2025-09-26,In Progress
TRN005617,EMP002271,Quality Management,Coursera,2020-05-02,Completed
TRN005618,EMP002271,Health and Safety,Geoflex Academy,2025-10-10,Completed
TRN005619,EMP002272,Data Analytics,Geoflex Academy,2023-12-13,Completed
TRN005620,EMP002272,Lean Manufacturing,Deloitte,2024-05-18,Completed
TRN005621,EMP002272,Health and Safety,Deloitte,2021-01-22,Completed
TRN005622,EMP002272,Quality Management,Coursera,2024-06-07,Completed
TRN005623,EMP002273,Lean Manufacturing,Geoflex Academy,2019-06-02,Failed
TRN005624,EMP002274,Customer Service,Deloitte,2021-06-22,In Progress
TRN005625,EMP002274,Leadership Development,Microsoft,2020-04-06,In Progress
TRN005626,EMP002275,Leadership Development,Geoflex Academy,2020-02-13,Completed
TRN005627,EMP002275,Quality Management,Udemy,2021-02-10,Completed
TRN005628,EMP002275,Cybersecurity Awareness,Udemy,2020-10-03,Failed
TRN005629,EMP002275,Customer Service,Deloitte,2025-01-28,In Progress
TRN005630,EMP002276,Health and Safety,Microsoft,2022-04-06,Completed
TRN005631,EMP002276,Health and Safety,Deloitte,2021-12-06,Completed
TRN005632,EMP002276,Cybersecurity Awareness,Microsoft,2020-12-18,Failed
TRN005633,EMP002276,Lean Manufacturing,Coursera,2020-04-12,Completed
TRN005634,EMP002277,Project Management,Deloitte,2022-01-16,Completed
TRN005635,EMP002278,Lean Manufacturing,KPMG,2019-10-19,Completed
TRN005636,EMP002278,Lean Manufacturing,Geoflex Academy,2019-11-27,In Progress
TRN005637,EMP002278,Health and Safety,Geoflex Academy,2023-11-09,Completed
TRN005638,EMP002279,Compliance Training,KPMG,2025-04-28,Completed
TRN005639,EMP002279,Compliance Training,Coursera,2022-10-22,Failed
TRN005640,EMP002279,Data Analytics,Deloitte,2025-04-08,Completed
TRN005641,EMP002279,Project Management,Coursera,2020-09-22,Failed
TRN005642,EMP002279,Compliance Training,Microsoft,2020-07-28,In Progress
TRN005643,EMP002280,Compliance Training,Deloitte,2020-04-23,Failed
TRN005644,EMP002280,Project Management,Microsoft,2022-04-08,Failed
TRN005645,EMP002280,Cybersecurity Awareness,Coursera,2021-06-09,Completed
TRN005646,EMP002280,Compliance Training,Coursera,2023-02-14,Completed
TRN005647,EMP002281,Quality Management,Microsoft,2024-08-21,Failed
TRN005648,EMP002281,Quality Management,Deloitte,2020-08-12,Completed
TRN005649,EMP002282,Data Analytics,KPMG,2024-12-15,Completed
TRN005650,EMP002282,Data Analytics,Deloitte,2022-06-01,Completed
TRN005651,EMP002282,Customer Service,Deloitte,2023-12-06,Completed
TRN005652,EMP002282,Data Analytics,Geoflex Academy,2023-11-22,Completed
TRN005653,EMP002282,Leadership Development,Geoflex Academy,2020-02-27,Completed
TRN005654,EMP002284,Compliance Training,Microsoft,2025-03-19,Completed
TRN005655,EMP002284,Cybersecurity Awareness,Geoflex Academy,2023-04-23,In Progress
TRN005656,EMP002286,Project Management,KPMG,2025-11-28,Completed
TRN005657,EMP002286,Cybersecurity Awareness,Udemy,2021-07-21,Failed
TRN005658,EMP002286,Data Analytics,Deloitte,2020-02-23,In Progress
TRN005659,EMP002286,Compliance Training,Coursera,2022-08-22,Failed
TRN005660,EMP002286,Project Management,Deloitte,2024-02-28,In Progress
TRN005661,EMP002287,Health and Safety,Microsoft,2022-06-23,Failed
TRN005662,EMP002287,Health and Safety,Microsoft,2025-09-20,Completed
TRN005663,EMP002287,Risk Management,Deloitte,2025-05-26,In Progress
TRN005664,EMP002287,Customer Service,KPMG,2023-10-21,Failed
TRN005665,EMP002288,Project Management,,2025-10-11,Failed
TRN005666,EMP002288,Lean Manufacturing,Coursera,2023-12-16,In Progress
TRN005667,EMP002288,Compliance Training,Coursera,2019-06-17,Completed
TRN005668,EMP002289,Leadership Development,Geoflex Academy,2020-05-23,Failed
TRN005669,EMP002289,Quality Management,Udemy,2023-03-06,Failed
TRN005670,EMP002290,Quality Management,Deloitte,2025-03-20,In Progress
TRN005671,EMP002290,Lean Manufacturing,Deloitte,2025-04-08,Failed
TRN005672,EMP002290,Data Analytics,KPMG,2025-02-06,Completed
TRN005673,EMP002290,PM,Geoflex Academy,2025-02-04,Failed
TRN005674,EMP002291,Risk Management,Geoflex Academy,2024-06-15,Completed
TRN005675,EMP002291,Quality Management,Udemy,2024-05-14,Completed
TRN005676,EMP002291,Leadership Development,Udemy,2022-01-25,In Progress
TRN005677,EMP002291,Project Management,Deloitte,2019-02-11,Completed
TRN005678,EMP002293,Quality Management,KPMG,2023-08-26,Completed
TRN005679,EMP002293,Project Management,Udemy,2020-02-09,Completed
TRN005680,EMP002293,Leadership Development,Microsoft,2023-04-28,Completed
TRN005681,EMP002294,Health and Safety,Deloitte,2019-04-16,In Progress
TRN005682,EMP002294,Project Management,Geoflex Academy,2025-10-26,In Progress
TRN005683,EMP002294,Customer Service,Deloitte,2025-02-13,Failed
TRN005684,EMP002295,Quality Management,Coursera,2024-05-22,Completed
TRN005685,EMP002295,Compliance Training,Coursera,2019-06-21,Completed
TRN005686,EMP002295,Risk Management,KPMG,2025-06-13,Failed
TRN005687,EMP002295,Cybersecurity Awareness,Udemy,2023-12-01,In Progress
TRN005688,EMP002296,Customer Service,Deloitte,2024-01-03,Completed
TRN005689,EMP002296,Health and Safety,Geoflex Academy,2025-08-12,Failed
TRN005690,EMP002296,Quality Management,Geoflex Academy,2024-09-04,Completed
TRN005691,EMP002296,Project Management,Deloitte,2025-07-21,Completed
TRN005692,EMP002296,Cybersecurity Awareness,Deloitte,2020-06-02,Completed
TRN005693,EMP002297,Leadership Development,Geoflex Academy,2021-02-25,Completed
TRN005694,EMP002297,Leadership Development,Udemy,2020-08-26,Completed
TRN005695,EMP002297,Lean Manufacturing,Udemy,2025-08-09,Failed
TRN005696,EMP002297,Project Management,Geoflex Academy,2024-04-14,Completed
TRN005697,EMP002297,Leadership Development,Microsoft,2019-06-16,Completed
TRN005698,EMP002298,Project Management,Coursera,2024-10-22,Completed
TRN005699,EMP002298,Lean Manufacturing,Geoflex Academy,2024-01-18,Completed
TRN005700,EMP002298,Customer Service,Microsoft,2019-10-02,Completed
TRN005701,EMP002299,Customer Service,Microsoft,2023-11-23,Failed
TRN005702,EMP002299,Health and Safety,Microsoft,2025-02-15,Completed
TRN005703,EMP002299,Risk Management,Coursera,2025-05-07,In Progress
TRN005704,EMP002300,Customer Service,Udemy,2024-01-05,In Progress
TRN005705,EMP002301,Cybersecurity Awareness,Coursera,2025-07-04,Failed
TRN005706,EMP002302,Data Analytics,Microsoft,2022-04-26,In Progress
TRN005707,EMP002302,Leadership Development,Coursera,2022-03-01,In Progress
TRN005708,EMP002303,Compliance Training,Coursera,2025-10-18,In Progress
TRN005709,EMP002303,Risk Management,Microsoft,2025-06-12,In Progress
TRN005710,EMP002303,Data Analytics,Coursera,2021-03-10,Completed
TRN005711,EMP002304,Risk Management,KPMG,2021-03-26,In Progress
TRN005712,EMP002304,Cybersecurity Awareness,Geoflex Academy,2025-02-01,Failed
TRN005713,EMP002304,Project Management,KPMG,2024-07-26,Failed
TRN005714,EMP002304,Lean Manufacturing,Coursera,2022-08-08,In Progress
TRN005715,EMP002306,Health and Safety,Deloitte,2019-06-02,Failed
TRN005716,EMP002306,Leadership Development,Coursera,2025-04-25,Completed
TRN005717,EMP002307,Compliance Training,Deloitte,2023-03-23,Completed
TRN005718,EMP002307,Cybersecurity Awareness,Udemy,2023-12-12,Failed
TRN005719,EMP002307,Health and Safety,Deloitte,2020-12-22,Completed
TRN005720,EMP002307,Lean Manufacturing,Microsoft,2023-09-28,Failed
TRN005721,EMP002308,Quality Management,Udemy,2019-05-22,Completed
TRN005722,EMP002308,Risk Management,Coursera,2019-02-01,Completed
TRN005723,EMP002308,Health and Safety,Coursera,2019-08-07,Completed
TRN005724,EMP002308,Risk Management,Microsoft,2020-01-14,Failed
TRN005725,EMP002309,Quality Management,Microsoft,2023-05-21,In Progress
TRN005726,EMP002309,Data analytics,KPMG,2023-09-09,Completed
TRN005727,EMP002310,Leadership Development,Deloitte,2020-04-06,In Progress
TRN005728,EMP002310,Compliance Training,Microsoft,2025-09-17,Completed
TRN005729,EMP002311,Data Analytics,,2024-11-20,Completed
TRN005730,EMP002311,Data Analytics,KPMG,2023-05-26,In Progress
TRN005731,EMP002311,Lean Manufacturing,Udemy,2019-01-26,Completed
TRN005732,EMP002311,Project Management,Deloitte,2020-03-21,Failed
TRN005733,EMP002312,Health and Safety,Udemy,2019-05-06,Failed
TRN005734,EMP002312,Risk Management,Geoflex Academy,2025-02-26,Failed
TRN005735,EMP002312,Risk Management,Coursera,2022-04-05,In Progress
TRN005736,EMP002312,Project Management,Coursera,2024-08-18,Completed
TRN005737,EMP002313,Cybersecurity Awareness,Udemy,2019-03-16,Completed
TRN005738,EMP002315,Leadership Development,Microsoft,2024-02-18,Completed
TRN005739,EMP002316,Cybersecurity Awareness,KPMG,2024-10-13,Completed
TRN005740,EMP002316,Health and Safety,Microsoft,2024-04-15,Completed
TRN005741,EMP002316,Risk Management,Coursera,2019-09-14,Completed
TRN005742,EMP002316,Compliance Training,Coursera,2025-11-14,Completed
TRN005743,EMP002317,Leadership Development,KPMG,2025-07-06,In Progress
TRN005744,EMP002317,Compliance Training,KPMG,2024-10-10,Completed
TRN005745,EMP002318,Data Analytics,KPMG,2020-12-04,Failed
TRN005746,EMP002318,Customer Service,Geoflex Academy,2025-04-14,Failed
TRN005747,EMP002319,Data Analytics,Microsoft,2021-05-10,Failed
TRN005748,EMP002319,Leadership Development,Microsoft,2024-01-28,In Progress
TRN005749,EMP002319,Quality Management,Geoflex Academy,2019-06-18,Completed
TRN005750,EMP002321,Leadership Development,KPMG,2019-04-15,Failed
TRN005751,EMP002321,Data Analytics,Udemy,2021-05-16,In Progress
TRN005752,EMP002321,Cybersecurity Awareness,Deloitte,2023-10-18,Completed
TRN005753,EMP002322,Project Management,Geoflex Academy,2021-09-21,Completed
TRN005754,EMP002324,Quality Management,Udemy,2022-11-17,Completed
TRN005755,EMP002324,Quality Management,Coursera,2020-07-26,Completed
TRN005756,EMP002324,Customer Service,Geoflex Academy,2022-04-06,Completed
TRN005757,EMP002324,Leadership Development,Geoflex Academy,2022-09-17,Completed
TRN005758,EMP002325,Project Management,Coursera,2025-09-18,Completed
TRN005759,EMP002325,Project Management,Microsoft,2022-12-03,In Progress
TRN005760,EMP002325,Leadership Development,Geoflex Academy,2023-08-21,In Progress
TRN005761,EMP002327,Cyber Security,KPMG,2022-11-22,Failed
TRN005762,EMP002328,Cybersecurity Awareness,Deloitte,2024-01-02,Completed
TRN005763,EMP002328,Compliance Training,Microsoft,2020-06-20,Completed
TRN005764,EMP002328,Data Analytics,Microsoft,2020-12-27,Completed
TRN005765,EMP002328,Lean Manufacturing,KPMG,2019-07-28,Failed
TRN005766,EMP002329,Data Analytics,Microsoft,2023-05-08,Completed
TRN005767,EMP002329,Quality Management,Microsoft,2022-06-05,In Progress
TRN005768,EMP002330,Quality Management,Udemy,2024-09-13,Completed
TRN005769,EMP002331,Compliance Training,Geoflex Academy,2023-05-27,Completed
TRN005770,EMP002332,Project Management,Geoflex Academy,2022-06-04,Completed
TRN005771,EMP002332,Leadership Development,Microsoft,2022-01-10,Completed
TRN005772,EMP002333,Data Analytics,KPMG,2024-09-06,In Progress
TRN005773,EMP002333,Project Management,Coursera,2025-05-16,Failed
TRN005774,EMP002335,Customer Service,KPMG,2019-04-17,Failed
TRN005775,EMP002335,Leadership Development,Deloitte,2023-06-24,In Progress
TRN005776,EMP002335,Risk Management,KPMG,2021-09-06,Completed
TRN005777,EMP002337,Project Management,Microsoft,2021-12-20,Completed
TRN005778,EMP002339,Lean Manufacturing,Deloitte,2019-03-15,In Progress
TRN005779,EMP002339,Data Analytics,Udemy,2019-04-04,Completed
TRN005780,EMP002339,Quality Management,Coursera,2021-02-08,Failed
TRN005781,EMP002339,Health and Safety,Coursera,2022-12-09,Completed
TRN005782,EMP002339,Cybersecurity Awareness,,2020-11-04,Failed
TRN005783,EMP002340,Leadership Development,Geoflex Academy,2025-08-15,Completed
TRN005784,EMP002342,Health and Safety,Coursera,2022-05-19,Completed
TRN005785,EMP002342,Project Management,Coursera,2019-04-01,Completed
TRN005786,EMP002343,Customer Service,Coursera,2019-06-03,Failed
TRN005787,EMP002343,Health and Safety,Microsoft,2023-05-15,Completed
TRN005788,EMP002343,Quality Management,Udemy,2024-09-06,Failed
TRN005789,EMP002343,Risk Management,Udemy,2025-10-25,Completed
TRN005790,EMP002343,Leadership Development,Deloitte,2021-09-20,Completed
TRN005791,EMP002344,Cybersecurity Awareness,Deloitte,2021-04-26,Failed
TRN005792,EMP002344,Customer Service,KPMG,2021-02-09,In Progress
TRN005793,EMP002344,Customer Service,Coursera,2020-04-01,Completed
TRN005794,EMP002344,Cybersecurity Awareness,Microsoft,2025-12-05,Completed
TRN005795,EMP002344,Cybersecurity Awareness,Microsoft,2019-04-20,Failed
TRN005796,EMP002347,Cybersecurity Awareness,KPMG,2019-01-02,Completed
TRN005797,EMP002348,Quality Management,Coursera,2021-03-22,In Progress
TRN005798,EMP002349,Health and Safety,Coursera,2020-10-06,Completed
TRN005799,EMP002350,Health and Safety,Deloitte,2025-11-17,Completed
TRN005800,EMP002350,Data Analytics,Coursera,2020-09-08,Completed
TRN005801,EMP002350,Customer Service,Geoflex Academy,2024-01-12,Completed
TRN005802,EMP002351,Leadership Development,Deloitte,2019-05-06,Completed
TRN005803,EMP002352,Quality Management,,2019-06-12,Completed
TRN005804,EMP002352,Lean Manufacturing,Geoflex Academy,2025-09-09,In Progress
TRN005805,EMP002353,Leadership Development,KPMG,2020-11-11,Failed
TRN005806,EMP002353,Cybersecurity Awareness,Microsoft,2023-12-12,In Progress
TRN005807,EMP002353,Health and Safety,Geoflex Academy,2020-03-16,Completed
TRN005808,EMP002354,Lean Manufacturing,Geoflex Academy,2019-12-17,Completed
TRN005809,EMP002354,Project Management,KPMG,2022-05-16,Completed
TRN005810,EMP002355,Project Management,Geoflex Academy,2021-09-14,Completed
TRN005811,EMP002356,Customer Service,Geoflex Academy,2023-04-09,Completed
TRN005812,EMP002356,Compliance Training,Geoflex Academy,2020-12-02,Completed
TRN005813,EMP002356,Cybersecurity Awareness,Deloitte,2022-02-03,Completed
TRN005814,EMP002356,Leadership Development,KPMG,2024-01-01,Failed
TRN005815,EMP002357,Lean Manufacturing,Deloitte,2024-12-05,Failed
TRN005816,EMP002357,Risk Management,Udemy,2019-11-02,Completed
TRN005817,EMP002357,Project Management,Udemy,2019-08-07,Completed
TRN005818,EMP002357,Compliance Training,,2024-04-21,Completed
TRN005819,EMP002357,Quality Management,Geoflex Academy,2023-11-27,Completed
TRN005820,EMP002358,Quality Management,,2021-12-03,Completed
TRN005821,EMP002358,Health and Safety,Microsoft,2024-10-28,Failed
TRN005822,EMP002359,Project Management,Udemy,2021-04-02,Completed
TRN005823,EMP002359,Project Management,KPMG,2020-08-16,Failed
TRN005824,EMP002359,Data Analytics,Geoflex Academy,2019-08-27,Completed
TRN005825,EMP002360,Leadership Development,Coursera,2020-04-11,In Progress
TRN005826,EMP002360,Project Management,KPMG,2020-09-26,In Progress
TRN005827,EMP002360,Cybersecurity Awareness,Geoflex Academy,2021-11-10,Completed
TRN005828,EMP002362,Lean Manufacturing,Udemy,2020-09-01,Completed
TRN005829,EMP002362,Customer Service,KPMG,2024-10-23,In Progress
TRN005830,EMP002362,Risk Management,Deloitte,2025-10-18,In Progress
TRN005831,EMP002363,Compliance Training,Coursera,2024-10-01,Failed
TRN005832,EMP002363,Lean Manufacturing,Coursera,2019-09-09,Failed
TRN005833,EMP002363,Customer Service,Coursera,2021-05-28,Completed
TRN005834,EMP002364,Leadership Development,Geoflex Academy,2023-12-08,In Progress
TRN005835,EMP002364,Health and Safety,Coursera,2021-06-22,Completed
TRN005836,EMP002364,Data Analytics,Deloitte,2024-11-23,In Progress
TRN005837,EMP002364,Quality Management,Deloitte,2019-12-17,Failed
TRN005838,EMP002365,Customer Service,Udemy,2021-03-25,In Progress
TRN005839,EMP002365,Leadership Development,Coursera,2022-08-28,Completed
TRN005840,EMP002367,Cybersecurity Awareness,Coursera,2022-06-07,Completed
TRN005841,EMP002367,Cybersecurity Awareness,KPMG,2025-08-16,Failed
TRN005842,EMP002367,Health and Safety,Coursera,2021-02-28,In Progress
TRN005843,EMP002367,Quality Management,Udemy,2022-07-03,Completed
TRN005844,EMP002367,Project Management,Microsoft,2021-11-28,In Progress
TRN005845,EMP002368,Customer Service,Udemy,2019-09-07,Completed
TRN005846,EMP002368,Compliance Training,Deloitte,2020-01-19,In Progress
TRN005847,EMP002368,Project Management,Geoflex Academy,2019-06-04,Failed
TRN005848,EMP002369,Lean Manufacturing,Microsoft,2020-03-18,Failed
TRN005849,EMP002369,Cybersecurity Awareness,KPMG,2020-04-25,Completed
TRN005850,EMP002370,Risk Management,Microsoft,2020-06-02,Completed
TRN005851,EMP002370,Project Management,Coursera,2020-12-25,Completed
TRN005852,EMP002371,Lean Manufacturing,Geoflex Academy,2023-02-02,Completed
TRN005853,EMP002371,Leadership Development,Udemy,2021-01-06,In Progress
TRN005854,EMP002371,Project Management,Geoflex Academy,2019-01-15,Completed
TRN005855,EMP002371,Leadership Development,Microsoft,2021-09-13,In Progress
TRN005856,EMP002372,Compliance Training,KPMG,2024-08-06,Completed
TRN005857,EMP002372,Compliance Training,Microsoft,2023-07-20,In Progress
TRN005858,EMP002372,Leadership Development,KPMG,2024-09-01,In Progress
TRN005859,EMP002372,Compliance Training,Udemy,2019-10-05,In Progress
TRN005860,EMP002372,Project Management,Deloitte,2022-04-11,Completed
TRN005861,EMP002373,Project Management,Deloitte,2025-12-25,Completed
TRN005862,EMP002373,Risk Management,Geoflex Academy,2020-04-02,In Progress
TRN005863,EMP002374,Cybersecurity Awareness,Microsoft,2020-03-02,Failed
TRN005864,EMP002374,Cybersecurity Awareness,Coursera,2019-06-06,Completed
TRN005865,EMP002374,Project Management,Geoflex Academy,2019-10-13,Completed
TRN005866,EMP002374,Lean Manufacturing,Geoflex Academy,2021-11-14,Completed
TRN005867,EMP002374,Customer Service,Deloitte,2025-08-07,Completed
TRN005868,EMP002376,Lean Manufacturing,Microsoft,2020-09-28,In Progress
TRN005869,EMP002376,Risk Management,Deloitte,2021-10-16,Completed
TRN005870,EMP002376,Cybersecurity Awareness,,2022-08-14,In Progress
TRN005871,EMP002376,Customer Service,Geoflex Academy,2019-12-13,Completed
TRN005872,EMP002376,Data Analytics,Geoflex Academy,2024-05-26,Completed
TRN005873,EMP002377,Project Management,KPMG,2025-01-14,Failed
TRN005874,EMP002377,Health and Safety,Geoflex Academy,2025-08-26,Completed
TRN005875,EMP002377,Leadership Development,Udemy,2022-09-23,Completed
TRN005876,EMP002378,Compliance Training,Geoflex Academy,2020-05-03,In Progress
TRN005877,EMP002381,Cybersecurity Awareness,Udemy,2019-11-08,Completed
TRN005878,EMP002382,Risk Management,Microsoft,2023-04-07,In Progress
TRN005879,EMP002382,Project Management,Deloitte,2023-01-09,Completed
TRN005880,EMP002383,Health and Safety,KPMG,2019-10-16,Completed
TRN005881,EMP002383,Cybersecurity Awareness,,2021-12-21,Completed
TRN005882,EMP002383,Leadership Development,Udemy,2023-06-08,Failed
TRN005883,EMP002383,Quality Management,KPMG,2020-05-26,Completed
TRN005884,EMP002383,Leadership Development,Coursera,2022-08-28,Failed
TRN005885,EMP002384,Project Management,KPMG,2024-07-04,Failed
TRN005886,EMP002384,Quality Management,Geoflex Academy,2019-07-15,In Progress
TRN005887,EMP002384,Quality Management,Deloitte,2019-03-23,Failed
TRN005888,EMP002384,Lean Manufacturing,Geoflex Academy,2022-01-14,In Progress
TRN005889,EMP002384,Cybersecurity Awareness,Udemy,2019-04-18,Completed
TRN005890,EMP002385,Lean Manufacturing,KPMG,2025-11-27,Completed
TRN005891,EMP002385,Cybersecurity Awareness,Geoflex Academy,2023-01-12,Completed
TRN005892,EMP002385,Leadership Development,Coursera,2021-01-24,Completed
TRN005893,EMP002385,Risk Management,Geoflex Academy,2021-11-04,In Progress
TRN005894,EMP002385,Quality Management,Geoflex Academy,2022-06-18,Failed
TRN005895,EMP002386,Project Management,KPMG,2024-09-28,In Progress
TRN005896,EMP002387,Lean Manufacturing,Udemy,2024-05-28,Failed
TRN005897,EMP002387,Project Management,Microsoft,2020-11-23,Completed
TRN005898,EMP002388,Data Analytics,Deloitte,2022-06-21,Failed
TRN005899,EMP002388,Customer Service,Udemy,2022-07-28,Completed
TRN005900,EMP002388,Customer Service,Microsoft,2025-07-08,Completed
TRN005901,EMP002388,Compliance Training,Udemy,2020-04-23,Completed
TRN005902,EMP002388,Customer Service,Udemy,2021-06-06,Completed
TRN005903,EMP002389,Compliance Training,Coursera,2021-03-18,In Progress
TRN005904,EMP002389,Leadership Development,Geoflex Academy,2023-06-11,Completed
TRN005905,EMP002389,Leadership Development,Coursera,2025-07-14,In Progress
TRN005906,EMP002389,Risk Management,Udemy,2019-02-06,Completed
TRN005907,EMP002390,Compliance Training,Udemy,2024-02-22,Completed
TRN005908,EMP002393,Customer Service,Deloitte,2019-12-28,Completed
TRN005909,EMP002393,Quality Management,Deloitte,2025-07-19,In Progress
TRN005910,EMP002395,Project Management,Geoflex Academy,2025-01-28,Completed
TRN005911,EMP002395,Customer Service,KPMG,2022-01-02,Completed
TRN005912,EMP002395,Lean Manufacturing,Udemy,2023-09-23,Completed
TRN005913,EMP002396,Leadership Development,KPMG,2020-12-19,Failed
TRN005914,EMP002396,Project Management,Coursera,2020-03-19,Completed
TRN005915,EMP002396,Leadership Development,Coursera,2023-10-08,In Progress
TRN005916,EMP002396,Lean Manufacturing,Udemy,2021-08-26,Completed
TRN005917,EMP002397,Data Analytics,Geoflex Academy,2020-03-18,Completed
TRN005918,EMP002397,Cybersecurity Awareness,Deloitte,2021-10-25,Completed
TRN005919,EMP002398,Data Analytics,Geoflex Academy,2025-03-05,Completed
TRN005920,EMP002398,Project Management,Geoflex Academy,2023-01-24,In Progress
TRN005921,EMP002398,Quality Management,Geoflex Academy,2024-04-17,Completed
TRN005922,EMP002398,Customer Service,Deloitte,2019-04-24,Completed
TRN005923,EMP002398,Data Analytics,Udemy,2021-04-25,Failed
TRN005924,EMP002399,Risk Management,Udemy,2020-04-15,Completed
TRN005925,EMP002399,Project Management,Deloitte,2019-09-12,Completed
TRN005926,EMP002399,Data Analytics,Microsoft,2020-01-11,Completed
TRN005927,EMP002400,Cybersecurity Awareness,Coursera,2019-12-25,Failed
TRN005928,EMP002400,Project Management,Udemy,2019-10-22,Completed
TRN005929,EMP002400,Lean Manufacturing,KPMG,2021-08-02,In Progress
TRN005930,EMP002401,Data Analytics,Coursera,2025-02-02,Completed
TRN005931,EMP002402,Leadership Development,Coursera,2021-05-03,Completed
TRN005932,EMP002403,Project Management,Deloitte,2021-11-01,Failed
TRN005933,EMP002403,Data Analytics,Microsoft,2025-09-04,Completed
TRN005934,EMP002403,Data Analytics,Coursera,2024-10-15,Completed
TRN005935,EMP002404,Customer Service,Microsoft,2025-03-05,In Progress
TRN005936,EMP002404,Risk Management,Udemy,2020-07-04,Completed
TRN005937,EMP002406,Leadership Development,Microsoft,2020-04-12,Completed
TRN005938,EMP002406,Cybersecurity Awareness,Geoflex Academy,2025-07-09,Completed
TRN005939,EMP002406,Project Management,Deloitte,2020-09-15,Failed
TRN005940,EMP002407,Health and Safety,Udemy,2019-07-18,Completed
TRN005941,EMP002408,Customer Service,Coursera,2022-05-28,Failed
TRN005942,EMP002408,Cybersecurity Awareness,Udemy,2022-05-12,Completed
TRN005943,EMP002408,Data Analytics,Deloitte,2023-06-26,Completed
TRN005944,EMP002408,Data Analytics,Udemy,2020-07-07,In Progress
TRN005945,EMP002409,Project Management,Deloitte,2023-05-12,In Progress
TRN005946,EMP002409,Cybersecurity Awareness,Coursera,2025-08-12,Completed
TRN005947,EMP002409,Compliance Training,Microsoft,2019-01-22,Failed
TRN005948,EMP002409,Quality Management,KPMG,2023-05-19,Failed
TRN005949,EMP002410,Project Management,Microsoft,2022-05-27,In Progress
TRN005950,EMP002411,Customer Service,Geoflex Academy,2023-11-10,Completed
TRN005951,EMP002411,Leadership Development,Geoflex Academy,2022-03-25,In Progress
TRN005952,EMP002411,Leadership Development,Deloitte,2024-08-23,Failed
TRN005953,EMP002411,Health and Safety,Coursera,2022-12-06,Failed
TRN005954,EMP002412,Lean Manufacturing,Geoflex Academy,2022-06-13,Failed
TRN005955,EMP002412,Quality Management,KPMG,2025-11-06,Completed
TRN005956,EMP002412,Risk Management,Udemy,2025-07-26,Completed
TRN005957,EMP002412,Compliance Training,Deloitte,2022-01-26,Completed
TRN005958,EMP002413,Quality Management,Geoflex Academy,2024-12-08,Completed
TRN005959,EMP002413,Customer Service,KPMG,2019-04-18,In Progress
TRN005960,EMP002413,Risk Management,Deloitte,2024-04-14,Completed
TRN005961,EMP002414,Leadership Development,Geoflex Academy,2020-03-19,Completed
TRN005962,EMP002415,Customer Service,Udemy,2021-08-18,Failed
TRN005963,EMP002416,Project Management,Coursera,2021-02-16,Completed
TRN005964,EMP002418,Quality Management,Deloitte,2021-09-05,Completed
TRN005965,EMP002418,Leadership Development,KPMG,2021-03-13,Completed
TRN005966,EMP002418,Customer Service,Deloitte,2021-12-10,Completed
TRN005967,EMP002420,Cybersecurity Awareness,,2019-02-26,Completed
TRN005968,EMP002420,Project Management,Microsoft,2019-08-28,Completed
TRN005969,EMP002420,Compliance Training,KPMG,2025-01-05,Completed
TRN005970,EMP002421,Project Management,KPMG,2019-10-05,Failed
TRN005971,EMP002421,Project Management,,2025-04-10,In Progress
TRN005972,EMP002422,Data Analytics,Geoflex Academy,2023-09-04,Failed
TRN005973,EMP002422,Lean Manufacturing,Udemy,2023-09-19,Failed
TRN005974,EMP002422,Cybersecurity Awareness,Deloitte,2025-10-28,Failed
TRN005975,EMP002423,Cybersecurity Awareness,Microsoft,2021-06-16,Completed
TRN005976,EMP002423,Lean Manufacturing,Microsoft,2024-08-01,Completed
TRN005977,EMP002423,Cybersecurity Awareness,Coursera,2021-02-20,Completed
TRN005978,EMP002424,Data Analytics,Geoflex Academy,2022-01-12,In Progress
TRN005979,EMP002424,Risk Management,Udemy,2020-09-20,Failed
TRN005980,EMP002424,Quality Management,Deloitte,2020-09-13,Completed
TRN005981,EMP002424,Leadership Development,Coursera,2023-06-06,Completed
TRN005982,EMP002424,Customer Service,KPMG,2025-12-24,Completed
TRN005983,EMP002425,Customer Service,Udemy,2024-05-19,Completed
TRN005984,EMP002425,PM,Coursera,2022-03-10,Completed
TRN005985,EMP002425,Leadership Development,Deloitte,2021-07-20,Completed
TRN005986,EMP002425,Data Analytics,Geoflex Academy,2020-12-17,In Progress
TRN005987,EMP002426,Lean Manufacturing,Microsoft,2025-04-17,Failed
TRN005988,EMP002426,Cybersecurity Awareness,Geoflex Academy,2022-07-03,Failed
TRN005989,EMP002426,Leadership Development,Microsoft,2023-05-19,Completed
TRN005990,EMP002426,Compliance Training,Udemy,2022-07-13,Completed
TRN005991,EMP002427,Compliance Training,Deloitte,2021-09-20,In Progress
TRN005992,EMP002427,Leadership Development,Deloitte,2020-04-27,Completed
TRN005993,EMP002427,Customer Service,Geoflex Academy,2025-03-14,Completed
TRN005994,EMP002427,Customer Service,Geoflex Academy,2020-12-16,Failed
TRN005995,EMP002428,Project Management,KPMG,2020-03-23,Completed
TRN005996,EMP002428,Leadership Development,Deloitte,2019-02-14,Completed
TRN005997,EMP002428,Data Analytics,Microsoft,2023-07-21,In Progress
TRN005998,EMP002429,Customer Service,Coursera,2022-11-27,Completed
TRN005999,EMP002429,Lean Manufacturing,Geoflex Academy,2024-02-12,Completed
TRN006000,EMP002429,Customer Service,Microsoft,2020-03-06,Completed
TRN006001,EMP002429,Health and Safety,KPMG,2020-08-13,Completed
TRN006002,EMP002429,Quality Management,Deloitte,2021-02-10,Completed
TRN006003,EMP002430,Health and Safety,Microsoft,2021-01-03,Completed
TRN006004,EMP002430,Compliance Training,Geoflex Academy,2022-01-18,Failed
TRN006005,EMP002431,Risk Management,KPMG,2020-04-22,Failed
TRN006006,EMP002431,Compliance Training,KPMG,2025-11-08,Completed
TRN006007,EMP002431,Customer Service,KPMG,2024-09-17,Completed
TRN006008,EMP002431,Risk Management,Udemy,2023-11-23,Completed
TRN006009,EMP002431,Lean Manufacturing,Microsoft,2024-07-10,Failed
TRN006010,EMP002432,Health and Safety,Deloitte,2023-03-14,Completed
TRN006011,EMP002432,Cybersecurity Awareness,KPMG,2020-03-04,Failed
TRN006012,EMP002432,Leadership Development,Udemy,2023-09-12,Completed
TRN006013,EMP002432,Health and Safety,Coursera,2024-07-27,Failed
TRN006014,EMP002432,Health and Safety,Deloitte,2025-10-13,In Progress
TRN006015,EMP002433,Health and Safety,Deloitte,2025-08-20,Completed
TRN006016,EMP002433,Risk Management,Coursera,2024-11-09,Completed
TRN006017,EMP002433,Data Analytics,Geoflex Academy,2019-09-12,Completed
TRN006018,EMP002434,Compliance Training,Deloitte,2024-04-07,In Progress
TRN006019,EMP002434,Project Management,Coursera,2023-11-25,Completed
TRN006020,EMP002436,Cybersecurity Awareness,KPMG,2025-08-05,Completed
TRN006021,EMP002436,Customer Service,KPMG,2022-09-28,Completed
TRN006022,EMP002436,Compliance Training,Microsoft,2025-02-22,Completed
TRN006023,EMP002436,Project Management,Coursera,2021-07-08,Completed
TRN006024,EMP002437,Health and Safety,Udemy,2023-03-05,Completed
TRN006025,EMP002437,Lean Manufacturing,Deloitte,2021-02-07,Completed
TRN006026,EMP002437,Leadership Development,,2020-09-16,In Progress
TRN006027,EMP002437,Health and Safety,Deloitte,2020-09-06,Failed
TRN006028,EMP002438,Compliance Training,Geoflex Academy,2021-10-20,Completed
TRN006029,EMP002438,Quality Management,Geoflex Academy,2024-04-10,Failed
TRN006030,EMP002439,Leadership Development,Coursera,2025-05-05,Completed
TRN006031,EMP002440,Data Analytics,Microsoft,2023-04-04,Failed
TRN006032,EMP002441,Project Management,KPMG,2025-06-07,Completed
TRN006033,EMP002441,Lean Manufacturing,KPMG,2022-11-22,Completed
TRN006034,EMP002441,Health and Safety,Deloitte,2020-02-10,Failed
TRN006035,EMP002441,Leadership Development,Udemy,2024-02-15,Completed
TRN006036,EMP002441,Cybersecurity Awareness,Udemy,2025-11-19,Failed
TRN006037,EMP002442,Cybersecurity Awareness,Microsoft,2022-07-18,In Progress
TRN006038,EMP002442,Quality Management,Deloitte,2019-04-17,In Progress
TRN006039,EMP002442,Cybersecurity Awareness,Geoflex Academy,2024-12-13,Failed
TRN006040,EMP002442,Leadership Development,KPMG,2023-03-08,Failed
TRN006041,EMP002443,Health and Safety,Geoflex Academy,2021-10-22,In Progress
TRN006042,EMP002443,Customer Service,Microsoft,2024-11-27,Failed
TRN006043,EMP002443,Data Analytics,KPMG,2019-05-09,Completed
TRN006044,EMP002443,Quality Management,Udemy,2020-01-12,In Progress
TRN006045,EMP002443,Customer Service,Coursera,2020-05-02,Completed
TRN006046,EMP002444,Quality Management,Coursera,2019-07-25,Completed
TRN006047,EMP002444,Data Analytics,Deloitte,2023-03-06,Failed
TRN006048,EMP002444,Compliance Training,Deloitte,2024-02-19,In Progress
TRN006049,EMP002444,Leadership Development,Coursera,2020-05-28,Failed
TRN006050,EMP002444,Data Analytics,Microsoft,2023-05-21,Completed
TRN006051,EMP002446,Lean Manufacturing,Geoflex Academy,2023-10-05,In Progress
TRN006052,EMP002446,Health and Safety,Deloitte,2020-11-10,Completed
TRN006053,EMP002446,Health and Safety,Geoflex Academy,2020-03-15,Completed
TRN006054,EMP002446,Customer Service,Udemy,2021-02-10,Completed
TRN006055,EMP002448,Quality Management,Coursera,2021-02-07,Completed
TRN006056,EMP002448,Cybersecurity Awareness,Microsoft,2023-06-03,Completed
TRN006057,EMP002448,Cybersecurity Awareness,KPMG,2024-02-28,Completed
TRN006058,EMP002448,Project Management,Microsoft,2020-04-12,Completed
TRN006059,EMP002449,Lean Manufacturing,Coursera,2021-05-07,Completed
TRN006060,EMP002449,Cybersecurity Awareness,Coursera,2022-07-04,Completed
TRN006061,EMP002449,Cybersecurity Awareness,Deloitte,2020-09-19,Completed
TRN006062,EMP002449,Risk Management,Coursera,2019-12-03,Completed
TRN006063,EMP002449,Cybersecurity Awareness,KPMG,2025-08-15,Completed
TRN006064,EMP002450,Lean Manufacturing,Coursera,2024-02-18,Completed
TRN006065,EMP002450,Project Management,Udemy,2024-03-24,Completed
TRN006066,EMP002450,Risk Management,Deloitte,2024-08-23,Completed
TRN006067,EMP002450,Customer Service,KPMG,2024-10-08,Completed
TRN006068,EMP002451,Health and Safety,Udemy,2024-12-16,Completed
TRN006069,EMP002451,Risk Management,KPMG,2025-06-11,Completed
TRN006070,EMP002452,Leadership Development,Deloitte,2020-06-16,Failed
TRN006071,EMP002452,Health and Safety,Geoflex Academy,2025-10-28,Completed
TRN006072,EMP002452,Customer Service,Udemy,2024-04-27,Completed
TRN006073,EMP002452,Cybersecurity Awareness,Coursera,2022-11-23,In Progress
TRN006074,EMP002452,Risk Management,KPMG,2024-05-05,In Progress
TRN006075,EMP002453,Cybersecurity Awareness,Geoflex Academy,2021-04-21,In Progress
TRN006076,EMP002453,Quality Management,Udemy,2023-03-28,Completed
TRN006077,EMP002453,Leadership Development,KPMG,2021-04-04,Completed
TRN006078,EMP002453,Project Management,Udemy,2024-04-15,Completed
TRN006079,EMP002453,Project Management,Coursera,2023-04-15,Failed
TRN006080,EMP002456,Compliance Training,Geoflex Academy,2021-05-27,In Progress
TRN006081,EMP002456,Quality Management,Deloitte,2024-10-21,Completed
TRN006082,EMP002456,Risk Management,Udemy,2022-04-07,Completed
TRN006083,EMP002458,Customer Service,KPMG,2024-11-16,Completed
TRN006084,EMP002458,Quality Management,Udemy,2020-12-25,In Progress
TRN006085,EMP002458,Quality Management,Coursera,2022-05-03,Completed
TRN006086,EMP002458,Customer Service,Deloitte,2020-06-08,In Progress
TRN006087,EMP002459,Risk Management,KPMG,2025-05-23,Completed
TRN006088,EMP002459,Project Management,KPMG,2024-09-27,Completed
TRN006089,EMP002459,Data Analytics,Deloitte,2022-10-03,Completed
TRN006090,EMP002459,Cybersecurity Awareness,KPMG,2025-09-04,Completed
TRN006091,EMP002459,Quality Management,Geoflex Academy,2022-04-26,Completed
TRN006092,EMP002463,Compliance Training,Geoflex Academy,2024-11-03,In Progress
TRN006093,EMP002463,Customer Service,Deloitte,2019-12-10,Completed
TRN006094,EMP002463,Health and Safety,Microsoft,2019-01-20,Completed
TRN006095,EMP002463,Compliance Training,Deloitte,2020-10-26,Failed
TRN006096,EMP002463,Compliance Training,Coursera,2019-10-18,Failed
TRN006097,EMP002464,Risk Management,Udemy,2019-09-26,In Progress
TRN006098,EMP002464,Compliance Training,,2021-05-17,Completed
TRN006099,EMP002465,Quality Management,Coursera,2020-05-15,Failed
TRN006100,EMP002465,Risk Management,Udemy,2020-01-03,Failed
TRN006101,EMP002465,Cybersecurity Awareness,Geoflex Academy,2025-11-11,Completed
TRN006102,EMP002466,Cybersecurity Awareness,Deloitte,2021-03-02,In Progress
TRN006103,EMP002466,Project Management,KPMG,2024-11-24,Failed
TRN006104,EMP002466,Health and Safety,KPMG,2023-06-12,Failed
TRN006105,EMP002466,Data Analytics,Microsoft,2025-09-21,Completed
TRN006106,EMP002466,Data Analytics,Coursera,2021-11-17,Completed
TRN006107,EMP002470,Quality Management,Deloitte,2019-09-20,Failed
TRN006108,EMP002470,Data Analytics,Udemy,2025-06-19,Failed
TRN006109,EMP002471,Cybersecurity Awareness,Microsoft,2021-03-23,Failed
TRN006110,EMP002471,Risk Management,Coursera,2023-07-25,Completed
TRN006111,EMP002471,Compliance Training,Udemy,2020-03-19,Completed
TRN006112,EMP002472,Quality Management,Deloitte,2023-10-13,Completed
TRN006113,EMP002472,Leadership Development,Deloitte,2022-06-20,Completed
TRN006114,EMP002472,Lean Manufacturing,Udemy,2025-01-08,Completed
TRN006115,EMP002473,Project Management,Deloitte,2021-12-02,Failed
TRN006116,EMP002473,Compliance Training,Coursera,2022-07-07,Completed
TRN006117,EMP002473,Risk Management,Microsoft,2022-05-14,In Progress
TRN006118,EMP002473,Leadership Development,Udemy,2022-07-14,In Progress
TRN006119,EMP002475,Customer care,Udemy,2023-10-27,Completed
TRN006120,EMP002475,Project Management,Microsoft,2024-06-03,Completed
TRN006121,EMP002475,Cybersecurity Awareness,Coursera,2024-09-02,Completed
TRN006122,EMP002475,Customer Service,Microsoft,2020-02-21,Completed
TRN006123,EMP002476,Data Analytics,Microsoft,2025-08-28,Completed
TRN006124,EMP002476,Lean Manufacturing,Microsoft,2023-10-15,Completed
TRN006125,EMP002476,Cybersecurity Awareness,Microsoft,2019-01-08,Failed
TRN006126,EMP002476,Compliance Training,Deloitte,2019-03-12,In Progress
TRN006127,EMP002476,Data Analytics,Deloitte,2020-06-09,In Progress
TRN006128,EMP002478,Cybersecurity Awareness,Udemy,2020-11-17,Completed
TRN006129,EMP002479,Customer Service,Coursera,2023-01-14,In Progress
TRN006130,EMP002480,Lean Manufacturing,KPMG,2019-07-12,Completed
TRN006131,EMP002480,Quality Management,Coursera,2021-04-01,In Progress
TRN006132,EMP002480,Compliance Training,Coursera,2021-09-02,In Progress
TRN006133,EMP002481,Cybersecurity Awareness,KPMG,2022-12-13,In Progress
TRN006134,EMP002482,Data Analytics,Udemy,2022-05-01,Completed
TRN006135,EMP002482,Quality Management,Coursera,2021-06-08,Completed
TRN006136,EMP002482,Quality Management,KPMG,2023-06-20,Completed
TRN006137,EMP002482,Leadership Development,Deloitte,2024-02-01,Completed
TRN006138,EMP002482,Risk Management,Deloitte,2024-09-14,Completed
TRN006139,EMP002483,Health and Safety,KPMG,2020-05-02,Completed
TRN006140,EMP002483,Quality Management,Udemy,2021-05-05,Completed
TRN006141,EMP002483,Leadership Development,Microsoft,2022-12-03,Completed
TRN006142,EMP002483,Project Management,Geoflex Academy,2025-05-14,Completed
TRN006143,EMP002484,Cybersecurity Awareness,Coursera,2024-07-09,Completed
TRN006144,EMP002485,Customer Service,Coursera,2024-08-13,Completed
TRN006145,EMP002485,Customer Service,Deloitte,2021-11-28,In Progress
TRN006146,EMP002486,Quality Management,Udemy,2025-11-04,Completed
TRN006147,EMP002486,Compliance Training,Deloitte,2019-09-08,Completed
TRN006148,EMP002486,Compliance Training,Udemy,2024-12-14,Failed
TRN006149,EMP002486,Data Analytics,Geoflex Academy,2021-09-08,Completed
TRN006150,EMP002486,Health and Safety,Udemy,2025-12-27,Failed
TRN006151,EMP002487,Project Management,Coursera,2023-01-06,Completed
TRN006152,EMP002487,LEAN manufacturing,Udemy,2023-01-20,Completed
TRN006153,EMP002487,Customer Service,KPMG,2023-07-11,Completed
TRN006154,EMP002487,Compliance Training,KPMG,2023-12-12,Completed
TRN006155,EMP002488,Data Analytics,Coursera,2020-05-16,Failed
TRN006156,EMP002488,Lean Manufacturing,KPMG,2020-11-11,Completed
TRN006157,EMP002488,Health and Safety,Deloitte,2020-08-10,Completed
TRN006158,EMP002488,Leadership Development,Geoflex Academy,2022-08-11,Completed
TRN006159,EMP002488,Health and Safety,Coursera,2024-06-03,Completed
TRN006160,EMP002489,Quality Management,Deloitte,2025-12-08,Completed
TRN006161,EMP002489,Project Management,KPMG,2021-05-24,Completed
TRN006162,EMP002489,Customer Service,Coursera,2021-09-27,In Progress
TRN006163,EMP002490,Risk Management,Coursera,2019-08-24,Completed
TRN006164,EMP002491,Lean Manufacturing,KPMG,2025-01-20,Completed
TRN006165,EMP002491,Leadership Development,Microsoft,2019-01-03,Completed
TRN006166,EMP002491,Quality Management,Microsoft,2022-01-17,In Progress
TRN006167,EMP002491,Lean Manufacturing,Microsoft,2020-12-05,Completed
TRN006168,EMP002491,Customer care,Coursera,2024-10-04,Failed
TRN006169,EMP002492,Project Management,Coursera,2019-09-08,Failed
TRN006170,EMP002492,Risk Management,Coursera,2022-06-17,Completed
TRN006171,EMP002492,Quality Management,Udemy,2024-02-26,Completed
TRN006172,EMP002492,Risk Management,Deloitte,2025-01-03,In Progress
TRN006173,EMP002493,Customer Service,Geoflex Academy,2023-09-06,Failed
TRN006174,EMP002493,Quality Management,KPMG,2022-04-04,In Progress
TRN006175,EMP002493,PM,Udemy,2022-02-24,Completed
TRN006176,EMP002493,Risk Management,Udemy,2025-03-08,Completed
TRN006177,EMP002494,Cyber Security,Coursera,2022-09-19,Completed
TRN006178,EMP002494,Health and Safety,Geoflex Academy,2021-08-25,Completed
TRN006179,EMP002494,Cybersecurity Awareness,Microsoft,2019-10-15,Completed
TRN006180,EMP002496,Compliance Training,Geoflex Academy,2019-07-01,Completed
TRN006181,EMP002496,Data Analytics,Deloitte,2023-05-06,Completed
TRN006182,EMP002496,Cybersecurity Awareness,Deloitte,2024-09-12,Failed
TRN006183,EMP002496,Health and Safety,Udemy,2025-01-12,Completed
TRN006184,EMP002496,Data Analytics,KPMG,2020-04-04,In Progress
TRN006185,EMP002497,Quality Management,Geoflex Academy,2022-06-15,Completed
TRN006186,EMP002497,Cybersecurity Awareness,KPMG,2019-07-11,In Progress
TRN006187,EMP002497,Lean Manufacturing,Coursera,2022-09-21,Failed
TRN006188,EMP002497,Health and Safety,Microsoft,2021-10-15,Completed
TRN006189,EMP002498,Project Management,KPMG,2020-10-07,Completed
TRN006190,EMP002498,Customer Service,KPMG,2019-03-24,Completed
TRN006191,EMP002498,Project Management,KPMG,2024-01-23,Completed
TRN006192,EMP002498,Lean Manufacturing,Geoflex Academy,2021-01-05,Completed
TRN006193,EMP002499,Project Management,Deloitte,2025-04-16,In Progress
TRN006194,EMP002499,Lean Manufacturing,Microsoft,2023-10-26,Completed
TRN006195,EMP002499,Leadership Development,Coursera,2021-01-08,Failed
TRN006196,EMP002499,Risk Management,Microsoft,2024-03-13,Failed
TRN006197,EMP002500,Customer Service,Geoflex Academy,2023-05-26,Completed
TRN006198,EMP002500,Leadership Development,Geoflex Academy,2024-07-01,Failed
TRN006199,EMP002500,Risk Management,Coursera,2021-02-25,Failed
TRN006200,EMP002500,Quality Management,KPMG,2025-02-16,In Progress
TRN006201,EMP002500,Customer Service,Geoflex Academy,2019-08-16,Completed
TRN004593,EMP001877,Health and Safety,Deloitte,2025-06-12,Failed
TRN003776,EMP001532,Compliance Training,Geoflex Academy,2022-03-03,Completed
TRN001135,EMP000488,Customer Service,Geoflex Academy,2019-12-03,Failed
TRN001264,EMP000538,Health and Safety,Udemy,2024-10-05,Completed
TRN000421,EMP000180,Project Management,Geoflex Academy,2019-03-01,Failed
TRN005245,EMP002113,Quality Management,Geoflex Academy,2023-08-27,In Progress
TRN002717,EMP001122,Lean Manufacturing,Microsoft,2019-11-01,Completed
TRN005353,EMP002156,Leadership Development,KPMG,2022-02-03,Completed
TRN000095,EMP000041,Lean Manufacturing,Coursera,2025-10-23,In Progress
TRN000579,EMP000246,Customer Service,Udemy,2021-11-07,Failed
TRN005036,EMP002034,Data Analytics,KPMG,2022-01-28,Completed
TRN001605,EMP000680,Health and Safety,Udemy,2019-09-21,In Progress
TRN001127,EMP000483,Data Analytics,Udemy,2022-10-07,Completed
TRN006084,EMP002458,Quality Management,Udemy,2020-12-25,In Progress
TRN005752,EMP002321,Cybersecurity Awareness,Deloitte,2023-10-18,Completed
TRN006182,EMP002496,Cybersecurity Awareness,Deloitte,2024-09-12,Failed
TRN003671,EMP001486,Project Management,Deloitte,2020-02-25,Completed
TRN001389,EMP000596,Customer care,Coursera,2025-06-22,Failed
TRN000637,EMP000271,Data Analytics,KPMG,2019-09-18,In Progress
TRN000887,EMP000372,PM,Deloitte,2024-12-24,In Progress
TRN004871,EMP001976,Quality Management,Microsoft,2025-05-03,Completed
TRN004650,EMP001896,Quality Management,Deloitte,2020-04-25,Completed
TRN002964,EMP001221,Leadership Development,Udemy,2019-11-13,Completed
TRN001794,EMP000754,Compliance Training,Geoflex Academy,2021-05-23,Completed
TRN004279,EMP001756,Quality Management,Udemy,2021-01-02,Failed
TRN001535,EMP000655,Leadership Development,Microsoft,2022-06-04,Failed
TRN000881,EMP000371,Risk Management,Deloitte,2021-10-03,Failed
TRN004038,EMP001649,Leadership Development,Microsoft,2023-06-19,Completed
TRN001768,EMP000745,Health and Safety,KPMG,2024-04-20,Completed
TRN001740,EMP000732,Project Management,Deloitte,2022-06-07,Completed
TRN003302,EMP001349,Lean Manufacturing,Geoflex Academy,2022-06-16,Completed
TRN001934,EMP000820,Customer Service,Coursera,2020-08-07,Completed
TRN003466,EMP001408,Lean Manufacturing,Microsoft,2023-08-02,Completed
TRN002163,EMP000912,Project Management,KPMG,2020-11-19,Completed
TRN004409,EMP001802,Cybersecurity Awareness,Udemy,2021-05-09,Failed
TRN000896,EMP000375,Compliance Training,Deloitte,2020-02-27,Failed
TRN004861,EMP001973,Leadership Development,Geoflex Academy,2020-06-26,Completed
TRN000270,EMP000122,Data Analytics,Microsoft,2021-02-22,Failed
TRN002408,EMP001003,Data Analytics,Udemy,2019-06-07,In Progress
TRN003742,EMP001520,Risk Management,Coursera,2020-11-02,In Progress
TRN005019,EMP002029,Compliance Training,KPMG,2021-11-15,Completed
TRN004992,EMP002017,Risk Management,Geoflex Academy,2024-08-06,In Progress
TRN005204,EMP002097,Risk Management,KPMG,2019-07-26,Completed
TRN000208,EMP000093,Compliance Training,Microsoft,2023-09-04,Failed
TRN006076,EMP002453,Quality Management,Udemy,2023-03-28,Completed
TRN000356,EMP000154,Compliance Training,Coursera,2023-11-24,Completed
TRN005850,EMP002370,Risk Management,Microsoft,2020-06-02,Completed
TRN003491,EMP001418,Cybersecurity Awareness,KPMG,2023-10-01,In Progress
TRN003481,EMP001415,Quality Management,Microsoft,2025-08-06,Failed
TRN003049,EMP001250,Customer Service,Deloitte,2022-06-24,Failed
TRN005584,EMP002257,Quality Management,Deloitte,2023-08-19,In Progress
TRN000330,EMP000145,Quality Management,Udemy,2019-02-04,Completed
TRN001311,EMP000559,Lean Manufacturing,Udemy,2020-01-03,Completed
TRN000366,EMP000158,Leadership Development,Geoflex Academy,2021-08-07,Completed
TRN004547,EMP001856,Data Analytics,Deloitte,2022-07-27,Completed
TRN002535,EMP001058,Customer Service,Udemy,2025-05-16,Failed
TRN003726,EMP001512,Health and Safety,KPMG,2024-03-16,In Progress
TRN005508,EMP002225,Risk Management,Deloitte,2025-05-02,In Progress
TRN002531,EMP001057,Customer Service,Udemy,2021-09-21,Completed
TRN005971,EMP002421,Project Management,,2025-04-10,In Progress
TRN003479,EMP001414,Data Analytics,Udemy,2021-05-16,Completed
TRN004076,EMP001672,Customer Service,Coursera,2022-09-21,Completed
TRN004825,EMP001960,Leadership Development,Udemy,2021-05-09,Completed
TRN000480,EMP000205,Project Management,Microsoft,2021-06-03,Completed
TRN005656,EMP002286,Project Management,KPMG,2025-11-28,Completed
TRN004886,EMP001980,Leadership Development,KPMG,2024-11-24,Failed
TRN001363,EMP000588,Data Analytics,Deloitte,2019-10-28,Failed
TRN003788,EMP001538,Leadership Development,Microsoft,2023-02-05,Completed
TRN005303,EMP002139,Lean Manufacturing,Microsoft,2020-04-19,In Progress
TRN005102,EMP002061,Lean Manufacturing,Geoflex Academy,2023-09-15,Completed
TRN003958,EMP001619,Compliance Training,Geoflex Academy,2019-07-11,Completed
TRN004956,EMP002002,Project Management,Udemy,2023-06-15,Completed
TRN000146,EMP000072,Project Management,Geoflex Academy,2023-01-07,Completed
TRN004245,EMP001747,Data Analytics,Geoflex Academy,2024-05-16,Completed
TRN001475,EMP000632,Health and Safety,Geoflex Academy,2019-03-22,Completed
TRN004444,EMP001819,Data Analytics,Microsoft,2020-07-09,Completed
TRN002975,EMP001224,Health and Safety,Coursera,2024-05-26,Completed
TRN004501,EMP001841,Quality Management,Coursera,2024-10-03,Completed
TRN001506,EMP000646,Project Management,Geoflex Academy,2021-11-21,Completed
TRN001670,EMP000704,Quality Management,Microsoft,2021-11-02,Completed
TRN005256,EMP002120,Quality Management,Microsoft,2019-02-06,In Progress
TRN001642,EMP000696,Leadership Development,Udemy,2022-11-04,Failed
TRN003319,EMP001358,Health and Safety,Geoflex Academy,2025-06-27,Failed
TRN004599,EMP001878,Quality Management,Deloitte,2020-09-16,Completed
TRN000598,EMP000252,Health and Safety,,2022-06-28,Completed
TRN002041,EMP000862,Project Management,Microsoft,2022-07-23,Completed
TRN004995,EMP002018,Cybersecurity Awareness,Deloitte,2023-12-13,Completed
TRN003288,EMP001343,Compliance Training,Microsoft,2023-08-23,In Progress
TRN000610,EMP000257,Cybersecurity Awareness,Udemy,2025-04-20,Completed
TRN002598,EMP001080,Quality Management,Udemy,2021-04-14,Completed
TRN001241,EMP000529,Lean Manufacturing,Udemy,2023-12-14,In Progress
TRN004358,EMP001787,Project Management,KPMG,2024-05-12,Completed
TRN000973,EMP000415,Compliance Training,Udemy,2023-03-15,Completed
TRN003957,EMP001618,Quality Management,Geoflex Academy,2022-08-06,Completed
TRN004193,EMP001723,Health and Safety,Udemy,2019-07-12,Completed
TRN000339,EMP000149,Cybersecurity Awareness,Microsoft,2021-09-03,Completed
TRN005976,EMP002423,Lean Manufacturing,Microsoft,2024-08-01,Completed
TRN002297,EMP000959,Leadership Development,Deloitte,2019-02-24,Completed
TRN000756,EMP000318,Risk Management,Geoflex Academy,2019-12-09,Failed
TRN005686,EMP002295,Risk Management,KPMG,2025-06-13,Failed
